Cites,Authors,Title,Year,Source,Publisher,ArticleURL,CitesURL,GSRank,QueryDate,Type,DOI,ISSN,CitationURL,Volume,Issue,StartPage,EndPage,ECC,CitesPerYear,CitesPerAuthor,AuthorCount,Age,Abstract,FullTextURL,RelatedURL,_src,relevance_score
0,"Sri Indrayani, Sintha Istikomah",Integrated Web-Based Platform for Boarding House Rental Services: Information Architecture and Booking Workflow Design,2026,bit-Tech,Komunitas Dosen Indonesia,https://doi.org/10.32877/bt.v8i3.3722,,55,2026-05-27 21:00:15,journal-article,10.32877/bt.v8i3.3722,2622-2728,,8,3,3834,3845,0,0.00,0,2,1,"Pati Regency in Central Java has experienced rapid industrial, commercial, and educational growth, attracting workers, students, and job seekers who require temporary accommodation such as boarding houses. Despite this increasing demand, the process of searching and booking boarding houses remains largely manual, relying on word of mouth, roadside banners, or direct visits, which leads to fragmented information, inaccurate room availability data, and inefficient search processes. This study aims to design and evaluate a web-based boarding house rental information system that addresses information asymmetry and fragmented search processes in local rental markets by providing structured property information and an integrated digital booking workflow. The research employs a system development approach consisting of requirements analysis through interviews and field observation, UML-based system modeling, web-based system implementation, and functional evaluation using black-box testing to verify the reliability of core system functions such as property search, availability display, booking submission, and payment confirmation. The resulting platform integrates structured property listings, multi-criteria search filters, interactive digital maps, and an online reservation mechanism that enables prospective tenants to identify, compare, and book boarding houses without physically visiting the property. Testing results indicate that all functional modules operate according to the specified requirements, supporting accurate property information retrieval and a continuous search-to-booking workflow. Beyond system implementation, the study contributes to research on digital property information systems by demonstrating how integrated information architecture and transaction workflows can reduce information fragmentation and improve transparency in temporary housing rental platforms.",https://jurnal.kdi.or.id/index.php/bt/article/download/3722/1993,,q2_crossref_house_only_fulltext.csv,20
1,"Andika Saputra Muharam, Solihin Solihin, Eko Retnaldi, Eti Rahmawati, Lilis Emalia",Website-Based Boarding House Rental Information System: Case Study at Pondok Saluyu Company,2024,"Journal of Economics, Management, and Entrepreneurship",Sekolah Tinggi Ilmu Ekonomi Pasundan,https://doi.org/10.55208/jeme.v2i2.174,,20,2026-05-27 21:00:15,journal-article,10.55208/jeme.v2i2.174,3026-0906,,2,2,146,163,1,0.50,0,5,2,"A traditional information management system is still in use at Pondok Saluyu, a boarding house in Bandung City. This method is unsuccessful or inefficient, particularly regarding marketing and providing potential tenants with information. This project aims to create and implement a web-based information system to facilitate digital payments, streamline the online room rental procedure, and distribute information more efficiently. Agile development, which enables quick development, adapts to change, and actively incorporates all relevant parties in the process, is the system development methodology employed. The findings of this study should make it easier for boarding house operators to verify room availability, manage boarding rooms, and handle tenant transactions. Additionally, this website will serve as a more contemporary form of advertising. The use of mobile/Android applications for system optimization, payment gateways to enhance payment systems, the creation of more comprehensive applications, and the improvement and development of programs in line with technological advancements are some recommendations for future development.",https://journal.lemlit.org/index.php/jeme/article/download/127/203,,q2_crossref_house_only_fulltext.csv,20
3,"Janessa Sarah Destini, Tony Tony",Implementing Hierarchical Role-Based Access Control for Document Administration in Student Organizations,2024,Internet of Things and Artificial Intelligence Journal,ASCEE Publications,https://doi.org/10.31763/iota.v4i4.832,,144,2026-05-27 21:14:56,journal-article,10.31763/iota.v4i4.832,2774-4353,,4,4,785,802,3,1.50,2,2,2,"Student organizations in higher education institutions play a pivotal role in fostering leadership and collaboration. Despite their importance, many still utilize manual document administration processes, resulting in inefficiencies, delays, and a lack of transparency. This research introduces the design and implementation of a web-based Document Management System integrated with Hierarchical Role-Based Access Control (HRBAC) for student organizations at Universitas Tarumanagara. The system adopts a structured and secure framework tailored to the organization’s approval hierarchy, encompassing roles such as UKM/HIMA, BEM, DPM, Faculty Advisors, Deans, and the Student Affairs Office. Each role is assigned specific access privileges to ensure secure and efficient document submission and approval workflows, aligned with organizational needs. The system was developed using the Laravel framework, PHP, HTML, SCSS, JavaScript, and MySQL, following the Waterfall methodology. Usability was evaluated using the System Usability Scale (SUS), achieving a score of 78.33, categorizing it as “Good” in terms of user experience and navigability. The findings indicate significant improvements in process automation, role-based access control, and document traceability. This research offers a comprehensive model for digital transformation in student organization administration, emphasizing the effectiveness of hierarchical access control in optimizing administrative workflows within academic institutions.",https://pubs.ascee.org/index.php/iota/article/download/832/427,,q4_crossref_rbac_webapp_core.csv,13
0,"Andi Anzanul Zikra, Aulia Darnilasari, Rahmat Yanuary, Komala Sari",Design of Web-Based Project Management System with Multi-Level Role-Based Access Control,2025,Journal of Computer Science and Informatics Engineering,Ali Institute of Research and Publication,https://doi.org/10.55537/cosie.v4i3.1179,,11,2026-05-27 21:14:56,journal-article,10.55537/cosie.v4i3.1179,2827-8356,,4,3,201,215,0,0.00,0,4,1,"Conventional project management using WhatsApp and email creates problems in progress tracking and inefficient team coordination. Research shows 70% of projects fail to deliver what was promised to customers. This research aims to design a web-based project management system using Laravel 12, Filament Shield, and Tailwind CSS. The research methodology employs waterfall SDLC with problem identification, data collection, UML system design, and black box testing stages. The system is designed with an Role-Based Access Control (RBAC) for 6 roles: Super Admin, Project Manager, Team Lead, Developer, QA Tester, and Client. Results demonstrate successful system implementation with integrated platform features, multi-level RBAC, real-time tracking through kanban dashboard, and responsive interface. Black box testing with 21 test cases covering 5 core system functions (authentication, RBAC, project CRUD operations, task management, and kanban board) achieved 100% success rate. The system successfully addresses progress tracking and coordination issues with an integrated solution supporting organizational scalability",https://journal.aira.or.id/index.php/cosie/article/download/1179/488,,q4_crossref_rbac_webapp_core.csv,11
1,"Marjay C. Bumalod, Rose Mary A. Velasco","Synergistic Information Security Design Implementation based on Role-Based Access Control, Information Classification, and AES Cryptographic Encryption",2024,"International Journal in Information Technology in Governance, Education and Business",Sekolah Tinggi Informatika dan Komputer Indonesia,https://doi.org/10.32664/ijitgeb.v6i1.136,,260,2026-05-27 21:14:56,journal-article,10.32664/ijitgeb.v6i1.136,2721-0030,,6,1,68,85,1,0.50,1,2,2,"Security technology has undergone significant development and research in response to increasing cyber threats. The Intranet Document Management System (IDMS) was created to centralize documents within organizations, ensuring efficiency and streamlining processes. Given the critical nature of document management in organizational workflows, secure and safe management is paramount. This study aims to develop a secure IDMS using Advanced Encryption Standard (AES) encryption, Role-Based Access Control (RBAC), and an Information Classification Model. We also provide a comprehensive overview of the key characteristics and performance metrics of each access control model and cryptographic algorithm, facilitating decision-making for system design and implementation. The system offers high granularity, ease of administration through role assignments with document classification, high flexibility with customized permissions, and scalability with roles and classification. AES is chosen for its high security and fast performance, making it a widely used encryption standard. Keywords: Advanced Encryption Standard (AES), Access Control, Cryptographic Algorithm, Document Management System, Information Classification   Received Date: April 2, 2024Revised Date: May 10, 2024Accepted Date: May 14, 2024",https://ijitgeb.org/ijitgeb/article/download/136/74,,q4_crossref_rbac_webapp_core.csv,11
0,"Hidayatur Romadhan, Mansur Mansur",Web-based Educational Payment Information System using Role-based Access Control Security,2026,SISTEMASI,Universitas Islam Indragiri,https://doi.org/10.32520/stmsi.v15i2.5920,,1,2026-05-27 21:14:56,journal-article,10.32520/stmsi.v15i2.5920,2540-9719,,15,2,624,624,0,0.00,0,2,1,,https://sistemasi.ftik.unisi.ac.id/index.php/stmsi/article/viewFile/5920/1164,,q4_crossref_rbac_webapp_core.csv,10
0,"Ketut Arya Wisnu Wardana, Tri Widodo",Web-Based Boarding House Management Information System with Payment Gateway Integration,2026,International Journal of Science and Environment (IJSE),International Journal of Educational Research & Social Sciences (IJERSC),https://doi.org/10.51601/ijse.v6i1.302,,591,2026-05-27 21:10:36,journal-article,10.51601/ijse.v6i1.302,2809-0551,,6,1,118,126,0,0.00,0,2,1,"Manual management at GreenKost in Sleman faces challenges in unstructured recording of room, tenant, and financial transaction data, along with slow and error-prone administrative processes. This study aims to develop a web-based boarding house management information system with Model-View-Controller (MVC) architecture using Laravel framework to optimize business processes and improve tenant services. The research methodology includes direct observation on February 17, 2025, and interviews with the boarding house owner on February 25, 2025, to identify system requirements. The system was developed using Laravel 12.x with MySQL database and Eloquent ORM, integrated with a payment gateway to support QRIS and E-Wallet payments. Main features include user management, room management with real-time status, online reservation and booking, integrated payments, admin dashboard reports, announcement management, and repair request services. Testing using black-box testing method shows all features function as expected under both normal and abnormal conditions. The research results demonstrate that an integrated digital system can automate payment verification, improve administrative efficiency, and provide ease of information access and real-time transactions for tenants.",https://www.ijsenet.com/index.php/IJSE/article/download/302/308,,q3_crossref_house_txn_fulltext.csv,9
0,"Noor Chalim, Rhoedy Setiawan, Yudie Irawan",Pengembangan Sistem Informasi Penyewaan Gedung Graha Mustika Berbasis Android dan Web Terintegrasi Dengan Payment Gateway,2025,JoMMiT : Jurnal Multi Media dan IT,Politeknik Negeri Media Kreatif,https://doi.org/10.46961/jommit.v8i2.1467,,901,2026-05-27 21:10:36,journal-article,10.46961/jommit.v8i2.1467,2548-9550,,8,2,123,129,0,0.00,0,3,1,"This research focuses on developing an information system for the rental management of Graha Mustika Hall, located in Getaspejaten Village, Jati District, Kudus Regency. The venue is frequently utilized for various events; however, the existing rental process, including schedule management and payment confirmations, is handled manually. This method often results in recording errors and lacks transparency. The study aims to create a system accessible via Android and web platforms to simplify the rental process for both hall managers and tenants. Key features include real-time venue availability checks, rental request management, and payment gateway integration to streamline transactions. The system stores essential data such as rental rates, transaction details, tenant information, schedules, and equipment availability. The development process adopts the Extreme Programming methodology and utilizes UML for design. The system is expected to improve accuracy, transparency, and efficiency in managing Graha Mustika Hall, while also minimizing errors typically found in manual recording processes.",https://ojs2.polimedia.ac.id/index.php/jommit/article/download/1467/680,,q3_crossref_house_txn_fulltext.csv,9
1,"A. H. Afolayan, T. M. Onoriode",Web-Based SIWES Logbook System with Secure Authentication and Role-Based Access,2025,"Journal of Science, Technology and Innovation Research",Federal University of Technology Akure,https://doi.org/10.51459/jostir.2025.1.special-issue.059,,40,2026-05-27 21:14:56,journal-article,10.51459/jostir.2025.1.special-issue.059,1118-3896,,1,,,,1,1.00,1,2,1,"The Student Industrial Work Experience Scheme (SIWES) is designed to connect classroom learning with real-world workplace experience across Nigerian universities. A central component of this process is the logbook, which students use to record their daily tasks and on which supervisors rely for evaluation. In many Nigerian institutions, these logbooks are still kept on paper, a familiar practice that often leads to delays, lost records, and other inefficiencies. To address these challenges, this study aims to design and implement a secure, role-based, multi-user, web-enabled SIWES logbook system to streamline documentation, supervision, and evaluation, with the objectives of improving accessibility, enhancing security through authentication, and enabling real-time monitoring for all stakeholders. The system was developed using the Waterfall Software Development Life Cycle (SDLC) and a four-tier architecture comprising a React.js presentation layer, Node.js application layer, MySQL data layer, and a security layer employing Bcrypt for password hashing and JSON Web Tokens (JWT) for stateless authentication, alongside Role-Based Access Control (RBAC) for tailored permissions. A user evaluation with 40 participants at the Federal University of Technology, Akure, demonstrated high usability, security, and adoption: 65% were very satisfied, 72.5% found navigation easy, 57.5% rated the system as very secure, and 95% preferred it over paper-based logbooks. These findings confirm that the proposed system enhances monitoring, ensures data integrity, and provides timely feedback, offering a practical, centralized, and secure alternative to traditional SIWES logbooks.",https://jostir.futa.edu.ng/jostir/article/download/59/48,,q4_crossref_rbac_webapp_core.csv,9
0,"Albert Ramadhan Manik, Dedy Kiswanto, Muhammad Budi Akbar, Jogi Purba","Academic Portal with MFA (WhatsApp OTP via Fonnte), Role-Based Access Control, and Logging System for Network Monitoring",2025,Jurnal Ilmiah Sistem Informasi,Universitas Sains dan Teknologi Komputer,https://doi.org/10.51903/qwz6pt87,,55,2026-05-27 21:14:56,journal-article,10.51903/qwz6pt87,2809-1507,,4,3,674,687,0,0.00,0,4,1,"This study aims to develop a web-based academic portal with a multi-layered security system to enhance data protection and operational efficiency. The system integrates Multi-Factor Authentication (MFA) using WhatsApp OTP via Fonnte, Role-Based Access Control (RBAC), and a user activity logging mechanism to ensure security, transparency, and accountability. Additionally, a web-based security monitoring feature is implemented, allowing administrators to observe user activities in real-time and respond promptly to potential threats. The testing results indicate that the combination of MFA, RBAC, and logging effectively strengthens the system against unauthorized access while improving its stability and reliability. Therefore, the developed system proves to be an effective solution for securing academic data, minimizing security risks, and optimizing the management of educational information.",https://ejurnal.provisi.ac.id/index.php/JUISI/article/download/1316/917,,q4_crossref_rbac_webapp_core.csv,9
0,"Generosa Lukhayu Pritalia, Oktavianus Darren, Priadi Wibisono",Understanding User Adoption Of Indonesia’s Boarding House Rental App Through The Extended Technology Acceptance Model,2025,Jurnal Teknologi Sistem Informasi dan Aplikasi,Universitas Pamulang,https://doi.org/10.32493/jtsi.v8i3.44988,,90,2026-05-27 21:00:15,journal-article,10.32493/jtsi.v8i3.44988,2654-4229,,8,3,160,169,0,0.00,0,3,1,"The Mamikos mobile application has become a popular platform for housing seekers in Indonesia. It has garnered a rating of 4.1 on the Play Store and 4.7 on the App Store. However, the factors influencing user acceptance and usage of the Mamikos mobile application remain unclear. This study aims to examine these factors using the extended Technology Acceptance Model (TAM) approach. Data was collected using purposive sampling. The Lemeshow formula was employed to determine the appropriate sample size, resulting in 168 respondents. Data analysis was conducted using the Structural Equation Modeling - Partial Least Squares (SEM-PLS) method. The findings indicate that social trust has a significant positive influence on both perceived usefulness and perceived ease of use. Perceived ease of use, in turn, has a significant positive influence on both perceived usefulness and attitude towards use. Subjective norms exert a significant positive influence on attitude towards use. Perceived usefulness significantly impacts attitude towards use, which in turn significantly affects intention to use. Intention to use has a significant positive influence on actual system usage. However, subjective norms do not significantly influence perceived usefulness.",https://openjournal.unpam.ac.id/index.php/JTSI/article/download/44988/27711,,q2_crossref_house_only_fulltext.csv,8
0,"Jin Hyok Pak, Chol Jin Ma",AGABAC: Implementing and Evaluating an Attribute-Group Access Control Model for Secure Web-Based Spreadsheet Interfaces in Large-Scale e-Government Systems,2025,,Wiley,https://doi.org/10.22541/au.175851927.71637394/v1,,51,2026-05-27 21:14:56,posted-content,10.22541/au.175851927.71637394/v1,,,,,,,0,0.00,0,2,1,"The proliferation of large-scale e-government information systems has introduced complex challenges in securing access to vast and dynamic information resources. A critical trend is the integration of Web-based dynamic data style sheets, such as Web Excel, for flexible data manipulation and reporting. However, implementing granular and efficient access control for these interfaces remains a significant, unaddressed research problem. Traditional and existing attribute-based access control (ABAC) models suffer from administrative overhead due to the explosion of attribute relations (m×n×k) and lack a formal framework for defining permissions on spreadsheet elements (cells, ranges). This paper proposes the Attribute-Group ABAC (AGABAC) model to overcome these limitations. AGABAC introduces a novel attribute-grouping mechanism to minimize policy management costs and a secure authorization proxy framework for decentralized administration. Furthermore, it formalizes access control policies specifically for dynamic spreadsheet operations. We implemented a full prototype and evaluated AGABAC against standard ABAC and RBAC models. Our experimental results demonstrate that AGABAC reduces policy configuration time by over 47% compared to standard ABAC and maintains access decision latency below 15ms under a load of 10,000 concurrent users, proving its efficacy for secure and efficient access control in large-scale environments.",https://www.authorea.com/doi/pdf/10.22541/au.175851927.71637394/v1,,q4_crossref_rbac_webapp_core.csv,8
0,"Farhan Ibnu Al Hanif, Romi Bhakti Hartarto, Ibnu Hajar",The Effect of Campus Existence on Boarding House Rental Prices: A Case Study of Universitas Muhammadiyah Yogyakarta,2023,Journal of Economics Research and Social Sciences,Universitas Muhammadiyah Yogyakarta,https://doi.org/10.18196/jerss.v7i2.19225,,119,2026-05-27 21:00:15,journal-article,10.18196/jerss.v7i2.19225,2723-5327,,7,2,231,239,0,0.00,0,3,3,"The establishment of the Universitas Muhammadiyah Yogyakarta (UMY) campus has acted as a catalyst for economic expansion in the local neighborhoods, particularly evident in the real estate sector, characterized by the proliferation of boarding houses. This study endeavors to comprehensively examine the impact of the presence of Universitas Muhammadiyah Yogyakarta on the rental rates of boarding houses. The research's primary objective is to make a valuable contribution to the domain of property economics, utilizing secondary data derived from online platforms specializing in boarding house listings, notably Mamikos. A dataset encompassing 200 entries was gathered from the Mamikos website, encompassing variables such as boarding house rental fees, the proximity of the boarding houses to UMY, room dimensions, available facilities, and the categorization of boarding houses based on gender. The analysis of the dataset employs a multiple regression model, applying the Ordinary Least Square (OLS) technique. The findings derived from this study underscore several significant observations. Notably, the distance between the boarding house and the UMY campus displays a significant and, negative correlation with boarding house prices. This indicates that the rental rates of boarding houses tend to be higher the closer they are situated to the UMY campus. Conversely, factors such as room size and provided facilities exhibit a positive and considerable influence on the boarding house rental rates. Additionally, the study ascertains that gender-based differentiation does not lead to a significant variance in the rental charges between male and female boarding houses. In summary, this research effectively elucidates the intricate relationship between the proximity to UMY, room dimensions, facilities, and the rental pricing of boarding houses, thereby contributing valuable insights to the realm of property economics.",https://journal.umy.ac.id/index.php/jerss/article/viewFile/19225/8554,,q2_crossref_house_only_fulltext.csv,8
0,Bouadjemi Abbdelkrim,FORMAL DECISION MODELING FOR ROLE-BASED ACCESS CONTROL POLICIES,2023,Advances in Mathematics: Scientific Journal,Union of Researchers of Macedonia,https://doi.org/10.37418/amsj.12.3.4,,100,2026-05-27 21:14:56,journal-article,10.37418/amsj.12.3.4,1857-8365,,12,3,465,477,0,0.00,0,1,3,"Role-Based Access Control (RBAC) has been widely used in information systems, including so-called critical systems. In business, workflows are used to control the flow of processes. One of the major issues concerning these processes is to be able to verify that a proposed process model strictly corresponds to the specifications to which it is supposed to respond. Access control models describe the frameworks that dictate permissions. The RBAC model is generally static, i.e. the access control decisions are: grant or deny. Dynamic and flexible access control is required. In order to increase the flexibility of access control, the notion of decision has been proposed. Decisions execute the requirements to be fulfilled. The main of this article is to use the decision to produce a dynamic model. Our model augments the dynamics of the RBAC model. It allows dynamically assigning permissions. For illustration, Feather's meeting management system is used. Finally, first-order logic is used to analyze the validity of the proposed model.",https://www.research-publication.com/amsj/uploads/papers/vol-12/iss-03/AMSJ-2023-N03-04.pdf,,q4_crossref_rbac_webapp_core.csv,8
0,"Akas Bagus Setiawan, Eka Yuniar, Mas'ud Hermansyah, Mujiono Mujiono, David Juli Ariyadi","Decision Support System for Selecting the Best Rental House with Weight Product in Sidokare District, Sidoarjo Regency",2026,G-Tech: Jurnal Teknologi Terapan,"Fakultas Sains dan Teknologi, Unira Malang",https://doi.org/10.70609/g-tech.v10i1.8865,,26,2026-05-27 21:00:15,journal-article,10.70609/g-tech.v10i1.8865,2623-064X,,10,1,536,548,0,0.00,0,5,1,"The demand for rental housing in high-mobility areas such as Sidokare District, Sidoarjo Regency, continues to increase along with the region's economic development. However, prospective tenants often face difficulties in selecting the right rental house due to unstructured information and subjective decision-making processes. This study aims to develop a web-based Decision Support System (DSS) capable of providing objective and measurable rental housing recommendations. The method used is the Weighted Product (WP), a multicriteria decision-making technique that normalizes weights through multiplication operations. This system evaluates five rental housing alternatives based on eight main criteria, including price, location, facilities, security, and comfort. The results show that Sukun Rental House is the best alternative with the highest preference value of 0.0769. The practical implication of this study is the availability of an efficient digital tool for residents and students in Sidokare to compare various housing options transparently and quickly. This system successfully minimizes subjectivity in housing selection and helps users find the housing that best suits their financial priorities and functional needs.",https://ejournal.uniramalang.ac.id/g-tech/article/download/8865/5564,,q2_crossref_house_only_fulltext.csv,7
0,"Muhamad Daerobi, Abdul Wahab, Muhammad Bintang Raitama, Fauzan Muhamad Ahwan, Muhamad Ilham Alkhairi, Andre Fajar Ramadan, Muhammad Yusuf Ramadhani",PERANCANGAN SISTEM INFORMASI PONDOK PESANTREN DENGAN PENERAPAN ROLE-BASED ACCESS CONTROL DAN FITUR SOSIAL BERBASIS WEBSITE,2026,JATI (Jurnal Mahasiswa Teknik Informatika),LPPM ITN Malang,https://doi.org/10.36040/jati.v10i2.17789,,877,2026-05-27 21:14:56,journal-article,10.36040/jati.v10i2.17789,2598-828X,,10,2,3354,3361,0,0.00,0,7,1,"Pondok pesantren merupakan lembaga pendidikan yang memiliki sistem administrasi dan akademik yang kompleks, meliputi pengelolaan data user. Namun, masih banyak pondok pesantren yang menggunakan sistem manual sehingga berpotensi menimbulkan permasalahan dalam pengelolaan data dan keamanan informasi. Penelitian ini bertujuan untuk merancang dan membangun sistem informasi pondok pesantren berbasis website dengan penerapan Role-Based Access Control (RBAC) dan fitur sosial. Metode pengembangan sistem yang digunakan adalah metode waterfall yang meliputi tahap analisis kebutuhan, perancangan sistem, implementasi, dan pengujian. Sistem ini dirancang dengan beberapa peran pengguna, yaitu admin, user, dan public, yang masing-masing memiliki hak akses berbeda. Selain itu, sistem dilengkapi dengan fitur sosial berupa pengumuman dan forum diskusi untuk meningkatkan interaksi antar pengguna. Hasil penelitian menunjukkan bahwa sistem yang dibangun mampu meningkatkan efisiensi pengelolaan data serta keamanan akses informasi di lingkungan pondok pesantren. Dengan demikian, sistem informasi ini dapat menjadi solusi digital yang efektif bagi pondok pesantren.",https://ejournal.itn.ac.id/jati/article/download/17789/9290,,q4_crossref_rbac_webapp_core.csv,7
0,"Zaskia Darajat Wahab, Dedy Hendryadi, Sri Asfirawati Halik",HOUSE RENTAL INFORMATION SYSTEM AT BULUKUMBA REGENCY WITH WEBSITE BASED,2025,"Journal Informatika, Multimedia, and Infomation",Universitas Ichsan Sidenreng Rappang,https://doi.org/10.61912/lajutek.v3i1.129,,44,2026-05-27 21:00:15,journal-article,10.61912/lajutek.v3i1.129,2987-7377,,3,1,1,11,0,0.00,0,3,1,"This research aims to: (1) Design a website-based rental information system in the Bulukumba city area. (2) Implementing a website-based rental information system in the Bulukumba city area. (3) Knowing the response of users of the website-based rental information system in the Bulukumba city area. The research method used in this research is the System Development Life Cycle (SDLC) method with the Waterfall Model. It has several stages, namely: requirements analysis, design, implementation, testing, and maintenance. The data collection used was: Interviews, Literature Study and Documentation. The results of this research are: (1) This website-based rental information system was designed using the Unified Modeling Language (UML) and programmed using the PHP programming language so that it can make it easier and faster for customers to search for rentals. (2) Result of implementing a website-based rental information system in Bulukumba district, that is, with this website, it can provide fast service to potential customers when they want to rent a rental. (3) The results of testing the use of the system using a Likert scale obtained a score of 89.7% from 20 respondents, which is very positive.",https://journal.lajagoe.com/index.php/Lajutek/article/download/129/134,,q2_crossref_house_only_fulltext.csv,7
0,"Ahmad Hudawi, Nor Jaykiah, Ummi Lailatul Firdausi",Designing a Web-Based Digital Financial System for Islamic Boarding Schools with Payment Gateway Integration,2025,Journal of Electrical Engineering and Computer (JEECOM),Universitas Nurul Jadid,https://doi.org/10.33650/jeecom.v7i2.13019,,996,2026-05-27 21:10:36,journal-article,10.33650/jeecom.v7i2.13019,2715-6427,,7,2,514,526,0,0.00,0,3,1,"Financial management in Islamic boarding schools still faces various fundamental problems, particularly due to dependence on manual recording and simple applications. This management pattern often causes delays in report preparation, increases the potential for recording errors, and reduces transparency. This condition impacts the trust of students' guardians and stakeholders. In addition, the diversity of student guardians, including those from outside the region, further complicates the payment process due to limited access to remote transaction services. This situation highlights the urgency of developing a web-based digital financial system that can effectively integrate modern payment technology and adapt to the needs of Islamic boarding schools. This study aims to design and implement a digital financial system for Islamic boarding schools by integrating the Midtrans payment gateway to improve financial management's efficiency, transparency, and accountability. The method used is a model consisting of three main stages: data collection through observation and interviews with financial managers, system design using use case diagrams, activity diagrams, and class diagrams, and system testing with internal and external black box testing approaches. The system implementation utilizes the Laravel framework, MySQL database, and web-based interface with Login, Dashboard, student data, payment, and financial reporting features. The results show that the developed System can comprehensively address the financial management needs of Islamic boarding schools. External testing using a Likert scale questionnaire obtained a rating of Good-Very Good with an achievement of up to 86%, thus confirming the feasibility of the system implementation. This System has been proven to facilitate online payments, accelerate the report preparation process, and improve access to information for student guardians. Thus, a web-based digital financial system integrated with a payment gateway can be a strategic solution for enhancing the transparency and accountability of pesantren finances. Further research is recommended to strengthen data security, expand coverage to multiple pesantren, and conduct continuous testing on a broader scale",https://ejournal.unuja.ac.id/index.php/jeecom/article/viewFile/13019/pdf,,q3_crossref_house_txn_fulltext.csv,7
0,"Ulayya Salmaa Khoirunnisaa, Aditya Akbar Riadi, Evanita Evanita",PENERAPAN METODE ROLE-BASED ACCESS CONTROL PADA APLIKASI CUTI ONLINE DI YAYASAN AL-ACHSANIYYAH UNTUK STAF BERBASIS WEBSITE,2025,JIPI (Jurnal Ilmiah Penelitian dan Pembelajaran Informatika),STKIP PGRI Tulungagung,https://doi.org/10.29100/jipi.v10i4.7084,,710,2026-05-27 21:14:56,journal-article,10.29100/jipi.v10i4.7084,2540-8984,,10,4,4009,4022,0,0.00,0,3,1,"Penerapan teknologi dalam pengelolaan cuti staf merupakan langkah untuk meningkatkan keefektifan administrasi cuti di Yayasan Al-Achsaniyyah. Permasalahan yang dihadapi meliputi proses pengelolaan cuti yang masih manual, rentan terhadap kesalahan, kurangnya transparansi, dan kurang optimal dalam arsip cuti. Penelitian ini bertujuan untuk membuat aplikasi cuti online berbasis website yang menerapkan metode Role-Based Access Control (RBAC) untuk mengatur akses pengguna berdasarkan peran, seperti pimpinan, kepala bagian, dan staf. Pengembangan aplikasi ini meggunakan Framework Laravel 11 dan metode pengembangan sistem model Waterfall. Metode Role-Based Access Control (RBAC) diterapkan melalui middleware untuk memastikan pengelolaan akses yang terstruktur dan sesuai dengan peran masing-masing pengguna. Pengujian sistem dilakukan menggunakan beberaapa pengujian seperti Black Box testing, User Acceptance Testing (UAT), pengujian performa, dan pengujian kompatibilitas. Hasil penelitian ini menunjukkan solusi bahwa aplikasi cuti online di Yayasan Al-Achsaniyyah berbasis website dapat mempercepat proses pengelolaan cuti termasuk meningkatkan transparansi, dan mengurangi kesalahan dalam administrasi cuti. Metode Role-Based Access Control (RBAC) yang diterapkan berhasil memberikan pegaturan akses yang terstruktur. Serta, berdasarkan hasil pengujian User Acceptance Testing (UAT) yang menghasilkan rata-rata 87% dan System Usability Scale (SUS) menghasilkan rata-rata 80% yang menunjukkan bahwa apalikasi ini dapat membantu dan menjadi solusi yang baik untuk pengelolaan cuti di yayasan menjadi lebih efektif.",https://jurnal.stkippgritulungagung.ac.id/index.php/jipi/article/viewFile/7084/3228,,q4_crossref_rbac_webapp_core.csv,7
0,"Babawale Patrick Okare, Tope David Aduloju, Olanrewaju Oluwaseun Ajayi, Okeoma Onunka, Linda Azah",A Role-Based Access Control Model for Multi-Cloud Data Pipelines: Governance and Compliance Perspective,2023,International Journal of Scientific Research in Civil Engineering,Technoscience Academy,https://doi.org/10.32628/ijsrce237318,,881,2026-05-27 21:14:56,journal-article,10.32628/ijsrce237318,2456-6667,,7,3,163,179,0,0.00,0,5,3,"The rapid adoption of multi-cloud architectures has introduced significant complexity in managing secure and compliant access to data pipelines that span diverse cloud platforms. Traditional Role-Based Access Control (RBAC) models, while effective in isolated systems, struggle to provide unified and governance-compliant access control across heterogeneous cloud environments. This paper proposes a layered, compliance-aware RBAC model designed specifically for multi-cloud data pipelines. The model introduces a role abstraction layer, policy harmonization mechanisms, and identity federation to enable consistent role definitions and cross-platform enforcement. Decoupling organizational roles from platform-specific configurations ensures scalable and auditable access control while maintaining the principle of least privilege. The model integrates seamlessly with native cloud tools such as AWS IAM, Azure RBAC, and Google Cloud IAM, and aligns with enterprise Identity and Access Governance (IAG) frameworks. It supports onboarding, role lifecycle management, policy translation, and continuous auditing to meet stringent regulatory requirements such as GDPR, HIPAA, and SOX. Practical implementation considerations and mitigation strategies are also discussed, addressing challenges such as role explosion, policy conflict, and trust boundary management. Finally, the paper explores future research directions, including dynamic access control extensions and zero-trust architecture integration. This RBAC framework provides both theoretical grounding and operational guidance for securing data pipelines in complex, regulated multi-cloud ecosystems.",https://ijsrce.com/index.php/home/article/download/IJSRCE237318/IJSRCE237318,,q4_crossref_rbac_webapp_core.csv,7
0,"Muhammad Akram Hamzah, Nur Mustika, Mahmud Mustapa, Ummiati Rahmah",Application of Boarding House Rental Location Search System Based on Android,2022,Ceddi Journal of Information System and Technology (JST),Yayasan Cendekiawan Inovasi Digital Indonesia,https://doi.org/10.56134/jst.v1i2.23,,116,2026-05-27 21:00:15,journal-article,10.56134/jst.v1i2.23,2829-6575,,1,2,30,36,0,0.00,0,4,4,"Boarding houses have become a fairly important need for many people, especially for students studying outside the area who choose boarding houses as temporary housing, and students whose homes may be quite far from the campus where they study by renting boarding houses near their campus so as not to spend a lot of energy and time traveling. The boarding house route search information system has benefits for users who will search for the nearest boarding house from various features such as finding boarding house routes and viewing detailed boarding house information. ease of boarding house owners to manage data allows information to be continuously updated. This study aims to create an android-based boarding house location information system. The research stage starts from the design of a system that has been built using a Use Case Diagram that has three actors including admin, boarding house owner, and tenant/user. Each of these actors has different roles and access rights. At the implementation stage of the system creation process using the android studio application, then the system is tested using the BlackBox method. Based on the results of system tests that have been carried out obtaining good results or in other words the system can run as expected.",https://journal.ceddi.id/index.php/jst/article/download/23/17,,q2_crossref_house_only_fulltext.csv,7
26,"Salah T. Alshammari, Aiiad Albeshri, Khalid Alsubhi",Integrating a High-Reliability Multicriteria Trust Evaluation Model with Task Role-Based Access Control for Cloud Services,2021,Symmetry,MDPI AG,https://doi.org/10.3390/sym13030492,,567,2026-05-27 21:14:56,journal-article,10.3390/sym13030492,2073-8994,,13,3,492,492,26,5.20,9,3,5,"Cloud data storage is revolutionary because it eliminates the need for additional hardware, which is often costly, inconvenient, and requires additional space. Cloud data storage allows data owners to store large amounts of data in a flexible way and at low cost. The number of online cloud storage services and their consumers has therefore increased dramatically. However, ensuring the privacy and security of data on a digital platform is often a challenge. A cryptographic task-role-based access control (T-RBAC) approach can be used to protect data privacy. This approach ensures the accessibility of data for authorized consumers and keeps it safe from unauthorized consumers. However, this type of cryptographic approach does not address the issue of trust. In this paper, we propose a comprehensive trust model integrated with a cryptographic T-RBAC to enhance the privacy and security of data stored in cloud storage systems, and suggests that trust models involve inheritance and hierarchy in the roles and tasks of trustworthiness evaluation, where this study aims to identify the most feasible solution for the trust issue in T-RBAC approaches. Risk evaluations regarding other possible flaws of the design are also performed. The proposed design can decrease risk by providing high security for cloud storage systems and improve the quality of decisions of cloud operators and data owners.",https://www.mdpi.com/2073-8994/13/3/492/pdf,,q4_crossref_rbac_webapp_core.csv,7
1,"Barnaba Bobbili, Charles R, D. Sudha",Multi-Modal Security Integration and Role-Based Access Control for Secure File Management System,2025,2025 International Conference on Intelligent Computing and Control Systems (ICICCS),IEEE,https://doi.org/10.1109/iciccs65191.2025.10985393,,76,2026-05-27 21:14:56,proceedings-article,10.1109/iciccs65191.2025.10985393,,,,,525,531,1,1.00,0,3,1,,http://xplorestaging.ieee.org/ielx8/10982535/10984435/10985393.pdf?arnumber=10985393,,q4_crossref_rbac_webapp_core.csv,6
0,"Jin Hyok Pak, Gyong Il Choe, Un Song Pak, Chol Jin Ma, Guk Jun Ri",AGABAC: Implementing and Evaluating an Attribute-Group Access Control Model for Secure Web-Based Spreadsheet Interfaces in Large-Scale e-Government Systems,2025,,Wiley,https://doi.org/10.22541/au.176098201.10378910/v1,,136,2026-05-27 21:14:56,posted-content,10.22541/au.176098201.10378910/v1,,,,,,,0,0.00,0,5,1,"As e-government systems grow in scale and complexity, securing access to their dynamic information resources has become increasingly difficult. We’ve observed a particular challenge emerging with the widespread adoption of web-based spreadsheet interfaces for data analysis and reporting. While these tools offer valuable flexibility, implementing practical and fine-grained access control for them remains an open problem. Traditional Attribute-Based Access Control (ABAC) models, though flexible in theory, become administratively burdensome in practice due to the combinatorial explosion of attribute relationships (m×n×k). Furthermore, they lack a formal way to define permissions for specific spreadsheet elements like individual cells or ranges. In this paper, we present AGABAC (Attribute-Group ABAC), a new model that addresses these limitations through two key contributions. First, we introduce an attribute-grouping mechanism that dramatically reduces policy management overhead. Second, we’ve created a formalized model specifically designed for controlling access to dynamic spreadsheet operations. To validate our approach, we built a complete prototype and conducted thorough experiments comparing AGABAC against standard ABAC and RBAC models. The results are promising: AGABAC reduced policy configuration time by 47% compared to standard ABAC, while maintaining access decision times under 15ms even with 10,000 concurrent users. These findings suggest that AGABAC offers a practical solution for implementing efficient and secure access control in large-scale e-government systems.",https://www.authorea.com/doi/pdf/10.22541/au.176098201.10378910/v1,,q4_crossref_rbac_webapp_core.csv,6
0,Mateus Yonathan,Access-Controlled Semantic Search: Implementing Role-Based Filtering in Vector Databases for Enterprise Document Management,2025,,Springer Science and Business Media LLC,https://doi.org/10.21203/rs.3.rs-7338381/v1,,450,2026-05-27 21:14:56,posted-content,10.21203/rs.3.rs-7338381/v1,,,,,,,0,0.00,0,1,1,"<title>Abstract</title> <p>Vector databases used for semantic search in enterprise environments lack integrated access control mechanisms, creating security gaps when deploying retrieval-augmented generation (RAG) systems. This paper presents a technical approach for implementing role-based access control by embedding access metadata directly in vector database payloads. We formalize access-controlled vector operations and demonstrate their conceptual implementation using Qdrant’s payload filtering capabilities with .NET 9. Our approach enables atomic operations where access control decisions and semantic similarity rankings occur within the same database transaction. The conceptual framework demonstrates feasibility of fine-grained access control for semantic search without requiring separate security systems or application-layer filtering. We position this as an engineering contribution that applies existing database filtering capabilities to enterprise document management rather than a fundamental algorithmic innovation.</p>",https://www.researchsquare.com/article/rs-7338381/v1,,q4_crossref_rbac_webapp_core.csv,6
0,"Federico M. Grino, Erika M. Abellar, Jessel M. Cagmat, Cristemi F. Lasco","A Secure Role-Based Access Control Framework for Employee Plantilla Management System in the Local Government Unit of Magallanes, Agusan del Norte",2025,2025 International Conference on Emerging Technologies and Innovation for Sustainability (EmergIN),IEEE,https://doi.org/10.1109/emergin67762.2025.11450678,,883,2026-05-27 21:14:56,proceedings-article,10.1109/emergin67762.2025.11450678,,,,,23,29,0,0.00,0,4,1,,http://xplorestaging.ieee.org/ielx8/11450550/11450562/11450678.pdf?arnumber=11450678,,q4_crossref_rbac_webapp_core.csv,6
42,Thomas Wainwright,Rental proptech platforms: Changing landlord and tenant power relations in the UK private rental sector?,2022,Environment and Planning A: Economy and Space,SAGE Publications,https://doi.org/10.1177/0308518x221126522,,565,2026-05-27 21:00:15,journal-article,10.1177/0308518x221126522,0308-518X,,55,2,339,358,42,10.50,42,1,4,"The structure of the UK's private rental sector (PRS) is being disrupted by a new series of rental proptech platforms (RPPs). These start-ups are adopting technologies including artificial intelligence and algorithms which draw upon ever broader datasets to automate and mediate the relationships between tenants and landlords. Only recently have researchers turned to examine new RPPs, which are challenging existing processes within the PRS, through their attempts to digitise all aspects of renting, from a tenant's initial search and application, to end-contract management. This paper seeks to provide two contributions: first, to uncover how platform entrepreneur views of ‘ideal’ tenants shape the algorithms and scripts that run within their start-ups, and how they shift to accommodate the demands of external venture capital funding. Second, it seeks to examine how landlords are falling under the gaze of technological surveillance and automated judgements, as well as tenants, to illustrate how fragmented and uneven data topologies create inequalities through automated ordering and judgements.",https://journals.sagepub.com/doi/pdf/10.1177/0308518X221126522,,q2_crossref_house_only_fulltext.csv,6
0,"Aulia Putri, Tri Kurniawati",Analysis of the Application of the Hedonic Price Method in Setting House Rental Prices in the Coastal Area of Padang City,2025,Jurnal Economic Resource,Universitas Muslim Indonesia,https://doi.org/10.57178/jer.v8i2.1607,,72,2026-05-27 21:00:15,journal-article,10.57178/jer.v8i2.1607,2620-6196,,8,2,1098,1106,0,0.00,0,2,1,"This research investigates how structural, location, and environmental attributes impact residential rental rates in Padang City, a region challenges by disaster risks and limited facility access. The study aims to identify key determinants affecting rental costs. A quantitative research design was employed, utilizing questionnaires for data collection, followed by analysis through multiple linear regression. Finding reveal that all three independent variables significantly affect rental pricing, as reflected by an F-value of 61,607, substantially surpassing the critical threshold of 2,69. These insights are valuable for shaping more effective housing policy strategies.",https://jurnal.feb-umi.id/index.php/JER/article/download/1607/1212,,q2_crossref_house_only_fulltext.csv,5
0,"ARYAN UPADHYAY -, AYYAN SHAIKH -, KARTIK JANE -, MANISH CHAUDHARI -, KARTIK SHAHU -",RentEase: An Intuitive Rental Management Platform,2025,International Journal on Science and Technology,International Research Publication and Journals,https://doi.org/10.71097/ijsat.v16.i2.5128,,199,2026-05-27 21:00:15,journal-article,10.71097/ijsat.v16.i2.5128,2229-7677,,16,2,,,0,0.00,0,5,1,"RentEase is an intuitive rental management app designed to simplify the process of finding and managing rental accommodations for both tenants and property owners. It provides comprehensive details on available properties, including pricing, location, amenities, and verified homeowner contact information. Key features like homeowner verification, tenant ratings, and reviews enhance trust and security. The platform also offers efficient communication between tenants and landlords. Built on advanced technologies such as cloud computing and real-time data synchronization, RentEase ensures a seamless user experience. Future enhancements include AI-powered property recommendations, virtual house tours, and automated tenant screening to further improve the rental process.",https://www.ijsat.org/papers/2025/2/5128.pdf,,q2_crossref_house_only_fulltext.csv,5
23,"Dallas Rogers, Sophia Maalsen, Peta Wolifson, Desiree Fields",Proptech and the private rental sector: New forms of extraction at the intersection of rental properties and platform rentierisation,2024,Urban Studies,SAGE Publications,https://doi.org/10.1177/00420980241262916,,685,2026-05-27 21:00:15,journal-article,10.1177/00420980241262916,0042-0980,,61,14,2778,2794,23,11.50,6,4,2,"Private renting increasingly comprises a complex ecosystem of actors who assemble housing within the market, and collect rental income and data from tenants, and data on the material assets themselves. Our analysis – at the intersection of rentier and platform capitalism – focuses on landed (material real estate) and technological (digital infrastructure and data) property in Australia’s private rental system. Drawing out relationships between the various actors – landlords, rental property managers and real estate agencies, software developers and providers, property developers and investors – and both their properties and their uses of Proptech (property technology), we show how housing and technology are being leveraged for profit in new ways. In Australia, landed property retains its precedence for established (individual and institutional) landlords, whose interest in Proptech relates to enhancing or value-adding to rental housing assets. For Proptech and institutional real estate players seeking to consolidate both landed and technology property, capturing the tech landscape is increasingly important; indeed, securing control and/or consolidation of technology property is a key motivation for building and/or using Proptech among the largest property developers. Our findings show how rent extraction operates across and between different types and scales of property and market actors, and in new ways that differentiate the figure of the rentier while upholding the dynamics of the rentier model.",https://journals.sagepub.com/doi/pdf/10.1177/00420980241262916,,q2_crossref_house_only_fulltext.csv,5
0,"Santhosh Kumar, Sath ish, Kaar thika",House Rental Application: A MERN Stack-Based Solution for Efficient Property Listings and Management,2024,DS Journal of Digital Science and Technology,Dream Science,https://doi.org/10.59232/dst-v3i4p105,,15,2026-05-27 21:00:15,journal-article,10.59232/dst-v3i4p105,2583-5416,,3,4,41,48,0,0.00,0,3,2,,https://www.dsjournals.com/uploads/DST/volume-3/issue-4/DST-V3I4P105.pdf,,q2_crossref_house_only_fulltext.csv,5
0,Saikrishna Garlapati,Optimizing ACH Transfers through Workflow Automation: Achieving Seamless and Secure Transaction Processing,2024,International Journal of Innovative Research in Engineering &amp; Multidisciplinary Physical Sciences,International Journal of Innovative Research in Engineering and Multidisciplinary Physical Sciences,https://doi.org/10.37082/ijirmps.v12.i1.232597,,146,2026-05-27 21:10:36,journal-article,10.37082/ijirmps.v12.i1.232597,2349-7300,,12,1,,,0,0.00,0,1,2,"Automated Clearing House (ACH) transfers are widely used and required in the financial industry because of its pivotal role in actualizing innumerable amounts of credit and debit transactions on a daily basis. However, despite the laudable functions of ACH, the traditional processes involved in its operation come with sundry challenges bordering on latency, error possibility, security concerns, as well as lack of adequate transparency in transfers. This paper aims to underscore the significance of employing workflow automation ideals to enhance ACH transfers, using existing technologies including robotic process automation (RPA), artificial intelligence (AI), and blockchain to offer better accuracy, speed, regulatory compliance, and fraud prevention among others. To achieve this, a thorough and exhaustive investigation is conducted on ACH architecture, pinpointing its current challenges, achievable automation processes, demonstration of existing cases, and implementation methods. The paper also discusses the implications of the proposed paradigm shift on security and regulatory compliance – highlighting how higher degrees of transparency can enhance adequate adherence to laws and rules, and ultimately alter how financial transactions are performed.",https://www.ijirmps.org/papers/2024/1/232597.pdf,,q3_crossref_house_txn_fulltext.csv,5
0,"Dea Agustina Purba, Nurmi Hidayasari",Implementation of Role-Based Access Control (RBAC) in a Drug Stock Management Information System,2026,SISTEMASI,Universitas Islam Indragiri,https://doi.org/10.32520/stmsi.v15i2.5958,,104,2026-05-27 21:14:56,journal-article,10.32520/stmsi.v15i2.5958,2540-9719,,15,2,684,684,0,0.00,0,2,1,,https://sistemasi.ftik.unisi.ac.id/index.php/stmsi/article/viewFile/5958/1168,,q4_crossref_rbac_webapp_core.csv,4
1,"Ke Xu, Bing Zhang, Jingyue Li, Haitao He, Rong Ren, Jiadong Ren",DRacv: Detecting and auto-repairing vulnerabilities in role-based access control in web application,2025,Journal of Network and Computer Applications,Elsevier BV,https://doi.org/10.1016/j.jnca.2025.104191,,98,2026-05-27 21:14:56,journal-article,10.1016/j.jnca.2025.104191,1084-8045,,240,,104191,104191,1,1.00,0,6,1,,https://api.elsevier.com/content/article/PII:S1084804525000888,,q4_crossref_rbac_webapp_core.csv,4
0,"Indra Gamayanto, Michael Christ Kurniawan, Gabriello Klavin Sanyoto",Security Evaluation of Keycloak-Based Role-Based Access Control in Microservice Architectures Using the OWASP ASVS Framework,2025,Journal of Applied Informatics and Computing,Politeknik Negeri Batam,https://doi.org/10.30871/jaic.v9i6.11604,,34,2026-05-27 21:14:56,journal-article,10.30871/jaic.v9i6.11604,2548-6861,,9,6,3964,3973,0,0.00,0,3,1,"The Rocket Car Wash Semarang application operates using a microservice architecture that handles sensitive information such as user identity data, transaction history, and vehicle details. As multiple services interact through authenticated API calls, strong access control is required to protect the system from unauthorized access and privilege escalation. This research evaluates the Keycloak-based Role-Based Access Control (RBAC) implementation by referencing relevant domains of the OWASP Application Security Verification Standard (ASVS) Level 2, specifically V2: Authentication, V3: Session Management, V4: Access Control, and V14: Configuration. The RBAC structure consists of three primary roles—Admin, Owner, and Customer—and the assessment examines the correctness of role–permission mapping and token-based authorization across microservices. The security evaluation was conducted through configuration auditing, API endpoint verification using Postman, JWT token validation, and automated penetration testing using OWASP Zed Attack Proxy (ZAP). The ZAP scan targeted common web vulnerabilities, particularly misconfigurations and weaknesses in HTTP security headers. The results indicate that Keycloak effectively enforces centralized authentication and authorization, with no critical issues such as Broken Access Control identified. However, several non-critical weaknesses were found, including incomplete Content Security Policy (CSP) directives and missing HSTS headers. These findings show that the RBAC implementation meets core ASVS Level 2 controls, while further improvements in security header configuration are required to enhance overall system resilience.",https://jurnal.polibatam.ac.id/index.php/JAIC/article/download/11604/3276,,q4_crossref_rbac_webapp_core.csv,4
0,"Thomson Mary, Nia Febriyani",Peningkatan Keamanan Sistem Informasi Berbasis Laravel 12 dengan Rate Limiting dan Role-Based Access Control (RBAC),2025,Jurnal Teknologi  Dan Sistem Informasi Bisnis,Universitas Dharma Andalas,https://doi.org/10.47233/jteksis.v7i3.1976,,220,2026-05-27 21:14:56,journal-article,10.47233/jteksis.v7i3.1976,2655-8238,,7,3,473,481,0,0.00,0,2,1,"This study aims to enhance the security of a Laravel  12-based news information system by implementing Rate Limiting and Role-Based Access Control (RBAC). The current website-based information system is vulnerable to hacking and redirection to online gambling sites, indicating serious security weaknesses in the programming. Leveraging the robust capabilities of Laravel  12, this research implements security features such as rate limiting to prevent brute force attacks and RBAC to manage user access rights based on roles. In addition, it utilizes the advanced security features of Spatie Role Permissions in Laravel  12 to achieve layered protection. This is supported by the use of the MariaDB database in conjunction with Laravel 's Spatie Permissions package for more structured permission management. The research method employed is evaluative with a quantitative and descriptive approach, used to measure and analyze the quality of the software code before and after improvements. The results of this study provide a more secure solution for the information system.  ",https://jurnal.unidha.ac.id/index.php/jteksis/article/download/1976/1141,,q4_crossref_rbac_webapp_core.csv,4
0,"Satyanarayana Asundi, Sarat Piridi",Enhancing Role-Based Access Control (RBAC) in Dataverse for Secure Enterprise Applications – Analyzing Advanced Security Models and Governance for Power Apps and Dynamics 365 CRM,2025,Journal of Information Systems Engineering and Management,Science Research Society,https://doi.org/10.52783/jisem.v10i41s.9747,,570,2026-05-27 21:14:56,journal-article,10.52783/jisem.v10i41s.9747,2468-4376,,10,41,1214,1224,0,0.00,0,1,1,"The purpose of this research is to enhance Role Based Access Control (RBAC) in Microsoft Dataverse to achieve secure deployment of enterprise application in Power Apps and Dynamics 365 CRM. The study shows this by integrating the integration of an advanced security model such as Authorizing Workflow Task RBAC (AW-TRBAC), AI driven threat detection and dynamic separation of duties to result in dramatic improvements in governance of access, anomaly detection and operational efficiency. The paper presents scalable solutions to the identified limitations of traditional RBAC using quantitative analysis and in the case of real-world enterprise. These results indicate that the RBAC models with enhanced capabilities help strengthen the compliance and data security of business and also allow for flexible and context aware access control to be used for helping the business grow.",https://jisem-journal.com/index.php/journal/article/download/9747/4502,,q4_crossref_rbac_webapp_core.csv,4
1,"Fubao Zhu, Chenguang Yang, Liang Zhu, Jingzhong Gu",Application of Matrix Factorization Role Mining Algorithm in Role-Based Access Control for Edge RMP,2024,2024 9th International Conference on Electronic Technology and Information Science (ICETIS),IEEE,https://doi.org/10.1109/icetis61828.2024.10593712,,106,2026-05-27 21:14:56,proceedings-article,10.1109/icetis61828.2024.10593712,,,,,761,767,1,0.50,0,4,2,,http://xplorestaging.ieee.org/ielx8/10592861/10593657/10593712.pdf?arnumber=10593712,,q4_crossref_rbac_webapp_core.csv,4
0,"Astrid Noviana Paradhita, Mutiara Auliya Khadija, Agus Purbayu, Sahirul Alim Tri Bawono, Abdul Aziz, Sri Haryati, Daaniis Raditya Pramoda Wardani, Rafael Kurniawan Albyseptra Pratama",Implementation Of Dynamic Role-Based Access Control and Record Log-In Dependency Injection Based VRMS System,2024,Decode: Jurnal Pendidikan Teknologi Informasi,Universitas Muhammadiyah Kendari,https://doi.org/10.51454/decode.v4i3.752,,716,2026-05-27 21:14:56,journal-article,10.51454/decode.v4i3.752,2775-1813,,4,3,898,914,0,0.00,0,8,2,"Human resource management is one of the critical factors for a company in order to realize the company's vision, mission, and goals. This requires effective and efficient human resource management by integrating the entire management process well. This is to manage the company's internal and external human resources. VRMS is an integrated application that can manage the company's external resources. VRMS is built based on dependency injection. VRMS has two superior features: role-based access control (RBCA) and record log. RBCA is a feature that manages all resources involved in a company project. At the same time, the record log allows super admins to monitor and evaluate the performance of all external company resources. The VRMS system is built using hybrid methodoly in software development life cycles from initiation phase, planning, execution, and testing. The testing process used in this system is the user acceptance test (UAT) method. The test results show that all features on VRMS can run 80% well.",https://journal.umkendari.ac.id/decode/article/download/752/349,,q4_crossref_rbac_webapp_core.csv,4
7,"Simon Anderer, Tobias Kempter, Bernd Scheuermann, Sanaz Mostaghim",Dynamic Optimization of Role Concepts for Role-Based Access Control Using Evolutionary Algorithms,2023,SN Computer Science,Springer Science and Business Media LLC,https://doi.org/10.1007/s42979-023-01805-1,,165,2026-05-27 21:14:56,journal-article,10.1007/s42979-023-01805-1,2661-8907,,4,4,,,7,2.33,2,4,3,"Abstract: To ensure the security of current information systems, role-based access control (RBAC) is a widely used concept. For this purpose, based on an initial assignment of permissions to users, permissions are grouped to roles, which are then assigned to users. The corresponding (NP-complete) optimization problem, the so-called role mining problem (RMP), aims at finding a minimal set of roles and a corresponding assignment of those roles to users. Previously, the RMP has been considered as a static optimization problem. However, the application of RBAC in real business use cases requires the inclusion of dynamically occurring events that reflect changes in the business environment of companies, as well as events that result from direct user interaction with the role mining process. Therefore, in this paper, we provide a comprehensive overview and classification of the most relevant events for role mining and present methods for integrating them into the framework of an evolutionary role mining algorithm. The functional performance of these methods as well as the overall performance gain of dynamic role mining compared to the static approach is then examined in a series of experiments.",https://link.springer.com/content/pdf/10.1007/s42979-023-01805-1.pdf,,q4_crossref_rbac_webapp_core.csv,4
15,"Ha Thanh Le, Lwin Khin Shar, Domenico Bianculli, Lionel Claude Briand, Cu Duy Nguyen",Automated reverse engineering of role-based access control policies of web applications,2022,Journal of Systems and Software,Elsevier BV,https://doi.org/10.1016/j.jss.2021.111109,,195,2026-05-27 21:14:56,journal-article,10.1016/j.jss.2021.111109,0164-1212,,184,,111109,111109,15,3.75,3,5,4,,https://api.elsevier.com/content/article/PII:S0164121221002065,,q4_crossref_rbac_webapp_core.csv,4
0,"Takeru Sugasawa, Kei Harano",Disentangling transaction-stage and management-stage discrimination in the rental housing market: evidence from a correspondence experiment in Tokyo,2026,Journal of Housing Economics,Elsevier BV,https://doi.org/10.1016/j.jhe.2026.102134,,155,2026-05-27 21:10:36,journal-article,10.1016/j.jhe.2026.102134,1051-1377,,72,,102134,102134,0,0.00,0,2,1,,https://api.elsevier.com/content/article/PII:S105113772600015X,,q3_crossref_house_txn_fulltext.csv,3
0,"Jong Chung Jin, Steward Giman Stephen",Exploring Rental Property Management Best Practices for Private Investors in Malaysia: A Secondary Data Analysis,2025,Malaysian Journal of Social Sciences and Humanities (MJSSH),Secholian Publication,https://doi.org/10.47405/mjssh.v10i10.3622,,476,2026-05-27 21:00:15,journal-article,10.47405/mjssh.v10i10.3622,2504-8562,,10,10,,,0,0.00,0,2,1,"Malaysia’s rental property sector has experienced rapid growth due to increased urbanization, changing lifestyle preferences, and rising housing unaffordability, prompting more individuals to rent rather than buy. Despite this trend, limited empirical research has examined effective management practices for private investors, resulting in operational inefficiencies, inconsistent tenant relations, and untapped investment potential. Addressing this gap, the present study explores best practices in rental property management within the Malaysian context to identify strategies that optimize financial performance and tenant satisfaction. The study aims to (1) analyse current rental property management approaches and (2) develop a synthesized framework of best practices applicable to private investors. A secondary data analysis method was employed, involving a comprehensive review of scholarly literature, industry reports, policy documents, and real estate publications. Thematic analysis was conducted to extract recurring patterns, key strategies, and underlying management principles. Eight major themes emerged: strategic outsourcing, tenant relations, operational efficiency, property maintenance, competitive positioning, market and life-cycle understanding, risk management, and technology integration. The findings reveal that adopting systematic management strategies, cultivating long-term partnerships, emphasizing preventive maintenance, and leveraging digital tools can enhance profitability, tenant retention, and property value. In conclusion, the study underscores the importance of a holistic and data-driven approach to rental property management. It suggests that policymakers establish standardized guidelines and training for property managers, while future researchers should incorporate primary data to validate and expand on these insights. The research thus bridges theoretical understanding and practical application within Malaysia’s evolving property landscape.",https://www.msocialsciences.com/index.php/mjssh/article/download/3622/2359,,q2_crossref_house_only_fulltext.csv,3
0,Stefunus Kristianto,Analysis and Rental of Boarding House Information System In Tangerang City,2022,bit-Tech,Komunitas Dosen Indonesia,https://doi.org/10.32877/bt.v5i1.529,,30,2026-05-27 21:00:15,journal-article,10.32877/bt.v5i1.529,2622-2728,,5,1,25,36,0,0.00,0,1,4,"For remote workers, overseas students, who have business outside the city, the need for a boarding house is very important to stay for a long time at an affordable cost. Looking for a boarding house can be done by asking friends, owners of nearby boarding houses or visiting adjacent areas from the area visited, so that the information obtained by kostan seekers is less efficient and effective, this results in a lack of information obtained and not fitting according to the ability of the pocket. The purpose of this system can provide data containing kostan information, which is packaged in detail, complete with the location of the boarding house and available facilities. In building this system using PHP and MySQL. Here using the waterfall methodology, this method of logging runs gradually through having to wait for the completion of the previous stage and walks down from the beginning of the development of the system starting from the planning to the final part of the system development is the maintenance stage. The result is a website that contains available boarding house information to make it easier for customers to choose the boarding house they want, and this website can make customers as boarding house owners can promote or add their boarding houses on this website, on this website can also make rental transactions which makes it easier for customers from outside the city to make transactions anywhere and anytime.",https://jurnal.kdi.or.id/index.php/bt/article/download/529/318,,q2_crossref_house_only_fulltext.csv,3
7,"Tianwei Yang, Derek Da Huo, Lennon H. T. Choy, K. W. Chau",The Impact of Measurement and Pricing Cost on Rental Transaction Prices – Evidence from the Institutional Rental Housing Market in Beijing,2022,The Journal of Real Estate Finance and Economics,Springer Science and Business Media LLC,https://doi.org/10.1007/s11146-022-09899-9,,163,2026-05-27 21:10:36,journal-article,10.1007/s11146-022-09899-9,0895-5638,,66,1,119,140,7,1.75,2,4,4,,https://link.springer.com/content/pdf/10.1007/s11146-022-09899-9.pdf,,q3_crossref_house_txn_fulltext.csv,3
1,"Saarabi Parkar, Pavitra Venkatraman, Vikrant Pawar, Mrinal Khadse",Secure asset transaction using blockchain,2022,ITM Web of Conferences,EDP Sciences,https://doi.org/10.1051/itmconf/20224403009,,203,2026-05-27 21:10:36,journal-article,10.1051/itmconf/20224403009,2271-2097,,44,,3009,3009,1,0.25,0,4,4,"The current property exchange methodology includes a lot of susceptibilities and people use it to delude the common people and the government. Using blockchain, this project utilises majority consensus to implement secure asset transactions. The main objective behind the implementation of asset transaction using blockchain is to secure property transactions from vulnerabilities and to easily maintain records. The proposed solution aims at avoiding scenarios related to the same property being sold multiple times to different clients. Since very little documentation and record-keeping effort are required, the time required for performing a transaction is also less. The asset transaction will consist of n nodes which will be responsible for verifying a transaction and adding new blocks to the blockchain. The proposed implementation of the secure asset transaction using blockchain thus offers a reduction in manual effort spent in record keeping.",https://www.itm-conferences.org/10.1051/itmconf/20224403009/pdf,,q3_crossref_house_txn_fulltext.csv,3
1,"Zhang Yang, Wang Zhiruo, Chen Chang, Dang Xiaoyi, Wu Chengliang, Ning Yanjie",Impact of Web Page House Listing Cues on Internet Rental,2021,Applied Mathematics and Nonlinear Sciences,Walter de Gruyter GmbH,https://doi.org/10.2478/amns.2021.2.00021,,87,2026-05-27 21:00:15,journal-article,10.2478/amns.2021.2.00021,2444-8656,,6,2,483,498,1,0.20,0,6,5,"Abstract: Based on a questionnaire survey combining the stimulus-organism-response (S-O-R) theory with the cues theory, this paper establishes hypotheses and uses partial least squares structural equation modelling (PLS-SEM) to study and analyse the impact of web page house listing cues on Internet rental from the perspective of users. The results indicate that: (1) the relevant cues of Internet renting platforms are effective and worthy of attention, (2) the subjective arousal of the tenants triggers their behavioural changes to a large extent, and (3) the sensitivity of the tenants’ behavioural approaches to their feelings is greater than their purchasing intentions. In the context of the rapid development of the online market, understanding the user's response to target information is essential to promote the optimisation of the Internet rental platform, to improve the efficiency of online housing selection, and to encourage healthy development of the rental housing market.",https://www.sciendo.com/pdf/10.2478/amns.2021.2.00021,,q2_crossref_house_only_fulltext.csv,3
0,"Ammar Najmi Adra, Zulfahmi Syahputra, Hafni",Perancangan Sistem POS Berbasis Web dengan Role-Based Access Control pada Bisnis Parfum Decant,2026,Jurnal Komputer Teknologi Informasi Sistem Komputer (JUKTISI),LKP Karya Prima,https://doi.org/10.62712/juktisi.v4i3.853,,14,2026-05-27 21:14:56,journal-article,10.62712/juktisi.v4i3.853,2963-7104,,4,3,2326,2335,0,0.00,0,3,1,"Bisnis parfum decant memiliki karakteristik operasional yang unik karena satu botol parfum utama dijual kembali dalam berbagai ukuran volume kecil, sehingga pengelolaan stok menjadi rentan terhadap kesalahan jika dilakukan secara manual. Permasalahan ini semakin kompleks ketika stok harus dihitung dan dipotong berdasarkan volume mililiter yang berbeda-beda pada setiap transaksi, sementara sistem pencatatan manual kurang mampu menangani komputasi tersebut secara akurat. Penelitian ini bertujuan untuk merancang dan membangun sistem informasi Point of Sale (POS) berbasis web yang mampu menangani pengelolaan stok berbasis volume (mililiter) serta meningkatkan keamanan data transaksi melalui pembatasan hak akses pengguna. Sistem dikembangkan menggunakan Framework Laravel dengan penerapan Role-Based Access Control (RBAC) untuk membedakan hak akses antara Admin dan Kasir secara tepat. Metodologi pengembangan perangkat lunak yang digunakan adalah System Development Life Cycle (SDLC) model Waterfall, sedangkan pengujian fungsionalitas dilakukan menggunakan metode Black Box Testing untuk memastikan seluruh fitur berfungsi sesuai kebutuhan. Hasil penelitian menunjukkan bahwa sistem dapat melakukan pengurangan stok otomatis secara presisi berdasarkan volume mililiter yang terjual, serta membatasi akses fitur sensitif sesuai peran pengguna. Implementasi sistem ini diharapkan dapat meningkatkan akurasi pencatatan inventaris, efisiensi operasional, dan keamanan data pada operasional toko parfum decant.",https://ejurnal.lkpkaryaprima.id/index.php/juktisi/article/download/853/586,,q4_crossref_rbac_webapp_core.csv,2
0,Wail Zita,Secure QR Code Login System with Role-Based Access for Web Applications,2025,,Institute of Electrical and Electronics Engineers (IEEE),https://doi.org/10.36227/techrxiv.175616741.16408346/v1,,4,2026-05-27 21:14:56,posted-content,10.36227/techrxiv.175616741.16408346/v1,,,,,,,0,0.00,0,1,1,"Password logins can still be compromised through phishing and replay attacks. This paper introduces a secure QR-code authentication method that works with role-based access control for web apps. It's built using Python Flask. The QR code contains an AES-GCM encrypted JSON Web Token. {sid, uid, role, nonce, iat, exp} with ≤30 s validity. Security hardening includes single-use nonces with server-side replay caches, strict issuer/audience/alg checks, device/IP binding at session issuance, and deny-by-default RBAC with endpoint-level policy checks. We evaluate the system via 10,000 simulated login attempts under heterogeneous network latency and adversarial traffic (phishing pages, token replay, and brute-force probes). Compared to a baseline username/password + TOTP flow, the proposed design reduces mean login time from 4.82 s to 2.35 s (−51.2%), lowers p95 latency from 7.05 s to 3.80 s, and increases authentication throughput by 74.6%. In security tests, phishing success drops from 12% to 0%, replay acceptance from 0.8% to 0%, and unauthorized role escalation from 3 cases to 0. The cryptographic and policy checks add modest overhead (average CPU 16.7%→18.3%). These results indicate that QR-based authentication, when combined with robust RBAC and shortlived, nonce-bound tokens, can simultaneously improve usability and security for modern web applications.",https://www.techrxiv.org/doi/pdf/10.36227/techrxiv.175616741.16408346/v1,,q4_crossref_rbac_webapp_core.csv,2
0,"Filiz Şenyüzlüler, Adil Baykasoglu",Development of web based data-driven recommendation system for house rental via hierarchical fuzzy axiomatic design,2024,Kybernetes,Emerald,https://doi.org/10.1108/k-08-2024-2211,,48,2026-05-27 21:00:15,journal-article,10.1108/k-08-2024-2211,0368-492X,,55,2,1156,1182,0,0.00,0,2,2,"Purpose: In the real estate business, identifying the ideal property for a user poses a difficult task due to the many factors involved in the decision-making process. Moreover, users often struggle to find platforms that facilitate effective communication of their preferences. To tackle this issue, a web-based data-driven recommendation system has been devised for the real estate business. Design/methodology/approach: The process of identifying the most suitable rental property for a user hinges greatly on how the user prioritizes each criterion and the analysis of unstructured data. In this research, a novel recommendation system for house rentals is developed by utilizing the Weighted Hierarchical Fuzzy Axiomatic Design (WFAD) approach. Techniques for extracting pertinent information from unstructured house descriptions are employed. The user’s preferences are captured through an interactive web application equipped with a map feature to highlight key locations. Findings: Data on various available rental properties are gathered using web scraping techniques. The efficacy of the proposed rental house recommendation system is demonstrated through multiple case studies. It is observed that the developed system provides more informed and reliable decisions. Originality/value: First time in the related literature, we applied the weighted fuzzy axiomatic design procedure (WFAD) to the product recommendation problem and developed a comprehensive web-based system for recommending rental houses based on it in the real estate business.",https://www.emerald.com/k/article-pdf/55/2/1156/11202173/k-08-2024-2211en.pdf,,q2_crossref_house_only_fulltext.csv,2
0,"Nabil Nabil, Sutan Mohammad Arif, Zikriah Zikriah",Video Conference Rental Business Application Design At Pt. Alfa Copies Android-Based Virtual Technology,2024,Journal of Renewable Engineering,PT. Anagata Sembagi Education,https://doi.org/10.62872/tpe2jq45,,614,2026-05-27 21:10:36,journal-article,10.62872/tpe2jq45,3046-7624,,1,3,1,10,0,0.00,0,3,2,"The purpose of this research is to determine the process of managing device rental data, tenant profiles, tenant transactions, device rental dates, payments, tenant data reports, product and price reports, sales transaction reports, bill payment reports at PT. Alfa Cipta Virtual Technology. The method used to process this activity is a qualitative method (System Life Cycle (SDLC)), namely to design, build, maintain and develop a system. After the author designs, builds and develops a device rental system, finally the author can draw the conclusion that management The device rental business becomes more dynamic and simpler so that it can improve sales and admin sales performance. Making sales transaction reports and tenant data reports is much faster because management can be accessed via an application on a smartphone.",https://nawalaeducation.com/index.php/JORE/article/download/455/527,,q3_crossref_house_txn_fulltext.csv,2
0,Agus Heri Yunial,Waterfall Method In Designing A Web-Based Waste Payment Information System (Case Study: Calincing Bukit Valley Housing Rt04/Rw008),2024,Jurnal Inotera,Politeknik Aceh Selatan,https://doi.org/10.31572/inotera.vol9.iss1.2024.id336,,706,2026-05-27 21:10:36,journal-article,10.31572/inotera.vol9.iss1.2024.id336,2581-1274,,9,1,226,232,0,0.00,0,1,2,"Valley Bukit Calincing Housing Exchange RT. 04 RW. 08 Bogor City is a housing complex that requires every resident to pay monthly waste fees. Payment of waste fees is payment of waste fees made by the treasurer who visits residents' homes to collect by giving a payment card to each resident and recording it again in the ledger. For reports, we still use Microsoft Excel. Because payment recording still uses Microsoft Excel, files on the laptop or PC can be lost or even accidentally deleted. Meanwhile, if it is recorded in a book, the book could be damaged/lost. The method that will be applied for this research is using Waterfall which has sequential stages starting from analysis, design, coding, testing and supporting stages, but in this research it only reaches the testing stage. Meanwhile, for the system development method using the OOAD method, a web-based application was created which is the right choice to simplify the treasurer's work in managing and managing waste fee payments. With this system, it can make it easier for residents to pay waste fees on time and reduce residents who like to pay past due dates because they are always reminded via email notifications sent by the treasurer so that the treasurer does not need to come to residents' homes to collect the waste fees. And with this waste fee payment information system, it makes it easier to manage the treasurer's waste fee payment reports.    ",https://inotera.poltas.ac.id/index.php/inotera/article/download/336/258,,q3_crossref_house_txn_fulltext.csv,2
6,"Ezichi Mpamugo, Godwin Ansa",Enhancing Network Security in Mobile Applications with Role-Based Access Control,2024,Journal of Information Systems and Informatics,Asosiasi Doktor Sistem Informasi Indonesia,https://doi.org/10.51519/journalisi.v6i3.863,,134,2026-05-27 21:14:56,journal-article,10.51519/journalisi.v6i3.863,2656-4882,,6,3,1872,1899,6,3.00,3,2,2,"In today's dynamic networking environment, securing access to resources has become increasingly challenging due to the growth and progress of connected devices. This study explores the integration of Role-Based Access Control (RBAC) and OAuth 2.0 protocols to enhance network access management and security enforcement in an Android mobile application. The study adopts a waterfall methodology to implement access control mechanisms that govern authentication and authorization. OAuth 2.0, a widely adopted open-standard authorization framework, was implemented to secure user authentication by allowing third-party access without exposing user credentials. Meanwhile, RBAC was leveraged to streamline access permissions based on predefined user roles, ensuring that access privileges are granted according to hierarchical role structures. The main outcomes of this study show significance towards the improvements in security enforcement and user access management. Specifically, the implementation of multi-factor authentication, session timeout mechanisms, and user role-based authorization ensured robust protection of sensitive data while maintaining system usability. RBAC proved effective in controlling access to various system resources, such as database operations which was presented in scenario of physical access to doors, while OAuth 2.0 provided a secure communication channel for authentication events. These protocols, working in tandem, addressed key issues like unauthorized access, data integrity, and scalability in network security policy enforcement. This research deduces that combining RBAC and OAuth 2.0 protocols in mobile applications enhances security posture, simplifies access management, and mitigates evolving threats.",https://journal-isi.org/index.php/isi/article/download/863/421,,q4_crossref_rbac_webapp_core.csv,2
3,"Kenechi Peter Ifeanacho, Idu Robert Egbenta",Application of income capitalization approach for emerging rental income cash flow in Enugu metropolis property market,2023,Property Management,Emerald,https://doi.org/10.1108/pm-05-2022-0037,,485,2026-05-27 21:00:15,journal-article,10.1108/pm-05-2022-0037,0263-7472,,41,3,454,471,3,1.00,2,2,3,Purpose: The purpose of this research is to ascertain the extent to which the income capitalization approach reflects the pattern of emerging rental income in Enugu property market. Design/methodology/approach: The survey research design was used in this study. Data from the field was gathered through a data collection pro forma administered to 40 valuers in Enugu metropolis in the manner of conducting interviews. This study used key valuation details of 54 sampled income generating properties valued by the respondent valuers between 2015 and 2022 using the income capitalization approach. The same sampled properties were then revalued by the researchers using annuity due assumption/formulas of the income capitalization approach. Descriptive and inferential statistics were used to analyze the data. Findings: The study revealed that the income capitalization approach used by most valuers in Enugu does not reflect the property rental income pattern prevailing in Enugu property market where rents are paid in advance. The study further shows that the application of the income capitalization approach for valuation of annually in-advance property rental income cash flow results in a higher capital value of 3.49% in Enugu property market. Research limitations/implications: The limitations to this study are that past valuation done by valuers were used in the analysis instead of actual property sales and a relatively small number of sampled valuers and properties are used in the study The implication of the study is that ordinary annuity assumptions or formulas is inaccurate and not suitable for valuation of income generating property in an emerging market like Nigerian where timing of cash flow is annually in advance. Based on the result of this study it seems that ordinary annuity approach negate the principle of estimating value using income capitalization method by converting future cash flow from income generating property into an estimate of property value. Practical implications: The study advocates the adoption of the use of annuity due formulas in the valuation of income generating properties in Nigeria as its practice standard to avoid undervaluation as this assumption is logical and provides more accurate value due to prevailing lease structure and rent payments patterns in the country. The implication of the study is that the use of ordinary annuity assumptions or formulas is inaccurate and not suitable for the valuation of income generating property in an emerging market like Nigerian where timing of cash flow is annually in advance. Originality/value: This is one of the very few empirical studies carried out in Nigeria to ascertain the extent to which the income capitalization approach used by valuers reflects the rental income pattern that prevails in the Nigeria property market.,https://www.emerald.com/insight/content/doi/10.1108/PM-05-2022-0037/full/html,,q2_crossref_house_only_fulltext.csv,2
0,"Xinyu Dong, Yining He, Suwei Wang, Xinyi Zhang",Blockchain Rental Platform for College Students Driven by Reward and Punishment Mechanism,2022,BCP Business &amp; Management,Boya Century Publishing,https://doi.org/10.54691/bcpbm.v21i.1181,,252,2026-05-27 21:00:15,journal-article,10.54691/bcpbm.v21i.1181,2692-6156,,21,,82,93,0,0.00,0,4,4,"For those who are employed nowadays, the living environment largely affects the quality of work. In order to access employment opportunities in first-tier cities, renting an apartment has become a hot social issue for the new generation of youth, and therefore the development of the rental market has gradually become an important part of the economic development. In order to ensure the stable growth of China's market economy and a favorable employment environment for the new generation of Chinese talents, it is necessary to help the new youth group with insufficient social experience to avoid falling into the trap of rental agents and to match with suitable housing, this paper proposes a solution based on a blockchain rental platform driven by reward and punishment mechanisms for college students, focusing on the innovation of specific reward and punishment mechanisms, through the design of coin issuance mechanism, workload determination By designing key components such as coin issuance mechanism, workload determination mechanism, and reputation mechanism, combined with the design of personalized platform functional blocks for college students, the functional operation of this platform is envisioned based on smart contracts, which fills the gap of blockchain renting for college students as well as the refinement of reward mechanism of blockchain renting platform. This design can be applied to build a practical scenario of a blockchain rental platform serving college students and promote the process of upgrading and transforming the traditional rental industry using blockchain technology.",http://bcpublication.org/index.php/BM/article/download/1181/1183,,q2_crossref_house_only_fulltext.csv,2
9,"Rubina Ghazal, Ahmad Malik, Basit Raza, Nauman Qadeer, Nafees Qamar, Sajal Bhatia",Agent-Based Semantic Role Mining for Intelligent Access Control in Multi-Domain Collaborative Applications of Smart Cities,2021,Sensors,MDPI AG,https://doi.org/10.3390/s21134253,,273,2026-05-27 21:14:56,journal-article,10.3390/s21134253,1424-8220,,21,13,4253,4253,9,1.80,2,6,5,"Significance and popularity of Role-Based Access Control (RBAC) is inevitable; however, its application is highly challenging in multi-domain collaborative smart city environments. The reason is its limitations in adapting the dynamically changing information of users, tasks, access policies and resources in such applications. It also does not incorporate semantically meaningful business roles, which could have a diverse impact upon access decisions in such multi-domain collaborative business environments. We propose an Intelligent Role-based Access Control (I-RBAC) model that uses intelligent software agents for achieving intelligent access control in such highly dynamic multi-domain environments. The novelty of this model lies in using a core I-RBAC ontology that is developed using real-world semantic business roles as occupational roles provided by Standard Occupational Classification (SOC), USA. It contains around 1400 business roles, from nearly all domains, along with their detailed task descriptions as well as hierarchical relationships among them. The semantic role mining process is performed through intelligent agents that use word embedding and a bidirectional LSTM deep neural network for automated population of organizational ontology from its unstructured text policy and, subsequently, matching this ontology with core I-RBAC ontology to extract unified business roles. The experimentation was performed on a large number of collaboration case scenarios of five multi-domain organizations and promising results were obtained regarding the accuracy of automatically derived RDF triples (Subject, Predicate, Object) from organizational text policies as well as the accuracy of extracted semantically meaningful roles.",https://www.mdpi.com/1424-8220/21/13/4253/pdf,,q4_crossref_rbac_webapp_core.csv,2
0,Xiaoyang Mao,Research on the Influencing Factors of Rental House Prices,2024,"Transactions on Economics, Business and Management Research",Warwick Evans Publishing,https://doi.org/10.62051/cs0pd728,,7,2026-05-27 21:00:15,journal-article,10.62051/cs0pd728,2960-2254,,10,,146,151,0,0.00,0,1,2,"Since the 1990s, China's real estate market has gradually recovered, and has developed into a large and mature trading market today, as the housing price increase, the demand of housing rental also increases a lot. Based on this this article aims to identify the factors that have an impact on rental price. The method of multi-linear regression is used to analyze the factors with over 10,000 samples in Guangzhou from May 2020 to June 2020 from the website of LianJia, one of the biggest real estate agencies in China. The dataset contains 10 variables in total, this research uses VIF, Pearson correlation coefficient to narrow the variables down to District, Rent Type, Area, Elevator Flag and Buld Floor these five variables and considered that they have a significant linear relationship with rental price. By focusing on these variables this study provides a view of the relationship of demand and supply of China’s renting market.",http://wepub.org/index.php/TEBMR/article/download/3071/3355,,q2_crossref_house_only_fulltext.csv,1
0,"Arvind Nair -, Aryan Sadvelkar -, Sarvesh Damle -, Neha Kudu -",Revolutionizing Student Accommodation: A MERN-Based Rental System For Seamless Property Management,2024,International Journal For Multidisciplinary Research,International Journal for Multidisciplinary Research (IJFMR),https://doi.org/10.36948/ijfmr.2024.v06i03.19547,,241,2026-05-27 21:00:15,journal-article,10.36948/ijfmr.2024.v06i03.19547,2582-2160,,6,3,,,0,0.00,0,4,2,"This web application facilitates the registration of individual homes or apartments to streamline the process of finding ideal rental properties. Users can conveniently search for their next rental in targeted areas through a user-friendly interface. The platform is designed to cater to diverse real estate needs in India, including property buying, selling, and leasing. It serves as a valuable tool for investment by maintaining a comprehensive database of various properties and agent information. Not only does it assist users in accessing updated property information globally, but it also enables agents to manage and update their listings. The platform alleviates the complexities associated with traditional property search methods by offering a simplified online form, minimizing the need for individual agent communication, appointment scheduling, and time coordination",https://www.ijfmr.com/papers/2024/3/19547.pdf,,q2_crossref_house_only_fulltext.csv,1
2,Ze Li,Boston House Price Prediction Based on Machine Leaning Methods,2023,BCP Business &amp; Management,Boya Century Publishing,https://doi.org/10.54691/bcpbm.v38i.4204,,667,2026-05-27 21:00:15,journal-article,10.54691/bcpbm.v38i.4204,2692-6156,,38,,2883,2887,2,0.67,2,1,3,"A significant part of the U.S. economy is real estate and the housing industry. The level of housing prices influences the market's total price level to some extent. Data from Kaggle website is evaluated by using linear regression, random forest regressor and SVM regressor. There are 505 samples and the relationships between aim price with 13 different features. In terms of accuracy of the prediction, the method random forest is best method to predict house price. However, better model like XGboost could be chosen to improve prediction results.",https://bcpublication.org/index.php/BM/article/download/4204/4095,,q2_crossref_house_only_fulltext.csv,1
0,"Avegail L Monteverde, Joshua James S Maderazo, Keyleen Christine M Cruz, NIcko A Magnaye",Web-Based Rental House Smart Finder using Rapid Application Development basis for Evaluation of ISO 205010,2023,International Journal of Metaverse,E-palli,https://doi.org/10.54536/ijm.v1i1.1464,,155,2026-05-27 21:00:15,journal-article,10.54536/ijm.v1i1.1464,2837-2417,,1,1,1,4,0,0.00,0,4,3,"Businesses including the promotion of rental properties, utilized the advantage of using technologies to attract more clients. Most of them use a website to easily advertised their properties online. Hence, there were lots of existing system developed to find hotels and apartments online, without considering other affordable rental houses, such as boarding houses and bed spacers. Aside from that, people in Bansud and Bongabong Oriental Mindoro, can’t easily find a rental house with the reason of lack of details regarding the location of each rental house and couldn’t find an affordable rental house immediately. From that, A Web-Based Rental House Smart Finder using Rapid Application Development basis for Evaluation of ISO 205010 was developed to assist the clients in finding affordable variations of rental houses such as boarding house, dormitories, hotels and others. The system can also provide necessary information of specific rental house properties and even gave an alternative option by providing near rental property listings using kilometer distance. The system can also accept reservation request from the clients. On the other hand, the Rapid Application Development was used in building the project for quick continuous development and testing during the project’s software development lifecycle. The RAD strategy allows to investigate a working model as in front of schedule as could be normal considering the present situation if the frameworks meet the necessities required, and propose imperative changes. The ISO/IEC 25010 software quality standards were applied in the evaluation to determine the functional suitability, performance efficiency, usability, reliability, security, maintainability and portability of the system. The overall mean of the ISO/IEC 25010 evaluation result was 3.67, which was regarded as very effective, indicating that the evaluators were satisfied by giving positive feedback. Some of the evaluators suggested to have a mobile application for accessibility.",https://journals.e-palli.com/home/index.php/ijm/article/download/1464/624,,q2_crossref_house_only_fulltext.csv,1
2,"Mthobisi Nhlabathi, Freddy Marilahimbilu Mgiba, Neo Ligaraba","Social Media Marketing Attributes, Sandton’s Rental Market Brand Image, and the Millennials’ Rental Preference: An Empirical Study",2022,Real Estate Management and Valuation,Walter de Gruyter GmbH,https://doi.org/10.2478/remav-2022-0004,,76,2026-05-27 21:00:15,journal-article,10.2478/remav-2022-0004,2300-5289,,30,1,34,52,2,0.50,1,3,4,"Abstract: A good image of millennials’ residential rental space is an important issue. This image can be impacted by the available telecommunication technology. Social media marketing can, therefore, be an important marketing tool to achieve it. Many studies have shown that a good brand image positively impacts brand preference. This study quantitatively investigated the impact of social media attributes of trendiness, entertainment, customization, information, interaction on Sandton’s rental market’s brand image, and the relationship between this image and millennials’ rental preference. Data were collected from millennials who have lived, live or intend to live in Sandton. Structural equation modeling was employed for data analysis. The findings of the study are that entertainment, customization, and information positively impact Sandton’s image and that trendiness and interactions do not. Also, the image of Sandton’s rental market has a positive influence on the millennials’ preferences as to rental housing. The outcomes will find application for both academics and management practice as will be shown below.",https://reference-global.com/pdf/10.2478/remav-2022-0004,,q2_crossref_house_only_fulltext.csv,1
1,"Diego de Jaureguizar Cervera, Diana C. Pérez-Bustamante Yábar, Javier de Esteban Curiel",Factors affecting short-term rental first price: A revenue management model,2022,Frontiers in Psychology,Frontiers Media SA,https://doi.org/10.3389/fpsyg.2022.994910,,412,2026-05-27 21:00:15,journal-article,10.3389/fpsyg.2022.994910,1664-1078,,13,,,,1,0.25,0,3,4,"The aim of this paper is to conduct a revenue management study, generating a theoretical model that establishes the relationship between the factors of a Short-Term Rental apartment offered on the Airbnb marketplace or similar and its optimal rental price set when the property is first put on the market, considering not only the characteristics defined in the platform listing but also the sociodemographic characteristics of the area in which the apartment is located. The research process was structured in six phases as case study for the technology transfer model. First, research planning was conducted to estimate the time, cost, and suitability of the research topic. Second, the study design was determined to establish a technology transfer model focusing on the theory of mixed revenue management. Third, data collection about the city of Madrid was extracted from two technological databases, namely",https://www.frontiersin.org/articles/10.3389/fpsyg.2022.994910/full,,q2_crossref_house_only_fulltext.csv,1
53,"Maomao Chi, Meiyu Pan, Rui Huang",Examining the direct and interaction effects of picture color cues and textual cues related to color on accommodation-sharing platform rental purchase,2021,International Journal of Hospitality Management,Elsevier BV,https://doi.org/10.1016/j.ijhm.2021.103066,,578,2026-05-27 21:00:15,journal-article,10.1016/j.ijhm.2021.103066,0278-4319,,99,,103066,103066,53,10.60,18,3,5,,https://api.elsevier.com/content/article/PII:S0278431921002097,,q2_crossref_house_only_fulltext.csv,1
0,"Iin Istiyah, Nurul Wulandari Putri",Implementation of User Transaction Services Via E-Money Id-Card as a Means of Payment Transactions (Case Study of the Muhammadiyah Zaenab Masykur Islamic boarding school),2024,"International Journal of Economics, Business Management and Accounting (IJEBMA)",PT Multitech Bintang Asia,https://doi.org/10.59890/ijebma.v6i2.2307,,569,2026-05-27 21:10:36,journal-article,10.59890/ijebma.v6i2.2307,3032-6028,,6,2,255,262,0,0.00,0,2,2,"Advances in the financial and banking system in the economy have been able to shift payment methods from using cash to non-cash forms. E-money is currently popular among all groups, including Islamic boarding schools. The aim of this research is to find out how to implement the use of e-money ID-cards at the Zaenab Masykur Islamic boarding school, Adiwerna. This research uses qualitative methods with data sources coming from interviews and observations. The results of this research show that the use of a manual payment system is felt to be less effective so that e-money becomes a solution to simplify transactions, record and report more quickly and practically. The e-money ID-card is included in the open loop category because it functions as a means of payment, it is a chip based registered type because the user's identity and the value of the money in it are recorded on the holder’s card and registerd. Understanding of technology and concerns about system security as well as limitations in the use of T-cards which can only be used in Islamic boarding schools are challenges in using e-money at Islamic boarding school Zaenab Masykur   ",https://journal.multitechpublisher.com/index.php/ijebma/article/download/2307/2382,,q3_crossref_house_txn_fulltext.csv,0
3,"Appau Williams Miller, Fauster Agbenyo, Royal Mabakeng Menare",Tenant management under COVID-19 pandemic season among informal settlement rental housing in Ghana,2021,"Housing, Care and Support",Emerald,https://doi.org/10.1108/hcs-02-2021-0005,,629,2026-05-27 21:00:15,journal-article,10.1108/hcs-02-2021-0005,1460-8790,,24,1,26,38,3,0.60,1,3,5,"Purpose: The purpose of this study is to evaluate the roles of landlords in tenant management during COVID-19 pandemic season among informal settlement neighbourhoods in urban Ghana. Design/methodology/approach: This study used a mixed methods research approach and foregrounds the discussions of the results with the social roles theory. Using the quota sampling procedure, this study used 467 semi-structured interviews of tenants from five old informal settlement neighbourhoods in urban Ghana. This study adopted the thematic analytical technique in the results section. Findings: This study uncovered that landlords perform a gate-keeping social relationship role in ensuring tenant safety during the COVID-19 pandemic season through the provision of security, care and support, discipline, hard work, morale building to accountability. However, this study found that most landlords do not provide tenancy agreements to tenants which strained some social relationships in tenant management. Originality/value: The application of social roles theory in this study provides a cutting-edge approach to the study of welfare of tenants living in informal settlement housing units during periods of pandemic. This study practically provides a participatory approach to analysing and discussing the roles of landlords in tenant management and proffering solutions for formalisation of these roles in housing policies in Ghana.",https://www.emerald.com/insight/content/doi/10.1108/HCS-02-2021-0005/full/html,,q2_crossref_house_only_fulltext.csv,0
0,"Kusnana Kusnana, Prayoga Gymnastiar, Beny Riswanto",Analisis Kerentanan Insecure Direct Object Reference (IDOR) dan Broken Access Control pada Aplikasi Invoice Berbasis Web,2025,Digital Transformation Technology,Information Technology and Science (ITScience),https://doi.org/10.47709/digitech.v5i2.6948,,480,2026-05-27 21:14:56,journal-article,10.47709/digitech.v5i2.6948,2807-9000,,5,2,106,114,0,0.00,0,3,1,"Keamanan aplikasi web merupakan aspek krusial dalam melindungi data sensitif pengguna sekaligus menjaga kepercayaan terhadap layanan digital. Seiring meningkatnya pemanfaatan aplikasi berbasis web, risiko serangan siber juga semakin kompleks, terutama terkait kontrol akses dan kerahasiaan data. Penelitian ini bertujuan untuk mengidentifikasi serta menganalisis kerentanan keamanan pada aplikasi invoice berbasis web dengan alamat https://invoice.masdzikry.com. Metode penelitian menggunakan pendekatan eksperimen melalui penetration testing, dengan bantuan Burp Suite untuk melakukan manipulasi permintaan (request), analisis parameter, serta pengujian bypass otorisasi. Hasil pengujian mengungkapkan dua kerentanan utama yang bersifat kritis. Pertama, Insecure Direct Object Reference (IDOR), di mana pengguna biasa dapat mengakses faktur milik pengguna lain hanya dengan memodifikasi parameter id pada endpoint /invoices/{id}. Kedua, Broken Access Control yang disertai dengan Sensitive Data Exposure, ditemukan melalui penyisipan header X-Original-Url yang memungkinkan pengguna tanpa hak istimewa memperoleh akses tidak sah ke halaman administratif serta data sensitif administrator. Kedua temuan ini memiliki tingkat risiko tinggi menurut klasifikasi OWASP, karena berpotensi menyebabkan kebocoran data finansial, penyalahgunaan akses, hingga pengambilalihan akun. Berdasarkan temuan tersebut, penelitian ini merekomendasikan penerapan kontrol otorisasi berbasis peran (Role-Based Access Control), validasi parameter di sisi server, penonaktifan header manipulatif, serta penerapan logging, monitoring, dan audit keamanan secara berkala sesuai dengan standar OWASP Application Security Verification Standard (ASVS). Implementasi langkah-langkah mitigasi ini diharapkan dapat meningkatkan ketahanan aplikasi terhadap ancaman eksploitasi dan memperkuat kepercayaan pengguna terhadap sistem.",https://itscience.org/jurnal/index.php/digitech/article/download/6948/5063,,q4_crossref_rbac_webapp_core.csv,-1
0,"JengHann Chen, Kuo-Chung Wen, YuTuan Chang",Analysis of the “rental housing subsidy policy” in Taiwan by the transaction costs theory,2023,Journal of Computational Methods in Sciences and Engineering,European Society of Computational Methods in Sciences and Engineering,https://doi.org/10.3233/jcm-226492,,173,2026-05-27 21:10:36,journal-article,10.3233/jcm-226492,1472-7978,,23,2,975,993,0,0.00,0,3,3,"The transaction costs theory has been widely used in all business activities related to “transaction costs” since it was proposed by Ronald Coase in 1937. Before firms choose to enter the market, “transaction costs” will inevitably occur, which affects benefits. The rental housing market is a commercial market, and any external intervention will affect the resource allocation of this industry. This study explores the effects of the subsidies of the “rental housing subsidy policy” in Taiwan on the objectives of the rental housing policy by the transaction costs theory. This empirical study proves that policy objectives cannot be achieved by fixed and equal subsidy models, and expects to provide a basic theoretical framework that can serve as a reference when measuring the application of transaction costs to the policy subsidy model.",https://content.iospress.com/download?id=10.3233/JCM-226492,,q3_crossref_house_txn_fulltext.csv,-2
0,"Rully Sandy Pratama, Ivan Dwi Fibrian, Mohamad Ali Murtadho",Sistem Informasi Manajemen Rental PS dengan Fitur Reservasi (Studi kasus: Rossy Game House Mojokerto),2025,Jurnal Tekno Kompak,Universitas Teknokrat Indonesia,https://doi.org/10.33365/jtk.v19i2.245,,82,2026-05-27 21:00:15,journal-article,10.33365/jtk.v19i2.245,2656-3525,,19,2,331,342,0,0.00,0,3,1,"Permintaan terhadap layanan rental PlayStation (PS) terus mengalami peningkatan seiring dengan tingginya minat masyarakat terhadap hiburan digital. Rental PS dipilih sebagai objek penelitian karena banyak pelaku usaha di bidang ini masih menggunakan sistem manajemen secara manual, seperti pencatatan pemesanan di buku tulis atau file spreadsheet sederhana, serta konfirmasi reservasi yang dilakukan melalui komunikasi langsung seperti telepon atau pesan singkat. Cara kerja ini rentan terhadap kesalahan pencatatan, duplikasi data, hilangnya data penting, dan menyulitkan dalam pelacakan riwayat transaksi. Penelitian ini bertujuan untuk merancang dan mengembangkan sistem informasi manajemen rental PS berbasis web yang dilengkapi dengan fitur reservasi online. Pengembangan sistem dilakukan dengan metode pengembangan Waterfall yang mencakup tahap analisis kebutuhan, perancangan, implementasi, pengujian, dan pemeliharaan. Sistem yang dibangun menyediakan fitur seperti registrasi dan login pengguna, pemesanan PS secara daring, pengelolaan data oleh admin, serta pemantauan aktivitas reservasi secara real-time. Hasil implementasi menunjukkan bahwa sistem dapat membantu pelaku usaha dalam mengelola data dengan lebih terstruktur, mempercepat proses reservasi, dan memberikan kemudahan bagi pelanggan dalam mengakses layanan. Dengan demikian, sistem ini menjadi solusi digital yang mampu menjawab tantangan pengelolaan rental PS di era teknologi saat ini.",https://publikasi.teknokrat.ac.id/index.php/teknokompak/article/download/245/142,,q2_crossref_house_only_fulltext.csv,-4
1,Rohit Rastogi,Examining Rental House Data With MRL Analysis,2023,"International Journal of Cyber Behavior, Psychology and Learning",IGI Global,https://doi.org/10.4018/ijcbpl.333474,,118,2026-05-27 21:00:15,journal-article,10.4018/ijcbpl.333474,2155-7136,,13,1,1,24,1,0.33,1,1,3,"<p>In today's scenario, we all are surrounded with technologies. As the world is shifting towards technology with great pace, and technology is also showing its efficiency and strength, we must appreciate its power. Now the world is shifting towards digitalization. So, it's also important to think that ideas should lie towards e-business to get full advantage of the system. The housing sector is one of the important fields which must get the support of the technological domains to overcome many challenges. So, there is a requirement to bring a system that can direct the work of renter and customer easier. To bring this idea into the real world, the author's team has come up with the idea of a rental house portal system. This portal is a web application which acts as an e-platform to search flats, apartments, property, etc., with scientific analysis-based data. In this system, the owner provides the details of flats with its features and using ML (machine learning) technology, the price of flat is calculated and the customer can check the availability of flat according to his/her requirement and to provide benefits to both parties. As the details of the flat are available on site, there is no need to explain the features of the house to the owner. Customers also have the benefits of searching for the desired house in less time and at a very reasonable price. Therefore, the rental house system is a very nice step towards the finding of flats online. The present manuscript has new thoughts of prediction of house rent price according to the features provided using statistical techniques and has come as one of the best platforms to search the property at a reasonable price.</p>",https://www.igi-global.com/viewtitle.aspx?TitleId=333474,,q2_crossref_house_only_fulltext.csv,-4
0,"Christine Yolanda Siahaan, Carolina Sembiring",FACTORS AFFECTING CONSUMERS IN BUYING A HOUSE AT GRIYA SRIMAHI INDAH BEKASI UTARA,2021,Fundamental Management Journal,UKI Press,https://doi.org/10.33541/fjm.v6i1p.2833,,729,2026-05-27 21:00:15,journal-article,10.33541/fjm.v6i1p.2833,2540-9220,,6,1,54,72,0,0.00,0,2,5,"This study aims to determine the effectqof price,qlocation andqbuilding on theqdecision toqbuy a house in Griya Srimahi Indah Housing, Bekasi Utara. The data source used is primary data obtained through distributing questionnaires to 75 respondents, while secondary data is obtained through literature studies from the housing sector by searching for data via the internet related to this research. The research method used in this research is quantitative analysis techniques. While the data analysis used SPSS 22, Classical Assumption Test, Multiple Linear Aggression and Hypothesis Test to test the data statistically. Throughqthis researchqit is knownqthat the questionnaire data isqdeclared valid because r count> r table, that is, each r count> 0.2272. Likewise, the questionnaire data was also declared reliable because Cronbach's alpha> 0.60, namely 0.941> 0.60. The conclusion of this study is that the price factor partially does not have a significant effect on the purchasing decisions of residents of Griya Srimahi Indah Housing. While the location and building partially have a significant effect on the purchasing decisions of residents of Griya Srimahi Indah Housing. The price, location and building factors simultaneously have a significant effect on the purchasing decisions of residents of Griya Srimahi Indah housing. The location variable is the variable that has the most dominant influence on the purchasing decisions of residents of Griya Srimahi Indah Housing. Theqcoefficient ofqdetermination (Adjusted RqSquare) is 0.922. This meansqthat 92.2% ofqpurchasing decisionsqcan be explainedqby price, location andqbuilding variables. Whileqthe remaining 7.8% isqexplained byqother factors or variablesqwhich are notqexamined inqthis thesis. The suggestion that the authors can give is that housing developers need to increase the application of prices in housing marketing, if you want to create purchase decisions and can generate profits for both the company and for residential consumers. Housing developers need to add several facilities that can provide added value to the residence, such as a children's playground, land to build a minimarket or do greening in the Griya Srimahi Indah housing area. It is necessary to study other factors that can influence purchasing decisions, because by knowing the many factors that can influence purchasing decisions, developers will be better able to carry out housing development in accordance with market demand. Keywords: price, location, building and buying decision.",http://ejournal.uki.ac.id/index.php/jm/article/download/2833/1801,,q2_crossref_house_only_fulltext.csv,-4
