Cites,Authors,Title,Year,Source,Publisher,ArticleURL,CitesURL,GSRank,QueryDate,Type,DOI,ISSN,CitationURL,Volume,Issue,StartPage,EndPage,ECC,CitesPerYear,CitesPerAuthor,AuthorCount,Age,Abstract,FullTextURL,RelatedURL
62,"Chunqing Lin, Sarah J. Cousins, Yuhui Zhu, Sarah E. Clingan, Larissa J. Mooney, Emily Kan, Fei Wu, Yih‐Ing Hser",A scoping review of social determinants of health's impact on substance use disorders over the life course,2024,Journal of Substance Use and Addiction Treatment,Elsevier BV,https://doi.org/10.1016/j.josat.2024.209484,,271,2026-05-27 20:41:01,review,10.1016/j.josat.2024.209484,2949-8759,,166,,209484,209484,62,31.00,8,8,2,"BACKGROUND: Substance use is a public crisis in the U.S. Substance use can be understood as a series of events in the life course, from initiation to mortality. Social Determinants of Health (SDoH) have increasingly been recognized as essential contributors to individuals' health. This scoping review aims to examine available evidence of SDoH impact on the life course of substance use disorder (SUD). METHODS: This study identified peer-reviewed articles that reported longitudinal studies with SDoH factors as independent variables and substance use and disorders as dependent variables from PubMed, Embase, and Web of Science. The reported associations between SDoH and substance use stages over the life course were narratively and graphically summarized. RESULTS: Among the 50 studies identified, ten revealed parental monitoring/support and early childhood education as protective factors, while negative peer influences and neighborhood instability were risk factors of substance use initiation. Nineteen articles reported factors associated with escalation in substance use, including unemployment, neighborhood vulnerability, negative peer influence, violence/trauma, and criminal justice system (CJS) involvement. Ten articles suggested that employment, social support, urban living, and low-barrier medication treatment facilitated treatment participation, while stigma and CJS involvement had negative impact on treatment trajectory. Social support and employment could foster progress in recovery and CJS involvement and unstable housing deterred recovery. Four studies suggested that unemployment, unstable housing, CJS involvement, and lack of social support were associated with overdose and mortality. CONCLUSIONS: This review underscores the influence of social networks and early life experiences on the life course of SUD. Future SDoH research should investigate overdose and mortality and the impact of broader upstream SDoH on SUD. Interventions addressing these social factors are needed to mitigate their detrimental effects on the trajectories of SUD over the life course.",https://www.jsatjournal.com/article/S2949-8759(24)00196-6/pdf,
45,"Justin Contat, Carrie Hopkins, Luis Mejia, Matthew Suandi",When climate meets real estate: A survey of the literature,2024,Real Estate Economics,Wiley,https://doi.org/10.1111/1540-6229.12489,,447,2026-05-27 20:41:01,article,10.1111/1540-6229.12489,1080-8620,,52,3,618,659,45,22.50,11,4,2,"Abstract With near unanimity, climate scientists project natural disasters to increase in frequency, severity, and geographic scope over the next century. We survey academic literature at the intersection of these climate risks and real estate. Our review of physical risks includes price, loan performance, and migratory effects stemming from flooding, wildfires, and sea level rise. We review transition risks, including energy use and decarbonization, as they relate to real estate. Where possible, we explain how these topics may intersect with housing affordability, especially in historically disadvantaged communities. We conclude by highlighting critical areas for future research.",https://onlinelibrary.wiley.com/doi/pdfdirect/10.1111/1540-6229.12489,
40,"Mostafa Ayman Ilham, Achille Fonzone, Grigorios Fountas, Luca Mora",To move or not to move: A review of residential relocation trends after COVID-19,2024,Cities,Elsevier BV,https://doi.org/10.1016/j.cities.2024.105078,,510,2026-05-27 20:41:01,review,10.1016/j.cities.2024.105078,0264-2751,,151,,105078,105078,40,20.00,10,4,2,"The restrictions imposed during the COVID-19 pandemic have led to significant changes in travel behaviour and public activities, and they might have contributed to changes in residential location choices. However, research examining the relationship between residential location choice and COVID-19 is very limited. To that end, this paper focuses on how pandemic-induced changes in work patterns, travel preferences and daily activity patterns have altered residential preferences and potentially, relocation trends. The main determinants of residential location choice have been established in the literature over the past 30 years: physical attributes of the dwelling; surrounding built environment; affordability; and accessibility to transportation, workplaces, and services. However, each of these determinants are prioritised differently depending on the circumstances. Therefore, exploring how these priorities have shifted after the pandemic can pave the way for understanding how preferences for residential location choice shift as a consequence. From the review, the key findings include the decreasing importance of transport and workplace accessibility in residential location choice after the pandemic. Firstly, teleworking is becoming more prevalent within office jobs than before the pandemic, leading to less frequent trips to conventional workplaces, reducing the need to live within a commutable distance to a workplace. Secondly, trips to other activities have likewise become less frequent due to either remote alternatives (e.g., online shopping) or shifting towards services closer to home, reducing the need to travel in general. Another consequence of the pandemic is people staying at home longer than before, thus increasing the need for more desirable dwelling attributes such as larger house size and wider surrounding green space. Since these attributes are generally more affordable in areas less accessible to transport and services, this may subsequently lead to migrations to areas of lower population density, potentially decentralising urban areas.",https://doi.org/10.1016/j.cities.2024.105078,
34,"Ross C. Braun, Parul Mandal, Emmanuel Nwachukwu, Alex Stanton",The role of turfgrasses in environmental protection and their benefits to humans: Thirty years later,2024,Crop Science,Wiley,https://doi.org/10.1002/csc2.21383,,632,2026-05-27 20:41:01,article,10.1002/csc2.21383,0011-183X,,64,6,2909,2944,34,17.00,9,4,2,"Abstract Beard and Green compiled one of the earliest reviews on the environmental and societal (cultural) benefits that living turfgrass systems (e.g., home lawns, athletic fields, golf courses, roadsides, and grounds) provide to humans and associated contemporary issues with turfgrass. Today, the benefits of vegetation systems are called ecosystem services, and the associated negative aspects are called disservices. Since 1994, a significant amount of research has been conducted to further understand these ecosystem services and disservices and discover new ecosystem services and disservices, which we summarize and identify the knowledge gaps in this review. Turfgrass systems provide positive economic benefits to the US economy and help increase property values; however, many of these ecosystem services are environmental and societal. Some environmental services include (1) improving soil health, quality, and stability; (2) oxygen production; (3) reducing stormwater runoff; (4) filtering water to protect waterways and recharging groundwater; (5) providing evaporative cooling and reducing sunlight glare to improve human comfort levels; (6) offering vertebrate and invertebrate habitat; and (7) offering solutions for recycling wastewater and biosolids. Some societal (cultural) services include (1) outdoor spaces that improve human mental and physical health, (2) increasing community and social harmony, (3) helping deter crime, and (4) reducing human contact with noxious weeds and human‐disease insect vectors. Research, cooperative extension, and education efforts must be increased on these topics to continue to provide additional evidence of these ecosystem services to the public, policymakers, turfgrass practitioners, homeowners, students, and future generations.",https://onlinelibrary.wiley.com/doi/pdfdirect/10.1002/csc2.21383,
33,"Fátima Trindade Neves, Manuela Aparício, Miguel de Castro Neto",The Impacts of Open Data and eXplainable AI on Real Estate Price Predictions in Smart Cities,2024,Applied Sciences,Multidisciplinary Digital Publishing Institute,https://doi.org/10.3390/app14052209,,666,2026-05-27 20:41:01,article,10.3390/app14052209,2076-3417,,14,5,2209,2209,33,16.50,11,3,2,"In the rapidly evolving landscape of urban development, where smart cities increasingly rely on artificial intelligence (AI) solutions to address complex challenges, using AI to accurately predict real estate prices becomes a multifaceted and crucial task integral to urban planning and economic development. This paper delves into this endeavor, highlighting the transformative impact of specifically chosen contextual open data and recent advances in eXplainable AI (XAI) to improve the accuracy and transparency of real estate price predictions within smart cities. Focusing on Lisbon’s dynamic housing market from 2018 to 2021, we integrate diverse open data sources into an eXtreme Gradient Boosting (XGBoost) machine learning model optimized with the Optuna hyperparameter framework to enhance its predictive precision. Our initial model achieved a Mean Absolute Error (MAE) of EUR 51,733.88, which was significantly reduced by 8.24% upon incorporating open data features. This substantial improvement underscores open data’s potential to boost real estate price predictions. Additionally, we employed SHapley Additive exPlanations (SHAP) to address the transparency of our model. This approach clarifies the influence of each predictor on price estimates and fosters enhanced accountability and trust in AI-driven real estate analytics. The findings of this study emphasize the role of XAI and the value of open data in enhancing the transparency and efficacy of AI-driven urban development, explicitly demonstrating how they contribute to more accurate and insightful real estate analytics, thereby informing and improving policy decisions for the sustainable development of smart cities.",https://www.mdpi.com/2076-3417/14/5/2209/pdf?version=1709731075,
33,"Olegas Beriozovas, Dalia Perkumienė, Mindaugas Škėma, Abdellah Saoualih, Larbi Safaa, Marius Aleinikovas",Research Advancement in Forest Property Rights: A Thematic Review over Half a Decade Using Natural Language Processing,2024,Sustainability,Multidisciplinary Digital Publishing Institute,https://doi.org/10.3390/su16198280,,668,2026-05-27 20:41:01,review,10.3390/su16198280,2071-1050,,16,19,8280,8280,33,16.50,6,6,2,"This paper proposes a thematic literature review of advances in the literature on forest property rights over the first half of this decade. From a methodological point of view, we exploited a corpus of scientific articles published between 2019 and 2023, extracted from the Scopus and Web of Science databases. We then performed a co-word analysis using the Louvain algorithm to reveal thematic clusters. This approach enabled us to identify seven distinct trends over the past half-decade, each highlighting specific aspects and geographical diversity of forest property rights, which were then evaluated using a thematic map. The main findings revealed that (policies, livelihoods and agroforestry) and (institutions, sustainability and non-timber forest products) stand out as central and influential themes, which have a significant impact and present notable advances that have shaped recent discussions and practices. Furthermore, themes (forest policy and resource management) and (conservation and the rights of indigenous communities) are well developed, which have a solid research base, offering an in-depth understanding of the relevant research questions. Conversely, themes (institutional change and forest conservation) and (deforestation, indigenous rights and community management) represent emerging themes, which are receiving increasing attention and are likely to become major of focus. In contrast, (forest governance, community management and land conflict resolution) which indicates a waning influence in terms of miscellaneous implications. The findings of this thematic literature review will help guide policymakers, researchers, and practitioners based on recent developments in international forest property rights, during a half-decade marked by a break with previous trends, leading to legislative changes and strategic adaptations essential for the sustainable management of forest resources, bolstered by technological advancements and environmental efforts.",https://www.mdpi.com/2071-1050/16/19/8280/pdf?version=1727678337,
29,"Emma Everson-Hock, Lindsay Blank, Hannah Fairbrother, Mark Clowes, Diana Castelblanco Cuevas, Andrew Booth, Amy Clair, Elizabeth Goyder",Exploring the impact of housing insecurity on the health and wellbeing of children and young people in the United Kingdom: a qualitative systematic review,2024,BMC Public Health,BioMed Central,https://doi.org/10.1186/s12889-024-19735-9,,780,2026-05-27 20:41:01,review,10.1186/s12889-024-19735-9,1471-2458,,24,1,2453,2453,29,14.50,4,8,2,"BACKGROUND: Housing insecurity can be understood as experiencing or being at risk of multiple house moves that are not through choice and related to poverty. Many aspects of housing have all been shown to impact children/young people's health and wellbeing. However, the pathways linking housing and childhood health and wellbeing are complex and poorly understood. METHODS: We undertook a systematic review synthesising qualitative data on the perspectives of children/young people and those close to them, from the United Kingdom (UK). We searched databases, reference lists, and UK grey literature. We extracted and tabulated key data from the included papers, and appraised study quality. We used best fit framework synthesis combined with thematic synthesis, and generated diagrams to illustrate hypothesised causal pathways. RESULTS: We included 59 studies and identified four populations: those experiencing housing insecurity in general (40 papers); associated with domestic violence (nine papers); associated with migration status (13 papers); and due to demolition-related forced relocation (two papers). Housing insecurity took many forms and resulted from several interrelated situations, including eviction or a forced move, temporary accommodation, exposure to problematic behaviour, overcrowded/poor-condition/unsuitable property, and making multiple moves. Impacts included school-related, psychological, financial and family wellbeing impacts, daily long-distance travel, and poor living conditions, all of which could further exacerbate housing insecurity. People perceived that these experiences led to mental and physical health problems, tiredness and delayed development. The impact of housing insecurity was lessened by friendship and support, staying at the same school, having hope for the future, and parenting practices. The negative impacts of housing insecurity on child/adolescent health and wellbeing may be compounded by specific life circumstances, such as escaping domestic violence, migration status, or demolition-related relocation. CONCLUSION: Housing insecurity has a profound impact on children and young people. Policies should focus on reducing housing insecurity among families, particularly in relation to reducing eviction; improving, and reducing the need for, temporary accommodation; minimum requirements for property condition; and support to reduce multiple and long-distance moves. Those working with children/young people and families experiencing housing insecurity should prioritise giving them optimal choice and control over situations that affect them.",https://link.springer.com/content/pdf/10.1186/s12889-024-19735-9.pdf,
27,"Sally Lindsay, Kristina Fuentes, Sharmigaa Ragunathan, Yiyan Li, Timothy Ross","Accessible independent housing for people with disabilities: A scoping review of promising practices, policies and interventions",2024,PLoS ONE,Public Library of Science,https://doi.org/10.1371/journal.pone.0291228,,846,2026-05-27 20:41:01,review,10.1371/journal.pone.0291228,1932-6203,,19,1,,,27,13.50,5,5,2,"BACKGROUND: Accessible housing is imperative to enabling independent living for many people with disabilities; yet, research consistently shows how people with disabilities often lack appropriate accessible housing and are more likely to experience unaffordable, insecure, and/or poor quality housing. Therefore, the aim of this study was to understand promising practices, policies and interventions regarding accessible independent housing for people with disabilities. METHODS: We conducted a scoping review that involved searching seven international literature databases that identified 4831 studies, 60 of which met our inclusion criteria. RESULTS: The reviewed studies involved 18 countries over a 20-year period. Our review highlighted the following key trends: (1) removing barriers to obtaining accessible housing (e.g., advocacy, builders enhancing housing supply, subsidies and financial incentives); (2) policies influencing accessible housing; (3) interventions to enhance accessible housing (i.e., home modifications, smart homes, mobile applications and other experimental devices); and (4) the impact of accessible independent housing on health and wellbeing. CONCLUSIONS: Our findings emphasize the importance of accessible housing for people with disabilities and the urgent need to advance accessible housing options.",https://journals.plos.org/plosone/article/file?id=10.1371/journal.pone.0291228&type=printable,
122,"Maxwell Chukwudi Udeagha, Edwin Muchapondwa","Striving for the United Nations (<scp>UN</scp>) sustainable development goals (<scp>SDGs</scp>) in <scp>BRICS</scp> economies: The role of green finance, fintech, and natural resource rent",2023,Sustainable Development,Wiley,https://doi.org/10.1002/sd.2618,,78,2026-05-27 20:41:01,article,10.1002/sd.2618,0968-0802,,31,5,3657,3672,122,40.67,61,2,3,"Abstract In terms of policy, the BRICS region has prioritized achieving environmental sustainability. Environmental problems are mostly caused by the area's continuous reliance on fossil fuels to meet its energy requirements. It is also challenging to significantly reduce the region's reliance on fossil fuels because historically, the region has been a big importer of fossil fuels. As a result, the greenhouse gas (GHG) emission rates of the BRICS countries have been rising over time. Furthermore, the area has enormous untapped reserves of renewable energy sources that can be exploited to produce electricity without negatively impacting the ecosystem. In light of this, this research analyses, while controlling for energy innovation, economic growth, and natural resource rent, the combined effects of green finance (GFN) and financial technology (fintech) in reaching the region's carbon neutrality goals from 1990 to 2020. The findings for the BRICS economies, which are consistent with the EKC theory, imply that environmental sustainability is promoted by GFN, fintech, and energy innovation (ENI). NRR (natural resource rent) and GDP (economic growth) compromise environmental quality, nevertheless. It has also been demonstrated that there is a two‐way causal relationship between CO 2 emissions and GFN, fintech, and NRR. However, it has been demonstrated that GDP and ENI have a one‐way causal relationship with CO 2 emissions. It is recommended that the BRICS nations speed up the development of green financial products and increase the capacity of banks and financial institutions to offer green credit facilities based on the empirical findings. The basic study of how green finance solutions might be used while lowering the related risks should receive more funding.",https://onlinelibrary.wiley.com/doi/pdfdirect/10.1002/sd.2618,
111,"Muhammad Irfan Khalid, Ibtisam Ehsan, Ayman Al-Ani, Jawaid Iqbal, Saddam Hussain, Syed Sajid Ullah, Nayab",A Comprehensive Survey on Blockchain-Based Decentralized Storage Networks,2023,IEEE Access,Institute of Electrical and Electronics Engineers,https://doi.org/10.1109/access.2023.3240237,,95,2026-05-27 20:41:01,article,10.1109/access.2023.3240237,2169-3536,,11,,10995,11015,111,37.00,16,7,3,"Blockchains are a new approach to creating distributed networks that were first introduced in 2008. It allows the formation of peer-to-peer networks based on consensus, forming chains from accepted blocks without requiring a central authority or centralized controller. A prominent application of this technology is its use in decentralized storage systems. Individuals in decentralized storage networks rent unused hardware storage space to other individuals. A decentralized network utilizing end-to-end encryption eliminates the risk of data loss associated with centralized data control by enabling clients to transmit their files securely. The storage providers must prove that they have kept unaltered files in this network for this time. Many studies have been conducted in this specific domain, most targeting storage capacity and efficiency, but a security, integrity and privacy loophole need to be addressed. This paper presents an overview of blockchain-based storage systems and how they work, followed by a comparison with cloud-based storage networks and a survey of various decentralized storage networks like SIA, File coin, and Storj available on the market. Next, we discuss the advantages and disadvantages of blockchain-based storage. In our final discussion, we examine the security problems of decentralized storage networks and explore potential solutions and research directions for the future.",https://ieeexplore.ieee.org/ielx7/6287639/10005208/10026822.pdf,
100,"Alan Chan, Rebecca Salganik, Alva Markelius, Chris Pang, Nitarshan Rajkumar, Dmitrii Krasheninnikov, Lauro Langosco, Zhonghao He, Yawen Duan, Micah Carroll, Michelle Lin, Alex Mayhew, Katherine M. Collins, Maryam Molamohammadi, John Burden, Wanru Zhao, Shalaleh Rismani, Konstantinos Voudouris, Umang Bhatt, Adrian Weller, David Krueger, Tegan Maharaj",Harms from Increasingly Agentic Algorithmic Systems,2023,,,https://doi.org/10.1145/3593013.3594033,,110,2026-05-27 20:41:01,article,10.1145/3593013.3594033,,,,,651,666,100,33.33,10,22,3,"Research in Fairness, Accountability, Transparency, and Ethics (FATE)1 has established many sources and forms of algorithmic harm, in domains as diverse as health care, finance, policing, and recommendations. Much work remains to be done to mitigate the serious harms of these systems, particularly those disproportionately affecting marginalized communities. Despite these ongoing harms, new systems are being developed and deployed, typically without strong regulatory barriers, threatening the perpetuation of the same harms and the creation of novel ones. In response, the FATE community has emphasized the importance of anticipating harms, rather than just responding to them. Anticipation of harms is especially important given the rapid pace of developments in machine learning (ML). Our work focuses on the anticipation of harms from increasingly agentic systems. Rather than providing a definition of agency as a binary property, we identify 4 key characteristics which, particularly in combination, tend to increase the agency of a given algorithmic system: underspecification, directness of impact, goal-directedness, and long-term planning. We also discuss important harms which arise from increasing agency – notably, these include systemic and/or long-range impacts, often on marginalized or unconsidered stakeholders. We emphasize that recognizing agency of algorithmic systems does not absolve or shift the human responsibility for algorithmic harms. Rather, we use the term agency to highlight the increasingly evident fact that ML systems are not fully under human control. Our work explores increasingly agentic algorithmic systems in three parts. First, we explain the notion of an increase in agency for algorithmic systems in the context of diverse perspectives on agency across disciplines. Second, we argue for the need to anticipate harms from increasingly agentic systems. Third, we discuss important harms from increasingly agentic systems and ways forward for addressing them. We conclude by reflecting on implications of our work for anticipating algorithmic harms from emerging systems.",https://dl.acm.org/doi/pdf/10.1145/3593013.3594033,
89,"Han Yan, Md. Qamruzzaman, Sylvia Kor","Nexus between Green Investment, Fiscal Policy, Environmental Tax, Energy Price, Natural Resources, and Clean Energy—A Step towards Sustainable Development by Fostering Clean Energy Inclusion",2023,Sustainability,Multidisciplinary Digital Publishing Institute,https://doi.org/10.3390/su151813591,,147,2026-05-27 20:41:01,article,10.3390/su151813591,2071-1050,,15,18,13591,13591,89,29.67,30,3,3,"This study aims to examine the relationship between green investment (GI), fiscal policy (FP), environmental tax (ET), energy price (EP), natural resource rent (NRR), and the consumption of clean energy (CE) to promote sustainable development in Cambodia for the period 1990–2021. The study implemented linear and nonlinear frameworks to document explanatory variables’ potential effects on clean energy consumption in the long and short run. The research findings demonstrate a robust and favorable connection between GI, FP, ET and CE, both in the long term and short term. An augmentation in GI results in the establishment of sustainable growth in the utilization of renewable energy, thereby underscoring the significance of green initiatives in advancing clean energy technologies. Fiscal policies, encompassing tax incentives and subsidies, exert a substantial and enduring influence on expanding renewable energy sources. Implementing environmental taxes catalyzes the demand for clean energy, significantly preserving the environment and promoting sustainable energy practices. Furthermore, the study illuminates the inverse correlation between oil prices and REC. Adopting renewable energy sources may face obstacles in the form of elevated oil prices, as conventional energy sources maintain a cost advantage. On the contrary, decreased oil prices and natural resource rent incentivize transitioning towards using clean energy. Countries that heavily depend on the export of natural resources may display a reduced inclination to invest in renewable energy, commonly called the “resource curse” phenomenon. This study provides valuable insights into the intricate interplay of multiple factors that influence renewable energy consumption and contribute to sustainable development. Policymakers, businesses, and researchers can employ these findings to develop productive strategies that advance the inclusion of clean energy, tackle potential challenges, and cultivate a more environmentally friendly and sustainable future.",https://www.mdpi.com/2071-1050/15/18/13591/pdf?version=1695106509,
51,"Milad Haghani, Soheil Sabri, Chris De Gruyter, Ali Ardeshiri, Zahra Shahhoseini, Thomas W. Sanchez, Michele Acuto",The landscape and evolution of urban planning science,2023,Cities,Elsevier BV,https://doi.org/10.1016/j.cities.2023.104261,,372,2026-05-27 20:41:01,article,10.1016/j.cities.2023.104261,0264-2751,,136,,104261,104261,51,17.00,7,7,3,"The science of urban planning has drawn on a wide range of disciplines and research perspectives. This makes it challenging to define the boundaries and directions of the field. Here, nearly 100,000 articles on urban planning are analysed to objectively determine divisions, temporal trends and influential references and actors of urban planning. In terms of the structural composition, four broad divisions are identified: (1) governance and policy, (2) economics and markets, (3) housing and (4) built and natural environment. In terms of the temporal evolution, the earliest trends were related to “welfare economics”, “agglomeration economies”, “urban economics”, and “urban growth machine”. During the 1980s and 1990s, the focus moved towards “regional policy and development”, “social welfare”, and “urban renaissance”. This trend continued during the 2000s and 2010s, heading to “urban morphology”, “participatory planning”, “urban sociology”, “global cities”, and “political economy”. The field has recently headed towards areas of “resilience”, “smart cities” and “urban green space”. These transitions have been derivative, and the paradigm shifts have been very gradual. Another key observation is a notable increase in author connectivity and international collaboration. The results provide objective insights into how the science of urban planning has historically transitioned and where it is headed.",https://doi.org/10.1016/j.cities.2023.104261,
45,"Jianxian Wu, Xin Nie, Han Wang",Are policy mixes in energy regulation effective in curbing carbon emissions? Insights from China's energy regulation policies,2023,Journal of Policy Analysis and Management,Wiley,https://doi.org/10.1002/pam.22535,,446,2026-05-27 20:41:01,article,10.1002/pam.22535,0276-8739,,43,4,1152,1184,45,15.00,15,3,3,"Abstract We consider the policy mixes of three categories of energy regulation policies in China: renewable energy law (mandatory policy), low‐carbon city pilot (voluntary policy), and carbon emissions trading system (market‐based policy). The mix of mandatory, voluntary, and market‐based policies mitigates 4.359 million metric tons of carbon emissions. Voluntary and market‐based energy policies work, while mandatory policy fails due to rent‐seeking by local officials. Policy mixes are more effective in undeveloped and politically average regions than in developed and politically rich ones. Government attention, industrial structure, and green innovation are the economic mechanisms; consistency, coherence, credibility, and comprehensiveness are the policy mechanisms. Our study highlights that policy category, rather than policy quantity, matters more in determining policy effect.",https://onlinelibrary.wiley.com/doi/pdfdirect/10.1002/pam.22535,
43,"Yupal Shukla, Sita Mishra, Ravi Chatterjee, Vibha Arora",Consumer minimalism for sustainability: Exploring the determinants of rental consumption intention,2023,Journal of Consumer Behaviour,Wiley,https://doi.org/10.1002/cb.2219,,463,2026-05-27 20:41:01,article,10.1002/cb.2219,1472-0817,,23,2,514,529,43,14.33,11,4,3,"Abstract The burgeoning growth of a sharing economy model in the form of a rental business has created a keen interest in understanding various underlying factors that go on to impact consumer behavior. This article aims to understand the antecedents of “rental consumption,” and also examines the concepts of consumer familiarity and minimalism, perceived reputation, ascription responsibility, and perceived consumer effectiveness with the moderating role of consumer skepticism. We empirically tested our proposed framework and examined the mediating role of consumer minimalism vis‐à‐vis its impact on rental consumption behavior. We analyzed data ( N = 365) with structural equation modeling AMOS 25 and Process Macro. The findings presumably would enhance the literature on the “sharing economy” by integrating the VBN theory, consumer minimalism, and rental consumption intention. We conclude with theoretical contributions and forward‐looking research directions that emphasize the shift in consumer behavior with minimalistic value, and its implications for organizations operating in a sharing economy.",https://onlinelibrary.wiley.com/doi/pdfdirect/10.1002/cb.2219,
41,"Carlos Garriga, Pedro Gete, Athena Tsouderou",The economic effects of real estate investors,2023,Real Estate Economics,Wiley,https://doi.org/10.1111/1540-6229.12427,,501,2026-05-27 20:41:01,article,10.1111/1540-6229.12427,1080-8620,,51,3,655,685,41,13.67,14,3,3,"Abstract We show five new results about small‐ and medium‐sized real estate investors (SMREI) who participate through legal entities in US housing markets. First, SMREI have the largest growth across all cities post Great Recession, in contrast to Wall Street Landlords who concentrate in superstar cities. Second, SMREI increase house price growth and price‐to‐income ratio, especially in the bottom price tier. Third, this effect is reversed as investors trigger a medium‐run supply response. Fourth, in areas with a high supply elasticity, SMREI affect rents more than prices. Finally, SMREI change the composition of the housing stock in favor of multifamily units.",https://onlinelibrary.wiley.com/doi/pdfdirect/10.1111/1540-6229.12427,
40,"David Rey-Blanco, José L. Zofío, Julio González Arias",Improving hedonic housing price models by integrating optimal accessibility indices into regression and random forest analyses,2023,Expert Systems with Applications,Elsevier BV,https://doi.org/10.1016/j.eswa.2023.121059,,511,2026-05-27 20:41:01,article,10.1016/j.eswa.2023.121059,0957-4174,,235,,121059,121059,40,13.33,13,3,3,"Location indices are key in explaining variation in house prices. However, the definition of comprehensive indices capturing all locational features, along with their efficient and timely calculation, is usually one of the most complex dimensions of house price modeling. Existing difficulties result in partial location specifications, mostly due to three hurdles: (1) there is not a consensus on the best method to construct these indices, (2) what features (variables) to include: labor, demographic, commuting, etc., and (3) its creation requires granular and updated datasets. We introduce a methodology based on computer algorithms to create car and walk accessibility indices that address the previous concerns and capture location interactions among a wide range of variables. The selection of variables is based on an automated search of the best performing utility bearing gravitational accessibility indices for price prediction. Once these optimal indices are obtained, the method applies principal components analysis to secure their orthogonality. Using a unique dataset from a leading real estate portal in Europe, we illustrate and test for the city of Madrid their applicability in several house asking price models that are estimated using regression analysis and random forests (as a representative family of machine learning techniques). The experimental analysis reveals that using the optimal indices results in significant improvements in accuracy, for both regression-based models (13%) and random forests (21.6%), while achieving a substantial reduction in spatial autocorrelation (around 35%). The generated indices are clearly interpretable, which makes them a valuable tool for urban analyses (planning, transportation, sustainability, etc.). Finally, the methodology can be extended to other types of real state (commercial, industrial, etc.) and location (country, region, etc.).",https://doi.org/10.1016/j.eswa.2023.121059,
39,"Kai Ding, Wei Chong Choo, Keng Yap Ng, Qing Zhang",Exploring changes in guest preferences for Airbnb accommodation with different levels of sharing and prices: Using structural topic model,2023,Frontiers in Psychology,Frontiers Media,https://doi.org/10.3389/fpsyg.2023.1120845,,516,2026-05-27 20:41:01,article,10.3389/fpsyg.2023.1120845,1664-1078,,14,,1120845,1120845,39,13.00,10,4,3,"Introduction: Online reviews have become an important source of information for investigating customers' consumption experiences in academic studies. In the context of sharing economy-based accommodation, various studies have been conducted to investigate the user experience of Airbnb by analyzing online reviews; however, most previous Airbnb studies had focused on analyzing the user experience of Airbnb at a holistic level without distinguishing the accommodation attributes of Airbnb. Therefore, this article aimed to investigate how the preferences revealed by Airbnb users in online reviews vary across Airbnb listings with different levels of sharing and price ranges. Methods: This study analyzed 181,190 online reviews under Airbnb listings in Kuala Lumpur, Malaysia, using the structural topic model (STM). Results: This study identified 21 topics related to Airbnb service and product attributes. Discussion: property are more concerned with the utilitarian value. The purposes of the host-guest interaction were also found to differ between these two types of Airbnb accommodations. Regarding the effect of listing prices on users' preferences, findings reveal that those staying at lower-priced rooms were more concerned about the convenience of exploring the surrounding area, while those who stayed at higher-priced rooms were more concerned about the surrounding environment and the interior facilities of the property.",https://www.frontiersin.org/articles/10.3389/fpsyg.2023.1120845/pdf,
38,"Chuan Zhao, Fuxi Liu",Impact of housing policies on the real estate market - Systematic literature review,2023,Heliyon,Elsevier BV,https://doi.org/10.1016/j.heliyon.2023.e20704,,531,2026-05-27 20:41:01,review,10.1016/j.heliyon.2023.e20704,2405-8440,,9,10,,,38,12.67,19,2,3,"Real estate majorly contributes to the national gross domestic product (GDP) growth, occupying an important position in the national economy. It is the largest fixed asset for households. The real estate market is associated with a wide range of economic aspects with more upstream and downstream enterprises. Simultaneously, the factors affecting the real estate market are complex and variable. Fluctuations in the real estate market affect the entire economic system. This requires the government to formulate relevant housing policies to stabilize the operation of the real estate market. Therefore, it is meaningful to study the impact of housing policies on the real estate market and provide reasonable opinions for the housing sector in formulating policies. This study adopts a systematic quantitative literature review to examine the impact of housing policies on the real estate market. This study finds that housing policies affecting the real estate market can be divided into the following three categories: monetary, tax, and macro-prudential policies. Changes in supply and demand in the real estate market primarily reflect the effectiveness of policies, with housing price factors as the transmission mechanism. Furthermore, the influence of housing policies from different countries and regions on real estate market factors is compared to provide a reference for scholars to pursue further study.",http://www.cell.com/article/S2405844023079124/pdf,
38,"Richmond Y. Wong, Jason Valdez, Ashten Alexander, Ariel Chiang, Olivia Quesada, James Pierce",Broadening Privacy and Surveillance: Eliciting Interconnected Values with a Scenarios Workbook on Smart Home Cameras,2023,,,https://doi.org/10.1145/3563657.3596012,,543,2026-05-27 20:41:01,preprint,10.1145/3563657.3596012,,,,,1093,1113,38,12.67,6,6,3,"We use a design workbook of speculative scenarios as a values elicitation activity with 14 participants. The workbook depicts use case scenarios with smart home camera technologies that involve surveillance and uneven power relations. The scenarios were initially designed by the researchers to explore scenarios of privacy and surveillance within three social relationships involving “primary” and “non-primary” users: Parents-Children, Landlords-Tenants, and Residents-Domestic Workers. When the scenarios were utilized as part of a values elicitation activity with participants, we found that they reflected on a broader set of interconnected social values beyond privacy and surveillance, including autonomy and agency, physical safety, property rights, trust and accountability, and fairness. The paper suggests that future research about ethical issues in smart homes should conceptualize privacy as interconnected with a broader set of social values (which can align or be in tension with privacy), and reflects on considerations for doing research with non-primary users.",https://dl.acm.org/doi/pdf/10.1145/3563657.3596012,
38,"André Janse van Rensburg, Carrie Brooke‐Sumner",Intersectoral and multisectoral approaches to enable recovery for people with severe mental illness in low- and middle-income countries: A scoping review,2023,Cambridge Prisms Global Mental Health,Cambridge University Press,https://doi.org/10.1017/gmh.2023.10,,546,2026-05-27 20:41:01,review,10.1017/gmh.2023.10,2054-4251,,10,,,,38,12.67,19,2,3,"The needs of people with severe mental illness are complex and require a range of services embedded in well-coordinated systems of care to enable recovery, promote well-being and optimise social integration. The concept of recovery is strongly rooted in the centrality of multi and intersectoral systems of care, and, while multi and -intersectoral dimensions of mental health systems have been highlighted in analyses focusing on high-income regions, little has been elaborated in terms of these approaches in the recovery of people with severe mental illness (SMI) in low- and middle-income countries (LMICs). The aim of this review was to identify and describe multi and intersectoral approaches underpinning community-based SMI recovery interventions in LMICs. A scoping review was carried out following the following steps: (1) Objectives for the review were developed and refined; (2) A systematic search of databases (EbscoHost, PubMed, Google Scholar) and previous reviews were undertaken from 2012 to 2022, where relevant papers were identified; (3) Papers with a focus on SMI and recovery, a specific description of an intervention, located in LMICs, with explicit linkages between sectors, and published in English, were selected for inclusion; (4) Data were extracted and charted and (5) Findings were analysed and reported thematically. Thirty-six papers were included for analysis, from 18 countries, including qualitative studies, trials, desktop and secondary data reviews and case studies. Examples of multi- and intersectoral action included collaboration between healthcare and community support systems, collaboration in providing supported housing and supportive community spaces for recovery, and linkages between biomedical and social spheres of care. Barriers included the dominance of mental health professions in delivering care, community-based stigmatising attitudes towards SMI. Multi- and intersectoral collaboration for SMI recovery requires investments in financing, education and coordination by a governing body.",https://www.cambridge.org/core/services/aop-cambridge-core/content/view/D06A74D6DCB331FD527B2B8FE1C8A1CC/S2054425123000109a.pdf/div-class-title-intersectoral-and-multisectoral-approaches-to-enable-recovery-for-people-with-severe-mental-illness-in-lmics-a-scoping-review-div.pdf,
37,"Nicole Paul, Carmine Galasso, Jack W. Baker",Household Displacement and Return in Disasters: A Review,2023,Natural Hazards Review,American Society of Civil Engineers,https://doi.org/10.1061/nhrefo.nheng-1930,,573,2026-05-27 20:41:01,review,10.1061/nhrefo.nheng-1930,1527-6988,,25,1,,,37,12.33,12,3,3,"Household displacement following disasters has become endemic in many areas worldwide, affecting at least 265 million people between 2008 and 2018. Although this figure includes short-term and potentially life-saving evacuations, there is ample evidence that not all households return after the emergency phase. Protracted displacement is associated with particularly negative consequences for the affected households and community. Yet, existing data on displacement duration are limited, and only a few disaster recovery models incorporate the multitude of factors beyond housing damage that are known to influence household return. This review synthesizes the current literature on disaster-induced displacement, including key terminology and context, the determinants of household return decisions, existing model-based approaches, and opportunities for future research. The identified key determinants of household return can be broadly organized into the following categories: physical damage to the built environment, psychological and social phenomena (e.g., attachment to place, social networks), household demographics (e.g., tenure, socioeconomic status), and pre- and postdisaster policies (e.g., housing reconstruction approach, design of aid programs).",https://ascelibrary.org/doi/pdf/10.1061/NHREFO.NHENG-1930,
37,"Fatma Bünyan Ünel, Lütfiye Kuşak, Murat Yakar",GeoValueIndex map of public property assets generating via Analytic Hierarchy Process and Geographic Information System for Mass Appraisal,2023,Aestimum,Firenze University Press,https://doi.org/10.36253/aestim-14110,,574,2026-05-27 20:41:01,article,10.36253/aestim-14110,1592-6117,,82,,51,69,37,12.33,12,3,3,"The aim of this study is to develop a value-based GeoValueIndex with AHP weights and GIS for the criteria of the Mersin University (MEU) Çiftlikköy Campus real properties, and it is referred to as the “GeoValueIndex” in this study. GeoValueIndex is a symbolic value that combines geographic and non-geographic features of real properties. The data of the real properties on the campus were collected and arranged for mass appraisal. One of the Multi Criteria Decision Analysis (MCDA) methodologies, Analytic Hierarchy Process (AHP), was used to weight the criteria. GeoValueIndex was calculated by multiplying each parcel’s geographic and non-geographic data by their weights and adding them. GeoValueIndex Map is obtained by associating GeoValueIndex and parcel in GIS software. GeoValueIndex of real properties save time, effort, and cost in mass appraisal processes. There are many techniques for doing GeoValueIndex operations, and the ones presented in this study are only proposals.",https://oaj.fupress.net/index.php/ceset/article/download/14110/12335,
35,"P. Herold, Daniel Prokop",Is fast fashion finally out of season? Rental clothing schemes as a sustainable and affordable alternative to fast fashion,2023,Geoforum,Elsevier BV,https://doi.org/10.1016/j.geoforum.2023.103873,,605,2026-05-27 20:41:01,article,10.1016/j.geoforum.2023.103873,0016-7185,,146,,103873,103873,35,11.67,18,2,3,"The clothing sector is under increased global scrutiny as the second biggest polluter behind the oil industry. What was once termed the ‘democratisation of fashion’, fast fashion has become a low cost, high speed and resource intensive market. As a result, sustainable consumerism has gained traction, with innovative alternatives such as collaborative consumption and product service systems becoming more popular. However, despite growing concern, sustainable alternatives remain a niche market compared to the scale of global fast fashion. Rental clothing schemes remain under-researched in the UK. These collaborative consumption schemes promote a circular economy through reducing waste and increasing life cycles. This paper examines the determinants of rental clothing adoption by employing semi-structured interviews, specifically accounting for different generations across rural and urban areas. It presents a UK perspective on rental clothing. The findings suggest that the affordability of rental is dependent on the nature of the items and adoption is driven by style, sustainability desires, and geography of consumers. This paper concludes that to increase the adoption of rental clothing schemes, trust in schemes and increased accessibility are essential to allow them to become mainstream alternatives to fast fashion.",https://doi.org/10.1016/j.geoforum.2023.103873,
35,"Wai-Kit Ng, Fu-Tien Hsu, Cheng-Fu Chao, Chun-Liang Chen",Sustainable Competitive Advantage of Cultural Heritage Sites: Three Destinations in East Asia,2023,Sustainability,Multidisciplinary Digital Publishing Institute,https://doi.org/10.3390/su15118593,,616,2026-05-27 20:41:01,article,10.3390/su15118593,2071-1050,,15,11,8593,8593,35,11.67,9,4,3,"Cultural heritage plays an important role in the creation of creative cities, giving them a new lease of life and generating employment opportunities and local economies in the process. The revitalisation and development of cultural heritage and intangible cultural heritage have become a major part of national development policies worldwide. This study adopts a multiple case analysis approach. Four cultural heritages of three destinations in East Asia (Hong Kong, Macau and Taiwan) were selected as case studies because they have all adopted a public–private partnership approach to the conservation and reuse of historic buildings. In this study, semi-structured interviews were conducted and secondary data collected from a variety of sources to bring the findings of this study closer to the practical development of cultural heritage. Base on Five Forces analysis, we propose an “Extended Five Forces” model of cultural heritage. The new component, i.e., historical landscapes and cultural sustainability, is proposed to expand the theoretical foundations of the sustainable management of cultural heritage. The findings show how they can collaborate with communities to create value and gain a sustainable competitive advantage on a global scale and contribute to the sustainable management of cultural heritage in Asia.",https://www.mdpi.com/2071-1050/15/11/8593/pdf?version=1685009146,
35,"Kai Ding, Yue Niu, Wei Chong Choo",The evolution of Airbnb research: A systematic literature review using structural topic modeling,2023,Heliyon,Elsevier BV,https://doi.org/10.1016/j.heliyon.2023.e17090,,620,2026-05-27 20:41:01,review,10.1016/j.heliyon.2023.e17090,2405-8440,,9,6,,,35,11.67,12,3,3,"This study employs advanced text-mining techniques to offer an in-depth and comprehensive overview of the extensive body of research on Airbnb. By analyzing 1021 articles published in 416 journals spanning the period from 2015 to 2022, this study aims at revealing Airbnb research topics and trends. The results show that the primary focus of academic inquiry regarding Airbnb revolves around two domains: the company's operational practices and its impacts on various domains. Within the realm of Airbnb's operational practices, four distinct research topics emerge as particularly prominent and extensively explored. These encompass the dynamics of 'trust in Airbnb,' the formulation and implementation of 'house rules,' the mechanisms of governing 'Airbnb pricing' strategies, and the critical examination of 'value creation in Airbnb' initiatives. Meanwhile, the most researched impacts of Airbnb are on urban tourism, rental housing markets, tourist destinations, and hotels. These spheres have received significant scholarly attention due to the profound implications and transformative effects engendered by Airbnb's disruptive presence in these areas. Moreover, the findings underscore that research pertaining to Airbnb's operational aspects has witnessed a significant increase in popularity over time, indicating a marked shift in the focal points of Airbnb research. Notably, the research topics that have experienced substantial growth include 'trust in Airbnb,' 'Airbnb pricing,' and 'impacts on tourist destinations.' Lastly, this study found that Airbnb-related research articles in hospitality and tourism journals tend to be more delving into industry-specific phenomena and challenges. Conversely, non-hospitality and tourism journals provide a broader coverage of topics related to Airbnb, encapsulating diverse areas of inquiry beyond the boundaries of the industry. This literature review provides valuable insights into existing research on Airbnb and highlights several critical areas for future research.",http://www.cell.com/article/S2405844023042986/pdf,
34,Christopher Mackin,Defining employee ownership: four meanings and two models,2023,Journal of Participation and Employee Ownership,Emerald Publishing Limited,https://doi.org/10.1108/jpeo-10-2022-0019,,637,2026-05-27 20:41:01,article,10.1108/jpeo-10-2022-0019,2514-7641,,7,1,1,25,34,11.33,34,1,3,"Purpose The field of broad-based employee ownership within corporations is a specific application of the foundational topic of property ownership. It is situated at the intersection of a broad range of scholarly disciplines including economics, law, finance and management. Each discipline contributes vocabulary and distinctions describing this field. That broad spectrum of disciplinary inquiry is a strength but it also lends a “ships passing in the night” quality to discussions of employee ownership. This paper attempts to unravel the narrative diversity surrounding this topic. Four meanings of ownership are introduced. Those meanings are in turn embedded within two abstract models of the corporation; the corporation as property and the corporation as social institution. Design/methodology/approach There is no experimental design The paper presents a conceptual overview and introduces a taxonomy of four meanings and two models of ownership. Findings Four meanings of ownership are introduced. The meanings are ownership as compensation, investment, retirement and membership. Those meanings are in turn embedded within two abstract models of the corporation; the corporation as property and the corporation as social institution. Research limitations/implications No hypotheses are advanced. This is not a research paper. A conceptual overview that makes use of taxonomy of meanings and models is introduced to help clarify confusions abundant in the field of employee ownership. Readers may differ with the categories of meanings and models introduced in this conceptual overview. Practical implications The ambition of the paper is to describe the various meanings and models of employee ownership presently in use in both academic and applied settings. It is not necessary or desirable to assert the primacy of a single meaning or model in order to achieve progress. The analysis provided here surfaces a range of assumptions about ownership that have heretofore been implicit in both scholarship and in practice. Making those assumptions explicit should prove useful to both scholars and practitioners of employee ownership. Social implications The concept of employee ownership enjoys a relatively broad appeal with the public. Among the academic disciplines that have trained their lights upon it, a more mixed reception prevails. Much of the academic and policy controversy derives from confusion about the nature and structure of employee ownership. This paper attempts to address that confusion by presenting a taxonomy of meanings and models that may prove useful for future research. Originality/value This study is one of the first efforts to comprehinsively map the various meanings and models of broad-based employee ownership.",https://www.emerald.com/insight/content/doi/10.1108/JPEO-10-2022-0019/full/pdf?title=defining-employee-ownership-four-meanings-and-two-models,
34,"Rebekah Israel Cross, James Huỳnh, Natalie J. Bradford, B. Francis",Racialized Housing Discrimination and Population Health: a Scoping Review and Research Agenda,2023,Journal of Urban Health,Springer Science+Business Media,https://doi.org/10.1007/s11524-023-00725-y,,642,2026-05-27 20:41:01,review,10.1007/s11524-023-00725-y,1099-3460,,100,2,355,388,34,11.33,9,4,3,,https://link.springer.com/content/pdf/10.1007/s11524-023-00725-y.pdf,
33,"Peter Hepburn, Jacob Haas, Nicholas Graetz, Renee Louis, Devin Q. Rutan, Anne Kat Alexander, Jasmine Rangel, Olivia Jin, Emily A. Benfer, Matthew Desmond",Protecting the Most Vulnerable: Policy Response and Eviction Filing Patterns During the COVID-19 Pandemic,2023,RSF The Russell Sage Foundation Journal of the Social Sciences,Russell Sage Foundation,https://doi.org/10.7758/rsf.2023.9.3.08,,671,2026-05-27 20:41:01,article,10.7758/rsf.2023.9.3.08,2377-8253,,9,3,186,207,33,11.00,3,10,3,"The COVID-19 pandemic and resulting economic crisis exposed the U.S. rental housing market to extraordinary stress. Policymakers at the federal, state, and local levels established eviction moratoria and a number of additional direct and indirect renter-supportive measures in a bid to prevent a surge in evictions and associated public health risks. This article assesses the net efficacy of these interventions, analyzing changes in eviction filing patterns in 2020–2021 in thirty-one cities across the country. We find that eviction filings were dramatically reduced over this period. The largest reductions were in places that previously experienced highest eviction filing rates, particularly majority-Black and low-income neighborhoods. Although these changes did not ameliorate racial, gender, and income inequalities in relative risk of eviction, they did significantly reduce rates across the board, resulting in especially large absolute gains in previously high-risk communities.",https://www.rsfjournal.org/content/rsfjss/9/3/186.full.pdf,
30,"Ioannis Vardopoulos, Ioannis Vannas, George Xydis, Constantinos Vassiliades",Homeowners’ Perceptions of Renewable Energy and Market Value of Sustainable Buildings,2023,Energies,Multidisciplinary Digital Publishing Institute,https://doi.org/10.3390/en16104178,,744,2026-05-27 20:41:01,article,10.3390/en16104178,1996-1073,,16,10,4178,4178,30,10.00,8,4,3,"Growing concerns over environmental issues and sustainable living have resulted in increased interest in renewable energy and energy efficiency. The real estate market is no exception, with homeowners increasingly considering the market value of green and sustainable buildings, which can offer both energy efficiency and potential health benefits. This study investigates the level of interest among homeowners in investing in renewable energy sources and energy efficiency measures for their homes and how it relates to their perception of the market value of green or sustainable buildings in the real estate market. A survey was conducted in the Paphos urban complex in Cyprus, with 180 participants over the age of 18. The participants were selected through a random sampling method and were representative of the general population in terms of gender, age, and income. Data were collected on their attitudes towards renewable energy sources and energy efficiency, as well as their perceptions of the market value of green buildings. The data collected were analyzed using various statistical methods, including Cronbach’s α coefficient, the non-parametric Friedman test, descriptive statistics, and factor analysis, with the Statistical Package for the Social Sciences (SPSS) being used for coding and analysis. Results indicate that 64% of the homeowners surveyed were interested in investing in renewable energy sources, and 72% were interested in energy efficiency measures. Additionally, findings suggest a moderate level of interest (58%) among homeowners in investing in renewable energy sources and that this is positively associated with their perception of the market value of green buildings. Furthermore, homeowners with higher income and education levels tend to be more interested in investing in renewable energy sources and energy efficiency measures and perceive green buildings as having higher market value. This study provides insights into the factors that drive homeowners’ investment in renewable energy sources and energy efficiency measures, shedding light on the relationship between homeowners’ perceptions of the market value of green buildings and their interest in such investments.",https://www.mdpi.com/1996-1073/16/10/4178/pdf?version=1684466194,
29,"Els van der Roest, Joris G. W. F. Voeten, Dirk Gijsbert Cirkel",Increasing solar panel output with blue-green roofs in water-circular and nature inclusive urban development,2023,Building and Environment,Elsevier BV,https://doi.org/10.1016/j.buildenv.2023.110704,,761,2026-05-27 20:41:01,article,10.1016/j.buildenv.2023.110704,0360-1323,,244,,110704,110704,29,9.67,10,3,3,"With an increasing demand for climate resiliency, water sensitivity, nature inclusiveness and energy efficiency in dense urban environments, the call for layered and multifunctional use of rooftops is rising. Vegetated roofs combined with Photo-Voltaic (PV) installations are an example of multifunctional and more effective use of available space, and well-irrigated systems could have an enhanced cooling effect. This research investigated a blue-green capillary irrigated solar roof with grey (shower-) water suppletion, with a constructed wetroof for grey water purification. Two full-scale commercial PV systems on twin rental apartment blocks in Amsterdam were analyzed, on a blue-green roof (BGR) versus a bitumen roof (BiR). The energy output, PV panel temperature, relative humidity and air temperature under the panels were monitored during 5 warmer months (June–October 2022). On average, a solar panel on the BGR is expected to produce 4.4% more energy than a solar panel on the BiR at similar irradiation. A clear difference in panel temperature on the roofs is only seen when the surface temperature of the roofs differs by at least 4.64 °C. Otherwise, other factors such as wind or albedo have probably more influence on the PV panel temperature and thus on PV power output.",https://www.sciencedirect.com/science/article/pii/S036013232300731X,
29,"Ewane Basil Ewane, Shaurya Bajaj, Luisa Velasquez-Camacho, Shruthi Srinivasan, Juyeon Maeng, Anushka Singla, Andrea Luber, Sergio de‐Miguel, Gabriella Richardson, Eben N. Broadbent, Adrián Cardíl, Wan Shafrina Wan Mohd Jaafar, Meshal M. Abdullah, Ana Paula Dalla Côrte, Carlos Alberto Silva, Willie Doaemo, Midhun Mohan",Influence of urban forests on residential property values: A systematic review of remote sensing-based studies,2023,Heliyon,Elsevier BV,https://doi.org/10.1016/j.heliyon.2023.e20408,,765,2026-05-27 20:41:01,review,10.1016/j.heliyon.2023.e20408,2405-8440,,9,10,,,29,9.67,3,17,3,"Urban forests provide direct and indirect benefits to human well-being that are increasingly captured in residential property values. Remote Sensing (RS) can be used to measure a wide range of forest and vegetation parameters that allows for a more detailed and better understanding of their specific influences on housing prices. Herein, through a systematic literature review approach, we reviewed 89 papers (from 2010 to 2022) from 21 different countries that used RS data to quantify vegetation indices, forest and tree parameters of urban forests and estimated their influence on residential property values. The main aim of this study was to understand and provide insights into how urban forests influence residential property values based on RS studies. Although more studies were conducted in developed (n = 55, 61.7%) than developing countries (n = 34, 38.3%), the results indicated for the most part that increasing tree canopy cover on property and neighborhood level, forest size, type, greenness, and proximity to urban forests increased housing prices. RS studies benefited from spatially explicit repetitive data that offer superior efficiency to quantify vegetation, forest, and tree parameters of urban forests over large areas and longer periods compared to studies that used field inventory data. Through this work, we identify and underscore that urban forest benefits outweigh management costs and have a mostly positive influence on housing prices. Thus, we encourage further discussions about prioritizing reforestation and conservation of urban forests during the urban planning of cities and suburbs, which could support UN Sustainable Development Goals (SDGs) and urban policy reforms.",https://doi.org/10.1016/j.heliyon.2023.e20408,
29,"Richard Goulding, Adam Leaver, Jonathan Silver",When the Abu Dhabi United Group Came to Town: Constructing an Organisational Fix for State Capitalism through the Manchester Life Partnership,2023,Antipode,Wiley,https://doi.org/10.1111/anti.13013,,767,2026-05-27 20:41:01,article,10.1111/anti.13013,0066-4812,,56,3,896,921,29,9.67,10,3,3,"Abstract For many cities, the entry of financial actors into housing opens new geopolitical relations with overseas entities, including state‐backed investors such as sovereign wealth funds. These transformations raise the question of the extent to which real estate enables the urbanisation of state capitalism, understood as the expansion of the state's role as promoter, supervisor, and owner of capital. Our paper answers this question through an analysis of Manchester Life, a residential real estate joint venture between Manchester City Council and the Abu Dhabi United Group, an investment firm linked to the Abu Dhabi royal family. In doing so it explores state capitalism as a form of extended urbanisation, with oil revenues from the Persian Gulf used to extract urban land rents in the Global North. It further highlights urban geopolitical implications, theorising Manchester Life as an organisational fix that reworks the geographies of value extraction while eroding democratic accountability.",https://onlinelibrary.wiley.com/doi/pdfdirect/10.1111/anti.13013,
26,"Hanxiang Zhang, Yansong Li, Paula Branco",Describe the house and I will tell you the price: House price prediction with textual description data,2023,Natural Language Engineering,Cambridge University Press,https://doi.org/10.1017/s1351324923000360,,892,2026-05-27 20:41:01,article,10.1017/s1351324923000360,1351-3249,,30,4,661,695,26,8.67,9,3,3,"Abstract House price prediction is an important problem that could benefit home buyers and sellers. Traditional models for house price prediction use numerical attributes such as the number of rooms but disregard the house description text. The recent developments in text processing suggest these can be valuable attributes, which motivated us to use house descriptions. This paper focuses on the house asking/advertising price and studies the impact of using house description texts to predict the final house price. To achieve this, we collected a large and diverse set of attributes on house postings, including the house advertising price. Then, we compare the performance of three scenarios: using only the house description, only numeric attributes, or both. We processed the description text through three word embedding techniques: TF-IDF, Word2Vec, and BERT. Four regression algorithms are trained using only textual data, non-textual data, or both. Our results show that by using exclusively the description data with Word2Vec and a Deep Learning model, we can achieve good performance. However, the best overall performance is obtained when using both textual and non-textual features. An $R^2$ of 0.7904 is achieved by the deep learning model using only description data on the testing data. This clearly indicates that using the house description text alone is a strong predictor for the house price. However, when observing the RMSE on the test data, the best model was gradient boosting using both numeric and description data. Overall, we observe that combining the textual and non-textual features improves the learned model and provides performance benefits when compared against using only one of the feature types. We also provide a freely available application for house price prediction, which is solely based on a house text description and uses our final developed model with Word2Vec and Deep Learning to predict the house price.",https://www.cambridge.org/core/services/aop-cambridge-core/content/view/807584C6B9D76F555DA61E220BF39F9B/S1351324923000360a.pdf/div-class-title-describe-the-house-and-i-will-tell-you-the-price-house-price-prediction-with-textual-description-data-div.pdf,
24,"Laura Tozer, Hannah MacRae, Emily Smit",Achieving deep-energy retrofits for households in energy poverty,2023,Buildings and Cities,,https://doi.org/10.5334/bc.304,,955,2026-05-27 20:41:01,article,10.5334/bc.304,2632-6655,,4,1,,,24,8.00,8,3,3,"Climate change and energy poverty are two sustainability challenges that can be addressed through deep-energy retrofits for homes. This systematic review identifies which factors influence the achievement of energy retrofits for households vulnerable to energy poverty. It covers both energy-poor households and the landlords or building owners of energy-poor households. The results identify a range of influential factors across several themes: financial, policy and organizational, trust and communication, technical, attitudes and values, and health. Health and quality of life are particularly influential motivating factors among households vulnerable to energy poverty, as is the presence of trust and communication between stakeholders. Multiple financial considerations are also important, such as the availability of no-cost retrofit options and the prospect of lower energy and maintenance costs. Lastly, government requirements to retrofit and minimum energy standards are motivating, particularly in the social housing sector. These findings and the lack of focus on energy poverty within the energy retrofit literature and policies point to a need for further research on this topic, and for retrofit policies specifically targeted to households vulnerable to energy poverty. Policy relevance Energy retrofit policies targeting households vulnerable to energy poverty could be more effective if they: Improve access to low or no-cost retrofit options alongside tenant protection mechanisms Include requirements for resident consent and engagement Build capacity to collect, centralize and publicize information about building stocks to align retrofit projects with necessary upgrades Disseminate knowledge of retrofit programs through trusted communicators Increase stakeholders’ understanding of retrofit benefits Take a holistic approach by emphasizing the co-benefits of energy retrofits in energy-poor households Implement government requirements to pursue energy retrofits aligned with overarching government climate policies, particularly for publicly owned housing.",https://storage.googleapis.com/jnl-up-j-bc-files/journals/1/articles/304/6478806b3020c.pdf,
90,"Izabela Jonek-Kowalska, Radosław Wolniak",Sharing Economies’ Initiatives in Municipal Authorities’ Perspective: Research Evidence from Poland in the Context of Smart Cities’ Development,2022,Sustainability,Multidisciplinary Digital Publishing Institute,https://doi.org/10.3390/su14042064,,140,2026-05-27 20:41:01,article,10.3390/su14042064,2071-1050,,14,4,2064,2064,90,22.50,45,2,4,"The emergence and dynamic development of the sharing economy as a socio-economic phenomenon was triggered by the subprime crisis of 2007–2009 and the consequent need to rationalize the use of resources. Cities (especially those generally recognized as a Smart City) have become a natural environment for the sharing economy, due to the spatial accumulation of both potential users and available goods and services. Adopting the point of view that urban conditions are advantageous for the development of the SE, the authors of the article assess the scope of implementation of solutions typical for the sharing economy and the scale of support of municipal authorities for their implementation in 287 Polish cities. For this purpose, they use representative surveys carried out in January 2020. When analyzing the results, they consider the following aspects of a sharing economy: carpooling, coworking, co-housing, room sharing, couch surfing clothes swap/toy swap and crowdfunding. In their research, they also identify relationships between the degree of development of the sharing economy in Polish cities and their size (expressed as the number of inhabitants) and wealth (expressed as the level of budget revenues per capita), trying to answer the question asked in the title: how do cities use and support sharing economy initiatives? The research results indicate a low level of SE development in Polish cities and a low involvement of municipal authorities in supporting this development. Individual forms of SE function best in large cities that have successfully aspired to be smart for many years. In other administrative units, the obstacle to the development of the SE is probably the low availability and quality of free housing resources and the reluctance to share, resulting from reluctance in a centrally planned economy related to the non-market allocation of goods and services and the associated strong attachment to private property.",https://www.mdpi.com/2071-1050/14/4/2064/pdf?version=1644817040,
75,"Felix Lorenz, Jonas Willwersch, Marcelo Cajias, Franz Fuerst",Interpretable machine learning for real estate market analysis,2022,Real Estate Economics,Wiley,https://doi.org/10.1111/1540-6229.12397,,207,2026-05-27 20:41:01,article,10.1111/1540-6229.12397,1080-8620,,51,5,1178,1208,75,18.75,19,4,4,"Abstract Machine Learning (ML) excels at most predictive tasks but its complex nonparametric structure renders it less useful for inference and out‐of sample predictions. This article aims to elucidate and enhance the analytical capabilities of ML in real estate through Interpretable ML (IML). Specifically, we compare a hedonic ML approach to a set of model‐agnostic interpretation methods. Our results suggest that IML methods permit a peek into the black box of algorithmic decision making by showing the web of associative relationships between variables in greater resolution. In our empirical applications, we confirm that size and age are the most important rent drivers. Further analysis reveals that certain bundles of hedonic characteristics, such as large apartments in historic buildings with balconies located in affluent neighborhoods, attract higher rents than adding up the contributions of each hedonic characteristic. Building age is shown to exhibit a U‐shaped pattern in that both the youngest and oldest buildings attract the highest rents. Besides revealing valuable distance decay functions for spatial variables, IML methods are also able to visualise how the strength and interactions of hedonic characteristics change over time, which investors could use to determine the types of assets that perform best at any given stage of the real estate investment cycle.",https://onlinelibrary.wiley.com/doi/pdfdirect/10.1111/1540-6229.12397,
63,"Cankun Wei, Meichen Fu, Li Wang, Hanbing Yang, Feng Tang, Yuqing Xiong",The Research Development of Hedonic Price Model-Based Real Estate Appraisal in the Era of Big Data,2022,Land,Multidisciplinary Digital Publishing Institute,https://doi.org/10.3390/land11030334,,266,2026-05-27 20:41:01,article,10.3390/land11030334,2073-445X,,11,3,334,334,63,15.75,11,6,4,"In the era of big data, advances in relevant technologies are profoundly impacting the field of real estate appraisal. Many scholars regard the integration of big data technology as an inevitable future trend in the real estate appraisal industry. In this paper, we summarize 124 studies investigating the use of big data technology to optimize real estate appraisal through the hedonic price model (HPM). We also list a variety of big data resources and key methods widely used in the real estate appraisal field. On this basis, the development of real estate appraisal moving forward is analyzed. The results obtained in the current studies are as follows: First, the big data resources currently applied to real estate appraisal include more than a dozen big data types from three data sources; the internet, remote sensing, and the Internet of things (IoT). Additionally, it was determined that web crawler technology represents the most important data acquisition method. Second, methods such as data pre-processing, spatial modeling, Geographic information system (GIS) spatial analysis, and the evolving machine learning methods with higher valuation accuracy were successfully introduced into the HPM due to the features of real estate big data. Finally, although the application of big data has greatly expanded the amount of available data and feature dimensions, this has caused a new problem: uneven data quality. Uneven data quality can reduce the accuracy of appraisal results, and, to date, insufficient attention has been paid to this issue. Future research should pay greater attention to the data integration of multi-source big data and absorb the applications developed in other disciplines. It is also important to combine various methods to form a new united evaluation model based on taking advantage of, and avoiding shortcomings to compensate for, the mechanism defects of a single model.",https://www.mdpi.com/2073-445X/11/3/334/pdf?version=1645718446,
61,"Ju-Yeun Lee, Namhee Kwon, Ga-yeon Goo, Sung‐Il Cho",Inadequate housing and pulmonary tuberculosis: a systematic review,2022,BMC Public Health,BioMed Central,https://doi.org/10.1186/s12889-022-12879-6,,280,2026-05-27 20:41:01,review,10.1186/s12889-022-12879-6,1471-2458,,22,1,622,622,61,15.25,15,4,4,"BACKGROUND: Tuberculosis (TB) is a global health issue that has long threatened and continues to threaten human health. While previous studies are important in the search for a cure for TB, to eradicate the disease it is also crucial to analyze environmental influences. Therefore, this study determined the potential effect of inadequate housing on TB and the magnitude of the effect. METHODS: This is a systematic review of the effects of inadequate housing on TB. Between Jan 1, 2011 and Oct 25, 2020, we searched four electronic databases using the search terms ""housing AND tuberculosis"" or ""housing AND TB"". The target population comprised residents of inadequate housing and the homeless. RESULTS: We found 26 eligible studies. The distribution of the studies across continents was uneven, and the housing issues of interest seemed to vary depending on the economic level of the country. The eight steps identified in TB development and the consequences thereof were more strongly associated with housing affordability than with housing quality. CONCLUSIONS: This is the first systematic review to identify the effects of inadequate housing on TB and to categorize inadequate-housing-related exposure to TB in terms of affordability and quality. The steps identified in TB development and the consequences thereof had a greater association with housing affordability than with housing quality. Therefore, public health interventions regarding housing affordability could be more diverse, and interventions that support affordable housing for residents of inadequate housing and the homeless should proceed simultaneously to improve housing quality.",https://bmcpublichealth.biomedcentral.com/track/pdf/10.1186/s12889-022-12879-6,
53,"Lingbo Liu, Hanchen Yu, Jie Zhao, Hao Wu, Zhenghong Peng, Ru Wang","Multiscale Effects of Multimodal Public Facilities Accessibility on Housing Prices Based on MGWR: A Case Study of Wuhan, China",2022,ISPRS International Journal of Geo-Information,Multidisciplinary Digital Publishing Institute,https://doi.org/10.3390/ijgi11010057,,349,2026-05-27 20:41:01,article,10.3390/ijgi11010057,2220-9964,,11,1,57,57,53,13.25,9,6,4,"The layout of public service facilities and their accessibility are important factors affecting spatial justice. Previous studies have verified the positive influence of public facilities accessibility on house prices; however, the spatial scale of the impact of various public facilities accessibility on house prices is not yet clear. This study takes transportation analysis zone of Wuhan city as the spatial unit, measure the public facilities accessibility of schools, hospitals, green space, and public transit stations with four kinds of accessibility models such as the nearest distance, real time travel cost, kernel density, and two step floating catchment area (2SFCA), and explores the multiscale effect of public services accessibility on house prices with multiscale geographically weighted regression model. The results show that the differentiated scale effect not only exists among different public facility accessibilities, but also exists in different accessibility models of the same sort of facility. The article also suggests that different facilities should adopt its appropriate accessibility model. This study provides insights into spatial heterogeneity of urban public service facilities accessibility, which will benefit decision making in equal accessibility planning and policy formulation for the layout of urban service facilities.",https://www.mdpi.com/2220-9964/11/1/57/pdf?version=1645416920,
48,"Xinwei Ma, Yurui Yin, Yuchuan Jin, Mingjia He, Minqing Zhu",Short-Term Prediction of Bike-Sharing Demand Using Multi-Source Data: A Spatial-Temporal Graph Attentional LSTM Approach,2022,Applied Sciences,Multidisciplinary Digital Publishing Institute,https://doi.org/10.3390/app12031161,,407,2026-05-27 20:41:01,article,10.3390/app12031161,2076-3417,,12,3,1161,1161,48,12.00,10,5,4,"As a convenient, economical, and eco-friendly travel mode, bike-sharing greatly improved urban mobility. However, it is often very difficult to achieve a balanced utilization of shared bikes due to the asymmetric spatio-temporal user demand distribution and the insufficient numbers of shared bikes, docks, or parking areas. If we can predict the short-run bike-sharing demand, it will help operating agencies rebalance bike-sharing systems in a timely and efficient way. Compared to the statistical methods, deep learning methods can automatically learn the relationship between the inputs and outputs, requiring less assumptions and achieving higher accuracy. This study proposes a Spatial-Temporal Graph Attentional Long Short-Term Memory (STGA-LSTM) neural network framework to predict short-run bike-sharing demand at a station level using multi-source data sets. These data sets include historical bike-sharing trip data, historical weather data, users’ personal information, and land-use data. The proposed model can extract spatio-temporal information of bike-sharing systems and predict the short-term bike-sharing rental and return demand. We use a Graph Convolutional Network (GCN) to mine spatial information and adopt a Long Short-Term Memory (LSTM) network to mine temporal information. The attention mechanism is focused on both temporal and spatial dimensions to enhance the ability of learning temporal information in LSTM and spatial information in GCN. Results indicate that the proposed model is the most accurate compared with several baseline models, the attention mechanism can help improve the model performance, and models that include exogenous variables perform better than the models that only consider historical trip data. The proposed short-term prediction model can be used to help bike-sharing users better choose routes and to help operators implement dynamic redistribution strategies.",https://www.mdpi.com/2076-3417/12/3/1161/pdf?version=1643120141,
43,"Eoghan McKenna, Jessica Few, Ellen Webborn, Ben Anderson, Simon Elam, David Shipworth, Adam Cooper, Martin Pullinger, Tadj Oreszczyn",Explaining daily energy demand in British housing using linked smart meter and socio-technical data in a bottom-up statistical model,2022,Energy and Buildings,Elsevier BV,https://doi.org/10.1016/j.enbuild.2022.111845,,472,2026-05-27 20:41:01,article,10.1016/j.enbuild.2022.111845,0378-7788,,258,,111845,111845,43,10.75,5,9,4,"This paper investigates factors associated with variation in daily total (electricity and gas) energy consumption in domestic buildings using linked pre-COVID-19 smart meter, weather, building thermal characteristics, and socio-technical survey data covering appliance ownership, demographics, behaviours, and attitudes for two nested sub-samples of 1418 and 682 British households selected from the Smart Energy Research Laboratory (SERL) Observatory panel. Linear mixed effects modelling resulted in adjusted R2 between 63% and 80% depending on sample size and combinations of contextual data used. Increased daily energy consumption was significantly associated (p-value < 0.05, VIF < 5) with: households living in buildings with more rooms and bedrooms, that are older, more detached, have air-conditioning, and experience colder (more heating degree days) or less sunny weather; households with more adult occupants, more children, older adult occupants, higher heating temperature setpoints, and that do not try to save energy. The results demonstrate the value of smart meter data linked with contextual data for improving understanding of energy demand in British housing. Accredited UK researchers are invited to apply to access the data, which has recently been updated to include over 13,000 households from across Great Britain. This paper provides guidance on appropriate methods to use when analysing the data.",https://doi.org/10.1016/j.enbuild.2022.111845,
42,Jelke R. Bosma,"Platformed professionalization: Labor, assets, and earning a livelihood through Airbnb",2022,Environment and Planning A Economy and Space,SAGE Publishing,https://doi.org/10.1177/0308518x211063492,,484,2026-05-27 20:41:01,article,10.1177/0308518x211063492,0308-518X,,54,4,595,610,42,10.50,42,1,4,"This paper analyses processes of professionalization on Airbnb in Berlin, exploring who is able to take part most successfully in urban value creation processes facilitated by short-term rental platforms. In doing so, it intervenes in debates on platform urbanism that focus on the role of digital platforms in reconfiguring urban governance and livelihoods. Combining a political economic approach and affordance theory, I conceptualize professionalization as a particular platform logic that benefits Airbnb and hosts who are able to take part, while reinforcing existing inequalities. Drawing on eight months of fieldwork in Berlin, I show how these professionalization practices differentially affect the strategies and practices of hosts, offering benefits to some while worsening the position of others who are unable or unwilling to professionalize. As such, professionalization processes produce inequalities and power asymmetries both on and off the platform, between hosts as well as between the platform owner and platform users. In a context where a growing number of city-dwellers rely on platforms to generate their livelihoods, such power shifts resulting from platform dynamics have a significant impact on who is able to benefit from platformization and thrive in a platform society.",https://doi.org/10.1177/0308518x211063492,
40,"Ceridwen Owen, James W. Crane",Trauma-Informed Design of Supported Housing: A Scoping Review through the Lens of Neuroscience,2022,International Journal of Environmental Research and Public Health,Multidisciplinary Digital Publishing Institute,https://doi.org/10.3390/ijerph192114279,,509,2026-05-27 20:41:01,review,10.3390/ijerph192114279,1660-4601,,19,21,14279,14279,40,10.00,20,2,4,"There is growing recognition of the importance of the design of the built environment in supporting mental health. In this context, trauma-informed design has emerged as a new field of practice targeting the design of the built environment to support wellbeing and ameliorate the physical, psychological and emotional impacts of trauma and related pathologies such as Post Traumatic Stress Disorder (PTSD). With high levels of prevalence of PTSD among people escaping homelessness and domestic violence, a priority area is the identification and application of evidence-based design solutions for trauma-informed supported housing. This study sought to examine the scope of existing evidence on the relationship between trauma, housing and design and the correlation of this evidence with trauma-informed design principles, and to identify gaps and opportunities for future research. In response to the commonly articulated limitations of the evidence-base in built environment design research, we combined a scoping review of literature on trauma, housing and design with insights from neuroscience to focus and extend understanding of the opportunities of trauma-informed design. We found that while limited in scope, there is strong alignment between existing evidence and the principles of trauma-informed design. We also identify three areas of future research related to the key domains of safety and security; control; and enriched environments.",https://www.mdpi.com/1660-4601/19/21/14279/pdf?version=1667305993,
40,"Jelke R. Bosma, Niels van Doorn",The Gentrification of Airbnb: Closing Rent Gaps Through the Professionalization of Hosting,2022,Space and Culture,SAGE Publishing,https://doi.org/10.1177/12063312221090606,,512,2026-05-27 20:41:01,article,10.1177/12063312221090606,1206-3312,,27,1,31,47,40,10.00,20,2,4,"In this article, we argue that it is analytically productive to think about the professionalization of hosting on Airbnb in terms of (commercial) gentrification. More precisely, we believe that rent gap theory is helpful to advance our understanding of why and how professionalized hosting has become an increasingly salient phenomenon and for centering the active role of Airbnb as a platform operator. We develop the notion of platform-scale rent gaps to explain the economic logic that drives Airbnb to professionalize its hosts and gentrify its platform. We then discuss Airbnb’s professionalization programs and tools, showing how some of its most substantial resources primarily cater to large-scale property managers who, like Airbnb itself, seek to identify and close rent gaps on the platform. This consequently creates the conditions for uneven business development opportunities among hosts, which we illustrate by focusing on how two different types of hosts have sought to professionalize their business in Berlin. Finally, we conclude by speculating on the relationship between the gentrification of the Airbnb platform and urban gentrification.",https://doi.org/10.1177/12063312221090606,
38,"Heike Wirth, Klaus Pforr",The European Union Statistics on Income and Living Conditions after 15 Years,2022,European Sociological Review,Oxford University Press,https://doi.org/10.1093/esr/jcac024,,544,2026-05-27 20:41:01,article,10.1093/esr/jcac024,0266-7215,,38,5,832,848,38,9.50,19,2,4,"Abstract This data brief describes the European Union Statistics on Income and Living Conditions (EU-SILC). Detailed data on income and taxes are collected, as well as information on material deprivation, labour, housing, childcare, health, access to and use of services, and education. Although primarily a social policy instrument that addresses the information needs of policymakers and is used for social monitoring at the European level, EU-SILC is also closely geared to the needs of researchers and provides an excellent database for evidence-based research on a wide variety of aspects of income, income poverty, material poverty, health, and well-being in Europe. EU-SILC is composed of national probability sample surveys and is conducted annually. The target population comprises private households. Observation units are households and all current household members. EU-SILC provides cross-sectional and longitudinal data. The data are composed of a fixed core module, and annually changing ad-hoc modules. Launched in 2003 and revised with effect from 2021, EU-SILC is currently implemented in all EU Member States and in 11 non-EU countries. During the revision process, many suggestions from the research community were incorporated.",https://academic.oup.com/esr/article-pdf/38/5/832/46799883/jcac024.pdf,
36,"Robert Wade, Geraint Ellis","Reclaiming the Windy Commons: Landownership, Wind Rights, and the Assetization of Renewable Resources",2022,Energies,Multidisciplinary Digital Publishing Institute,https://doi.org/10.3390/en15103744,,582,2026-05-27 20:41:01,article,10.3390/en15103744,1996-1073,,15,10,3744,3744,36,9.00,18,2,4,"The ‘second phase’ of the energy transition involves large-scale rollout of renewables, raising wider questions about arrangements for the management and ownership of such resources and how costs and benefits should be distributed. Ideas and practices such as ‘community energy’ and ‘prosumption’ capture the potential for more decentralised systems of ownership and control inherent in renewable energy technologies. However, until now, ownership and control of the key biophysical resources (e.g., wind, wave, solar, geothermal) underpinning the transition have received surprisingly little attention, given the potential for wealth creation and issues of justice that underpin their use. This paper explores this issue using the idea of ‘wind rights’, which highlights the numerous social actors who have rights or claims to use and benefit from wind resources. Key among these are landowners who are silently enclosing the ‘windy commons’ to extract ‘wind rents’ from monopoly property rights. This has profound (but undertheorised) distributive and structural ramifications for the energy transition. Despite this, and with some recent notable exceptions, much energy transition research in social science and humanities portrays landowners as taken-for-granted, apolitical, and sometimes marginal (ised) stakeholders. Combining a Marxist, class-based approach to landownership and wind rent with Ostromian institutional analysis, this paper reviews and expands the (predominantly legal) literature on wind rights. This deepens the understanding of the concept of ‘wind rights’, highlighting that in many instances wind resources are de facto privatised/enclosed via ‘proxy wind rights’ for landowners. We also indicate some alternative wind rights configurations, including nationally and commonly managed wind resources. This analysis leads to a consideration of the potential long-term benefits of alternative socially orientated property rights arrangements, including community wind rights or nationalisation of the wind resource. These social wind rights arrangements could play a key role in securing a more just and widely supported transition.",https://www.mdpi.com/1996-1073/15/10/3744/pdf?version=1653044613,
34,"Sara Herreras Martínez, Robert Harmsen, M. Menkveld, André Faaij, Gert Jan Kramer",Municipalities as key actors in the heat transition to decarbonise buildings: Experiences from local planning and implementation in a learning context,2022,Energy Policy,Elsevier BV,https://doi.org/10.1016/j.enpol.2022.113169,,650,2026-05-27 20:41:01,article,10.1016/j.enpol.2022.113169,0301-4215,,169,,113169,113169,34,8.50,7,5,4,"Municipalities are key actors in planning and enabling the transition in the built environment to sustainable heat systems. Literature on the municipal experiences in the early phases of the heat transition is scarce. This paper addresses this gap by depicting the approaches of twenty-eight municipalities in the Netherlands. It aims to assess the municipal approaches to data collection, technology choice, and area prioritisation during the planning and (early) implementation stages and the barriers municipalities face. Identifying and choosing the optimal solutions per area requires numerous data, in-house knowledge and societal support. The lack of municipal capacity and know-how has led to a strong dependency on external expertise. District heating networks and heat pumps are presently seen as the most promising alternative systems, while building improvements are planned in areas when the technological choice is uncertain. Two important lock-in effects have hampered the local efforts to execute projects: a lack of binding policies to terminate natural gas use and poor affordability of the alternative heating systems. An overarching lesson is that the timely establishment of these aspects is critical to support the starting phase of the transition and that effective local governance cannot be achieved without centrally-established supportive mechanisms.",https://doi.org/10.1016/j.enpol.2022.113169,
33,"Chiara Garau, Giulia Desogus, Benedetto Barabino, Mauro Coni",Accessibility and Public Transport Mobility for a Smart(er) Island: Evidence from Sardinia (Italy),2022,Sustainable Cities and Society,Elsevier BV,https://doi.org/10.1016/j.scs.2022.104145,,658,2026-05-27 20:41:01,article,10.1016/j.scs.2022.104145,2210-6707,,87,,104145,104145,33,8.25,8,4,4,"The purpose of this paper is to highlight the critical aspects of islands context transportation accessibility by suggesting a more innovative, safer, and more sustainable framework for public transport service (PTS) and place-based organisation, as well as by integrating the latest tendencies in mobility. Specifically, this research focuses on multimodal integration models for PTS that consider the existing infrastructure system and the socioeconomic issues typical of an island environment. This topic has received inadequate consideration in the scientific literature on islands. To achieve these aims, an analytical-numerical approach is adopted. Starting from initial origin-destination matrices (O/D) surveyed by the National Institute of Statistics (ISTAT), a methodology was implemented to compute the geographical distribution of trips, and thereafter, the values distributed over the whole region were interpolated by Surfer software with the Kriging method. This methodology was applied to the Sardinia case study particularly emblematic because it has seen a tremendous transition over the previous decades, resulting in a massive socio-economic gap between inland and coastal areas, that led to an increase in private vehicles for transportation purposes, primarily for business and pleasure. The application, replicable in other islands that have highlighted the same socio-economic problems linked to poor mobility planning, shows an accessible spatial planning approach, combining PTS and rental for driver services, by considering the principles and issues of island contexts. This research gives an important scientific contribution by emphasising the quality of transport infrastructures, place-based organisation, population distribution, and physical configuration of the Insular Region, as well as by considering the most pressing issues of island contexts. Findings could help island governments in revising their policy and practice of transport, accordingly.",https://doi.org/science/article/pii/S2210670722004589,
33,"Sarah Gray, Angela Druckman, Jhuma Sadhukhan, Keith James",Reducing the Environmental Impact of Clothing: An Exploration of the Potential of Alternative Business Models,2022,Sustainability,Multidisciplinary Digital Publishing Institute,https://doi.org/10.3390/su14106292,,665,2026-05-27 20:41:01,article,10.3390/su14106292,2071-1050,,14,10,6292,6292,33,8.25,8,4,4,"Business models providing used clothing to consumers have the potential to increase the use of each garment and thereby reduce pressure on raw materials and primary production. This research used in-depth interviews complemented by a literature review to improve the understanding of the business models and the ways in which they can impact the environment. In total, the interviews were carried out with seven business owners and six experts in clothing sustainability, product lifespan extension, and circular business models. Examples of business models of interest include businesses selling secondhand clothes and businesses renting clothes to customers. A typology of business models is used to understand how each model impacts the environment and to highlight the factors that contribute most to the impacts that need to be managed. Business models vary in how they impact the environment, through differences in the way they manage transport, storage, and cleaning. Business models also vary in how successfully they reduce the environmental impacts from the production of new garments by increasing the number of times different wearers wear a garment and reducing the need to buy new garments. This effect is referred to as displacement, and the displacement rate provides an indication of the efficiency of reuse models in reducing total volumes of throughput. Indeed, some new business models may not have reduced throughput as a goal at all, and appraisal of this is crucial to understanding the environmental impacts of the various models.",https://www.mdpi.com/2071-1050/14/10/6292/pdf?version=1653129706,
32,Jing Zeng,Orchestrating ecosystem resources in a different country: Understanding the integrative capabilities of sharing economy platform multinational corporations,2022,Journal of World Business,Elsevier BV,https://doi.org/10.1016/j.jwb.2022.101347,,689,2026-05-27 20:41:01,article,10.1016/j.jwb.2022.101347,1090-9516,,57,6,101347,101347,32,8.00,32,1,4,"This paper investigates how sharing economy platform multinational corporations (SEP-MNCs) orchestrate ecosystem resources to drive sustainable growth in a different country, through a dynamic capability perspective. Based on a multiple-case design, we offer a process perspective that identifies three sets of distinct integrative capabilities that come to the fore at different stages of the SEP-MNC's ecosystem development in a different country. By arguing that dynamic capabilities need to be co-created, we posit that, ultimately, the platform ecosystem value creation requires collective engagements of both internal and external resources of the platform ecosystem in building and preserving the collaborative action that amplified their individual resources to identify new and novel opportunities. We therefore re-conceptualizing dynamic capabilities of SEP-MNCs resides at the ecosystem level where the capabilities become an emergent and highly integrated property, with recurrent patterns that only become apparent from continuous interactions with their ecosystem partners. We also contribute to the IB literature by offering a holistic view that infuses dynamic capabilities with the themes of interdependence, sub-national network coordination, and data intelligence; themes that are yet to be fully incorporated into IB scholarship.",https://doi.org/10.1016/j.jwb.2022.101347,
30,"Anniina Saari, Seppo Junnila, Jussi Vimpari",Blockchain’s Grand Promise for the Real Estate Sector: A Systematic Review,2022,Applied Sciences,Multidisciplinary Digital Publishing Institute,https://doi.org/10.3390/app122311940,,753,2026-05-27 20:41:01,review,10.3390/app122311940,2076-3417,,12,23,11940,11940,30,7.50,10,3,4,"In recent years, blockchain technology has received increasing attention in the real estate literature. Moreover, recent evidence suggests that blockchains could provide some added benefits for the real estate sector even in the current hybrid settings, where blockchain is usually just an add-on to existing systems. This research provides an up-to-date and systematic understanding of blockchain’s theoretical potential, pros, and cons for the real estate sector. The research aims to understand why and where to apply blockchain in real estate by conducting a systematic review that identified 296 relevant documents and performed a thematic content analysis. The identified blockchain adoption proposals were classified using standardized real estate vocabulary. Most of the literature focused on blockchain possibilities within land administration, followed by property transactions, real estate investment, leasing and renting, and real estate administration. However, real estate development and real estate maintenance did not appear as attractive real estate subsectors for blockchain. This paper provides a detailed analysis of blockchain technology’s possibilities for each real estate subsector, i.e., blockchain merits, and discusses the pros and cons. Last, this review provides suggestions for future research directions.",https://www.mdpi.com/2076-3417/12/23/11940/pdf?version=1669200021,
29,"Ignacio-Iker Prado-Rujas, Emilio Serrano, Antonio García-Dopico, M. Luisa Córdoba, Marı́a S. Pérez",Combining heterogeneous data sources for spatio-temporal mobility demand forecasting,2022,Information Fusion,Elsevier BV,https://doi.org/10.1016/j.inffus.2022.09.028,,774,2026-05-27 20:41:01,article,10.1016/j.inffus.2022.09.028,1566-2535,,91,,1,12,29,7.25,6,5,4,"There is a growing need to optimize mobility in medium to large-size cities. The use of a car for one-person trips is widely established as a common trend, which combined with the age of the vehicle fleet from many countries leads to high levels of pollution. Besides, the time wasted on commuting is more than significant for many people. Under these premises, it is paramount to understand the dynamics of mobility in every city. In this work, the problem of modeling and predicting transport demand in large cities with high spatio-temporal resolution is tackled. The city studied and its metropolitan area are subdivided into a new mobility mesh-grid, and transport demand is binned into short time intervals. The proposed Spatio-Temporal Mobility Demand Forecaster (ST-MDF) model is trained with real mobility demand data (such as taxi and bicycle rental), historical weather data (e.g., temperature, precipitation, and wind speed), and temporal information (e.g., weekday, time, and holiday) to predict mobility demand in every region of the mesh, for several forecast horizons. The experiments show that the ST-MDF model exhibits flexibility and robustness, while at the same time it outperforms the baseline models, such as a Long Short-Term Memory (LSTM) network, or the persistence and naive models.",https://doi.org/10.1016/j.inffus.2022.09.028,
28,"Guanyao Li, Xiaofeng Wang, Gunarto Sindoro Njoo, Shuhan Zhong, S.-H. Gary Chan, Chih‐Chieh Hung, Wen-Chih Peng",A Data-Driven Spatial-Temporal Graph Neural Network for Docked Bike Prediction,2022,2022 IEEE 38th International Conference on Data Engineering (ICDE),,https://doi.org/10.1109/icde53745.2022.00058,,801,2026-05-27 20:41:01,article,10.1109/icde53745.2022.00058,,,,,713,726,28,7.00,4,7,4,"Docked bike systems have been widely deployed in many cities around the world. To the service provider, predicting the demand and supply of bikes at any station is crucial to offering the best service quality. The docked bike prediction problem is highly challenging because of the complicated joint spatial-temporal (ST) dependency as bikes are picked up and dropped off, the so-called “flows”, between stations. Prior works often considered the spatial and temporal dependencies separately using sequential network models, and based on locality assumptions. Without sufficiently capturing the joint spatial and temporal features, these approaches are not optimal for attaining the best prediction accuracy. We propose STGNN-DJD, a novel data-driven Spatial-Temporal Graph Neural Network to solve the bike demand and supply prediction problem by unifiedly embedding the Dynamic and Joint ST Dependency in two novel ST graphs. Given station locations and historical rental data on bike flow over the past time slots 0 to <tex xmlns:mml=""http://www.w3.org/1998/Math/MathML"" xmlns:xlink=""http://www.w3.org/1999/xlink"">$t-1$</tex> , we seek to predict online the bike demand and supply at any station at time <tex xmlns:mml=""http://www.w3.org/1998/Math/MathML"" xmlns:xlink=""http://www.w3.org/1999/xlink"">$t$</tex> . To extract joint spatial-temporal dependency, STGNN-DJD employs a graph generator to construct, at the beginning of time <tex xmlns:mml=""http://www.w3.org/1998/Math/MathML"" xmlns:xlink=""http://www.w3.org/1999/xlink"">$t$</tex> , two graphs that embed the flow relationships between stations at various time slots (flow-convoluted graph) and dynamic demand-supply pattern correlation between stations (pattern correlation graph), respectively. Given the two spatial-temporal graphs, STGNN-DJD subsequently employs a graph neural network with novel flow-based and attention-based aggregators to generate embedding of each station for docked bike prediction. We have conducted extensive experiments on two large bike-sharing datasets. Our re-sults confirm the effectiveness of STGNN-DJD as compared with other state-of-the-art approaches, with significant improvement on RMSE and MAE (by 20%-50%). We also provide a case study on dynamic dependencies between stations and demonstrate that the locality assumption does not always hold for a docked bike system.",https://repository.hkust.edu.hk/ir/bitstream/1783.1-118185/1/043210_1.pdf,
27,"Xiaotong Guo, Zhaoyang Fan, Hong Zhu, Xiangyang Chen, Mengmeng Wang, Hanliang Fu",Willingness to Pay for Healthy Housing During the COVID-19 Pandemic in China: Evidence From Eye-Tracking Experiment,2022,Frontiers in Public Health,Frontiers Media,https://doi.org/10.3389/fpubh.2022.855671,,840,2026-05-27 20:41:01,article,10.3389/fpubh.2022.855671,2296-2565,,10,,855671,855671,27,6.75,5,6,4,"Healthy housing can set its occupants completely in good physical, mental and social conditions, but there is a lack of research in China on the public's willingness to pay (WTP) for healthy housing. From the perspective of cognitive psychology, this study constructs an analytical framework based on the model of ""theory of planned behavior"" (TPB), the theory of selective information exposure, and the model of ""emotions as social information,"" while exploring the effect mechanism of the online reviews on the public's WTP for healthy housing during COVID-19 pandemic. In combination with eye-tracking experiments and subjective reports, physiological, psychological and behavioral multimodal data on WTP of 65 participants for healthy housing are collected. Partial least squares structural equation modeling (PLS-SEM) is adopted to analyze the formation effect mechanism of the public's WTP for healthy housing. This study acquires the following results: (i) Information attentiveness to online reviews on different valence information of healthy housing as obtained in eye tracking experiments delivers significant effect on attitude, subjective norm (SN) and perceived behavioral control (PBC), but has no direct effect on the public's WTP for healthy housing; (ii) Hypotheses from TPB model are verified. attitude, PBC and SN can all make significant effect on WTP for healthy housing, with attitude showcasing the most prominent effect; and (iii) In terms of the mediating effect, information attentiveness can deliver significant indirect effect on WTP through attitude.",https://www.frontiersin.org/articles/10.3389/fpubh.2022.855671/pdf,
27,"Janne Hirvonen, Arto Saari, Juha Jokisalo, Risto Kosonen",Socio-economic impacts of large-scale deep energy retrofits in Finnish apartment buildings,2022,Journal of Cleaner Production,Elsevier BV,https://doi.org/10.1016/j.jclepro.2022.133187,,852,2026-05-27 20:41:01,article,10.1016/j.jclepro.2022.133187,0959-6526,,368,,133187,133187,27,6.75,7,4,4,"Energy use in buildings is a major source of carbon dioxide (CO2) emissions in Europe. Energy use is a major expense for building owners, but also a source of tax revenue for the government. Deep energy retrofitting of buildings can significantly reduce the energy consumption and CO2 emissions of buildings. However, the environmental benefits are linked to the CO2 emissions of the national energy grid. Deep retrofits have a significant cost and are not always cost-effective for building owners. On the other hand, they require a lot of investments and labor, which provides employment for citizens and tax revenue for governments. This study examines the environmental and economic impacts of large-scale deep energy retrofitting in the Finnish apartment building stock continuing until 2050. Low and high impact retrofit configurations were obtained from a previous study, which utilized simulation-based multi-objective optimization to find cost-effective solutions. Four archetypes of apartment buildings from time periods of different building codes were used to form the building stock. A building stock model based on Finnish statistics was used to estimate the future changes in the building stock. The study combines optimized energy retrofitting configurations and the building stock model to estimate the energy consumption development in the building stock undergoing large-scale retrofitting. Three retrofitting timelines were tested to show the effect of immediate and delayed retrofitting action. Then, a new socio-economic model was used to calculate the impact of energy retrofitting on the CO2 emissions, life cycle cost, tax revenue, employment and foreign fossil fuel imports. The effect of energy grid decarbonization and long-term scheduling of the retrofits were also examined. The results show that by 2050, the CO2 emissions of the building stock were reduced by 12–30% compared to the reference scenario with energy grid decarbonization, but no building energy retrofitting. A million euros invested into retrofitting created 15–17 jobs. Economic viability for the building owners was inversely correlated with the changes in tax revenues for the government. Cost-effective retrofitting reduced energy-based tax revenues more than it created new tax revenues through direct employment, thus providing a funding challenge for governments desiring to advance building retrofitting. However, more money would be left in the local economy due to reduced fossil fuel imports, but induced economic effects were not analyzed in this study.",https://doi.org/10.1016/j.jclepro.2022.133187,
27,"Taylor M. Oshan, Levi John Wolf, Mehak Sachdeva, Sarah Bardin, A. Stewart Fotheringham",A scoping review on the multiplicity of scale in spatial analysis,2022,Journal of Geographical Systems,Springer Science+Business Media,https://doi.org/10.1007/s10109-022-00384-8,,853,2026-05-27 20:41:01,review,10.1007/s10109-022-00384-8,1435-5930,,24,3,293,324,27,6.75,5,5,4,"Abstract Scale is a central concept in the geographical sciences and is an intrinsic property of many spatial systems. It also serves as an essential thread in the fabric of many other physical and social sciences, which has contributed to the use of different terminology for similar manifestations of what we refer to as ‘scale’, leading to a surprising amount of diversity around this fundamental concept and its various ‘multiscale’ extensions. To address this, we review common abstractions about spatial scale and how they are employed in quantitative research. We also explore areas where the conceptualizations of multiple spatial scales can be differentiated. This is achieved by first bridging terminology and concepts, and then conducting a scoping review of the topic. A typology for spatial scale is discussed that can be used to categorize its multifarious meanings and measures. This typology is then used to distinguish what we term ‘process scale,’ from other types of spatial scale and to highlight current trends in uncovering aspects of process scale. We end with suggestions on how to further build knowledge regarding spatial processes through the lens of spatial scale.",https://link.springer.com/content/pdf/10.1007/s10109-022-00384-8.pdf,
27,"Emmanuel Junior Adugbila, Javier Martínez, Karin Pfeffer","Road infrastructure expansion and socio-spatial fragmentation in the peri-urban zone in Accra, Ghana",2022,Cities,Elsevier BV,https://doi.org/10.1016/j.cities.2022.104154,,867,2026-05-27 20:41:01,article,10.1016/j.cities.2022.104154,0264-2751,,133,,104154,104154,27,6.75,9,3,4,"The implementation of large-scale projects including road infrastructures is often seen as the driver of socio-economic growth and development of countries. Interestingly, in the Global South, road infrastructures trigger various socio-spatial impacts, including fragmentations and changes in the quality of life in cities, however, little attention is given to that. This paper addresses the question: how does socio-spatial fragmentation triggered by road expansion connect to different domains of peri-urban life in Accra, Ghana? The research employed a case study approach using qualitative, quantitative and spatial methods to examine how socio-spatial fragmentations triggered by road expansion affect different domains of Accra peri-urban quality of life, Ghana, at the community level. The study found that with the road infrastructure, gated housing types emerged, and low-income residents were displaced into the hinterlands, leading to residential segregation, which negatively affected social interactions in peri-urban Accra. Moreover, though the road infrastructure improved the connectivity of physical infrastructure services, which attracted more people to the studied communities, informal settlements emerged within certain parts of them due to the non-enforcement of planning regulations, creating some fragmentation processes. The findings of the study suggest that fragmentation is due to policy shortcomings and improvements in housing and services domains.",https://doi.org/10.1016/j.cities.2022.104154,
24,"Steve Rolfe, Kim McKee, Julie Feather, Tom Simcock, Jennifer Hoolachan",The role of private landlords in making a rented house a home,2022,International Journal of Housing Policy,Taylor & Francis,https://doi.org/10.1080/19491247.2021.2019882,,950,2026-05-27 20:41:01,article,10.1080/19491247.2021.2019882,1949-1247,,23,1,113,137,24,6.00,5,5,4,"The growth of the private rented sector (PRS) since the 2000s in countries with lightly regulated markets has led to significant questions over its ability to provide a homely environment for tenants. Much of the research in this area argues that legal frameworks, lack of regulation and financial motives of landlords are not conducive to the provision of homes which are secure, affordable, good quality and which offer tenants an opportunity to meet their health and wellbeing needs. This is despite legislative changes that seek to raise standards in the sector and promote greater professionalisation. This paper presents findings from an evidence review of research concerning home within the PRS across OECD countries. Rather than focusing on the experiences of tenants, it considers the impacts of landlord and letting agent behaviours on tenants’ ability to make their rented house a home. We argue that landlords and letting agents can play a positive role in helping their tenants create a home, and that this offers benefits for both landlords and renters.",https://www.tandfonline.com/doi/pdf/10.1080/19491247.2021.2019882?needAccess=true,
24,"Delphine Isimbi, Jihyun Park",The Analysis of the EDGE Certification System on Residential Complexes to Improve Sustainability and Affordability,2022,Buildings,Multidisciplinary Digital Publishing Institute,https://doi.org/10.3390/buildings12101729,,974,2026-05-27 20:41:01,article,10.3390/buildings12101729,2075-5309,,12,10,1729,1729,24,6.00,12,2,4,"In this paper, the characteristics of the Excellence in Design for Greater Efficiencies (EDGE) green building certification system in terms of the scope of certification, and environmental and social strategies focused on 6024 units in the 17 EDGE-certified residential buildings in South Africa was investigated. This research analyzed the efficiency of energy, water, embodied energy in materials, and annual CO2 emissions and their contribution to solving housing issues in the given context. This research revealed that the design of EDGE-certified buildings focuses on the “efficiency first” approach and reduced energy and water demand more than on-site energy production. In energy-saving strategies, energy-saving solutions are three times (69.2%) higher than energy-generating solutions (23.1%). The results on resource savings showed that, on average, embodied energy in materials (54%) is the most reduced resource, followed by water (31%) and energy (29.7%). The statistical analysis indicated that there is no statistically significant correlation between energy, water, embodied energy in materials, and CO2 savings with floor areas of the buildings. In addition, this research highlighted how EDGE certification has positively contributed to solving South Africa’s resource shortage and affordable housing scarcity problems.",https://www.mdpi.com/2075-5309/12/10/1729/pdf?version=1666251750,
23,"Deborah K. Padgett, Lynden Bond, Christina Wusinich",From the streets to a hotel: a qualitative study of the experiences of homeless persons in the pandemic era,2022,Journal of Social Distress and the Homeless,Taylor & Francis,https://doi.org/10.1080/10530789.2021.2021362,,987,2026-05-27 20:41:01,article,10.1080/10530789.2021.2021362,1053-0789,,32,2,248,254,23,5.75,8,3,4,"In the wake of COVID-19, programs for housing homeless individuals in hotels have emerged in the U.S., though research has yielded little information about the impact of these programs on participants expressed in their own words. In this qualitative study conducted in a major northeastern city, 13 previously street homeless individuals recount their experiences of hotel housing during the pandemic. Participants were recruited from an advocacy-initiated collaborative that operated with a housing first approach, providing private rooms without requirements or intrusive oversight typically found in shelter environments. Benefits of hotel housing reported include improvements in physical health, sleep, personal hygiene, privacy, safety, nutrition, and overall well-being. Inductive coding by consensus and thematic development yielded three themes. Participants described hotel living as (1) a platform for stability; (2) protection from COVID and other hazards; and (3) freeing mental space for future planning. As research shows hotel programs' success, an unprecedented opportunity has arisen from the pandemic to end homelessness for many. Given current federal budget increases, it is recommended that hotels become part of a larger effort to reduce shelter populations and increase access to independent housing.",https://pmc.ncbi.nlm.nih.gov/articles/PMC10782809/pdf/nihms-1792257.pdf,
23,"Lisa Vollmer, Daniel Gutiérrez",Organizing for expropriation: How a tenants campaign convinced Berliners to vote for expropriating big landlords,2022,Radical Housing Journal,,https://doi.org/10.54825/qhhd8116,,997,2026-05-27 20:41:01,article,10.54825/qhhd8116,2632-2870,,4,2,47,66,23,5.75,12,2,4,"On 26 September 2021, 59% of Berliners eligible to vote decided in a referendum for the expropriation of big landlords and to socialize approximately 250.000 housing units. This article looks at how the campaign Expropriate Deutsche Wohnen &amp; Co was able to do so. The article begins by introducing conceptualizations of social movement impacts. It then expands on these conceptualizations with a thick description of the emergence and the organizational structure of the expropriation campaign, including the material basis of the campaign, the dire situation of Berlin’s tenants, the organizational ecology of the tenant movement out of which the campaign grew, the political terrain and public discourse the campaign had to navigate, and at the organizational process of the campaign itself. Drawing on such thick description, we revisit and add nuance to the conceptualizations of social movement impact in social movement studies, and highlight the complex interplay between different factors and their effect on different stages of the political process.",https://radicalhousingjournal.org/wp-content/uploads/2022/12/RHJ_Issue-4.2_04_Long-Read_Vollmer_47-66.pdf,
223,"Foteini Valeonti, Antonis Bikakis, Melissa Terras, Chris Speed, Andrew Hudson‐Smith, Konstantinos Kryptos Chalkias","Crypto Collectibles, Museum Funding and OpenGLAM: Challenges, Opportunities and the Potential of Non-Fungible Tokens (NFTs)",2021,Applied Sciences,Multidisciplinary Digital Publishing Institute,https://doi.org/10.3390/app11219931,,21,2026-05-27 20:41:01,article,10.3390/app11219931,2076-3417,,11,21,9931,9931,223,44.60,37,6,5,"Non-fungible tokens (NFTs) make it technically possible for digital assets to be owned and traded, introducing the concept of scarcity in the digital realm for the first time. Resulting from this technical development, this paper asks the question, do they provide an opportunity for fundraising for galleries, libraries, archives and museums (GLAM), by selling ownership of digital copies of their collections? Although NFTs in their current format were first invented in 2017 as a means for game players to trade virtual goods, they reached the mainstream in 2021, when the auction house Christie’s held their first-ever sale exclusively for an NFT of a digital image, that was eventually sold for a record 69 million USD. The potential of NFTs to generate significant revenue for artists and museums by selling effectively a cryptographically signed copy of a digital image (similar to real-world limited editions, which are signed and numbered copies of a given artwork), has sparked the interest of the financially deprived museum and heritage sector with world-renowned institutions such as the Uffizi Gallery and the Hermitage Museum, having already employed NFTs in order to raise funds. Concerns surrounding the environmental impact of blockchain technology and the rise of malicious projects, exploiting previously digitised heritage content made available through OpenGLAM licensing, have attracted criticism over the speculative use of the technology. In this paper, we present the current state of affairs in relation to NFTs and the cultural heritage sector, identifying challenges, whilst highlighting opportunities that they create for revenue generation, in order to help address the ever-increasing financial challenges of galleries and museums.",https://www.mdpi.com/2076-3417/11/21/9931/pdf?version=1635158533,
143,"Desiree Fields, Elora Lee Raymond",Racialized geographies of housing financialization,2021,Progress in Human Geography,SAGE Publishing,https://doi.org/10.1177/03091325211009299,,57,2026-05-27 20:41:01,article,10.1177/03091325211009299,0309-1325,,45,6,1625,1645,143,28.60,72,2,5,"Financial violence is racial violence: geographies of housing financialization spatialize hierarchies of death-dealing racial difference. However, research concerned with housing financialization rarely addresses the inextricable relationship between racism and capitalism. Racial division and subordination have always been necessary to producing value in real estate; financialization materially reproduces racial capitalism by reconfiguring the death-dealing abstraction of racism from systems of individual bias and racialized bodies into automated systems. Rather than reducing racially subordinated communities to experiences of oppression and domination, producing life-giving geographies of housing requires bringing collective resistance for emancipatory social change into the analytic frame.",https://escholarship.org/content/qt5gd214jn/qt5gd214jn.pdf,
99,"Mara Ferreri, Romola Sanyal","Digital informalisation: rental housing, platforms, and the management of risk",2021,Housing Studies,Taylor & Francis,https://doi.org/10.1080/02673037.2021.2009779,,114,2026-05-27 20:41:01,article,10.1080/02673037.2021.2009779,0267-3037,,37,6,1035,1053,99,19.80,50,2,5,"The eruption of disruptive digital platforms is reshaping geographies of housing under the gaze of corporations and through the webs of algorithms. Engaging with interdisciplinary scholarship on informal housing across the Global North and South, we propose the term ‘digital informalisation’ to examine how digital platforms are engendering new and opaque ways of governing housing, presenting a theoretical and political blind spot. Focusing on rental housing, our paper unpacks the ways in which new forms of digital management of risk control access and filter populations. In contrast to progressive imaginaries of ‘smart’ technological mediation, practices of algorithmic redlining, biased tenant profiling and the management of risk in private tenancies and in housing welfare both introduce and extend discriminatory and exclusionary housing practices. The paper aims to contribute to research on informal housing in the Global North by examining digital mediation and its governance as key overlooked components of housing geographies beyond North and South dichotomies.",https://www.tandfonline.com/doi/pdf/10.1080/02673037.2021.2009779?needAccess=true,
94,"Agustín Cócola-Gant, Jaime Jover Báez, Luís Carvalho, Pedro Chamusca",Corporate hosts: The rise of professional management in the short-term rental industry,2021,Tourism Management Perspectives,Elsevier BV,https://doi.org/10.1016/j.tmp.2021.100879,,128,2026-05-27 20:41:01,article,10.1016/j.tmp.2021.100879,2211-9736,,40,,100879,100879,94,18.80,24,4,5,"This paper explores the rise of short-term rental (STR) management companies and reveals the transition from a sharing economy activity to the consolidation of a professional industry hinging on what we call ‘corporate hosts’. By relying on interviews with companies operating in Lisbon and Porto, Portugal, we found: first, that a phenomenon of market concentration occurred in which individual hosts have outsourced the management of their properties to corporate hosts; second, that through the use of digital technology and vertical integration, corporate hosts are able to enhance the profitability of large portfolios of STRs; and, third, that corporate hosts imitate practices from the hotel industry, leading to the formation of a hybrid product in which the lines between hotels and STRs have blurred. We argue that corporate hosts constitute a new layer of intermediation that challenges the way we understand the STR industry and the overall functioning of this market.",https://doi.org/10.1016/j.tmp.2021.100879,
89,Noah K. Marutlulle,A critical analysis of housing inadequacy in South Africa and its ramifications,2021,Africa’s Public Service Delivery and Performance Review,AOSIS,https://doi.org/10.4102/apsdpr.v9i1.372,,144,2026-05-27 20:41:01,article,10.4102/apsdpr.v9i1.372,2310-2152,,9,1,,,89,17.80,89,1,5,"Background: This article critically analyses housing inadequacy in South Africa and its ramifications. Aim: The study is exploratory in nature and used the qualitative methodology. Setting: Key findings suggest that protests, informal settlements, health challenges, shack fires, flooding, violence and criminality, corruption and xenophobic attacks are the ramifications of housing inadequacy in South Africa. Method: This study used relevant review of literature, document and policy review, and a qualitative inquiry of secondary sources with regards to housing inadequacy in South Africa and its ramifications to answer the research questions. Results: Through the Housing Development Agency, the government needs to engage the private sector, state-owned enterprises, provinces and municipalities to unlock strategic parcels of land suitable for human settlements development, which provision, especially for low-income groups should be at subsidised rates. Conclusion: The country needs an efficient, formidable and incorruptible department that is able to perform the huge task of spatial integration.",https://apsdpr.org/index.php/apsdpr/article/download/372/737,
88,"Hasan A. M. Hamdan, Poul Houman Andersen, Luitzen de Boer",Stakeholder collaboration in sustainable neighborhood projects—A review and research agenda,2021,Sustainable Cities and Society,Elsevier BV,https://doi.org/10.1016/j.scs.2021.102776,,149,2026-05-27 20:41:01,article,10.1016/j.scs.2021.102776,2210-6707,,68,,102776,102776,88,17.60,29,3,5,"Sustainable neighborhood (SN) projects are crucial to alleviate the poor performance in energy consumption and carbon emissions of built environments. However, with several additional interests and priorities relating to sustainability, the job of finding common ground in collaboration becomes more complex compared to conventional housing and neighborhood projects. Moreover, the type of stakeholders involved and the issues they are concerned with change as the project develops. This paper offers a comprehensive overview of empirical-based research found in the intersection between stakeholder collaboration and sustainable neighborhood projects. Our comprehensive systematic review of the past 20 years’ extant literature revealed 20 main themes impacting stakeholder collaboration spread over the stages of project development. Building on the various themes, we summarized several factors that support collaboration capacity in SN projects, and that can ultimately lead to different trajectories for sustainability outcomes over time. Furthermore, the review revealed several potential avenues for research, which may help improve our understanding of the mechanics and interaction of stakeholder involvement in SN projects.",https://doi.org/10.1016/j.scs.2021.102776,
80,Federico Savini,"Towards an urban degrowth: Habitability, finity and polycentric autonomism",2021,Environment and Planning A Economy and Space,SAGE Publishing,https://doi.org/10.1177/0308518x20981391,,183,2026-05-27 20:41:01,article,10.1177/0308518x20981391,0308-518X,,53,5,1076,1095,80,16.00,80,1,5,"Over the last decade, degrowth has offered a concrete alternative to eco-modernization, projecting a society emancipated from the environmentally destructive imperative of competition and consumption. Urban development is the motor of economic growth; cities are therefore prime sites of intervention for degrowth activists. Nevertheless, the planning processes that drive urban development have yet to be questioned from a degrowth perspective. To clear a path for a degrowth urban agenda, this paper rethinks the institutions governing urban development in growth-dependent contemporary economies. It starts by problematizing the regional territorialization of economic competition, ideology of land scarcity, and institution of zoned property rights, which together make urban development an engine of growth. It then outlines three transitions toward urban degrowth, arguing for a regional imaginary of polycentric autonomism, a paradigm of finity in development, and care for habitability as principle of spatial organization.",https://doi.org/10.1177/0308518x20981391,
72,"Wajde Baiod, Janet Light, Aniket Mahanti",Blockchain Technology and its Applications Across Multiple Domains: A Survey,2021,Journal of international technology and information management,,https://doi.org/10.58729/1941-6679.1482,,216,2026-05-27 20:41:01,article,10.58729/1941-6679.1482,1543-5962,,29,4,78,119,72,14.40,24,3,5,"Blockchain technology has become an active area of research and a technological option for many businesses and industrial communities. With its distributed, decentralized, and trustless nature, blockchain can provide businesses with new opportunities and benefits through increased efficiency, reduced costs, enhanced integrity and transparency, better security, and improved traceability. Although blockchain’s largest applications have been in the finance and banking sector, we now see experiments and proposed applications in different fields. This paper provides an overview of blockchain technology; it brings together all the key design features, characteristics, and benefits of blockchain that make it a superior and unique technology, and it presents the popular consensus protocols and taxonomy of blockchain systems. Additionally, the paper surveys blockchain-based applications across multiple domains such as in finance, insurance, supply chain management, energy, advertising and media, real estate and healthcare. It aims at examining the industries’ key issues, blockchain solutions and use cases. The paper highlights three broad limitations that blockchain technology presents: scalability, security, and regulation, and shows how these challenges could impact blockchain application and adoption.",https://scholarworks.lib.csusb.edu/jitim/vol29/iss4/4,
72,"Ivana Načinović Braje, Анна Печурина, Nilay Bıçakcıoğlu‐Peynirci, Cristina Miguel, María del Mar Alonso‐Almeida, Carlo Giglio",The changing determinants of tourists’ repurchase intention: the case of short-term rentals during the COVID-19 pandemic,2021,International Journal of Contemporary Hospitality Management,Emerald Publishing Limited,https://doi.org/10.1108/ijchm-04-2021-0438,,219,2026-05-27 20:41:01,article,10.1108/ijchm-04-2021-0438,0959-6119,,34,1,159,183,72,14.40,12,6,5,"Purpose Adopting Ajzen’s theory of planned behaviour theoretical framework, this paper aims to explore repurchase intentions among short-term rental users and changes in determinants of repurchase intention in the context of the COVID-19 pandemic. Design/methodology/approach Data for the research was collected via a cross-country quantitative survey (N = 1,433) in five European countries: Croatia, Italy, Spain, Turkey and the UK during 2020. Trust, perceived value, authenticity and perceived risk were incorporated into the structural equation model as part of an integrated analysis of antecedents of repurchase intention. Findings Perceived value and authenticity are the key drivers of a positive attitude to repurchase of short-term rentals even after the pandemic. The pandemic modified the role of perceived risk in determining attitude towards short-term rentals as perceived risks could negatively affect attitude and repurchase intention after COVID-19. Trust in the platform and the host became a significant determinant of repurchase intentions after the spread of COVID-19. Research limitations/implications The analysis has shown the link between attitude, subjective norms, perceived behavioural control and repurchase intention, and has thus demonstrated a successful application of the theory of planned behaviour to short-term rental users. Originality/value The results of this study suggest a possible reconceptualisation of repurchase determinants due to the pandemic. The study offers a timely contribution to the research on the impact of the pandemic on the determinants of tourists’ repurchase intentions.",http://hdl.handle.net/10486/715821,
70,Lise Desvallées,"Low-carbon retrofits in social housing: Energy efficiency, multidimensional energy poverty, and domestic comfort strategies in southern Europe",2021,Energy Research & Social Science,Elsevier BV,https://doi.org/10.1016/j.erss.2021.102413,,229,2026-05-27 20:41:01,article,10.1016/j.erss.2021.102413,2214-6296,,85,,102413,102413,70,14.00,70,1,5,,https://www.sciencedirect.com/science/article/am/pii/S2214629621005004,
68,"Annie Rosenthal, Eric Stover, Rohini J. Haar",Health and social impacts of California wildfires and the deficiencies in current recovery resources: An exploratory qualitative study of systems-level issues,2021,PLoS ONE,Public Library of Science,https://doi.org/10.1371/journal.pone.0248617,,236,2026-05-27 20:41:01,article,10.1371/journal.pone.0248617,1932-6203,,16,3,,,68,13.60,23,3,5,"BACKGROUND: Wildfires in California have become more deadly and destructive in recent years, and four of the ten most destructive fires occurred in 2017 and 2018. Through interviews with service providers, this article explores how these recent wildfires have impacted surrounding communities and the role various recovery resources have played in responding to the short- and long-term health and social needs of survivors. METHODS: Using a purposive sampling methodology, we interviewed 21 health and social service personnel who assisted in wildfire recovery efforts in California in 2017 and 2018. The study participants worked or volunteered in medical facilities, social services agencies and philanthropy/nonprofit organizations located in communities affected by wildfires. Participants were asked about three common, overarching themes that fire-impacted communities navigate post-disaster: health issues, social issues, and response and recovery resources. Inductive coding was used to identify common subthemes. RESULTS: The two most frequently discussed social issues during interviews were housing and employment access. Mental and emotional well-being and access to health resources were identified as being the most challenging health concerns that survivors face post-disaster. Participants also identified the following private and public recovery resources that survivors use to attempt to restabilize following the fire: community support, county agencies, the Federal Emergency Management Agency (FEMA,) insurance companies and philanthropic organizations. However, participants noted that the cumulative impacts of these efforts still leave many of their patients and clients without the resources needed to restabilize emotionally, financially and physically. Finally, participants spoke about the community-wide, downstream impacts of wildfires, noting that ""survivors"" are not only those whose health is immediately compromised by the disaster. CONCLUSION: Given the worsening wildfire seasons in California, we must increase our understanding of both the scope of the health and social issues that survivors navigate following a disaster, as well as the effectiveness and sustainability of recovery resources available to survivors. We must also understand the ""ripple effect"" that wildfires have on surrounding communalities, impacting housing access, social services, and health care access. More research and support, especially during the current COVID-19 pandemic, is urgently needed to improve our ability to support the health and social needs of wildfire survivors in the future.",https://journals.plos.org/plosone/article/file?id=10.1371/journal.pone.0248617&type=printable,
62,"Javier Gil, Miguel A. Martínez",State-Led Actions Reigniting the Financialization of Housing in Spain,2021,Housing Theory and Society,Taylor & Francis,https://doi.org/10.1080/14036096.2021.2013316,,269,2026-05-27 20:41:01,article,10.1080/14036096.2021.2013316,1403-6096,,40,1,1,21,62,12.40,31,2,5,"Since the 2008 economic recession, state intervention in the real estate sector has strengthened. This article explains how housing financialization was reignited in Spain following key policy reforms in 2013. We argue that Spanish authorities managed to strategically recreate a finance-friendly environment to attract global investors. They combined financial policies, other deregulatory reforms and neoliberal measures in a coordinated manner we call a policy package. Our analysis provides evidence of the legal and political arrangements at various state levels that effectively facilitated the reanimation of a new cycle of housing financialization which caused rising inflation in prices and distress in tenants' rights. This approach contributes to the understanding of how state-led actions foster a spatial fix to overcome financial crises by granting global speculative funds extraordinary benefits. In addition, we show how this process occurred with poor democratic accountability and was also confronted by various forms of social contestation.",https://www.tandfonline.com/doi/epdf/10.1080/14036096.2021.2013316?needAccess=true&role=button,
59,"Juan M. Corchado, Pablo Chamoso, Guillermo Hernández, Agustín San Roman Gutierrez, Alberto Rivas, Alfonso González‐Briones, Francisco Pinto-Santos, Enrique Goyenechea, David Garc­ía-Retuerta, María Alonso-Miguel, Beatriz Bellido Hernandez, Diego Valdeolmillos Villaverde, Manuel Sanchez-Verdejo, Pablo Plaza-Martínez, Manuel J. López‐Pérez, Sergio Manzano, Ricardo S. Alonso, Roberto Casado‐Vara, Javier Prieto, Fernando De la Prieta, Sara Rodrı́guez, Javier Parra-Domínguez, Mohd Saberi Mohamad, Saber Trabelsi, Enrique Díaz-Plaza, Jose Alberto Garcia-Coria, Tan Yiğitcanlar, Paulo Nováis, Sigeru Omatu",Deepint.net: A Rapid Deployment Platform for Smart Territories,2021,Sensors,Multidisciplinary Digital Publishing Institute,https://doi.org/10.3390/s21010236,,291,2026-05-27 20:41:01,article,10.3390/s21010236,1424-8220,,21,1,236,236,59,11.80,6,29,5,"This paper presents an efficient cyberphysical platform for the smart management of smart territories. It is efficient because it facilitates the implementation of data acquisition and data management methods, as well as data representation and dashboard configuration. The platform allows for the use of any type of data source, ranging from the measurements of a multi-functional IoT sensing devices to relational and non-relational databases. It is also smart because it incorporates a complete artificial intelligence suit for data analysis; it includes techniques for data classification, clustering, forecasting, optimization, visualization, etc. It is also compatible with the edge computing concept, allowing for the distribution of intelligence and the use of intelligent sensors. The concept of smart cities is evolving and adapting to new applications; the trend to create intelligent neighbourhoods, districts or territories is becoming increasingly popular, as opposed to the previous approach of managing an entire megacity. In this paper, the platform is presented, and its architecture and functionalities are described. Moreover, its operation has been validated in a case study where the bike renting service of Paris-Vélib' Métropole has been managed. This platform could enable smart territories to develop adapted knowledge management systems, adapt them to new requirements and to use multiple types of data, and execute efficient computational and artificial intelligence algorithms. The platform optimizes the decisions taken by human experts through explainable artificial intelligence models that obtain data from IoT sensors, databases, the Internet, etc. The global intelligence of the platform could potentially coordinate its decision-making processes with intelligent nodes installed in the edge, which would use the most advanced data processing techniques.",https://www.mdpi.com/1424-8220/21/1/236/pdf?version=1609565395,
57,"Pasquale De Toro, Francesca Nocca, Francesca Buglione",Real Estate Market Responses to the COVID-19 Crisis: Which Prospects for the Metropolitan Area of Naples (Italy)?,2021,Urban Science,Multidisciplinary Digital Publishing Institute,https://doi.org/10.3390/urbansci5010023,,310,2026-05-27 20:41:01,article,10.3390/urbansci5010023,2413-8851,,5,1,23,23,57,11.40,19,3,5,"The health emergency caused by the COVID-19 pandemic has affected the entire world since the beginning of 2020, changing living and working conditions. The pandemic has generated a crisis that is having and will continue to have consequences on all sectors of the economy, including the real estate market. During the lockdown period, houses became spaces for both living and working, as well as for leisure activities. Therefore, they were modified to meet the new requirements of communities forced to spend most of their time at home. This will also affect the real estate market in the near future in terms of trends and the characteristics of desirable houses. This research aims to analyse the trends in the residential market in Italy and in particular in the metropolitan area of Naples (Italy). Starting from official sources, the trends of the real estate market, and in particular in the metropolitan area of Naples from 2009 to 2020, have been analysed. Then, two surveys were conducted involving both the community and real estate agents operating in the territory, in order to investigate the effects that COVID-19 has had on the real estate market. The analysis carried out highlights structural changes in the demand for residential properties in the metropolitan area of Naples due to the new requirements as a result of COVID-19.",https://www.mdpi.com/2413-8851/5/1/23/pdf?version=1614562777,
57,"Caroline M. Kraan, Miyuki Hino, Jennifer Niemann, A.R. Siders, Katharine J. Mach",Promoting equity in retreat through voluntary property buyout programs,2021,Journal of Environmental Studies and Sciences,Springer Science+Business Media,https://doi.org/10.1007/s13412-021-00688-z,,315,2026-05-27 20:41:01,article,10.1007/s13412-021-00688-z,2190-6483,,11,3,481,492,57,11.40,11,5,5,"Abstract Voluntary property buyouts have been the most prevalent form of managed retreat in the USA to date. Tens of thousands of households have sold their flood-prone homes to the government, and after the structures are demolished, the land becomes open space. Concerns have been raised about the equity of buyout processes and outcomes, spanning distributive, procedural, and interactional dimensions of social justice. In this policy analysis, we first provide an overview of equity and justice issues in buyouts based on existing literature. We consider multiple relevant stakeholder groups: the communities in which buyouts occur, potential participants and relocating households, residents who choose to stay, and the destination communities. Second, we present policy options that may address and reduce existing social inequities in buyouts. Third, we outline how improved reporting on buyout programs by implementers can support buyout policy learning that will improve buyout outcomes and equity. Indicators can provide insight on who has access to buyouts, the effect of buyout implementation on outcomes, and the consequences of relocating—or not—for all affected. With increasing climate risks, voluntary property buyouts will remain an important means of reducing exposure to flooding and other hazards. For this method of retreat to occur effectively at greater scale, attention to social justice in program evaluation and policy learning is necessary.",https://link.springer.com/content/pdf/10.1007/s13412-021-00688-z.pdf,
53,"Terence Fell, Johanna Mattsson",The Role of Public-Private Partnerships in Housing as a Potential Contributor to Sustainable Cities and Communities: A Systematic Review,2021,Sustainability,Multidisciplinary Digital Publishing Institute,https://doi.org/10.3390/su13147783,,356,2026-05-27 20:41:01,review,10.3390/su13147783,2071-1050,,13,14,7783,7783,53,10.60,27,2,5,"Today cities face the increasing negative consequences of the unsustainable course society is set on. Climate change, biodiversity loss and increasing spatial segregation are testament to this. The effects of these issues often exceed the coping capacity of individual urban housing developers. Thus, an antidote to the current neoliberal trend must be found in collaborations such as public-private partnerships (PPP). Here the shortcomings and limitations of PPP and its potential ability to solve the problem of unsustainable urban development are investigated. Using the Doughnut Economics (DE) model as a general guide, a systematic literature review is conducted. The results reveal evidence that PPPs are unjust and exclude local actors from collaborations. Hence, resident participation and inclusion is considered the best strategy for PPP to evolve as a future guarantor of the sustainable city. First, however, major differences in the character of issues that connect the global model of sustainability to the harsh reality of the local context need to be addressed. This gap concerns the city’s social foundation and ecological ceiling. The DE model applied herein is an excellent tool to test the scope and depth of local collaborations such as PPPs and reflect on international treaties such as SDGs.",https://www.mdpi.com/2071-1050/13/14/7783/pdf?version=1626155643,
51,"Jussi Kalliola, Jurgita Kapočiūtė-Dzikienė, Robertas Damaševičius",Neural network hyperparameter optimization for prediction of real estate prices in Helsinki,2021,PeerJ Computer Science,"PeerJ, Inc.",https://doi.org/10.7717/peerj-cs.444,,374,2026-05-27 20:41:01,article,10.7717/peerj-cs.444,2376-5992,,7,,,,51,10.20,17,3,5,"Accurate price evaluation of real estate is beneficial for many parties involved in real estate business such as real estate companies, property owners, investors, banks, and financial institutes. Artificial Neural Networks (ANNs) have shown promising results in real estate price evaluation. However, the performance of ANNs greatly depends upon the settings of their hyperparameters. In this paper, we apply and optimize an ANN model for real estate price prediction in Helsinki, Finland. Optimization of the model is performed by fine-tuning hyper-parameters (such as activation functions, optimization algorithms, etc.) of the ANN architecture for higher accuracy using the Bayesian optimization algorithm. The results are evaluated using a variety of metrics (RMSE, MAE, R2) as well as illustrated graphically. The empirical analysis of the results shows that model optimization improved the performance on all metrics (reaching the relative mean error of 8.3%).",https://doi.org/10.7717/peerj-cs.444,
51,"Tiago Oliveira, Iolanda Barbeitos, Antonela Sofia Cordeiro Calado",The role of intrinsic and extrinsic motivations in sharing economy post-adoption,2021,Information Technology and People,Emerald Publishing Limited,https://doi.org/10.1108/itp-01-2020-0007,,378,2026-05-27 20:41:01,article,10.1108/itp-01-2020-0007,0959-3845,,35,1,165,203,51,10.20,17,3,5,"Purpose The purpose of this paper is to examine use and sharing economy (SE) continuance intention, and the mediation effects of use between individuals' motivations and SE continuance intention. A theoretical model is developed to explain use and SE continuance intention as intrinsic and extrinsic motivated behaviour, as proposed by self-determination theory. Factors are derived from SE context and supported by published research on SE. Design/methodology/approach The partial least squares path modelling (PLS-PM) technique is used to test the model in a quantitative study involving 256 users of SE services. Findings Findings suggest that use and SE continuance can be explained by concurrent intrinsic and extrinsic motivations. Moreover, high environmental concerns may restrain the use of SE services. Findings show that continuance intention is influenced by current use of SE services. Moreover, the study emphasizes the mediation effect of use between intrinsic and extrinsic motivation and SE continuance intention. Research limitations/implications The analysis of use behaviour should be complemented with other measures of use and with data provided by qualitative methods of research. Further research should also consider the effect of different control variables and mediation effects. Practical implications Brand managers and companies providing services through digital platforms should address individuals' needs in order to stimulate voluntary engagement in persistent SE practices. Social implications This study informs the consumer in general so that the SE can develop its potential alongside an economy based on the ownership of private property. Originality/value This study extends findings on continuance intention research by offering internal motivation factors as predictors of post-adoption behaviour and emphasizes the role of use on SE continuance intention.",http://hdl.handle.net/10362/110083,
49,"Mustapha Mukhtar, Bismark Ameyaw, Nasser Yimen, Zhang Quixin, Olusola Bamisile, Humphrey Adun, Mustafa Dagbasi",Building Retrofit and Energy Conservation/Efficiency Review: A Techno-Environ-Economic Assessment of Heat Pump System Retrofit in Housing Stock,2021,Sustainability,Multidisciplinary Digital Publishing Institute,https://doi.org/10.3390/su13020983,,395,2026-05-27 20:41:01,article,10.3390/su13020983,2071-1050,,13,2,983,983,49,9.80,7,7,5,"The world has not been able to achieve minimum greenhouse gas emissions in buildings’ energy consumptions because the energy and emissions optimization techniques have not been fully utilized. Thermal comfort is one of the most important issues for both residential and commercial buildings. Out of the 40% of global energy consumed by buildings, a large fraction is used to maintain their thermal comfort. In this study, a comprehensive review of the recent advancements in building energy conservation and efficiency application is presented based on existing high-quality research papers. Additionally, the retrofit of the heating/cooling and hot water system for an entire community in Cyprus is presented. This study aims to analyze the technical and environmental benefits of replacing existing electric heaters for hot water with heat pump water heating systems and the use of heat pump air conditioners for thermal comfort in place of the existing ordinary air conditioners for space heating and cooling. One administrative building, 86 apartments (including residential and commercial) buildings, and a restaurant building is retrofitted, and the feasibility of the project is determined based on three economic indicators, namely; simple payback period (SPP), internal rate of return (IRR), and net present value (NPV). The electrical energy required by the hot water systems and the heating/cooling system is reduced by 263,564 kWh/yr and 144,825 kWh/yr, respectively. Additionally, the retrofit project will reduce Cyprus’ CO2 emission by 121,592.8 kg yearly. The SPP, IRR, and NPV for the project show that the retrofit is economically feasible.",https://www.mdpi.com/2071-1050/13/2/983/pdf?version=1611279732,
48,Elisa Arrigo,Digital platforms in fashion rental: a business model analysis,2021,Journal of Fashion Marketing and Management,Emerald Publishing Limited,https://doi.org/10.1108/jfmm-03-2020-0044,,401,2026-05-27 20:41:01,article,10.1108/jfmm-03-2020-0044,1361-2026,,26,1,1,20,48,9.60,48,1,5,"Purpose The purpose of this paper is to explore the key features of fashion rental from a business model perspective with a focus on the role played by digital platforms. Design/methodology/approach A qualitative research design was used based on multiple case studies of three Italian fashion rental enterprises. Findings The findings reveal the key aspects characterizing fashion rental business models and the centrality of digital platforms in value creation, configuration and capture activities. The study also found that fashion rental platforms are likely to exhibit further successful development in the future. Originality/value The academic literature on fashion rental has been mainly focussed on examining consumers' motivations and concerns, paying little attention to the enterprise's viewpoint. To date, no previous study has examined fashion rental business models from the retailer's perspective. This paper is the first to explore the key components of fashion rental business models and how digital platforms influence them from the perspective of retailers. The originality of the study is further strengthened by the unique context of analysis, namely, Italy, a leading country for global fashion.",https://www.emerald.com/insight/content/doi/10.1108/JFMM-03-2020-0044/full/pdf?title=digital-platforms-in-fashion-rental-a-business-model-analysis,
47,"Lih Wei Yeow, Raymond Low, Yu Xiang Tan, Lynette Cheah",Point-of-Interest (POI) Data Validation Methods: An Urban Case Study,2021,ISPRS International Journal of Geo-Information,Multidisciplinary Digital Publishing Institute,https://doi.org/10.3390/ijgi10110735,,415,2026-05-27 20:41:01,article,10.3390/ijgi10110735,2220-9964,,10,11,735,735,47,9.40,12,4,5,"Point-of-interest (POI) data from map sources are increasingly used in a wide range of applications, including real estate, land use, and transport planning. However, uncertainties in data quality arise from the fact that some of this data are crowdsourced and proprietary validation workflows lack transparency. Comparing data quality between POI sources without standardized validation metrics is a challenge. This study reviews and implements the available POI validation methods, working towards identifying a set of metrics that is applicable across datasets. Twenty-three validation methods were found and categorized. Most methods evaluated positional accuracy, while logical consistency and usability were the least represented. A subset of nine methods was implemented to assess four real-world POI datasets extracted for a highly urbanized neighborhood in Singapore. The datasets were found to have poor completeness with errors of commission and omission, although spatial errors were reasonably low (&lt;60 m). Thematic accuracy in names and place types varied. The move towards standardized validation metrics depends on factors such as data availability for intrinsic or extrinsic methods, varying levels of detail across POI datasets, the influence of matching procedures, and the intended application of POI data.",https://www.mdpi.com/2220-9964/10/11/735/pdf?version=1635488644,
47,Joe Penny,“Revenue Generating Machines”? London’s Local Housing Companies and the Emergence of Local State Rentierism,2021,Antipode,Wiley,https://doi.org/10.1111/anti.12774,,417,2026-05-27 20:41:01,article,10.1111/anti.12774,0066-4812,,54,2,545,566,47,9.40,47,1,5,"Abstract Since 2010, faced with deep austerity measures, 27 London councils have set up a housing company to acquire, develop, and manage housing. Following 40 years of privatisation, these council‐owned companies have been celebrated as a post‐neoliberal municipal alternative to the hegemony of market‐led urban policy. By developing commodified real estate and monetising rising land values, they promise to deliver well‐designed housing, generate long‐term fiscal rents, and secure local state autonomy. Drawing on in‐depth empirical research, this paper develops a situated political economic critique of the limitations, contradictions, and risks of local housing companies in London. Framed as a “critical case”, providing insight into the politics of speculative urban provisioning and land value extraction, I argue that local housing companies represent a mode of municipal statecraft—a local state rentierism—that leans into and reproduces a political economy of financialisation and rentierism with potentially long‐term implications for collective urban provisioning.",https://discovery.ucl.ac.uk/10142467/1/REVISIONS%20Revenue%20Generating%20Machines%20Paper%20V2%20copy.pdf,
45,"Catherine Brinkley, Carl Stahmer",What Is in a Plan? Using Natural Language Processing to Read 461 California City General Plans,2021,Journal of Planning Education and Research,SAGE Publishing,https://doi.org/10.1177/0739456x21995890,,436,2026-05-27 20:41:01,article,10.1177/0739456x21995890,0739-456X,,44,2,632,648,45,9.00,23,2,5,"Land-use control is local and highly varied. State agencies struggle to assess plan contents. Similarly, advocacy groups and planning researchers wrestle with the length of planning documents and ability to compare across plans. The goal of this research is to (1) introduce Natural Language Processing techniques that can automate qualitative coding in planning research and (2) provide policy-relevant exploratory findings. We assembled a database of 461 California city-level General Plans, extracted the text, and used topic modeling to identify areas of emphasis (clusters of co-occurring words). We find that California city general plans address more than sixty topics, including greenhouse gas mitigation and Climate Action Planning. Through spatializing results, we find that a quarter of the topics in plans are regionally specific. We also quantify the rift and convergence of planning topics. The topics focused on housing have very little overlap with other planning topics. This is likely a factor of state requirements to update and evolve the Housing Elements every five years, but not other aspects of General Plans. This finding has policy implications as housing topics evolve away from other emphasis areas such as transportation and economic development. Furthermore, the topic modeling approach reveals that many cities have had a focus on environmental justice through Health and Wellness Elements well before the state mandate in 2019. Our searchable state-level database of general plans is the first for California-and nationally. We provide a model for others that wish to comprehensively assess and compare plan contents using machine learning.",https://escholarship.org/content/qt5d15s905/qt5d15s905.pdf,
39,"Kimberly A. Rollings, Christina Bollo",Permanent Supportive Housing Design Characteristics Associated with the Mental Health of Formerly Homeless Adults in the U.S. and Canada: An Integrative Review,2021,International Journal of Environmental Research and Public Health,Multidisciplinary Digital Publishing Institute,https://doi.org/10.3390/ijerph18189588,,517,2026-05-27 20:41:01,review,10.3390/ijerph18189588,1660-4601,,18,18,9588,9588,39,7.80,20,2,5,"The built environment directly and indirectly affects mental health, especially for people transitioning from long-term homelessness to permanent supportive housing (PSH) who often experience co-occurring behavioral health challenges. Despite a rapid increase in PSH availability, little research examines influences of architecture and design within this context. This integrative review synthesized limited research on PSH design in the U.S. and Canada to identify built environment characteristics associated with PSH residents' mental health, highlight gaps in the literature, and prioritize future research directions. A systematic search for peer-reviewed articles was conducted using nine databases drawing from multiple disciplines including architecture, environmental psychology, interior design, psychology, psychiatry, medicine, and nursing. Seventeen articles met inclusion criteria. Study design, methodology, built environment properties, place attributes, and relevant findings were extracted and iteratively analyzed. Three domains relevant to architecture and design were identified related to home, ontological security, and trauma sensitivity; dwelling unit type, privacy, control, safety, housing quality and location, and access to amenities; and shared common space. Integrative review results emphasize the potential of architecture and design to contribute to improved built environment quality and mental health outcomes among PSH residents. Methodological limitations and directions for future research are also discussed.",https://www.mdpi.com/1660-4601/18/18/9588/pdf?version=1632445822,
38,"Joshua Maine, Emilia Florin Samuelsson, Timurs Umans","Ambidextrous sustainability, organisational structure and performance in hybrid organisations",2021,Accounting Auditing & Accountability Journal,Emerald Publishing Limited,https://doi.org/10.1108/aaaj-12-2019-4338,,532,2026-05-27 20:41:01,article,10.1108/aaaj-12-2019-4338,0951-3574,,35,3,734,769,38,7.60,13,3,5,"Purpose Drawing on paradox theory, this study explores how ambidextrous sustainability relates to organisational performance in hybrid organisations represented by Swedish municipal housing corporations, and how this relationship is contingent on the organisational structure of these organisations. Design/methodology/approach The study relies on the data collected from Swedish municipal housing corporations. These data sources consist of a survey sent to the management team members in Swedish municipal housing corporations, financial and non-financial archival data on these corporations, interviews with the management team and board members, and observations of meetings involving the management team and board of directors at a Swedish municipal housing corporation. Quantitative data of the study were analysed using descriptive statistics, correlation analysis and linear multiple regression analysis. Qualitative data were analysed employing deductive thematic analysis and were used to illustrate and discuss the results of the quantitative analysis. Findings The quantitative findings show that ambidextrous sustainability, i.e. the alignment between an explorative orientation and an exploitative orientation towards sustainability, has a weakly positive relationship with financial performance and a positive relationship with social performance in hybrid organisations represented by Swedish municipal housing corporations. The study further shows that a high level of the structural element “connectedness” weakened the relationship between the ambidextrous sustainability and financial performance of the organisation in the study. In contrast, a lower level of connectedness reinforced and strengthened this relationship. Our qualitative material illustrates how the quantitative findings could be explained by the interaction between the board of directors and the management team of these hybrid organisations. Originality/value The study shows how ambidextrous sustainability, employed for conceptualisation of the sustainability strategy in hybrid organisations, represented by Swedish municipal housing corporations, can impact on facets of performance (i.e. financial, social and environmental) differently. The study further highlights the importance of organisational structures in these relationships in a hybrid context.",https://www.emerald.com/insight/content/doi/10.1108/AAAJ-12-2019-4338/full/pdf?title=ambidextrous-sustainability-organisational-structure-and-performance-in-hybrid-organisations,
38,"Adewale Henry Adenuga, Claire Jack, Ronan McCarry",The Case for Long-Term Land Leasing: A Review of the Empirical Literature,2021,Land,Multidisciplinary Digital Publishing Institute,https://doi.org/10.3390/land10030238,,559,2026-05-27 20:41:01,review,10.3390/land10030238,2073-445X,,10,3,238,238,38,7.60,13,3,5,"Land, as a factor of production, has a vital role within the agricultural sector compared with other sectors. However, in recent years, land mobility has become a significant issue around the world with increased concentration and competition for land ownership, limiting the overall competitiveness of the agri-food sector and constraining the potential opportunities for new entrant farmers to access land. While land leasing is increasingly being embraced as a common form of land tenure serving as an alternative to the purchase of land for agriculture, the length of lease has been shown to have a significant impact on land productivity and sustainability. In this study, we provide a comprehensive and systematic review exploring the benefits of longer-term land leasing with a particular focus on developed countries and some selected developing countries in the context of commercial farming with more formal arrangements. Specifically, we highlight the barriers to long-term land leasing and identify potential incentives that might be adopted to encourage long-term land leasing for both landowners and farmers who seek to rent land.",https://www.mdpi.com/2073-445X/10/3/238/pdf?version=1614571775,
36,"Michael Atafo Adabre, Albert P.C. Chan, Amos Darko",A scientometric analysis of the housing affordability literature,2021,Journal of Housing and the Built Environment,Springer Science+Business Media,https://doi.org/10.1007/s10901-021-09825-0,,585,2026-05-27 20:41:01,article,10.1007/s10901-021-09825-0,1566-4910,,36,4,1501,1533,36,7.20,12,3,5,,http://ira.lib.polyu.edu.hk/bitstream/10397/97485/1/Adabre_Scientometric_Analysis_Housing.pdf,
36,"Pernille Christensen, Spenser Robinson, Robert A. Simons","Institutional investor motivation, processes, and expectations for sustainable building investment",2021,Building Research & Information,Taylor & Francis,https://doi.org/10.1080/09613218.2021.1908878,,592,2026-05-27 20:41:01,article,10.1080/09613218.2021.1908878,0961-3218,,50,3,276,290,36,7.20,12,3,5,"This paper examines strategic motivations, processes and expectations for institutional real estate owners around sustainable improvements and eco-labelling in office buildings. A series of 33 industry interviews with senior representatives of institutional real estate owners (e.g. REITs, Pension Funds, Opportunity Funds, and Investment Managers) were conducted to explore three key research questions. First, what motivates firms to invest in and move towards green technologies and certifications? Second, how do firms choose to implement, manage and maintain green investments and eco-labels? Third, what, if any, are the financial expectations of investing in green labelling and efficiencies? Results from the constant comparison analysis of the transcripts reveal that expected financial outcomes dominate environmental, broader sustainability and governance concerns when making decisions related to sustainability. The perceived value in eco-labelling was found to be widespread. Data collection and benchmarking related to energy and water usage were found to be the new norm for institutional managers and investors. In addition, a range of localized and firm-level policies was identified. A rigorous interview protocol was followed to reduce threats to reliability and validity.",https://opus.lib.uts.edu.au/bitstream/10453/151595/2/BRI_RR-2021_Final%20Edits_clean.pdf,
35,"Ciara Keenan, Sarah Miller, Jennifer Hanratty, Terri Pigott, Jayne Hamilton, Christopher Coughlan, Peter Mackie, Suzanne Fitzpatrick, John Cowman","Accommodation‐based interventions for individuals experiencing, or at risk of experiencing, homelessness",2021,Campbell Systematic Reviews,The Campbell Collaboration,https://doi.org/10.1002/cl2.1165,,619,2026-05-27 20:41:01,review,10.1002/cl2.1165,1891-1803,,17,2,,,35,7.00,4,9,5,"Background: Globally, almost 1.6 billion individuals lack adequate housing. Many accommodation-based approaches have evolved across the globe to incorporate additional support and services beyond delivery of housing. Objectives: This review examines the effectiveness of accommodation-based approaches on outcomes including housing stability, health, employment, crime, wellbeing, and cost for individuals experiencing or at risk of experiencing homelessness. Search Methods: The systematic review is based on evidence already identified in two existing EGMs commissioned by the Centre for Homelessness Impact (CHI) and built by White et al. The maps were constructed using a comprehensive three stage search and mapping process. Stage one mapped included studies in an existing systematic review on homelessness, stage two was an extensive search of 17 academic databases, three EGM databases, and eight systematic review databases. Finally stage three included web searches for grey literature, scanning reference lists of included studies and consultation with experts to identify additional literature. We identified 223 unique studies across 551 articles from the effectiveness map on 12th April 2019. Selection Criteria: We include research on all individuals currently experiencing, or at risk of experiencing homelessness irrespective of age or gender, in high-income countries. The Network Meta-Analysis (NMA) contains all study designs where a comparison group was used. This includes randomised controlled trials (RCTs), quasi-experimental designs, matched comparisons and other study designs that attempt to isolate the impact of the intervention on homelessness. The NMA primarily addresses how interventions can reduce homelessness and increase housing stability for those individuals experiencing, or at risk of experiencing, homelessness. Additional outcomes are examined and narratively described. These include: access to mainstream healthcare; crime and justice; employment and income; capabilities and wellbeing; and cost of intervention. These outcomes reflect the domains used in the EGM, with the addition of cost. Data Collection and Analysis: Due to the diverse nature of the literature on accommodation-based approaches, the way in which the approaches are implemented in practice, and the disordered descriptions of the categories, the review team created a novel typology to allow meaningful categorisations for functional and useful comparison between the various intervention types. Once these eligible categories were identified, we undertook dual data extraction, where two authors completed data extraction and risk of bias (ROB) assessments independently for each study. NMA was conducted across outcomes related to housing stability and health.Qualitative data from process evaluations is included using a ""Best Fit"" Framework synthesis. The purpose of this synthesis is to complement the quantitative evidence and provide a better understanding of what factors influenced programme effectiveness. All included Qualitative data followed the initial framework provided by the five main analytical categories of factors of influence (reflected in the EGM), namely: contextual factors, policy makers/funders, programme administrators/managers/implementing agencies, staff/case workers and recipients of the programme. Main Results: There was a total of 13,128 people included in the review, across 51 reports of 28 studies. Most of the included studies were carried out in the United States of America (25/28), with other locations including Canada and the UK. Sixteen studies were RCTs (57%) and 12 were nonrandomised (quasi-experimental) designs (43%). Assessment of methodological quality and potential for bias was conducted using the second version of the Cochrane Risk of Bias tool for Randomised controlled trials. Nonrandomised studies were coded using the ROBINS- I tool. Out of the 28 studies, three had sufficiently low ROB (11%), 11 (39%) had moderate ROB, and five (18%) presented serious problems with ROB, and nine (32%) demonstrated high, critical problems with their methodology. A NMA on housing stability outcomes demonstrates that interventions offering the highest levels of support alongside unconditional accommodation (High/Unconditional) were more effective in improving housing stability compared to basic support alongside unconditional housing (Basic/Unconditional) (ES=1.10, 95% confidence interval [CI] [0.39, 1.82]), and in comparison to a no-intervention control group (ES=0.62, 95% CI [0.19, 1.06]). A second NMA on health outcomes demonstrates that interventions categorised as offering Moderate/Conditional (ES= 0.36, 95% CI [0.03, 0.69]) and High/Unconditional (ES = 0.22, 95% CI [0.01, 0.43]) support were effective in improving health outcomes compared to no intervention. These effects were smaller than those observed for housing stability. The quality of the evidence was relatively low but varied across the 28 included studies. Depending on the context, finding accommodation for those who need it can be hindered by supply and affordability in the market. The social welfare approach in each jurisdiction can impact heavily on support available and can influence some of the prejudice and stigma surrounding homelessness. The evaluations emphasised the need for collaboration and a shared commitment between policymakers, funders and practitioners which creates community and buy in across sectors and agencies. However, co-ordinating this is difficult and requires sustainability to work. For those implementing programmes, it was important to invest time in developing a culture together to build trust and solid relationships. Additionally, identifying sufficient resources and appropriate referral routes allows for better implementation planning. Involving staff and case workers in creating processes helps drive enthusiasm and energy for the service. Time should be allocated for staff to develop key skills and communicate engage effectively with service users. Finally, staff need time to develop trust and relationships with service users; this goes hand in hand with providing information that is up to date and useful as well making themselves accessible in terms of location and time. Authors' Conclusions: The network meta-analysis suggests that all types of accommodation which provided support are more effective than no intervention or Basic/Unconditional accommodation in terms of housing stability and health. The qualitative evidence synthesis raised a primary issue in relation to context: which was the lack of stable, affordable accommodation and the variability in the rental market, such that actually sourcing accommodation to provide for individuals who are homeless is extremely challenging. Collaboration between stakeholders and practitioners can be fruitful but difficult to coordinate across different agencies and organisations.",https://onlinelibrary.wiley.com/doi/pdfdirect/10.1002/cl2.1165,
34,"Agustín Álvarez‐Herránz, Edith Cecilia Macedo Ruíz",An Evaluation of the Three Pillars of Sustainability in Cities with High Airbnb Presence: A Case Study of the City of Madrid,2021,Sustainability,Multidisciplinary Digital Publishing Institute,https://doi.org/10.3390/su13063220,,625,2026-05-27 20:41:01,article,10.3390/su13063220,2071-1050,,13,6,3220,3220,34,6.80,17,2,5,"The recent proliferation of private tourist accommodations on what has been known as sharing economy has induced new models on urban tourism and on the use of traditional housing. Urban tourism pressure has caused many transformation processes with important impacts in neighborhoods with high tourist interest, which are shown in the evolution of certain urban sustainability indicators, such as those proposed by the UN-Habitat Agenda for Sustainable Cities in line with the principles of the Leipzig Charter on Sustainable European Cities. Due to the above, the objective of this work is to analyze the spatial distribution of Airbnb accommodations, and explore the factors associated with the situation of Airbnb rentals in relation to the indicators of urban sustainability of neighborhoods and variables related to the gentrification processes of neighborhoods in which there is crowding or overtourism, measured through the Global Tourist Stress Index. For this, a first-order spatial autoregressive panel (SAR) data model with fixed effects has been specified, the results of which provide us with information to understand how sustainability indicators in the neighborhoods of the city of Madrid in the time period 2015–2018, they would explain the location and number of Airbnb accommodations found there. Additionally, it allows us to observe the existence of a spillover effect from the central neighborhoods, with a high per capita income, to nearby neighborhoods with lower income due to the level of tourist crowding, which is a contribution to the scarce existing literature.",https://www.mdpi.com/2071-1050/13/6/3220/pdf?version=1615865878,
34,"Sofia Biffi, Rebecca Traldi, Bart Crezee, Michael Beckmann, Lukas Egli, Dietrich J. Epp Schmidt, Nicole Motzer, Murat Okumah, Ralf Seppelt, Eleonore Louise Slabbert, Kate Tiedeman, Haoluan Wang, Guy Ziv",Aligning agri-environmental subsidies and environmental needs: a comparative analysis between the US and EU,2021,Environmental Research Letters,IOP Publishing,https://doi.org/10.1088/1748-9326/abfa4e,,645,2026-05-27 20:41:01,article,10.1088/1748-9326/abfa4e,1748-9326,,16,5,22583,22583,34,6.80,3,13,5,"Abstract The global recognition of modern agricultural practices’ impact on the environment has fuelled policy responses to ameliorate environmental degradation in agricultural landscapes. In the US and the EU, agri-environmental subsidies (AES) promote widespread adoption of sustainable practices by compensating farmers who voluntarily implement them on working farmland. Previous studies, however, have suggested limitations of their spatial targeting, with funds not allocated towards areas of the greatest environmental need. We analysed AES in the US and EU—specifically through the Environmental Quality Incentives Program (EQIP) and selected measures of the European Agricultural Fund for Rural Development (EAFRD)—to identify if AES are going where they are most needed to achieve environmental goals, using a set of environmental need indicators, socio-economic variables moderating allocation patterns, and contextual variables describing agricultural systems. Using linear mixed models and linear models we explored the associations among AES allocation and these predictors at different scales. We found that higher AES spending was associated with areas of low soil organic carbon and high greenhouse gas emissions both in the US and EU, and nitrogen surplus in the EU. More so than successes, however, clear mismatches of funding and environmental need emerged—AES allocation did not successfully target areas of highest water stress, biodiversity loss, soil erosion, and nutrient runoff. Socio-economic and agricultural context variables may explain some of these mismatches; we show that AES were allocated to areas with higher proportions of female producers in the EU but not in the US, where funds were directed towards areas with less tenant farmers. Moreover, we suggest that the potential for AES to remediate environmental issues may be curtailed by limited participation in intensive agricultural landscapes. These findings can help inform refinements to EQIP and EAFRD allocation mechanisms and identify opportunities for improving future targeting of AES spending.",https://iopscience.iop.org/article/10.1088/1748-9326/abfa4e/pdf,
33,Kendra Strauss,"Beyond crisis? Using rent theory to understand the restructuring of publicly funded seniors’ care in British Columbia, Canada",2021,Environment and Planning A Economy and Space,SAGE Publishing,https://doi.org/10.1177/0308518x20983152,,673,2026-05-27 20:41:01,article,10.1177/0308518x20983152,0308-518X,,55,6,1506,1527,33,6.60,33,1,5,"Crises of seniors' care in countries like the UK and Canada, further highlighted by the COVID-19 pandemic, have been connected to processes of privatization and financialization. In this paper I argue that rent theory is important for disaggregating mechanisms, including of accumulation by dispossession, the devaluation of labour, and assetization, that underpin the process of financialization in the sector. Work on rents often divides between critical approaches, especially to land rent, and mainstream institutionalist and public choice approaches to rent-seeking. Critical rent theory is evolving beyond this divide to understand a broader range of types of rent. Yet, despite attention to the increasing importance of economic rents and forms of rentierism, labour and social reproduction are often excluded from the analysis of how rent relations arise. This paper demonstrates the problems with these exclusions. The argument is illustrated through an analysis of the restructuring of eldercare in British Columbia, Canada, in the last two decades, and employs a feminist political economy approach to examine the social production of rent relations.",https://journals.sagepub.com/doi/pdf/10.1177/0308518X20983152,
30,"Xueping Cong, Xueming Li, Yilu Gong",Spatiotemporal Evolution and Driving Forces of Sustainable Development of Urban Human Settlements in China for SDGs,2021,Land,Multidisciplinary Digital Publishing Institute,https://doi.org/10.3390/land10090993,,736,2026-05-27 20:41:01,article,10.3390/land10090993,2073-445X,,10,9,993,993,30,6.00,10,3,5,"As the world’s largest developing country, China has actively implemented the UN Sustainable Development Goals (SDGs). Sustainable development of urban human settlements is the result of localization and the deepening of sustainable development theory in China. This study combines SDGs to construct an evaluation index system for the sustainable development of urban human settlements in China, using optimization methods, such as natural breaks (Jenks), exploratory spatial data analysis, and GeoDetector, to conduct systematic research on the spatiotemporal evolution of the current sustainable development level and analyze the core driving forces of urban human settlements in 285 prefecture-level cities in China from 2000 to 2019. Our study revealed that: (1) The overall sustainable development level of urban human settlements and their subsystems in China has improved steadily, but the levels of subsystems are quite different; (2) the sustainable development level of the urban human settlements in China can be expressed as a spatial pattern of “high in the east and low in the west, high in the south and low in the north” and has relatively significant spatial correlation characteristics; notably, the development level of each subsystem has different spatial characteristics; (3) the sustainable development level of urban human settlements is mainly based on medium sustainability, and the main development model is to progress from a medium-low development level to a medium-high development level; (4) the sustainable development level of urban human settlements is mainly driven by the per capita gross domestic product (GDP), housing price-to-income ratio, investment in education and scientific research, Internet penetration, and PM2.5.",https://www.mdpi.com/2073-445X/10/9/993/pdf?version=1632385600,
29,"Hanbing Yang, Meichen Fu, Li Wang, Feng Tang",Mixed Land Use Evaluation and Its Impact on Housing Prices in Beijing Based on Multi-Source Big Data,2021,Land,Multidisciplinary Digital Publishing Institute,https://doi.org/10.3390/land10101103,,766,2026-05-27 20:41:01,article,10.3390/land10101103,2073-445X,,10,10,1103,1103,29,5.80,7,4,5,"The tense relationship between the supply and demand of land resources and the past spatial expansion of urban development in Beijing have brought many urban problems. Mixed land use is considered to be able to solve these urban problems as well as promote sustainable urban development. In this context, this study uses multi-source big data such as POI, OpenStreetMap and web crawler data to construct current land-use data of the area within the sixth ring road of Beijing, and then uses the entropy index and type number index to analyze the spatial distribution and aggregation characteristics of the mixed land-use level. Finally, a multi-scale geographically weighted regression is applied to explore the impact of the block and life circle scale mixed land use on housing prices. The results show that: (1) the accuracy of land use data obtained by using multi-source big data is high, and the consistency with the real land use situation is as high as 82.67%. (2) the mixed land use level in the study area is higher in the urban center and lower in the periphery of the city. However, it does not show the spatial distribution characteristics gradually decreasing with the increase of the distance from the urban center but shows that the area from the third to the fifth ring road is the highest. (3) the impact of block scale and life circle scale mixed land use on housing price is different. The type number index has a negative effect on the housing price in block scale mixed land use, while the entropy index has a positive effect on the housing price in life circle scale mixed land use. Based on the existing “bottom-up” individual-dominant development mode, the government of Beijing should issue relevant policies and documents to give “top-down” control and guidance in the future, so as to promote the maximization of the benefits of mixed land use. Furthermore, in the practice of mixed land use in Beijing, land use types should be reduced at the block scale and the area of different land use types should be balanced at the life circle scale.",https://www.mdpi.com/2073-445X/10/10/1103/pdf?version=1634721785,
28,Elsa Noterman,Speculating on vacancy,2021,Transactions of the Institute of British Geographers,Wiley,https://doi.org/10.1111/tran.12477,,800,2026-05-27 20:41:01,article,10.1111/tran.12477,0020-2754,,47,1,123,138,28,5.60,28,1,5,"Abstract Property speculation has long served a role in the settler colonial appropriation of land and the racialised uneven development of contemporary cities. This future‐oriented approach to property acquisition and management is underpinned by notions of vacancy that erase past and present forms of possession and associate racialised spaces with lack and risk. Efforts to define, represent, and manage the speculative value of “vacant” properties through predictive mapping work to colonise the future in ways that erase the present and past. In this paper, I reflect on the role of speculative cartographies of property in both reifying and undermining normative urban property regimes. Specifically, I examine the city of Philadelphia’s use of cartographic tools to identify “likely” property vacancy and how they relate to ongoing racialised dispossession. I then turn to consider the potential of speculative (counter) cartographies of property to contribute to new political realities, not just prevailing geographies. To do so, I engage with the work of artists and activists who are using mapmaking grounded in Afrofuturism to reclaim and reimagine the space‐times of properties deemed by city officials and developers to be “empty” or “wasted.” I suggest that while speculative cartographies of property facilitate the consolidation of liberal property regimes, they also allow for their disruption by revealing their situatedness and contingency – and by facilitating alternative visions of urban futures.",https://onlinelibrary.wiley.com/doi/pdfdirect/10.1111/tran.12477,
28,"Mohammad Anwar Alattar, Caitlin Cottrill, Mark Beecroft",Sources and Applications of Emerging Active Travel Data: A Review of the Literature,2021,Sustainability,Multidisciplinary Digital Publishing Institute,https://doi.org/10.3390/su13137006,,816,2026-05-27 20:41:01,review,10.3390/su13137006,2071-1050,,13,13,7006,7006,28,5.60,9,3,5,"Active travel (AT) has the potential to integrate with, or in some cases substitute for, trips taken by motorized transportation. In this paper we review relevant research on AT outcomes to address the potential of AT and emerging data sources in supporting the transport paradigm shift toward AT. Our analysis identifies physical, mental, built and physical environmental, monetary, and societal outcomes. Traditional methods used to acquire AT data can be divided into manual methods that require substantial user input and automated methods that can be employed for a lengthier period and are more resilient to inclement weather. Due to the proliferation of information and communication technology, emerging data sources are prevailing and can be grouped into social fitness networks, in-house developed apps, participatory mapping, imagery, bike sharing systems, social media, and other types. We assess the emerging data sources in terms of their applications and potential limitations. Furthermore, we identify developing policies and interventions, the potential of imagery, focusing on non-cycling modes and addressing data biases. Finally, we discuss the challenges of data ownership within emerging AT data and the corresponding directions for future work.",https://www.mdpi.com/2071-1050/13/13/7006/pdf?version=1624360110,
27,"Kyle Nelson, Ashley Gromis, Yiwen Kuai, Michael Lens","Spatial Concentration and Spillover: Eviction Dynamics in Neighborhoods of Los Angeles, California, 2005–2015",2021,Housing Policy Debate,Taylor & Francis,https://doi.org/10.1080/10511482.2020.1847163,,848,2026-05-27 20:41:01,article,10.1080/10511482.2020.1847163,1051-1482,,31,3,670,695,27,5.40,7,4,5,"The lack of sufficient affordable housing in Los Angeles, California burdens many renter households with the threat of an eviction. Research has identified individual- and neighborhood-level sociodemographic correlates of eviction, but the uneven distribution of sociodemographic characteristics and housing conditions across neighborhoods likely produces broader patterns of spatial clustering in eviction prevalence across local areas. We use spatial autoregressive models to explain the spatial concentration and spillover effects for two types of formal eviction filings-court-based and no-fault Ellis Act petitions-within and across census tracts in Los Angeles. Court-based filings show greater and more persistent spatial concentration, particularly in neighborhoods with higher percentages of Black residents. We find evidence of spatial correlation for both types of eviction, however, suggesting that identifying the spatial distribution of eviction prevalence across local areas is important to understanding how location shapes eviction risk in metropolitan areas.",https://pmc.ncbi.nlm.nih.gov/articles/PMC10696918/pdf/nihms-1895782.pdf,
27,"Eja Pedersen, Jonas Borell, Yujing Li, Kristian Stålne",Good indoor environmental quality (IEQ) and high energy efficiency in multifamily dwellings: How do tenants view the conditions needed to achieve both?,2021,Building and Environment,Elsevier BV,https://doi.org/10.1016/j.buildenv.2020.107581,,862,2026-05-27 20:41:01,article,10.1016/j.buildenv.2020.107581,0360-1323,,191,,107581,107581,27,5.40,7,4,5,"Sustainable housing that both creates good indoor environmental quality (IEQ) and avoids unnecessary energy use has proved difficult to realize. Renovations of multifamily houses provide an opportunity to find this balance. This study concerns whether tenants perceive that conditions for achieving sufficient IEQ with low energy use exist. Focus group interviews with 42 participants, in areas where the rents were in the lower range and included heating up to 21 °C, aimed to capture the tenants' perceptions of: IEQ and actions taken to regulate it; information and control; the connections between IEQ and energy use; and the role of the housing company. Good IEQ was crucial to interviewees, who described it as sufficient heat without draughts, ability to ventilate, and no disturbing sounds or smells. The main responsibility was attributed to the housing company, but daily regulation controlled by tenants. However, unclear interfaces between tenants and the systems that regulate IEQ make it difficult for tenants to act as a positive part of the system. Tenants did not link IEQ to energy use. A holistic view of the physical environment's affordances, including intuitive interfaces, could optimize the balance between good IEQ and energy use.",https://www.sciencedirect.com/science/article/pii/S0360132320309483?via%3Dihub,
27,"Tuna Taşan‐Kok, Sara Özogul, Andre Legarza",After the crisis is before the crisis: Reading property market shifts through Amsterdam’s changing landscape of property investors,2021,European Urban and Regional Studies,SAGE Publishing,https://doi.org/10.1177/09697764211021883,,863,2026-05-27 20:41:01,article,10.1177/09697764211021883,0969-7764,,28,4,375,394,27,5.40,9,3,5,"Shifts in property markets are closely tied to changes in investment actors’ relations, shaped by wider economic and regulatory processes. However, the existing literature generally neglects the role of actors’ behaviour and agency within property market shifts, and how market shifts affect cities. In response, we establish a framework that systematically unpacks the role, characteristics and behaviour of property investors in investment market shifts within urban development. We consider market shifts as modifications to established economic and regulatory processes and argue that a multidimensional approach is required to understand property investors and their role within property investment markets that shapes the urban built environment. Our main contribution is a novel approach and methodology to read changing property investor landscapes by linking wider economic and regulatory changes to investment actors and their investment strategies. Empirically, we focus on Amsterdam’s changing investor landscape over the last 15 years. We investigate how crises, represented by far-reaching institutional disruptions of economic and regulatory systems, relate to Amsterdam’s landscape of property investors. Correspondingly, we define three distinct periods of analysis, based on transaction volumes and regulatory interventions at national and local levels: the pre-global financial crisis (GFC) period from 2005 to 2008, the post-GFC recovery period from 2009 to 2013, and the pre-Covid19 boom period from 2014 to 2020. We reveal how Amsterdam’s investor landscape changed over the course of these periods through a mixed methods analysis, including quantitative investment transaction analysis, mapping, and in-depth interviews with investors. We ultimately suggest that reading property market shifts through multidimensional characteristics would enable more targeted policy solutions, moving away from empirically ill-supported stereotypes of property actor behaviours.",https://journals.sagepub.com/doi/pdf/10.1177/09697764211021883,
27,Katharine M. Broton,Poverty in American Higher Education,2021,Journal of Postsecondary Student Success,,https://doi.org/10.33009/fsop_jpss129147,,864,2026-05-27 20:41:01,article,10.33009/fsop_jpss129147,2769-4879,,1,2,18,45,27,5.40,27,1,5,"A substantial share of college students experience housing insecurity and too many students leave higher education before earning a credential. Both of these experiences are more common among students from low-income families who often lack adequate resources. While prior conceptual and qualitative investigations suggest that housing insecurity is associated with poorer student outcomes, this relationship has not been tested due to quantitative data limitations. In this paper, I use data from a state-wide longitudinal study of students from low-income families to conduct the first empirical test of the relationship between housing insecurity early in college and later college achievement and attainment. Findings show that housing insecurity is a statistically significant predictor of academic success, net of background factors. Specifically, housing insecurity is associated with an 8 to 12 percentage-point reduction in the probability of later degree attainment or enrollment. In the short-term, housing insecurity is also associated with lower mean GPA, a lower probability of obtaining at least a 2.0 GPA, and a higher probability of enrolling part-time rather than full-time, indicating that housing insecurity affects students’ college academic experiences in multiple ways. Efforts to promote college attainment should be expanded to consider students’ housing security. There are likely several points in time and multiple ways that higher education institutions, nonprofit agencies, and policymakers can intervene to promote secure housing and college success.",https://journals.flvc.org/jpss/article/download/129147/132462,
27,"Jiang Zhu, Olivera Marjanovic",A Different Kind of Sharing Economy: A Literature Review of Platform Cooperatives,2021,Proceedings of the ... Annual Hawaii International Conference on System Sciences/Proceedings of the Annual Hawaii International Conference on System Sciences,,https://doi.org/10.24251/hicss.2021.502,,870,2026-05-27 20:41:01,review,10.24251/hicss.2021.502,1530-1605,,,,,,27,5.40,14,2,5,"We are now living in the so-called sharing economy, exemplified by the ride sharing platform Uber and short-term rental sharing platform Airbnb. In spite of the convenience and benefits of the sharing economy, there is a growing awareness of its negative and harmful societal effects. In response, platform cooperatives have started to emerge, aiming to create a different kind of sharing economy. However, the novelty of platform cooperatives combined with lack of research attention, continue to limit our understanding of the social and other benefits of platform cooperatives. The main objective of this paper is to provide a literature review on platform cooperatives, focusing on their social values and benefits. Analysis of the key publications reveals high potential of platform cooperatives as a more ethical and fairer alternative to platform capitalism that create value for their members/co-owners, while creating value for society.",http://scholarspace.manoa.hawaii.edu/bitstream/10125/71119/1/0406.pdf,
26,"Lisa Garnham, Steve Rolfe, Isobel Anderson, Pete Seaman, Jon Godwin, Cam Donaldson","Intervening in the cycle of poverty, poor housing and poor health: the role of housing providers in enhancing tenants’ mental wellbeing",2021,Journal of Housing and the Built Environment,Springer Science+Business Media,https://doi.org/10.1007/s10901-021-09852-x,,889,2026-05-27 20:41:01,article,10.1007/s10901-021-09852-x,1566-4910,,37,1,1,21,26,5.20,4,6,5,"Poverty, poor housing and poor health are complexly interconnected in a cycle that has proven resistant to intervention by housing providers or policy makers. Research often focuses on the impacts of the physical housing defects, particularly upon rates of (physical) illness and disease. There has been comparatively little research into the ways in which housing services can underpin the generation of positive health and, especially, wellbeing. Drawing on qualitative data from 75 tenants in the social and private rented sectors, this paper describes the findings of a research project that tracked tenants' experiences across their first year in a new tenancy in Greater Glasgow, Scotland. The project collected data on tenants' perceptions of housing and housing service quality, financial coping and health and wellbeing, which was analysed using the principles of Realist Evaluation to elucidate impacts and causal pathways. Being able to establish a sense of home was key to tenants' wellbeing. The home provided many tenants with a recuperative space in which to shelter from daily stressors and was a source of autonomy and social status. A sense of home was underpinned by aspects of the housing service, property quality and affordability which are potentially amenable to intervention by housing providers. These findings raise questions about the extent to which social housing providers and the private rental market in the UK are able to meet the needs of vulnerable tenants. They suggest that approaches to housing provision that go beyond providing a basic dwelling are needed to successfully intervene in the cycle of poverty, poor housing and poor health.",https://link.springer.com/content/pdf/10.1007/s10901-021-09852-x.pdf,
26,"Fan Zhang, Albert P.C. Chan, Amos Darko, Dezhi Li",BIM-enabled multi-level assessment of age-friendliness of urban housing based on multiscale spatial framework: enlightenments of housing support for “aging-in-place”,2021,Sustainable Cities and Society,Elsevier BV,https://doi.org/10.1016/j.scs.2021.103039,,894,2026-05-27 20:41:01,article,10.1016/j.scs.2021.103039,2210-6707,,72,,103039,103039,26,5.20,7,4,5,,https://www.sciencedirect.com/science/article/pii/S2210670721003231,
25,"Phillippa Carnemolla, Vivienne Skinner","Outcomes Associated with Providing Secure, Stable, and Permanent Housing for People Who Have Been Homeless: An International Scoping Review",2021,Journal of Planning Literature,SAGE Publishing,https://doi.org/10.1177/08854122211012911,,930,2026-05-27 20:41:01,article,10.1177/08854122211012911,0885-4122,,36,4,508,525,25,5.00,13,2,5,"As governments and service agencies across the world grapple with chronic rates of homelessness and housing instability, there is a growing need to understand the value that providing secure, stable housing brings to the lives of people who are homeless and the broader community. The complex nature of homelessness is revealed across a variety of academic fields including planning, pharmacology, urban affairs, housing policy, nutrition, psychiatry, sociology, public health, urban health, and criminology. We undertook a scoping review according to PRISMA-P (Preferred Reporting Items for Systematic Review and Meta-analysis) that mapped the breadth and scale of the evidence-base and identified themes and gaps. We identified 476 reports and after excluding duplicates and ones that did not relate to our criteria, were left with 100 studies from eight countries. Each of them identified benefits and/or changes that occurred when people experiencing homelessness or housing insecurity transitioned into a secure, stable home. Outcomes measured were distributed across a range of domains including physical and mental health, well-being, mortality rates, criminal justice interaction, service use, and cost-effectiveness. Findings varied by degree but overwhelmingly found improvements in all domains once people were permanently housed. Housing provided a foundation for people to envisage a better life and make plans for the future. As one woman who had fled a violent home was quoted as saying: “housing made everything else possible.” The research identified savings for taxpayers and the wider community once people left homelessness for the stability of a permanent home, even after factoring in the cost of housing and rental help. We found numerous gaps. For example, there was a prevalence of studies that focused on those who are visibly homeless, in particular chronically homeless men with mental illness and/or substance use issues. Much less research looked at women whose patterns of homelessness are more varied and even less at homelessness involving children and families. Women who had left domestic and family violence were investigated in a very small number of studies and sample sizes were small. Few reports undertook the complex task of quantifying and comparing cost savings. Other notable gaps were older women, older people more generally, refugees, recent migrants, veterans, Indigenous people and those with a disability.",https://journals.sagepub.com/doi/pdf/10.1177/08854122211012911,
24,Bo Kyong Seo,Co-creation of knowledge in the urban planning context: The case of participatory planning for transitional social housing in Hong Kong,2021,Cities,Elsevier BV,https://doi.org/10.1016/j.cities.2021.103518,,941,2026-05-27 20:41:01,article,10.1016/j.cities.2021.103518,0264-2751,,122,,103518,103518,24,4.80,24,1,5,,https://www.sciencedirect.com/science/article/pii/S0264275121004170,
24,"Felix Lorenz, Jonas Willwersch, Marcelo Cajias, Franz Fuerst",Interpretable Machine Learning for Real Estate Market Analysis,2021,SSRN Electronic Journal,RELX Group (Netherlands),https://doi.org/10.2139/ssrn.3835931,,953,2026-05-27 20:41:01,article,10.2139/ssrn.3835931,1556-5068,,,,,,24,4.80,6,4,5,,https://papers.ssrn.com/sol3/Delivery.cfm?abstractid=3835931,
24,"Mohammad Mujaheed Hassan, Nobaya Ahmad, Ahmad Hariza Hashim",Factors Influencing Housing Purchase Decision,2021,International Journal of Academic Research in Business and Social Sciences,,https://doi.org/10.6007/ijarbss/v11-i7/10295,,954,2026-05-27 20:41:01,article,10.6007/ijarbss/v11-i7/10295,2222-6990,,11,7,,,24,4.80,8,3,5,"House is among the essentials for human beings, which also functions as a protection and sustenance for household living. Although awning a ""dream home"" is the most desired life goal of individuals, it takes various aspects into account. Furthermore, provided that housing market results are based on diverse factors, this article attempts to identify and analyse the elements impacting a buyer's housing purchase decision. However, the remaining unpurchased residential units in the nation are the results of inconsistent pricing, less appealing and other several factors. Generally, the government and private developers must identify primary elements influencing house purchase, prevent abandoned projects, guarantee the successful operation of projects, and fulfil the homeowners' needs for the long term. Notably, this article is beneficial as a reference for future projects by researchers, developers, the government, and other professionals related to the housing industry.",https://hrmars.com/papers_submitted/10295/factors-influencing-housing-purchase-decision.pdf,
23,"Peter Smittenaar, Nicholas Stewart, Staci Sutermaster, Lindsay A. Coome, Aaron Dibner-Dunlap, Mokshada Jain, Yael Caplan, Christine Campigotto, Sema K. Sgaier",A COVID-19 Community Vulnerability Index to drive precision policy in the US,2021,medRxiv,,https://doi.org/10.1101/2021.05.19.21257455,,996,2026-05-27 20:41:01,preprint,10.1101/2021.05.19.21257455,,,,,,,23,4.60,3,9,5,"Abstract Background In April 2020 we released the US COVID-19 Community Vulnerability Index (CCVI) to bring to life vulnerability to health, economic, and social impact of COVID-19 at the state, county, and census tract level. Here we describe the methodology, how vulnerability is distributed across the U.S., and assess the impact on vulnerable communities over the first year of the pandemic. Methods The index combines 40 indicators into seven themes, drawing on both public and proprietary data. We associate timeseries of COVID-19 cases, deaths, test site access, and rental arrears with vulnerability. Results Although overall COVID-19 vulnerability is concentrated in the South, the seven underlying themes show substantial spatial variability. As of May 13, 2021, the top-third of vulnerable counties have seen 21% more cases and 47% more deaths than the bottom-third of vulnerable counties, despite receiving 27% fewer tests (adjusted for population). Individual vulnerability themes vary over time in their relationship with mortality as the virus swept across the country. Over 20% of households in the top vulnerability tercile have fallen behind on rent. Poorer test site access for rural vulnerable populations early in the pandemic has since been alleviated. Conclusion The CCVI captures greater risk of health and economic impact. It has enjoyed widespread use in response planning, and we share lessons learned about developing a data-driven tool in the midst of a fast-moving pandemic. The CCVI and an interactive data explorer are available at precisionforcovid.org/ccvi. What is already known on this topic Various communities across the United States will experience the adverse effects of public health crises to different degrees of severity. Composite indicators, such as the CDC Social Vulnerability Index, have proven to be valuable to policymakers by turning complex data sets into easily digestible and actionable information. However, the indicators within the Social Vulnerability Index do not fully contextualize the negative impacts spurred by the current pandemic. What this study adds The U.S. COVID-19 Community Vulnerability Index captures vulnerabilities spanning health, social, and economic dimensions that have been felt by every community in the US differently. Vulnerable populations have experienced more cases and deaths, higher unemployment, and a lack of access to critical support such as testing sites. Precision policies targeting vulnerable populations need to be designed and enacted to decrease the gap in negative consequences experienced in this and future pandemics, and the COVID-19 Community Vulnerability Index is a tool to highlight where and why these inequities occur.",https://www.medrxiv.org/content/medrxiv/early/2021/05/20/2021.05.19.21257455.full.pdf,
