Cites,Authors,Title,Year,Source,Publisher,ArticleURL,CitesURL,GSRank,QueryDate,Type,DOI,ISSN,CitationURL,Volume,Issue,StartPage,EndPage,ECC,CitesPerYear,CitesPerAuthor,AuthorCount,Age,Abstract,FullTextURL,RelatedURL
484,DeepSeek-AI,Can Open Large Language Models Catch Vulnerabilities?,2025,ArXiv.org,,http://arxiv.org/abs/2501.12948,,3,2026-05-27 20:41:01,preprint,10.4230/oasics.icpec.2025.4,2331-8422,,,,,,484,484.00,484,1,1,"As Large Language Models (LLMs) become increasingly integrated into secure software development workflows, a critical question remains unanswered: can these models not only detect insecure code but also reliably classify vulnerabilities according to standardized taxonomies? In this work, we conduct a systematic evaluation of three state-of-the-art LLMs - Llama3, Codestral, and Deepseek R1 - using a carefully filtered subset of the Big-Vul dataset annotated with eight representative Common Weakness Enumeration categories. Adopting a closed-world classification setup, we assess each model’s performance in both identifying the presence of vulnerabilities and mapping them to the correct CWE label. Our findings reveal a sharp contrast between high detection rates and markedly poor classification accuracy, with frequent overgeneralization and misclassification. Moreover, we analyze model-specific biases and common failure modes, shedding light on the limitations of current LLMs in performing fine-grained security reasoning.These insights are especially relevant in educational contexts, where LLMs are being adopted as learning aids despite their limitations. A nuanced understanding of their behaviour is essential to prevent the propagation of misconceptions among students. Our results expose key challenges that must be addressed before LLMs can be reliably deployed in security-sensitive environments.",https://arxiv.org/pdf/2501.12948,
38,OECD,Trends Shaping Education 2025,2025,Trends shaping education,Organization for Economic Cooperation and Development,https://doi.org/10.1787/ee6587fd-en,,534,2026-05-27 20:41:01,book,10.1787/ee6587fd-en,2218-7030,,,,,,38,38.00,38,1,1,"Did you ever wonder how rising inequality and polarisation will shape education? Or how advances in artificial intelligence, virtual reality, and other technologies could transform teaching and learning?Trends Shaping Education is a triennial report exploring the social, technological, economic, environmental and political forces transforming education systems worldwide. The trends are robust, but the questions raised in this report are suggestive. They are designed to inspire reflection and inform strategic thinking on how global trends might transform education and how education can shape a better future. The 2025 edition explores a rich array of topics related to the key themes of global conflict and cooperation, work and progress, voices and storytelling, and bodies and minds. It builds on foresight exercises from previous editions, while introducing a range of new futures thinking tools to inspire reflection and action. This report is designed to give policy makers, researchers, educational leaders, administrators and teachers a robust, non-specialist source of international comparative trends shaping education, whether in early childhood education and care, schools, universities or in programmes for older adults. It will also be of interest to students, parents and anyone curious about how education can address today’s challenges and prepare for the future.",https://www.oecd.org/content/dam/oecd/en/publications/reports/2025/01/trends-shaping-education-2025_3069cbd2/ee6587fd-en.pdf,
172,"Anichur Rahman, Tanoy Debnath, Dipanjali Kundu, Md. Saikat Islam Khan, Airin Afroj Aishi, Sadia Sazzad, Mohammad Sayduzzaman, Shahab S. Band","Machine learning and deep learning-based approach in smart healthcare: Recent advances, applications, challenges and opportunities",2024,AIMS Public Health,AIMS Press,https://doi.org/10.3934/publichealth.2024004,,37,2026-05-27 20:41:01,article,10.3934/publichealth.2024004,2327-8994,,11,1,58,109,172,86.00,22,8,2,"In recent years, machine learning (ML) and deep learning (DL) have been the leading approaches to solving various challenges, such as disease predictions, drug discovery, medical image analysis, etc., in intelligent healthcare applications. Further, given the current progress in the fields of ML and DL, there exists the promising potential for both to provide support in the realm of healthcare. This study offered an exhaustive survey on ML and DL for the healthcare system, concentrating on vital state of the art features, integration benefits, applications, prospects and future guidelines. To conduct the research, we found the most prominent journal and conference databases using distinct keywords to discover scholarly consequences. First, we furnished the most current along with cutting-edge progress in ML-DL-based analysis in smart healthcare in a compendious manner. Next, we integrated the advancement of various services for ML and DL, including ML-healthcare, DL-healthcare, and ML-DL-healthcare. We then offered ML and DL-based applications in the healthcare industry. Eventually, we emphasized the research disputes and recommendations for further studies based on our observations.",https://doi.org/10.3934/publichealth.2024004,
157,"Arvind R. Singh, Pradeep Vishnuram, Sureshkumar Alagarsamy, Mohit Bajaj, Vojtěch Blažek, Issam Damaj, Rajkumar Singh Rathore, Fahd N. Al‐Wesabi, Kamal M. Othman","Electric vehicle charging technologies, infrastructure expansion, grid integration strategies, and their role in promoting sustainable e-mobility",2024,Alexandria Engineering Journal,Elsevier BV,https://doi.org/10.1016/j.aej.2024.06.093,,46,2026-05-27 20:41:01,article,10.1016/j.aej.2024.06.093,1110-0168,,105,,300,330,157,78.50,17,9,2,"The transport sector is experiencing a notable transition towards sustainability, propelled by technological progress, innovative materials, and a dedication to environmental preservation. This study explicitly examines the incorporation of electric vehicles (EVs) into the power grid, with a particular emphasis on passenger automobiles. Our analysis emphasises the vital importance of updated transport infrastructure in decreasing greenhouse gas emissions and aiding carbon reduction efforts in electricity networks. The analysis uncovers that adopting electric vehicles offers significant advantages, including enhanced grid efficiency and decreased emissions. However, it also brings issues concerning the design and operation of power systems at both the transmission and distribution levels. Key players are crucial in tackling these difficulties to improve electric vehicle integration into the grid. The study determines the most effective ways for distributing and providing electric vehicle charging infrastructure, and investigates the efforts made to establish common standards in order to solve current challenges. This research contributes to the advancement of sustainable mobility and energy systems by conducting a thorough examination of the impact of electric vehicles on power systems and offering appropriate integration solutions.",https://doi.org/10.1016/j.aej.2024.06.093,
104,"Şafak Kayıkçı, Taghi M. Khoshgoftaar",Blockchain meets machine learning: a survey,2024,Journal Of Big Data,Springer Science+Business Media,https://doi.org/10.1186/s40537-023-00852-y,,101,2026-05-27 20:41:01,article,10.1186/s40537-023-00852-y,2196-1115,,11,1,,,104,52.00,52,2,2,"Abstract Blockchain and machine learning are two rapidly growing technologies that are increasingly being used in various industries. Blockchain technology provides a secure and transparent method for recording transactions, while machine learning enables data-driven decision-making by analyzing large amounts of data. In recent years, researchers and practitioners have been exploring the potential benefits of combining these two technologies. In this study, we cover the fundamentals of blockchain and machine learning and then discuss their integrated use in finance, medicine, supply chain, and security, including a literature review and their contribution to the field such as increased security, privacy, and decentralization. Blockchain technology enables secure and transparent decentralized record-keeping, while machine learning algorithms can analyze vast amounts of data to derive valuable insights. Together, they have the potential to revolutionize industries by enhancing efficiency through automated and trustworthy processes, enabling data-driven decision-making, and strengthening security measures by reducing vulnerabilities and ensuring the integrity of information. However, there are still some important challenges to be handled prior to the common use of blockchain and machine learning such as security issues, strategic planning, information processing, and scalable workflows. Nevertheless, until the difficulties that have been identified are resolved, their full potential will not be achieved.",https://journalofbigdata.springeropen.com/counter/pdf/10.1186/s40537-023-00852-y,
89,"Prabhasri Herath, Xuemei Bai",Benefits and co-benefits of urban green infrastructure for sustainable cities: six current and emerging themes,2024,Sustainability Science,Springer Science+Business Media,https://doi.org/10.1007/s11625-024-01475-9,,145,2026-05-27 20:41:01,article,10.1007/s11625-024-01475-9,1862-4057,,19,3,1039,1063,89,44.50,45,2,2,"Abstract Integrating urban green infrastructure (UGI) into cities is receiving increasing attention owing to its potential to provide various urban ecosystem services (UES). This review assesses the multifaceted services of UGI as benefits and co-benefits. By combining systematic and narrative review processes, we aim to synthesise existing knowledge along six current themes and identify research gaps. A total of 690 peer-reviewed articles published during 2000–2020 from Web of Science were selected, followed by bibliometric and full-text analysis. Based on the frequency of appearance in the network visualisation of keywords, six themes of current trends were identified, namely: (1) benefits of UGI as UES; (2) mitigating climate and urban climate impacts by UGI; (3) UGI contribution to sustainable development goals; (4) reconceptualising greenspaces as ‘safe havens’; (5) public acknowledgement and supportive governance for UGI; and (6) rethinking the operationalisability of UGI. The first two themes represent existing focus on categories of ecosystem services, the next two encompass broader emerging co-benefits and the last two focus on how to operationalise UGI and support widespread adoption and implementation. Within Theme 2, the most frequently discussed service with the largest number of research, we conducted a detailed analysis of the methods and content focus in the existing literature. Through a narrative review, we identified 15 research gaps throughout these 6 themes. This review provides a comprehensive overview for urban researchers and practitioners to inform the integration of urban green infrastructure into urban planning and management.",https://link.springer.com/content/pdf/10.1007/s11625-024-01475-9.pdf,
71,"Aarti Punia, Preeti Gulia, Nasib Singh Gill, Ebuka Ibeke, Celestine Iwendi, Piyush Kumar Shukla",A systematic review on blockchain-based access control systems in cloud environment,2024,Journal of Cloud Computing Advances Systems and Applications,Springer Nature,https://doi.org/10.1186/s13677-024-00697-7,,226,2026-05-27 20:41:01,review,10.1186/s13677-024-00697-7,2192-113X,,13,1,,,71,35.50,12,6,2,"Abstract The widespread adoption of cloud computing has dramatically altered how data is stored, processed, and accessed in an era. The rapid development of digital technologies characterizes all this. The widespread adoption of cloud services has introduced new obstacles to guaranteeing secure and expeditious access to sensitive data. Organizations of all types find user-friendly and cost-effective solutions crucial, which is why they consider cloud services essential. The availability of the cloud hampers access control security in systems that are constantly and remotely changing. Conventional methods of access control are efficient, but the advanced world of technology exposes them to more threats. Applying blockchain technology to cloud access control systems, which are decentralized, transparent, and tamper-proof, has overcome these challenges. This paper aims to discuss the potential of blockchain in enhancing access management, security and trust in cloud computing. Besides, this scholarly article reviews the evolving area of blockchain-based access control systems and synthesizes the findings of 118 selected papers from various academic repositories. Based on this systematic review of the studies, twelve different types of blockchain-based access control paradigms can be identified. This work provides a critical analysis of the research on blockchain technology in access control systems, with a focus on scalability, compatibility, and security challenges. It also highlights areas that require further research and proposes directions for future research to advance this rapidly growing area of scholarship.",https://link.springer.com/content/pdf/10.1186/s13677-024-00697-7.pdf,
64,"Federico Quin, Danny Weyns, Matthias Galster, Camila Costa Silva",A/B testing: A systematic literature review,2024,Journal of Systems and Software,Elsevier BV,https://doi.org/10.1016/j.jss.2024.112011,,258,2026-05-27 20:41:01,article,10.1016/j.jss.2024.112011,0164-1212,,211,,112011,112011,64,32.00,16,4,2,"A/B testing, also referred to as online controlled experimentation or continuous experimentation, is a form of hypothesis testing where two variants of a piece of software are compared in the field from an end user’s point of view. A/B testing is widely used in practice to enable data-driven decision making for software development. While a few studies have explored different facets of research on A/B testing, no comprehensive study has been conducted on the state-of-the-art in A/B testing. Such a study is crucial to provide a systematic overview of the field of A/B testing driving future research forward. To address this gap and provide an overview of the state-of-the-art in A/B testing, this paper reports the results of a systematic literature review that analyzed primary studies. The research questions focused on the subject of A/B testing, how A/B tests are designed and executed, what roles stakeholders have in this process, and the open challenges in the area. Analysis of the extracted data shows that the main targets of A/B testing are algorithms, visual elements, and workflow and processes. Single classic A/B tests are the dominating type of tests, primarily based in hypothesis tests. Stakeholders have three main roles in the design of A/B tests: concept designer, experiment architect, and setup technician. The primary types of data collected during the execution of A/B tests are product/system data, user-centric data, and spatio-temporal data. The dominating use of the test results are feature selection, feature rollout, continued feature development, and subsequent A/B test design. Stakeholders have two main roles during A/B test execution: experiment coordinator and experiment assessor. The main reported open problems are related to the enhancement of proposed approaches and their usability. From our study we derived three interesting lines for future research: strengthen the adoption of statistical methods in A/B testing, improving the process of A/B testing, and enhancing the automation of A/B testing.",https://doi.org/10.1016/j.jss.2024.112011,
54,"Mokter Hossain, Sukyung Park, Nathalia Suchek, Mario Pansera",Circular economy: A review of review articles,2024,Business Strategy and the Environment,Wiley,https://doi.org/10.1002/bse.3867,,340,2026-05-27 20:41:01,review,10.1002/bse.3867,0964-4733,,33,7,7077,7099,54,27.00,14,4,2,"Abstract The circular economy (CE) has emerged as a focal point in discussions surrounding sustainable development, industrial production, and resource efficiency. While it has garnered attention as a ground‐breaking paradigm with the potential to harmonize economic, societal, and environmental dynamics, divergent perspectives and critical inquiries have surfaced. This paper delves into the interdisciplinary literature on CE, exploring the interpretative flexibility inherent in its conceptualization. Acknowledging the diverse range of strategies associated with the CE, the study contends with the potential risks of its misappropriation, emphasizing the importance of understanding its systemic socio‐ecological implications. With an umbrella review approach, rarely applied in social sciences, the study navigates through 167 review articles, unveiling thematic trends and identifying gaps within the existing literature. By scrutinizing the techno‐managerial dominance within CE discussions, the paper calls attention to the overshadowing of numerous critical issues. It highlights the importance of systematic attention to CE's social aspects, essential to provide insights into how policies, strategies, and actions affect the society, as well as the emerging discussion on the alternative social transformative paradigm. The paper concludes with a three‐stage study design: a meticulous review of 167 articles, a thematic analysis revealing trends, and a reflective exploration of potential research avenues. This review serves as a comprehensive guide for scholars and practitioners for a holistic understanding of CE and encouraging contributions to address identified gaps and fostering the evolution of CE literature.",https://onlinelibrary.wiley.com/doi/pdfdirect/10.1002/bse.3867,
52,"Rui José, Helena Rodrigues",A Review on Key Innovation Challenges for Smart City Initiatives,2024,Smart Cities,Multidisciplinary Digital Publishing Institute,https://doi.org/10.3390/smartcities7010006,,358,2026-05-27 20:41:01,review,10.3390/smartcities7010006,2624-6511,,7,1,141,162,52,26.00,26,2,2,"Smart city initiatives are being promoted across the world to address major urban challenges, and they all share a common belief in the transformative power of digital technologies. However, the pace of innovation in smart cities seems to be much slower than the rapid and profoundly disruptive transformations brought about by digital innovation in many other domains. To develop new insights about the main causes behind this relatively modest success, this study provides a Systematic Literature Review (SLR) on the connection between major smart city challenges and the essential properties of digital innovation. The review involved the qualitative analysis of 44 research papers reporting on smart city innovation practices and outcomes. The results characterize five major challenge categories for smart city innovation: Strategic vision; Organizational Capabilities and Agility; Technology Domestication; Ecosystem Development; and Transboundary Innovation. This study also explores the connections between these challenges and concrete digital innovation practices in smart city initiatives. The main conclusion is that current innovation practices in smart cities are not properly aligned with what the research literature commonly describes as core properties of digital innovation and that this might be a major cause behind the limited progress in smart city initiatives.",https://www.mdpi.com/2624-6511/7/1/6/pdf?version=1704196736,
49,"Dino Pedreschi, Luca Pappalardo, Emanuele Ferragina, Ricardo Baeza‐Yates, Albert-Ĺaszló Barabási, Frank Dignum, Virginia Dignum, Tina Eliassi‐Rad, Fosca Giannotti, János Kertész, Alistair Knott, Yannis Ioannidis, Paul Lukowicz, Andrea Passarella, Alex Pentland, John Shawe‐Taylor, Alessandro Vespignani",Human-AI coevolution,2024,Artificial Intelligence,Elsevier BV,https://doi.org/10.1016/j.artint.2024.104244,,396,2026-05-27 20:41:01,article,10.1016/j.artint.2024.104244,0004-3702,,339,,104244,104244,49,24.50,5,17,2,"Human-AI coevolution, defined as a process in which humans and AI algorithms continuously influence each other, increasingly characterises our society, but is understudied in artificial intelligence and complexity science literature. Recommender systems and assistants play a prominent role in human-AI coevolution, as they permeate many facets of daily life and influence human choices through online platforms. The interaction between users and AI results in a potentially endless feedback loop, wherein users' choices generate data to train AI models, which, in turn, shape subsequent user preferences. This human-AI feedback loop has peculiar characteristics compared to traditional human-machine interaction and gives rise to complex and often “unintended” systemic outcomes. This paper introduces human-AI coevolution as the cornerstone for a new field of study at the intersection between AI and complexity science focused on the theoretical, empirical, and mathematical investigation of the human-AI feedback loop. In doing so, we: (i) outline the pros and cons of existing methodologies and highlight shortcomings and potential ways for capturing feedback loop mechanisms; (ii) propose a reflection at the intersection between complexity science, AI and society; (iii) provide real-world examples for different human-AI ecosystems; and (iv) illustrate challenges to the creation of such a field of study, conceptualising them at increasing levels of abstraction, i.e., scientific, legal and socio-political.",https://doi.org/10.1016/j.artint.2024.104244,
42,"Milon Selvam Dennison, M. Bhuvanesh Kumar, S. Kirubanidhi Jebabalan","Realization of circular economy principles in manufacturing: obstacles, advancements, and routes to achieve a sustainable industry transformation",2024,Discover Sustainability,Springer Nature,https://doi.org/10.1007/s43621-024-00689-2,,483,2026-05-27 20:41:01,article,10.1007/s43621-024-00689-2,2662-9984,,5,1,,,42,21.00,14,3,2,"This review explores the integration of Circular Economy (CE) principles in manufacturing, focusing on its potential to transform industrial practices by promoting sustainability, economic adaptability, and social welfare. As manufacturers face the depletion of natural resources and growing environmental concerns, CE presents a regenerative model that prioritizes resource efficiency, waste reduction, and closed-loop systems. The study provides a detailed analysis of the current state of CE adoption, outlining significant barriers such as economic, technological, and regulatory and showcase innovative strategies and business models that successfully apply circular principles. Additionally, the paper emphasizes the role of supportive legislative frameworks, economic incentives, and educational initiatives in accelerating CE adoption. The review offers actionable recommendations for industry stakeholders, emphasizing the importance of collaboration, continuous learning, and robust monitoring systems to ensure a smooth transition. By uniting manufacturers, policymakers, and consumers under shared CE principles, this review advocates for a sustainable, resilient, and prosperous future for the manufacturing sector.",https://link.springer.com/content/pdf/10.1007/s43621-024-00689-2.pdf,
42,"Bwalya Mutale, Fan Qiang",Modeling future land use and land cover under different scenarios using patch-generating land use simulation model. A case study of Ndola district,2024,Frontiers in Environmental Science,Frontiers Media,https://doi.org/10.3389/fenvs.2024.1362666,,486,2026-05-27 20:41:01,article,10.3389/fenvs.2024.1362666,2296-665X,,12,,,,42,21.00,21,2,2,"Accurate predictions of changes in Land-use and Land-cover (LULC) are crucial in climate modeling, providing valuable insights into the possible effects of land-use alterations on Earth’s intricate system. This study focuses on forecasting and examining future LULC changes in the Ndola district from 2022 to 2042, considering three scenarios: Traditional mode (TM), Ecological protection (EP), and Economic Development (ED). TM reflects past land use changes, EP prioritizes environmental conservation, and ED emphasizes economic growth and urbanization. Using the patch-generating land use simulation (PLUS) model, we achieved precise predictions of LULC changes in Ndola district. The model, which combines LEAS rule-extraction with a CA model using CARS, addresses limitations of previous models like CLUE-S, CA-Markov, and FLUS by accurately simulating scattered LULC patterns and the mutual attraction and evolution of open space and urban land under different policies. Using LULC data from the livingatlas platform for the base period (2017–2022), the model demonstrated a Kappa coefficient of 78% and a FoM value of 0.34. Key findings indicate significant trends, such as reductions in forest and agricultural lands in the TM and ED scenarios, with rangeland expanding consistently across all scenarios, particularly in the ED scenario. The decline in agricultural and forest lands raises concerns about household food security, habitat fragmentation, biodiversity loss, and diminished ecosystem services. Urban sprawl onto other land uses could further strain urban infrastructure and public services. Future research should incorporate uncertainty analysis methods such as fuzzy logic or Bayesian methodologies to quantify and differentiate uncertainties related to modeling simulations.",https://www.frontiersin.org/articles/10.3389/fenvs.2024.1362666/pdf?isPublishedV2=False,
41,"Albérico Travassos Rosário, Paula Lopes, Filipe Sales Rosário",Sustainability and the Circular Economy Business Development,2024,Sustainability,Multidisciplinary Digital Publishing Institute,https://doi.org/10.3390/su16146092,,491,2026-05-27 20:41:01,article,10.3390/su16146092,2071-1050,,16,14,6092,6092,41,20.50,14,3,2,"Currently, there has been a tendency for companies to focus on the development of their businesses following circular economy trends associated with sustainability. European Community guidelines have established deadlines for the implementation of management strategies that allow creating and maintaining an effective and resource-efficient economic system, reducing the amount of energy and materials used in production. This study aims to analyze the existing literature review on the integration of sustainability and circular economy (CE) principles into business development. The research methodology is a systematic literature review using the SCOPUS database, in which 97 academic articles were analyzed after exclusion using keywords. The findings show that, after the analysis carried out in VOSviewer, business development, and circular economy are themes studied by many authors, with links related to the theme of sustainability. The conclusions indicate that CE and sustainability are interlinked, and companies must implement appropriate sustainability and CE strategies to increase their competitiveness and improve resource efficiency. These strategies can integrate innovative technologies, the use of sharing platforms, extending the useful life of products, recovering resources to minimize waste, and integrating sustainability concepts into business.",https://www.mdpi.com/2071-1050/16/14/6092/pdf?version=1721205537,
38,"Xukang Wang, Ying Cheng Wu, Xueliang Ji, Hongpeng Fu",Algorithmic discrimination: examining its types and regulatory measures with emphasis on US legal practices,2024,Frontiers in Artificial Intelligence,Frontiers Media,https://doi.org/10.3389/frai.2024.1320277,,538,2026-05-27 20:41:01,article,10.3389/frai.2024.1320277,2624-8212,,7,,1320277,1320277,38,19.00,10,4,2,"Introduction: Algorithmic decision-making systems are widely used in various sectors, including criminal justice, employment, and education. While these systems are celebrated for their potential to enhance efficiency and objectivity, they also pose risks of perpetuating and amplifying societal biases and discrimination. This paper aims to provide an indepth analysis of the types of algorithmic discrimination, exploring both the challenges and potential solutions. Methods: The methodology includes a systematic literature review, analysis of legal documents, and comparative case studies across different geographic regions and sectors. This multifaceted approach allows for a thorough exploration of the complexity of algorithmic bias and its regulation. Results: We identify five primary types of algorithmic bias: bias by algorithmic agents, discrimination based on feature selection, proxy discrimination, disparate impact, and targeted advertising. The analysis of the U.S. legal and regulatory framework reveals a landscape of principled regulations, preventive controls, consequential liability, self-regulation, and heteronomy regulation. A comparative perspective is also provided by examining the status of algorithmic fairness in the EU, Canada, Australia, and Asia. Conclusion: Real-world impacts are demonstrated through case studies focusing on criminal risk assessments and hiring algorithms, illustrating the tangible effects of algorithmic discrimination. The paper concludes with recommendations for interdisciplinary research, proactive policy development, public awareness, and ongoing monitoring to promote fairness and accountability in algorithmic decision-making. As the use of AI and automated systems expands globally, this work highlights the importance of developing comprehensive, adaptive approaches to combat algorithmic discrimination and ensure the socially responsible deployment of these powerful technologies.",https://www.frontiersin.org/articles/10.3389/frai.2024.1320277/pdf?isPublishedV2=False,
36,"Kavous Salehzadeh Niksirat, Lev Velykoivanenko, Noé Zufferey, Mauro Cherubini, Kévin Huguenin, Mathias Humbert","Wearable Activity Trackers: A Survey on Utility, Privacy, and Security",2024,ACM Computing Surveys,Association for Computing Machinery,https://doi.org/10.1145/3645091,,598,2026-05-27 20:41:01,review,10.1145/3645091,0360-0300,,56,7,1,40,36,18.00,6,6,2,"Over the past decade, wearable activity trackers (WATs) have become increasingly popular. However, despite many research studies in different fields (e.g. psychology, health, and design), few have sought to jointly examine the critical aspects of utility (i.e., benefits brought by these devices), privacy, and security (i.e., risks and vulnerabilities associated with them). To fill this gap, we reviewed 236 studies that researched the benefits of using WATs, the implications for the privacy of users of WATs, and the security vulnerabilities of these devices. Our survey revealed that these devices expose users to several threats. For example, WAT data can be mined to infer private information, such as the personality traits of the user. Whereas many works propose empirical findings about users’ privacy perceptions and their behaviors in relation to privacy, we found relatively few studies researching technologies to better protect users’ privacy with these devices. This survey contributes to systematizing knowledge on the utility, privacy, and security of WATs, shedding light on the state-of-the-art approaches with these devices, and discussing open research opportunities.",https://dl.acm.org/doi/pdf/10.1145/3645091,
33,"Frank Othengrafen, Lars Sievers, Eva Reinecke",From Vision to Reality: The Use of Artificial Intelligence in Different Urban Planning Phases,2024,Urban Planning,Cogitatio,https://doi.org/10.17645/up.8576,,669,2026-05-27 20:41:01,article,10.17645/up.8576,2183-7635,,10,,,,33,16.50,11,3,2,"In an urban context, the use of artificial intelligence (AI) can help to categorise and analyse large amounts of data quickly and efficiently. The AI approach can make municipal administration and planning processes more efficient, improve environmental and living conditions (e.g., air quality, inventory of road damages, etc.), or strengthen the participation of residents in decision-making processes. The key to this is “machine learning” that has the ability to recognise patterns, capture models, and learn on the basis of big data via the application of automated statistical methods. However, what does this mean for urban planning and the future development of cities? Will AI take over the planning and design of our cities and actively intervene in and influence planning activities? This article applies a systematic literature review supplemented by case study analyses and expert interviews to categorise various types of AI and relate their potential applications to the different phases of the planning process. The findings emphasize that AI systems are highly specialised applications for solving and processing specific challenges and tasks within a planning process. This can improve planning processes and results, but ultimately AI only suggests alternatives and possible solutions. Thus, AI has to be regarded as a planning tool rather than the planning solution. Ultimately, it is the planners who have to make decisions about the future development of cities, taking into account the possibilities and limitations of the AI applications that have been used in the planning process.",https://www.cogitatiopress.com/urbanplanning/article/download/8576/3879,
33,"Ming Yao, Danning Da, Xinchun Lu, Yuhang Wang",A Review of Capacity Allocation and Control Strategies for Electric Vehicle Charging Stations with Integrated Photovoltaic and Energy Storage Systems,2024,World Electric Vehicle Journal,Multidisciplinary Digital Publishing Institute,https://doi.org/10.3390/wevj15030101,,672,2026-05-27 20:41:01,review,10.3390/wevj15030101,2032-6653,,15,3,101,101,33,16.50,8,4,2,"Electric vehicles (EVs) play a major role in the energy system because they are clean and environmentally friendly and can use excess electricity from renewable sources. In order to meet the growing charging demand for EVs and overcome its negative impact on the power grid, new EV charging stations integrating photovoltaic (PV) and energy storage systems (ESSs) have emerged. However, the output of solar PV systems and the charging demand of EVs are both characterized by uncertainty and dynamics. These may lead to large power fluctuations in the grid and frequent alternation of peak and valley loads, which are not conducive to the stability of the distribution network. The study of reasonable capacity configuration and control strategy issues is conducive to the efficient use of solar energy, fast charging of EVs, stability of the distribution network, and maximization of the economic benefits of the system. In this paper, the concept, advantages, capacity allocation methods and algorithms, and control strategies of the integrated EV charging station with PV and ESSs are reviewed. On the basis of the above research, the current problems and challenges are analyzed, and corresponding solutions and ideas are proposed.",https://www.mdpi.com/2032-6653/15/3/101/pdf?version=1709735176,
32,"Hao Zhou, Xin Tian, Yang Zhao, Chenchen Chang, Borong Lin","Investigation of policy tools for energy efficiency improvement in public buildings in China—current situation, obstacles, and solutions",2024,City and Built Environment,Springer Science+Business Media,https://doi.org/10.1007/s44213-023-00023-y,,693,2026-05-27 20:41:01,article,10.1007/s44213-023-00023-y,2435-7936,,2,1,,,32,16.00,6,5,2,"Abstract The energy consumption from the building sector accounts for more than 21% of the total in China, where the energy-use intensity of public buildings could reach 3 times that of residential buildings. Energy efficiency improvement (EEI) is considered to be one of the most rapid and cost-effective means for the building sector to achieve carbon neutrality. The Chinese government has carried out a series of policy tool exploration to promote the energy efficiency improvement efforts by public building owners since over a decade ago, but encountered various problems and obstacles. This paper investigated and compared the current status challenges, and problems in the implementation of EEI policy tools in China and developed countries through literature review, field investigations and interviews with experts and stakeholders, and finally also put forward some possible coping strategies for Chinese government. Results indicated that energy grading and labeling, energy benchmarking, carbon-emission trading and energy-consumption quota management were the main 4 EEI policy tools designed based on measured energy consumption data, where the first 3 ones had been widely used over the developed countries but the last one was unique to China. Difficulty in large-scale collection of building energy-consumption data, lack of scientific methods on building energy-use level evaluation, limited data application and feedback, undesirable association between stakeholders, etc., were the main obstacles for achieving the long-term effectiveness of the EEI policy tools. Cooperating with energy supply enterprises to collect data, establishing an effective energy grading system and a closed loop of policy implementation, exploring a new model of building carbon-emission trading and a differential pricing mechanism, combined with innovative financial supports, might be the solutions. The main contribution of this study is that a comprehensive investigation and analysis on the current development status, obstacles, and possible solutions of the public building EEI policy tools in China was carried out, which is expected to provide a reference for the government of China and even the world.",https://link.springer.com/content/pdf/10.1007/s44213-023-00023-y.pdf,
31,"Micol Barletta, Idiano D’Adamo, Jose Arturo Garza‐Reyes, Massimo Gastaldi",Business strategy and innovative models in the fashion industry: Clothing leasing as a driver of sustainability,2024,Business Strategy and the Environment,Wiley,https://doi.org/10.1002/bse.3723,,710,2026-05-27 20:41:01,article,10.1002/bse.3723,0964-4733,,33,5,4730,4743,31,15.50,8,4,2,"Abstract The fashion industry is ranked as the second largest cause of environmental pollution. In this context, circular business models emerge as key tools to address the negative impacts of the textile industry. The aim of this work is to identify alternatives to the currently dominant model followed by fast fashion, through the proposal of a circular business model based on leasing. The methodology of the work, based on the take‐make‐waste model, is based on a multicriteria analysis with the local–global approach using academic experts and fashion and retail experts. The results show that the criteria of the access‐based model and best care are the most relevant. The highest sustainability value is assigned to leasing, which guarantees ethical conditions for workers, followed by the use of raw materials (recycled or bio‐based materials) and the reduction of overproduction. The implications of this work determine that leasing can support circular fashion and that the social component of sustainability should be given more attention in production models. Strategic partnerships and sharing platforms are tools that can support a real transition of the fashion industry towards sustainability.",https://onlinelibrary.wiley.com/doi/pdfdirect/10.1002/bse.3723,
30,"Maximilian Palmié, Andreas Aebersold, Pejvak Oghazi, Natallia Pashkevich, Oliver Gassmann","Digital‐sustainable business models: Definition, systematic literature review, integrative framework and research agenda from a strategic management perspective",2024,International Journal of Management Reviews,Wiley,https://doi.org/10.1111/ijmr.12380,,754,2026-05-27 20:41:01,article,10.1111/ijmr.12380,1460-8545,,27,3,346,374,30,15.00,6,5,2,"Abstract The era of digitization coincides with a growing interest in social and environmental sustainability. Management scholars, therefore, turned their attention to the intersection of both trends, seeking a better understanding of how firms can manage digital sustainability. Business models are a central element in the strategic management of digital sustainability. Due to the diverse roots in the digitization literature, the sustainability literature and the business model literature, previous work on digital‐sustainable business models is highly fragmented. We, therefore, develop a strategic management framework and conduct an integrative literature review to synthesize fragmented insights, covering 134 studies published between 2007 and 2023 in leading academic journals. Examining the synthesized body of knowledge from the lens of affordances and our framework's inclusive strategic management perspective, we then identify promising avenues for further strategy research. Among others, future research should examine complementarities and conflicts between the three business model dimensions (value propositions, value creation and delivery processes, value capture mechanisms), between multiple options within each dimension, between different digital technologies, between various digital affordances, between digitalization and sustainability and between the outcomes of the triple‐bottom‐line. More efforts should also be directed towards the antecedents and boundary conditions of digital‐sustainable business models and towards questions of generalizability, especially towards generalizable theoretical mechanisms. Our framework, synthesis and research agenda support strategy scholars in advancing our understanding of business models for digital sustainability.",https://onlinelibrary.wiley.com/doi/pdfdirect/10.1111/ijmr.12380,
29,"Emma Everson-Hock, Lindsay Blank, Hannah Fairbrother, Mark Clowes, Diana Castelblanco Cuevas, Andrew Booth, Amy Clair, Elizabeth Goyder",Exploring the impact of housing insecurity on the health and wellbeing of children and young people in the United Kingdom: a qualitative systematic review,2024,BMC Public Health,BioMed Central,https://doi.org/10.1186/s12889-024-19735-9,,780,2026-05-27 20:41:01,review,10.1186/s12889-024-19735-9,1471-2458,,24,1,2453,2453,29,14.50,4,8,2,"BACKGROUND: Housing insecurity can be understood as experiencing or being at risk of multiple house moves that are not through choice and related to poverty. Many aspects of housing have all been shown to impact children/young people's health and wellbeing. However, the pathways linking housing and childhood health and wellbeing are complex and poorly understood. METHODS: We undertook a systematic review synthesising qualitative data on the perspectives of children/young people and those close to them, from the United Kingdom (UK). We searched databases, reference lists, and UK grey literature. We extracted and tabulated key data from the included papers, and appraised study quality. We used best fit framework synthesis combined with thematic synthesis, and generated diagrams to illustrate hypothesised causal pathways. RESULTS: We included 59 studies and identified four populations: those experiencing housing insecurity in general (40 papers); associated with domestic violence (nine papers); associated with migration status (13 papers); and due to demolition-related forced relocation (two papers). Housing insecurity took many forms and resulted from several interrelated situations, including eviction or a forced move, temporary accommodation, exposure to problematic behaviour, overcrowded/poor-condition/unsuitable property, and making multiple moves. Impacts included school-related, psychological, financial and family wellbeing impacts, daily long-distance travel, and poor living conditions, all of which could further exacerbate housing insecurity. People perceived that these experiences led to mental and physical health problems, tiredness and delayed development. The impact of housing insecurity was lessened by friendship and support, staying at the same school, having hope for the future, and parenting practices. The negative impacts of housing insecurity on child/adolescent health and wellbeing may be compounded by specific life circumstances, such as escaping domestic violence, migration status, or demolition-related relocation. CONCLUSION: Housing insecurity has a profound impact on children and young people. Policies should focus on reducing housing insecurity among families, particularly in relation to reducing eviction; improving, and reducing the need for, temporary accommodation; minimum requirements for property condition; and support to reduce multiple and long-distance moves. Those working with children/young people and families experiencing housing insecurity should prioritise giving them optimal choice and control over situations that affect them.",https://link.springer.com/content/pdf/10.1186/s12889-024-19735-9.pdf,
28,"Houda El Mustapha, Barış Özkan, Oktay Türetken",Acceptance of Mobility-as-a-Service: Insights from empirical studies on influential factors,2024,Communications in Transportation Research,Elsevier BV,https://doi.org/10.1016/j.commtr.2024.100119,,799,2026-05-27 20:41:01,article,10.1016/j.commtr.2024.100119,2772-4247,,4,,100119,100119,28,14.00,9,3,2,"Mobility-as-a-Service (MaaS) has emerged as a promising concept in the mobility landscape. Researchers are increasingly interested in understanding this digital service's potential acceptance and uptake. Despite this interest, the extant literature lacks a comprehensive overview of various factors that play a role in its acceptance by target users. In this study, we aim to establish a current state of the art of MaaS user acceptance to inform practice in the effective design of related services, and to support the scientific community by offering future directions for their research. To achieve this, we performed a Systematic Literature Review (SLR) of relevant empirical studies and analyzed the factors considered significant in MaaS acceptance by target users. Our in-depth analyses of these works resulted in several factors, which we grouped into three categories: traveler and trip characteristics, service and technology characteristics, and urban environment characteristics. Certain factors, such as age, trip frequency, MaaS bundle price, and transportation facility, were found to be consistent in their influence on MaaS acceptance. However, empirical works conflict regarding the influence of a number of factors, such as income and public transport card ownership. This study serves as a comprehensive source of the factors investigated in the literature to the moment and a basis for future research to improve our understanding of factors that require further investigation.",https://doi.org/10.1016/j.commtr.2024.100119,
28,"Xiongfei Lai, Zhenyu Yang, Jiaohong Xie, Yang Liu",Reinforcement learning in transportation research: Frontiers and future directions,2024,Multimodal Transportation,Elsevier BV,https://doi.org/10.1016/j.multra.2024.100164,,805,2026-05-27 20:41:01,article,10.1016/j.multra.2024.100164,2772-5863,,3,4,100164,100164,28,14.00,7,4,2,"The development of reinforcement learning (RL) provides innovative solutions for various decision-making problems in transportation, often pertaining to integrating advanced vehicular technologies such as connected and autonomous vehicles and electric vehicles. This paper reviews transportation research with RL-based methods over the recent decades. We start with a bibliometric analysis through extensive literature retrieval of 1030 papers from 1996 to 2023. We identify different research areas of RL in transportation, summarizing the most visited research problems. We find that, at the vehicle level, motion and route planning and energy-efficient driving problems have attracted the most attention. Meanwhile, adaptive traffic signal control and management have been the most visited problems at the network level. We discuss several potential future directions, including the migration of RL models from simulations to real-world cases, designing tailored control architectures for complex transportation systems, exploring explainable RL in transportation research to ensure transparency and accountability in decision-making processes, and integrating people and vehicles into transportation systems in a sustainable and equitable manner.",https://doi.org/10.1016/j.multra.2024.100164,
28,"Jia Zong, Wan Srihani Wan Mohamed, Mohamad Fakri Zaky Ja’afar, Norsidah Ujang",Sustainable development of vernacular architecture: a systematic literature review,2024,Journal of Asian Architecture and Building Engineering,Taylor & Francis,https://doi.org/10.1080/13467581.2024.2399685,,822,2026-05-27 20:41:01,article,10.1080/13467581.2024.2399685,1346-7581,,24,5,3558,3574,28,14.00,7,4,2,"The sustainable evolution of vernacular architecture effectively addresses climate change and environmental challenges, yet comprehensive reviews are scarce. Therefore, this study aimed to explore the history and progression of vernacular architecture and address the requisite knowledge and methodologies for its sustainable development via a systematic literature review. A meticulous screening process of relevant articles was performed in two research databases (Scopus and Web of Science) using the keywords “Cave-dwelling,” “Kiln building,” “Historical architecture,” and “Vernacular architecture” that represents vernacular architecture and “Sustainable” and “Green building” for sustainability. A total of 36 articles published between 2019 and 2023 were then selected for the quantitative and qualitative analyses using the ATLAS.ti 23 software. The result revealed five major themes: 1) Cultural characteristics of vernacular architecture; 2) Structure of vernacular architecture; 3) Vernacular architecture environment; 4) Renewal and utilisation of vernacular architecture; and 5) Assessment criteria in vernacular architecture. In summary, the current research on vernacular architecture remains primarily focused on architectural studies, with minimal consideration from the user’s viewpoint. Thus, it is essential to enhance the comfort and functionality of vernacular architecture, preserve its local culture, and meet the users’ demands.",https://doi.org/10.1080/13467581.2024.2399685,
27,"Talita Flores Dias, Enedir Ghisi",Urban Water Consumption: A Systematic Literature Review,2024,Water,Multidisciplinary Digital Publishing Institute,https://doi.org/10.3390/w16060838,,847,2026-05-27 20:41:01,article,10.3390/w16060838,2073-4441,,16,6,838,838,27,13.50,14,2,2,"The study and analysis of urban water consumption habits in different regions contribute to the development of strategies aimed at secure water reduction and distribution. Within this context, knowledge of global water availability and the analysis of factors that influence consumption in different regions in distinct situations become extremely important. Several studies have been carried out in a number of countries and describe different approaches. The objective of this article is to learn about the strategies used in water consumption forecast and analysis. Most of the studies analysed seek to understand the factors influencing consumption in different building types. When it comes to residential buildings, the number of residents and the influence of economic issues on water consumption have an important role in this matter. In this context, pieces of research present the use of awareness campaigns as a strategy towards water use reduction. As a contribution, this article presents a systemic view of the pieces of research conducted and their contribution to forecasting water consumption in different regions. In conclusion, one observes the importance of analysing the factors influencing water consumption in different regions and scenarios, such as during the COVID-19 pandemic. This article can help managers and researchers understand the main factors that influence water consumption and how this consumption takes place in different regions.",https://www.mdpi.com/2073-4441/16/6/838/pdf?version=1710414107,
27,"Megha Rani Raigonda, Shweta Shweta",Signature Verification System Using SSIM In Image Processing,2024,Journal of Scientific Research and Technology,,https://doi.org/10.61808/jsrt79,,854,2026-05-27 20:41:01,article,10.61808/jsrt79,2583-8660,,,,5,11,27,13.50,14,2,2,"The verification of signatures is an essential function in several domains, including financial, legal, and administrative processes. Thanks to advancements in image processing, automatic signature verification methods have become more popular. Using structural similarities and image analysis, the proposed research offers a novel approach to signature verification. To compare and assess signatures, it uses the SSIM index. The procedure begins with pre-processing the signature pictures to improve their quality and eliminate any artifacts or noise that may have been obtained from Adobe's stock library. Then, the structural similarity between the reference signature and the input signature is calculated. The perceptual resemblance of two images is measured using structure, contrast, and brightness. The goal of the proposed research is to use this measure to record the signature's structural features and spot changes or deviations. The SSIM value that comes out of the comparison is checked against a threshold that has already been set. To validate an input signature, the calculated similarity must be greater than a certain threshold. The document is marked as suspicious or possibly falsified if it does not comply. Experimental results have shown that the method is effective in differentiating between authentic and counterfeit signatures. By doing away with the need for subjective human judgment and physical examination, this technology provides a reliable and unbiased way to authenticate signatures. Increased automation and trust in signature authentication systems are possible because to the proposed method's encouraging results in accurately differentiating genuine signatures from fakes.",https://www.jsrtjournal.com/index.php/JSRT/article/download/79/100,
26,"Mohamad Saalim Wani, Mathias Kretschmer, Bernd Schröder, Andreas Grebe, Michael Rademacher",Open RAN: A Concise Overview,2024,IEEE Open Journal of the Communications Society,IEEE Communications Society,https://doi.org/10.1109/ojcoms.2024.3430823,,878,2026-05-27 20:41:01,article,10.1109/ojcoms.2024.3430823,2644-125X,,6,,13,28,26,13.00,5,5,2,"Open RAN has emerged as a transformative approach in the evolution of cellular networks, addressing challenges posed by modern applications and high network density. By leveraging disaggregated, virtualized, and software-based elements interconnected through open standardized interfaces, Open RAN introduces agility, cost-effectiveness, and enhanced competition in the Radio Access Network (RAN) domain. The Open RAN paradigm, driven by the O-RAN Alliance specifications, is set to transform the telecom ecosystem. Despite extensive technical literature, there is a lack of succinct summaries for industry professionals, researchers, and policymakers. This paper addresses this gap by providing a concise, yet comprehensive overview of Open RAN. Compared to previous work, our approach introduces Open RAN by gradually splitting up different components known from previous RAN architectures. We believe that this approach leads to a better understanding for people already familiar with the general concept of mobile communication networks. Building upon this general understanding of Open RAN, we introduce key architectural principles, interfaces, components and use-cases. Moreover, this work investigates potential security implications associated with adopting Open RAN architecture, emphasizing the necessity of robust network protection measures.",https://doi.org/10.1109/ojcoms.2024.3430823,
25,"Veruscka Leso, Michele Carugno, Paolo Carrer, Fabio Fusco, Marco Mendola, Mariagaia Coppola, Salvatore Zaffina, Reparata Rosa Di Prinzio, Ivo Iavicoli",The Total Worker Health® (TWH) approach: a systematic review of its application in different occupational settings,2024,BMC Public Health,BioMed Central,https://doi.org/10.1186/s12889-024-19500-y,,916,2026-05-27 20:41:01,review,10.1186/s12889-024-19500-y,1471-2458,,24,1,2037,2037,25,12.50,3,9,2,"BACKGROUND: The National Institute for Occupational Safety and Health (NIOSH), in 2011, developed the ""Total Worker Health®"" (TWH) as a holistic approach to protect and promote the workers' safety, health, and well-being. After over ten years from the TWH development, the aim of the present systematic review is to provide a comprehensive overview of the worldwide TWH initiatives. METHODS: of July 2023, and 43 investigations could be included. The review was registered on the International prospective register of systematic reviews PROSPERO with the reference number CRD42023416972. RESULTS: Issues that emerged as relevant for the TWH operationalization were the awareness about the TWH approach and fundamentals, the leadership commitment, and a participatory engagement of the workforce: these aspects all contributed to acceptable and effective setting oriented TWH plans, specifically tailored on the peculiarities of the workplace, including small enterprises and multiemployer worksites. Evaluation and continual improvement were reported as fundamental for the successful implementation of TWH initiatives. Limited resources for safety and health initiatives, in terms of time, people, and funds, together with difficulties in the identification of safety and health priorities and a poor participatory culture were recognized as obstacles to the TWH application. Training resulted the core component of the TWH leadership and workforce preparedness, with beneficial results in terms of safety culture and adoption of preventive measures. CONCLUSIONS: Although interesting aspects emerged from our review, future longitudinal investigations should confirm the effectiveness, easy integration, and long-term sustainability of TWH models in different workplaces, in order to effectively support safe and health-enhancing works able to improve innovation and productivity.",https://bmcpublichealth.biomedcentral.com/counter/pdf/10.1186/s12889-024-19500-y,
24,"Bianca Gasparetto Rebelatto, Amanda Lange Sálvia, Luciana Brandli, Walter Leal Filho","Examining Energy Efficiency Practices in Office Buildings through the Lens of LEED, BREEAM, and DGNB Certifications",2024,Sustainability,Multidisciplinary Digital Publishing Institute,https://doi.org/10.3390/su16114345,,962,2026-05-27 20:41:01,article,10.3390/su16114345,2071-1050,,16,11,4345,4345,24,12.00,6,4,2,"Energy accounts for a significant share of carbon emissions, and buildings play a substantial role in this by contributing to both direct and indirect emissions throughout their lifecycle. Enhancing energy efficiency in buildings is a strategy to mitigate these impacts. The main goal of this review is to uncover solutions, trends, and examples of good practices in the field of office buildings. It presents effective cases and a SWOT analysis of LEED, BREEAM, and DGNB certifications, highlighting their contributions to energy efficiency in buildings on an international scale. The paper identifies and outlines similarities and differences between each methodology used to achieve energy efficiency in different buildings and contexts. The findings may allow new ways to improve access and obtain results regarding energy efficiency, thereby supporting building owners and companies in finding more effective solutions. The research highlights the necessity for continual enhancements in these systems, which should involve addressing economic factors, conducting post-occupancy evaluations, and considering lifecycle perspectives. The recommendations encompass standardizing practices, considering costs, conducting regular revisions, managing materials and resources, and incorporating occupancy measures.",https://www.mdpi.com/2071-1050/16/11/4345/pdf?version=1716303197,
24,"Fangjie Liu, Muhammad Shafique, Xiaowei Luo",Unveiling the determinants of battery electric vehicle performance: A systematic review and meta-analysis,2024,Communications in Transportation Research,Elsevier BV,https://doi.org/10.1016/j.commtr.2024.100148,,969,2026-05-27 20:41:01,review,10.1016/j.commtr.2024.100148,2772-4247,,4,,100148,100148,24,12.00,8,3,2,"The transition toward battery electric vehicles (BEVs) is a critical element in the global shift toward sustainable transportation. This meta-analysis delves into the multifaceted factors influencing BEV performance, including environmental, technological, behavioral, and political-economic determinants. The purpose of this review is to systematically organize and assess how these factors impact BEV efficiency and sustainability across various operational scenarios, such as driving, charging, and decommissioning. By examining a wide range of literature, this study constructs a comprehensive framework that categorizes the primary components and performance metrics, revealing complex relationships and potential causal connections. The findings highlight that although technological advancements and regulatory frameworks are the predominant drivers of BEV performance, environmental conditions and user behaviors also play significant roles. The key emerging topics identified suggest further research avenues, particularly in optimizing battery technology and expanding policy support. Additionally, the analysis provides new and systematic insights compared with previous reviews, offering a clearer understanding of the determinants, their impacts, and the interactions between them. These insights are crucial for developing a transparent evaluation system for future research and policy formulation. This comprehensive synthesis not only aids in understanding the current landscape but also in directing future scholarly and practical endeavors in electric vehicle research.",https://doi.org/10.1016/j.commtr.2024.100148,
24,"Tim Meyer, Anna Kerkhof, Carmelo Cennamo, Tobias Kretschmer",Competing for attention on digital platforms: The case of news outlets,2024,Strategic Management Journal,Wiley,https://doi.org/10.1002/smj.3600,,970,2026-05-27 20:41:01,article,10.1002/smj.3600,0143-2095,,45,9,1731,1790,24,12.00,6,4,2,"Abstract Research Summary Platforms are often assumed to benefit firms, especially smaller ones, by facilitating access to a broader consumer base and increasing visibility. However, this logic relies on platforms” ability to match consumer preferences to complement characteristics. In addition to this matching mechanism, we posit that platforms also broker consumer attention towards complements, which then compete for this attention. We propose that this attention mechanism is particularly prominent in settings where complement characteristics cannot be observed ex‐ante, and argue that complementors' with larger scale and broader scope are better positioned to capture attention than smaller and less broad ones. We formalize and test this intuition in the context of news aggregators, highlighting the significance of complementors' ability to draw attention in evaluating their benefits from platform participation. Managerial Summary Small firms are often assumed to benefit most from joining a platform to expand their market reach and visibility. However, this will only be the case if the main function of platforms is to match consumer preferences to product characteristics. We argue that platforms also direct attention towards some products at the expense of others on the platform. This “attention mechanism” is particularly important whenever product characteristics cannot be observed prior to consumption, and we propose that in such settings, larger scale and broader scope of products drive attention towards specific firms on the platform. We test these predictions in the context of online news aggregators, which feature news content by newspapers of different sizes and with different range of articles. We find that indeed large and generalist newspapers benefit most from being on a news aggregators, while small and focused newspapers perform better when they are not featured on the news aggregator at all.",https://onlinelibrary.wiley.com/doi/pdfdirect/10.1002/smj.3600,
24,"Faizatulhaida Md Isa, Wan Nor Munirah Ariffin, Muhammad Shahar Jusoh, Erni Puspanantasari Putri",A Review of Genetic Algorithm: Operations and Applications,2024,Journal of Advanced Research in Applied Sciences and Engineering Technology,,https://doi.org/10.37934/araset.40.1.134,,978,2026-05-27 20:41:01,review,10.37934/araset.40.1.134,2462-1943,,40,1,1,34,24,12.00,6,4,2,"This article presents a review of the Genetic Algorithm (GA), a prominent optimization technique inspired by natural selection and genetics. In the context of rapidly evolving computational methodologies, GA have gained considerable attention for their efficacy in solving complex optimization problems across various domains. The background highlights the growing significance of optimization techniques in addressing real-world challenges. However, the inherent complexity and diversity of problems necessitate versatile approaches like GA. The problem statement underscores the need to explore the underlying operations and applications of GA to provide a nuanced understanding of their capabilities and limitations. The objectives of this review encompass delving into the fundamental genetic operators, such as selection, crossover, and mutation, while examining their role in maintaining diversity and converging toward optimal solutions. Methodology-wise, a systematic analysis of existing literature is undertaken to distil key insights and trends in GA applications. The main findings show the adaptability of GA in tackling problems spanning engineering, economics, bioinformatics, and beyond. By facilitating the discovery of optimal or near-optimal solutions within large solution spaces, GA proves its mettle in scenarios where traditional methods fall short. The conclusion underscores the enduring relevance of GA in the optimization landscape, emphasizing their potential to remain a pivotal tool for addressing intricate real-world challenges, provided their parameters are fine-tuned judiciously to balance exploration and exploitation.",https://semarakilmu.com.my/journals/index.php/applied_sciences_eng_tech/article/download/3337/3921,
23,"Maryam Mahdikhani, Purushottam Meena",Metaverse applications and supply chain innovation: insights from text mining,2024,Journal of Innovation & Knowledge,Elsevier BV,https://doi.org/10.1016/j.jik.2024.100591,,995,2026-05-27 20:41:01,article,10.1016/j.jik.2024.100591,2444-569X,,9,4,100591,100591,23,11.50,12,2,2,"This study explored the growing adoption of the Metaverse in the supply chain field, primarily focusing on topics discussed in news media and identifying the benefits of effective implementations. It further investigated whether disparities in these topics exist across various industries. Over 2,000 news articles, published in reputable global newspapers were collected using the LexisNexis online database to examine the applications of the Metaverse in supply chains. The study employed Latent Dirichlet Allocation (LDA) and BERTopic topic-modeling methodologies to identify prevalent topics within these articles. The results show that the BERTopic approach yields more coherent topics than the LDA approach. The most prominent topic identified was ""global supply chain growth amplified by digital technologies"", highlighting the potential of the Metaverse to enhance financial growth across supply chains. The analysis also revealed that the Metaverse is being utilized across diverse sectors, including manufacturing, warehousing, logistics, retail, media, and mining. This study provided multi-faceted implications, extending beyond academic insights to offer tangible guidance for policymakers and industry leaders on the advantages and challenges of Metaverse implementation. This research contributed a fresh perspective to the existing literature by identifying key topics and successful implementations.",https://doi.org/10.1016/j.jik.2024.100591,
511,"Hanane Allioui, Youssef Mourdi",Exploring the Full Potentials of IoT for Better Financial Growth and Stability: A Comprehensive Survey,2023,Sensors,Multidisciplinary Digital Publishing Institute,https://doi.org/10.3390/s23198015,,2,2026-05-27 20:41:01,review,10.3390/s23198015,1424-8220,,23,19,8015,8015,511,170.33,256,2,3,"Cutting-edge technologies, with a special emphasis on the Internet of Things (IoT), tend to operate as game changers, generating enormous alterations in both traditional and modern enterprises. Understanding multiple uses of IoT has become vital for effective financial management, given the ever-changing nature of organizations and the technological disruptions that come with this paradigm change. IoT has proven to be a powerful tool for improving operational efficiency, decision-making processes, overall productivity, and data management. As a result of the continuously expanding data volume, there is an increasing demand for a robust IT system capable of adeptly handling all enterprise processes. Consequently, businesses must develop suitable IoT architectures that can efficiently address these continually evolving requirements. This research adopts an incremental explanatory approach, guided by the principles of the Preferred Reporting Items for Systematic Reviews and Meta-Analysis (PRISMA). A rigorous examination of 84 research papers has allowed us to delve deeply into the current landscape of IoT research. This research aims to provide a complete and cohesive overview of the existing body of knowledge on IoT. This is accomplished by combining a rigorous empirical approach to categorization with ideas from specialized literature in the IoT sector. This study actively contributes to the ongoing conversation around IoT by recognizing and critically examining current difficulties. This, consequently, opens new research possibilities and promotes future developments in this ever-changing sector.",https://www.mdpi.com/1424-8220/23/19/8015/pdf?version=1695349202,
264,"Gautami Tripathi, Mohd Abdul Ahad, Gabriella Casalino",A comprehensive review of blockchain technology: Underlying principles and historical background with future challenges,2023,Decision Analytics Journal,Elsevier BV,https://doi.org/10.1016/j.dajour.2023.100344,,14,2026-05-27 20:41:01,review,10.1016/j.dajour.2023.100344,2772-6622,,9,,100344,100344,264,88.00,88,3,3,"Blockchain is a distributed digital ledger technology that has revolutionized businesses, industries, and commerce by eliminating the need for a central storage and control authority. Blockchain presents time-stamped and immutable blocks of data that are not owned by any single entity but rather managed by a group of nodes or computers where each block is secured and linked using cryptographic principles. The immutable and decentralized nature of blockchain has redefined trust, ownership, identity, and financial systems by providing a secure, fast, transparent, and pseudo-anonymous solution. This paper provides a comprehensive review of blockchain technology focusing on the historical background, underlying principles, and the sudden rise in the popularity of blockchain technology. The paper also discusses the various consensus algorithms of blockchain technology. Next, the paper focuses on the various application areas and prospective use cases of blockchain technology with the underlying challenges and issues. Further, the paper presents some unconventional use cases of blockchain technology. The study also reviews state-of-the-art articles to provide a comprehensive overview of the various aspects of blockchain technology in varied domains. The comparison between traditional database systems and blockchain technology is presented, and the appropriate scenarios where blockchain-based solutions may or may not provide the best solutions are also discussed. Further, it discusses some of the most infamous security breaches that impacted the blockchain industry in the recent past.",https://doi.org/10.1016/j.dajour.2023.100344,
246,"Stefano Abbate, Piera Centobelli, Roberto Cerchione, Simon Peter Nadeem, Emanuela Riccio","Sustainability trends and gaps in the textile, apparel and fashion industries",2023,Environment Development and Sustainability,Springer Science+Business Media,https://doi.org/10.1007/s10668-022-02887-2,,16,2026-05-27 20:41:01,review,10.1007/s10668-022-02887-2,1387-585X,,26,2,2837,2864,246,82.00,49,5,3,"Textile, apparel, and fashion (TAF) industries contribute significantly to global environmental pollution at every point of the supply chain. Clothing manufacturing and transportation produce a large volume of waste and high greenhouse gas emissions, often taking advantage of cheap labor in developing countries. As a result, stakeholders are becoming more aware of the effect of the textile, apparel, and fashion industries on the climate and human rights, thus pushing businesses to mitigate their environmental damage. This paper offers a systematic literature review of sustainability trends in the TAF industries in the last 20 years. Bibliometric tools are also used to support the content analysis of the papers. The findings reveal three primary research areas in the TAF context: consumers' behaviour towards sustainable clothing, circular economy initiatives, and sustainability challenges across the whole supply chain. As a result, this study highlights literature gaps and provides future research suggestions for each identified research cluster. In addition, drivers and barriers to implementing corporate social responsibility and circular economy practices are identified. Consequently, this study will help researchers and academicians work in this area to identify unexplored sub-fields, which reflect some potential investigation areas for expanding scientific literature on the topic. Finally, this study supports practitioners and managers in exploring the main research themes addressed in the scientific field, providing knowledge to improve and align business models with current sustainability trends.",https://link.springer.com/content/pdf/10.1007/s10668-022-02887-2.pdf,
243,"Jiahao Ji, Jingyuan Wang, Chao Huang, Junjie Wu, Boren Xu, Zhenhe Wu, Junbo Zhang, Yu Zheng",Spatio-Temporal Self-Supervised Learning for Traffic Flow Prediction,2023,Proceedings of the AAAI Conference on Artificial Intelligence,Association for the Advancement of Artificial Intelligence,https://doi.org/10.1609/aaai.v37i4.25555,,17,2026-05-27 20:41:01,article,10.1609/aaai.v37i4.25555,2159-5399,,37,4,4356,4364,243,81.00,30,8,3,"Robust prediction of citywide traffic flows at different time periods plays a crucial role in intelligent transportation systems. While previous work has made great efforts to model spatio-temporal correlations, existing methods still suffer from two key limitations: i) Most models collectively predict all regions' flows without accounting for spatial heterogeneity, i.e., different regions may have skewed traffic flow distributions. ii) These models fail to capture the temporal heterogeneity induced by time-varying traffic patterns, as they typically model temporal correlations with a shared parameterized space for all time periods. To tackle these challenges, we propose a novel Spatio-Temporal Self-Supervised Learning (ST-SSL) traffic prediction framework which enhances the traffic pattern representations to be reflective of both spatial and temporal heterogeneity, with auxiliary self-supervised learning paradigms. Specifically, our ST-SSL is built over an integrated module with temporal and spatial convolutions for encoding the information across space and time. To achieve the adaptive spatio-temporal self-supervised learning, our ST-SSL first performs the adaptive augmentation over the traffic flow graph data at both attribute- and structure-levels. On top of the augmented traffic graph, two SSL auxiliary tasks are constructed to supplement the main traffic prediction task with spatial and temporal heterogeneity-aware augmentation. Experiments on four benchmark datasets demonstrate that ST-SSL consistently outperforms various state-of-the-art baselines. Since spatio-temporal heterogeneity widely exists in practical datasets, the proposed framework may also cast light on other spatial-temporal applications. Model implementation is available at https://github.com/Echo-Ji/ST-SSL.",https://ojs.aaai.org/index.php/AAAI/article/download/25555/25327,
205,"María Esther Calderón Monge, Domingo Ribeiro Soriano",The role of digitalization in business and management: a systematic literature review,2023,Review of Managerial Science,Springer Science+Business Media,https://doi.org/10.1007/s11846-023-00647-8,,25,2026-05-27 20:41:01,article,10.1007/s11846-023-00647-8,1863-6683,,18,2,449,491,205,68.33,103,2,3,"Abstract Digitalization is a powerful engine for economic growth in the world. In 2018, digitally transformed firms represented 13.5 billion US dollars of global GDP and, towards the end of 2023, they are expected to represent 53.3 billion US dollars, over half of the general nominal GDP (Statista, Nominal GDP driven by digitally transformed and other enterprises worldwide 2018–2023. https://www.statista.com/statistics/1134766/nominal-gdp-driven-by-digitally-transformed-enterprises/ , 2022). The main objective of this study is to provide information (highlighting principal research topics and research agendas) from the literature on state-of-the-art digitalization within firms through a Systematic Literature Review (SLR). In all, 119 review articles on the most mature functional areas of the firm are analyzed: management, marketing, and finance and accounting, published in the WOS over the period 2018-April 2022. In this study, key relevant tendencies are identified in the most mature areas of the firm, which are the impact of digital technologies on the analysis of consumer behavior; digitalization and green innovation within organizations; and blockchain technology applied to financial services. The main contributions of this work are as follows: (1) to provide the most complete and up-to-date review of digitalization from a global perspective, summarizing the current state of knowledge within an integrated framework; (2) to reduce the complexity of digitalization by offering structure and clarity; and (3) to offer links between digitalization and established points of view in the literature on management, marketing, finance, and accounting. The novelty of this paper is centered on a joint analysis of digitalization, digital transformation, and digital technologies, taking into account the most mature functional areas of the firm.",https://link.springer.com/content/pdf/10.1007/s11846-023-00647-8.pdf,
174,"Farshid Naseri, Santiago Gil, C. Barbu, Erdal Çetkin, Gulsah Yarimca, Anders Christian Solberg Jensen, Peter Gorm Larsen, Cláudio Gomes","Digital twin of electric vehicle battery systems: Comprehensive review of the use cases, requirements, and platforms",2023,Renewable and Sustainable Energy Reviews,Elsevier BV,https://doi.org/10.1016/j.rser.2023.113280,,35,2026-05-27 20:41:01,article,10.1016/j.rser.2023.113280,1364-0321,,179,,113280,113280,174,58.00,22,8,3,"Transportation electrification has been fueled by recent advancements in the technology and manufacturing of battery systems, but the industry yet is facing serious challenges that could be addressed using cutting-edge digital technologies. One such novel technology is based on the digital twining of battery systems. Digital twins (DTs) of batteries utilize advanced multi-layer models, artificial intelligence, advanced sensing units, Internet-of-Things technologies, and cloud computing techniques to provide a virtual live representation of the real battery system (the physical twin) to improve the performance, safety, and cost-effectiveness. Furthermore, they orchestrate the operation of the entire battery value chain offering great advantages, such as improving the economy of manufacturing, re-purposing, and recycling processes. In this context, various studies have been carried out discussing the DT applications and use cases from cloud-enabled battery management systems to the digitalization of battery testing. This work provides a comprehensive review of different possible use cases, key enabling technologies, and requirements for battery DTs. The review inclusively discusses the use cases, development/integration platforms, as well as hardware and software requirements for implementation of the battery DTs, including electrical topics related to the modeling and algorithmic approaches, software architectures, and digital platforms for DT development and integration. The existing challenges are identified and circumstances that will create enough value to justify these challenges, such as the added costs, are discussed.",https://ars.els-cdn.com/content/image/1-s2.0-S1364032123001363-ga1_lrg.jpg,
145,"Emilia Filippi, Mariasole Bannò, Sandro Trento","Automation technologies and their impact on employment: A review, synthesis and future research agenda",2023,Technological Forecasting and Social Change,Elsevier BV,https://doi.org/10.1016/j.techfore.2023.122448,,55,2026-05-27 20:41:01,article,10.1016/j.techfore.2023.122448,0040-1625,,191,,122448,122448,145,48.33,48,3,3,"This paper aims to review prior studies investigating how automation technologies affect employment. Our structured systematic review resulted in 102 publications recovered from Web of Science, Scopus and hand searching. The literature investigating how automation technologies affect employment is extremely complex and detailed, given that the impact of automation is evaluated at different levels of analysis (i.e., global, international, continental, country, regional, labour market, industry, firm, occupational, worker, and work activities) by adopting alternative methods (i.e., estimating the probability of automation or the net impact of employment) and, for some levels of analysis, the impact of each specific type of automation technology is evaluated. Moreover, the results are often inconsistent and inconclusive since only few clear results emerge and the impact of automation technologies is unclear for many levels of analysis. Research gaps and future research agenda are identified and discussed based on previous evidence.",https://doi.org/10.1016/j.techfore.2023.122448,
136,"Pu Chen, Linna Wu, Lei Wang","AI Fairness in Data Management and Analytics: A Review on Challenges, Methodologies and Applications",2023,Applied Sciences,Multidisciplinary Digital Publishing Institute,https://doi.org/10.3390/app131810258,,63,2026-05-27 20:41:01,review,10.3390/app131810258,2076-3417,,13,18,10258,10258,136,45.33,45,3,3,"This article provides a comprehensive overview of the fairness issues in artificial intelligence (AI) systems, delving into its background, definition, and development process. The article explores the fairness problem in AI through practical applications and current advances and focuses on bias analysis and fairness training as key research directions. The paper explains in detail the concept, implementation, characteristics, and use cases of each method. The paper explores strategies to reduce bias and improve fairness in AI systems, reviews challenges and solutions to real-world AI fairness applications, and proposes future research directions. In addition, this study provides an in-depth comparative analysis of the various approaches, utilizing cutting-edge research information to elucidate their different characteristics, strengths, and weaknesses. The results of the comparison provide guidance for future research. The paper concludes with an overview of existing challenges in practical applications and suggests priorities and solutions for future research. The conclusions provide insights for promoting fairness in AI systems. The information reviewed in this paper is drawn from reputable sources, including leading academic journals, prominent conference proceedings, and well-established online repositories dedicated to AI fairness. However, it is important to recognize that research nuances, sample sizes, and contextual factors may create limitations that affect the generalizability of the findings.",https://www.mdpi.com/2076-3417/13/18/10258/pdf?version=1694597295,
129,"Tianzhen Hong, Jeetika Malik, Amanda F. Krelling, William O’Brien, Kaiyu Sun, Roberto Lamberts, Max Wei",Ten questions concerning thermal resilience of buildings and occupants for climate adaptation,2023,Building and Environment,Elsevier BV,https://doi.org/10.1016/j.buildenv.2023.110806,,69,2026-05-27 20:41:01,article,10.1016/j.buildenv.2023.110806,0360-1323,,244,,110806,110806,129,43.00,18,7,3,"With climate change leading to more frequent, more intense, and longer durations of extreme weather events such as heat waves and cold snaps, it is essential to maintain safe indoor environmental conditions for occupants during such events, which may coincide with, or even cause, power outages that expose residents to health risks. Analyzing the impacts of extreme weather events on the thermal resilience of buildings can help stakeholders (including occupants) understand the risk and inform them about mitigation and adaptation actions. Moreover, analyzing the technological, social and policy dimensions of thermal resilience is critical for climate-proofing buildings. This paper presents 10 questions that highlight the most important issues regarding the thermal resilience of buildings for occupants in the face of climate change. The proposed questions and answers aim to provide insights into current and future building thermal resilience research and applications, and more importantly to inspire new significant questions in the field.",https://doi.org/10.1016/j.buildenv.2023.110806,
122,"Maxwell Chukwudi Udeagha, Edwin Muchapondwa","Striving for the United Nations (<scp>UN</scp>) sustainable development goals (<scp>SDGs</scp>) in <scp>BRICS</scp> economies: The role of green finance, fintech, and natural resource rent",2023,Sustainable Development,Wiley,https://doi.org/10.1002/sd.2618,,78,2026-05-27 20:41:01,article,10.1002/sd.2618,0968-0802,,31,5,3657,3672,122,40.67,61,2,3,"Abstract In terms of policy, the BRICS region has prioritized achieving environmental sustainability. Environmental problems are mostly caused by the area's continuous reliance on fossil fuels to meet its energy requirements. It is also challenging to significantly reduce the region's reliance on fossil fuels because historically, the region has been a big importer of fossil fuels. As a result, the greenhouse gas (GHG) emission rates of the BRICS countries have been rising over time. Furthermore, the area has enormous untapped reserves of renewable energy sources that can be exploited to produce electricity without negatively impacting the ecosystem. In light of this, this research analyses, while controlling for energy innovation, economic growth, and natural resource rent, the combined effects of green finance (GFN) and financial technology (fintech) in reaching the region's carbon neutrality goals from 1990 to 2020. The findings for the BRICS economies, which are consistent with the EKC theory, imply that environmental sustainability is promoted by GFN, fintech, and energy innovation (ENI). NRR (natural resource rent) and GDP (economic growth) compromise environmental quality, nevertheless. It has also been demonstrated that there is a two‐way causal relationship between CO 2 emissions and GFN, fintech, and NRR. However, it has been demonstrated that GDP and ENI have a one‐way causal relationship with CO 2 emissions. It is recommended that the BRICS nations speed up the development of green financial products and increase the capacity of banks and financial institutions to offer green credit facilities based on the empirical findings. The basic study of how green finance solutions might be used while lowering the related risks should receive more funding.",https://onlinelibrary.wiley.com/doi/pdfdirect/10.1002/sd.2618,
117,"Jasmin Praful Bharadiya, Reji Kurien Thomas, Farhan Ahmed",Rise of Artificial Intelligence in Business and Industry,2023,Journal of Engineering Research and Reports,,https://doi.org/10.9734/jerr/2023/v25i3893,,84,2026-05-27 20:41:01,article,10.9734/jerr/2023/v25i3893,2582-2926,,25,3,85,103,117,39.00,39,3,3,"The ongoing development of business and the most recent advances in artificial intelligence (AI) allow for the many business practices to be improved by the capacity to establish new forms of collaboration, which is a significant competitive advantage. This rapidly developing technology enables to offer brand services and even some new forms of business interactions with consumers and personnel. The digitalization of AI concurrently emphasized for businesses that they need concentrate on their present strategies while also routinely and early pursuing new chances in the market. Not only in business but also in different industry sectors, Al techniques are being used and revolutionized different industry sectors. This review focuses on the application of AI techniques in business and different industries.",https://journaljerr.com/index.php/JERR/article/download/893/1776,
115,Yudiyanto Joko Purnomo,Digital Marketing Strategy to Increase Sales Conversion on E-commerce Platforms,2023,Journal of Contemporary Administration and Management (ADMAN),,https://doi.org/10.61100/adman.v1i2.23,,88,2026-05-27 20:41:01,article,10.61100/adman.v1i2.23,2988-3121,,1,2,54,62,115,38.33,115,1,3,"In this digital era, technological developments have significantly changed the business paradigm, especially in the e-commerce industry. E-commerce platforms have become one of the main media for many companies to sell their products and services online. However, the increasing number of competitors on e-commerce platforms requires companies to have an effective marketing strategy to increase sales conversion and gain a competitive advantage. The purpose of this research is to analyse and identify effective digital marketing strategies in increasing sales conversion on e-commerce platforms. The current research type is qualitative. Data collection techniques include listening and recording important information to conduct data analysis through data reduction, data display, and conclusion drawing. The study results show that in an effort to increase sales conversions on e-commerce platforms, digital marketing strategies play a crucial role. By combining various techniques and tactics, you can achieve successful results in increasing traffic, engagement, and ultimately, sales conversions on your e-commerce platform. Here are the core digital marketing strategies including SEO, content marketing, social media, paid advertising, user experience optimisation, customer reviews and testimonials, content personalisation, video usage, incentives, and car optimisation.",https://journal.literasisainsnusantara.com/index.php/adman/article/download/23/38,
114,"Deepika Saxena, Jitendra Kumar, Ashutosh Kumar Singh, Stefan Schmid",Performance Analysis of Machine Learning Centered Workload Prediction Models for Cloud,2023,IEEE Transactions on Parallel and Distributed Systems,Institute of Electrical and Electronics Engineers,https://doi.org/10.1109/tpds.2023.3240567,,91,2026-05-27 20:41:01,article,10.1109/tpds.2023.3240567,1045-9219,,34,4,1313,1330,114,38.00,29,4,3,"The precise estimation of resource usage is a complex and challenging issue due to the high variability and dimensionality of heterogeneous service types and dynamic workloads. Over the last few years, the prediction of resource usage and traffic has received ample attention from the research community. Many machine learning-based workload forecasting models have been developed by exploiting their computational power and learning capabilities. This paper presents the first systematic survey cum performance analysis-based comparative study of diversified machine learning-driven cloud workload prediction models. The discussion initiates with the significance of predictive resource management followed by a schematic description, operational design, motivation, and challenges concerning these workload prediction models. Classification and taxonomy of different prediction approaches into five distinct categories are presented focusing on the theoretical concepts and mathematical functioning of the existing state-of-the-art workload prediction methods. The most prominent prediction approaches belonging to a distinct class of machine learning models are thoroughly surveyed and compared. All five classified machine learning-based workload prediction models are implemented on a common platform for systematic investigation and comparison using three distinct benchmark cloud workload traces via experimental analysis. The essential key performance indicators of state-of-the-art approaches are evaluated for comparison and the paper is concluded by discussing the trade-offs and notable remarks.",https://arxiv.org/pdf/2302.02452,
112,"Gabriele Torma, Jessica Aschemann‐Witzel",Social acceptance of dual land use approaches: Stakeholders' perceptions of the drivers and barriers confronting agrivoltaics diffusion,2023,Journal of Rural Studies,Elsevier BV,https://doi.org/10.1016/j.jrurstud.2023.01.014,,93,2026-05-27 20:41:01,article,10.1016/j.jrurstud.2023.01.014,0743-0167,,97,,610,625,112,37.33,56,2,3,"Agrivoltaics is a dual land-use approach, combining food and energy production. It is a yet underexplored innovation with high potential to address land-use conflicts. Understanding the basis on which stakeholders judge and decide on such innovations is crucial to understanding perception and adoption, especially when the potential value of an innovation is not solely on an individual level but also on a societal level. Therefore, we combine two theoretical lenses, the innovation diffusion theory for an individual and the social acceptance perspective for a societal lens. Through 27 semi-structured stakeholder interviews, we explore perceptions of agrivoltaics by different stakeholder types in three countries (Germany, Belgium, and Denmark) and different agrivoltaics system designs (vertical, horizontal, and as replacement of cover installations). We categorize our emerging themes into drivers and barriers of agrivoltaic diffusion in five subdimensions based on the known characteristics of innovation diffusion (Relative Advantage, Compatibility, Complexity, Trialability, and Communicability) and find social acceptance is the overarching dimension that embraces the five subdimensions by either strengthening or weakening acceptance on the micro, meso or macro level. Based on this categorization, we develop a conceptual model to highlight the need to address perceived drivers of, and barriers to, innovation adoption on different social acceptance levels. Our findings contribute to a better understanding of which perceptions play an essential role to whom. First, such a more holistic perspective can support policymakers' decisions on how to boost agrivoltaics as a potentially valuable innovation. Second, it can help researchers decide what to focus on when designing pilot studies, and third, it can support product and project developers decide on how to design agrivoltaic projects with better acceptance rates from all the involved stakeholder groups.",https://doi.org/10.1016/j.jrurstud.2023.01.014,
111,"Muhammad Irfan Khalid, Ibtisam Ehsan, Ayman Al-Ani, Jawaid Iqbal, Saddam Hussain, Syed Sajid Ullah, Nayab",A Comprehensive Survey on Blockchain-Based Decentralized Storage Networks,2023,IEEE Access,Institute of Electrical and Electronics Engineers,https://doi.org/10.1109/access.2023.3240237,,95,2026-05-27 20:41:01,article,10.1109/access.2023.3240237,2169-3536,,11,,10995,11015,111,37.00,16,7,3,"Blockchains are a new approach to creating distributed networks that were first introduced in 2008. It allows the formation of peer-to-peer networks based on consensus, forming chains from accepted blocks without requiring a central authority or centralized controller. A prominent application of this technology is its use in decentralized storage systems. Individuals in decentralized storage networks rent unused hardware storage space to other individuals. A decentralized network utilizing end-to-end encryption eliminates the risk of data loss associated with centralized data control by enabling clients to transmit their files securely. The storage providers must prove that they have kept unaltered files in this network for this time. Many studies have been conducted in this specific domain, most targeting storage capacity and efficiency, but a security, integrity and privacy loophole need to be addressed. This paper presents an overview of blockchain-based storage systems and how they work, followed by a comparison with cloud-based storage networks and a survey of various decentralized storage networks like SIA, File coin, and Storj available on the market. Next, we discuss the advantages and disadvantages of blockchain-based storage. In our final discussion, we examine the security problems of decentralized storage networks and explore potential solutions and research directions for the future.",https://ieeexplore.ieee.org/ielx7/6287639/10005208/10026822.pdf,
103,"Monica E Swilley-Martinez, Serita A Coles, Vanessa Miller, Ishrat Z Alam, Kate Vinita Fitch, Theresa H. Cruz, Bernadette Hohl, Regan Murray, Shabbar I. Ranapurwala","“We adjusted for race”: now what? A systematic review of utilization and reporting of race in <i>American Journal of Epidemiology</i> and <i>Epidemiology</i>, 2020–2021",2023,Epidemiologic Reviews,Oxford University Press,https://doi.org/10.1093/epirev/mxad010,,103,2026-05-27 20:41:01,review,10.1093/epirev/mxad010,0193-936X,,45,1,15,31,103,34.33,11,9,3,"Race is a social construct, commonly used in epidemiologic research to adjust for confounding. However, adjustment of race may mask racial disparities, thereby perpetuating structural racism. We conducted a systematic review of articles published in Epidemiology and American Journal of Epidemiology between 2020 and 2021 to (1) understand how race, ethnicity, and similar social constructs were operationalized, used, and reported; and (2) characterize good and poor practices of utilization and reporting of race data on the basis of the extent to which they reveal or mask systemic racism. Original research articles were considered for full review and data extraction if race data were used in the study analysis. We extracted how race was categorized, used-as a descriptor, confounder, or for effect measure modification (EMM)-and reported if the authors discussed racial disparities and systemic bias-related mechanisms responsible for perpetuating the disparities. Of the 561 articles, 299 had race data available and 192 (34.2%) used race data in analyses. Among the 160 US-based studies, 81 different racial categorizations were used. Race was most often used as a confounder (52%), followed by effect measure modifier (33%), and descriptive variable (12%). Fewer than 1 in 4 articles (22.9%) exhibited good practices (EMM along with discussing disparities and mechanisms), 63.5% of the articles exhibited poor practices (confounding only or not discussing mechanisms), and 13.5% were considered neither poor nor good practices. We discuss implications and provide 13 recommendations for operationalization, utilization, and reporting of race in epidemiologic and public health research.",https://academic.oup.com/epirev/advance-article-pdf/doi/10.1093/epirev/mxad010/51838543/mxad010.pdf,
100,"Shubhrajyotsna Aithal, P. S. Aithal",Importance of Circular Economy for Resource Optimization in Various Industry Sectors – A Review-based Opportunity Analysis,2023,International Journal of Applied Engineering and Management Letters,,https://doi.org/10.47992/ijaeml.2581.7000.0182,,111,2026-05-27 20:41:01,article,10.47992/ijaeml.2581.7000.0182,2581-7000,,,,191,215,100,33.33,50,2,3,"Purpose: The circular economy concept is of significant importance across various industry sectors, including the primary, secondary, tertiary, and quaternary sectors. This concept has a profound impact across all industry sectors by promoting sustainable practices, resource efficiency, waste reduction, and innovation. By embracing circular principles, industries can contribute to the transition towards a more sustainable and resilient economy while creating economic value and minimizing environmental impact. Methodology: The importance of the circular economy is discussed in various industry sectors by means of a systematic review to know the current status and SWOC and ABCD analysis to know the Opportunity of exploring this field. Results: Based on analysis, comparison, evaluation, and interpretation of the circular economy in all four industry sectors, the importance of Circular Economy for Resource Optimization are suggested. Outcome/Values/Novelty: The importance of the Circular Economy in primary, secondary, tertiary, and quaternary industries are evaluated by knowing the current status and the opportunity are analyzed using SWOC and ABCD analysis frameworks. Type of Paper: Exploratory Analysis",https://supublication.com/index.php/ijaeml/article/download/108/79/1051,
99,"Valeska Engesser, Evy Rombaut, Lieselot Vanhaverbeke, Philippe Lebeau",Autonomous Delivery Solutions for Last-Mile Logistics Operations: A Literature Review and Research Agenda,2023,Sustainability,Multidisciplinary Digital Publishing Institute,https://doi.org/10.3390/su15032774,,115,2026-05-27 20:41:01,review,10.3390/su15032774,2071-1050,,15,3,2774,2774,99,33.00,25,4,3,"The implementation of autonomous delivery solutions in last-mile logistics operations is considered promising. Autonomous delivery solutions can help in tackling urban challenges related to last-mile logistics operations. Urbanization creates higher mobility and transportation demand, which contributes to increased congestion levels, traffic, air pollution, and accident rates. Moreover, mega-trends, such as e-commerce, demand that logistics companies react to increased customer expectations in terms of delivery time and service. Concerning service, electrified autonomous delivery solutions have the potential to operate 24/7 and can help to overcome driver shortages. This paper conducts a systematic literature review. Based on the literature set, a snowballing procedure was applied. Complementary gray literature was included. This work discusses different autonomous delivery solutions such as Autonomous Delivery Robots (ADRs), Unmanned Aerial Vehicles (UAVs), two- or multi-tiered systems, and the concept of passenger and freight integration. The work presents advantages and disadvantages, enabling the comparison of solutions. Furthermore, a research agenda is provided, from which practical-managerial and theoretical implications can be derived. The research agenda can help researchers, manufacturers, businesses, and governmental institutions to prepare for the arrival and subsequent implementation of autonomous delivery services. Various implications related to energy demand, legislation, implementation strategy, training, and risk and safety are presented. The outcome of this work calls for collaboration among various stakeholders, encourages mutual learning, and hints at the importance of national and international development projects.",https://www.mdpi.com/2071-1050/15/3/2774/pdf?version=1675415572,
99,Jakob Mökander,"Auditing of AI: Legal, Ethical and Technical Approaches",2023,Digital Society,Springer Science+Business Media,https://doi.org/10.1007/s44206-023-00074-y,,116,2026-05-27 20:41:01,article,10.1007/s44206-023-00074-y,2731-4650,,2,3,,,99,33.00,99,1,3,"Abstract AI auditing is a rapidly growing field of research and practice. This review article, which doubles as an editorial to Digital Society’s topical collection on ‘Auditing of AI’, provides an overview of previous work in the field. Three key points emerge from the review. First, contemporary attempts to audit AI systems have much to learn from how audits have historically been structured and conducted in areas like financial accounting, safety engineering and the social sciences. Second, both policymakers and technology providers have an interest in promoting auditing as an AI governance mechanism. Academic researchers can thus fill an important role by studying the feasibility and effectiveness of different AI auditing procedures. Third, AI auditing is an inherently multidisciplinary undertaking, to which substantial contributions have been made by computer scientists and engineers as well as social scientists, philosophers, legal scholars and industry practitioners. Reflecting this diversity of perspectives, different approaches to AI auditing have different affordances and constraints. Specifically, a distinction can be made between technology-oriented audits, which focus on the properties and capabilities of AI systems, and process-oriented audits, which focus on technology providers’ governance structures and quality management systems. The next step in the evolution of auditing as an AI governance mechanism, this article concludes, should be the interlinking of these available—and complementary—approaches into structured and holistic procedures to audit not only how AI systems are designed and used but also how they impact users, societies and the natural environment in applied settings over time.",https://link.springer.com/content/pdf/10.1007/s44206-023-00074-y.pdf,
89,"Michela Rossi, Dionysios A. Bournas",Structural Health Monitoring and Management of Cultural Heritage Structures: A State-of-the-Art Review,2023,Applied Sciences,Multidisciplinary Digital Publishing Institute,https://doi.org/10.3390/app13116450,,148,2026-05-27 20:41:01,review,10.3390/app13116450,2076-3417,,13,11,6450,6450,89,29.67,45,2,3,"In recent decades, the urgency to protect and upgrade cultural heritage structures (CHS) has become of primary importance due to their unique value and potential areas of impact (economic, social, cultural, and environmental). Structural health monitoring (SHM) and the management of CHS are emerging as decisive safeguard measures aimed at assessing the actual state of the conservation and integrity of the structure. Moreover, the data collected from SHM are essential to plan cost-effective and sustainable maintenance solutions, in compliance with the basic preservation principles for historic buildings, such as minimum intervention. It is evident that, compared to new buildings, the application of SHM to CHS is even more challenging because of the uniqueness of each monitored structure and the need to respect its architectural and historical value. This paper aims to present a state-of-the-art evaluation of the current traditional and innovative SHM techniques adopted for CHS and to identify future research trends. First, a general introduction regarding the use of monitoring strategies and technologies for CHS is presented. Next, various traditional SHM techniques currently used in CHS are described. Then, attention is focused on the most recent technologies, such as fibre optic sensors and smart-sensing materials. Finally, an overview of innovative methods and tools for managing and analysing SHM data, including IoT-SHM systems and the integration of BIM in heritage structures, is provided.",https://www.mdpi.com/2076-3417/13/11/6450/pdf?version=1685003428,
87,"Jonathan Stray, Alon Halevy, Parisa Assar, Dylan Hadfield-Menell, Craig Boutilier, Amar Ashar, Chloé Bakalar, Lex Beattie, Michael D. Ekstrand, Claire Leibowicz, Connie Moon Sehat, Sara L. Johansen, Lianne Kerlin, David Vickrey, Spandana Singh, Sanne Vrijenhoek, Amy X. Zhang, McKane Andrus, Natali Helberger, Polina Proutskova, Tanushree Mitra, Nina Vasan",Building Human Values into Recommender Systems: An Interdisciplinary Synthesis,2023,ACM Transactions on Recommender Systems,Association for Computing Machinery,https://doi.org/10.1145/3632297,,152,2026-05-27 20:41:01,article,10.1145/3632297,2770-6699,,2,3,1,57,87,29.00,9,22,3,"Recommender systems are the algorithms which select, filter, and personalize content across many of the world's largest platforms and apps. As such, their positive and negative effects on individuals and on societies have been extensively theorized and studied. Our overarching question is how to ensure that recommender systems enact the values of the individuals and societies that they serve. Addressing this question in a principled fashion requires technical knowledge of recommender design and operation, and also critically depends on insights from diverse fields including social science, ethics, economics, psychology, policy, and law. This article is a multidisciplinary effort to synthesize theory and practice from different perspectives, with the goal of providing a shared language, articulating current design approaches, and identifying open problems. We collect a set of values that seem most relevant to recommender systems operating across different domains, and then examine them from the perspectives of current industry practice, measurement, product design, and policy approaches. Important open problems include multi-stakeholder processes for defining values and resolving trade-offs, better values-driven measurements, recommender controls that people use, non-behavioral algorithmic feedback, optimization for long-term outcomes, causal inference of recommender effects, academic-industry research collaborations, and interdisciplinary policy-making.",https://dl.acm.org/doi/pdf/10.1145/3632297,
77,"Sanjay Taneja, Mukul Bhatnagar, Pawan Kumar, Ramona Rupeika-Apoga",India’s Total Natural Resource Rents (NRR) and GDP: An Augmented Autoregressive Distributed Lag (ARDL) Bound Test,2023,Journal of risk and financial management,Multidisciplinary Digital Publishing Institute,https://doi.org/10.3390/jrfm16020091,,193,2026-05-27 20:41:01,article,10.3390/jrfm16020091,1911-8066,,16,2,91,91,77,25.67,19,4,3,"Utilizing natural resources wisely, reducing pollution, and taking other environmental factors into account are now critical to the prospects for long-term economic growth and, by extension, sustainable development. We investigate the impact of total natural resource rents (NRR) on India’s GDP in this study. The data sample consists of NRR and GDP data from the World Bank’s official website collected between 1993 and 2020. In the study, the Granger causality test and an augmented autoregressive distributed lag (ARDL) bound test were used. The NNR have a significant impact on India’s GDP, according to the results of the ARDL model on the framed time series data set. Furthermore, the ARDL bound test reveals that the NRR have a significant short-term and long-term impact on the GDP of the Indian economy. This research contributes to understanding whether an exclusive policy is required for effective management of the complex interactions between various forces in the economic, political, and social environments. This is significant because there is no standard policy in India to improve the efficiency of utility extraction from natural resources.",https://www.mdpi.com/1911-8074/16/2/91/pdf?version=1675419613,
71,"Gianluca Bei, Filippo Celata",Challenges and effects of short-term rentals regulation,2023,Annals of Tourism Research,Elsevier BV,https://doi.org/10.1016/j.annals.2023.103605,,224,2026-05-27 20:41:01,article,10.1016/j.annals.2023.103605,0160-7383,,101,,103605,103605,71,23.67,36,2,3,"Many overtouristified cities introduced limitations to the diffusion of short-term rentals, and are struggling to guarantee their enforcement, while evidence about the impact of those regulations is limited. The article provides an overview of the instruments adopted by 16 European cities, and an assessment of their effectiveness. By comparing regulated and unregulated cities, we show that the former obtained a persistent reduction in the number of listings of entire apartments, in the ratio between entire apartments and shared rooms, and in the number of professional hosts, but no significant impact on the spatial concentration of short-term rentals in the city. We also provide evidence of the effects of the diverse regulatory strategies, and of the importance of obtaining the cooperation of booking platforms.",https://ars.els-cdn.com/content/image/1-s2.0-S0160738323000786-ga1_lrg.jpg,
69,"Donata Tania Vergura, Cristina Zerbini, Beatrice Luceri, Rosa Palladino",Investigating sustainable consumption behaviors: a bibliometric analysis,2023,British Food Journal,Emerald Publishing Limited,https://doi.org/10.1108/bfj-06-2022-0491,,234,2026-05-27 20:41:01,article,10.1108/bfj-06-2022-0491,0007-070X,,125,13,253,276,69,23.00,17,4,3,"Purpose The research carried out a bibliometric analysis of the literature on environmental sustainability from a demand perspective by analyzing the scientific contributions published in the last twenty years. Design/methodology/approach A bibliometric analysis was carried out to outline the scientific studies development, identifying the most discussed topics and those that would require future research. In total, 274 articles published between 1999 and 2021 were collected through the Web of Science database and analyzed with the SciMAT software. Findings By systematizing the literature results, the study revealed a steady growth in the number of publications and in the research areas, highlighting a substantial evolution of the research topic. Research limitations/implications The study contribute for conceptual, methodological and thematic development of the topic, systematizing the results of existing studies and providing useful indications for the promotion of sustainable consumer habits. Originality/value The study attempts to bridge the gap in current literature by offering a holistic view on the role of consumer behavior in pursuing sustainability goals, identifying both the most treated areas and the emerging ones that can represent opportunities for future research.",https://www.emerald.com/insight/content/doi/10.1108/BFJ-06-2022-0491/full/pdf?title=investigating-sustainable-consumption-behaviors-a-bibliometric-analysis,
68,"Ahmed Hassebo, Mohamed Tealab",Global Models of Smart Cities and Potential IoT Applications: A Review,2023,IoT,Multidisciplinary Digital Publishing Institute,https://doi.org/10.3390/iot4030017,,240,2026-05-27 20:41:01,review,10.3390/iot4030017,2624-831X,,4,3,366,411,68,22.67,34,2,3,"As the world becomes increasingly urbanized, the development of smart cities and the deployment of IoT applications will play an essential role in addressing urban challenges and shaping sustainable and resilient urban environments. However, there are also challenges to overcome, including privacy and security concerns, and interoperability issues. Addressing these challenges requires collaboration between governments, industry stakeholders, and citizens to ensure the responsible and equitable implementation of IoT technologies in smart cities. The IoT offers a vast array of possibilities for smart city applications, enabling the integration of various devices, sensors, and networks to collect and analyze data in real time. These applications span across different sectors, including transportation, energy management, waste management, public safety, healthcare, and more. By leveraging IoT technologies, cities can optimize their infrastructure, enhance resource allocation, and improve the quality of life for their citizens. In this paper, eight smart city global models have been proposed to guide the development and implementation of IoT applications in smart cities. These models provide frameworks and standards for city planners and stakeholders to design and deploy IoT solutions effectively. We provide a detailed evaluation of these models based on nine smart city evaluation metrics. The challenges to implement smart cities have been mentioned, and recommendations have been stated to overcome these challenges.",https://www.mdpi.com/2624-831X/4/3/17/pdf?version=1693487351,
66,"N. Gomez‐Casanovas, Paul Mwebaze, Madhu Khanna, B. E. Branham, Alson Time, Evan H. DeLucia, Carl J. Bernacchi, Alan K. Knapp, Muhammad Jahidul Hoque, Xuzhi Du, Elena Blanc‐Betes, Greg A. Barron‐Gafford, Bin Peng, Kaiyu Guan, Jordan Macknick, Ruiqing Miao, Nenad Miljkovic","Knowns, uncertainties, and challenges in agrivoltaics to sustainably intensify energy and food production",2023,Cell Reports Physical Science,Elsevier BV,https://doi.org/10.1016/j.xcrp.2023.101518,,246,2026-05-27 20:41:01,article,10.1016/j.xcrp.2023.101518,2666-3864,,4,8,101518,101518,66,22.00,7,17,3,"Harnessing solar energy to renewably produce electricity can contribute to climate mitigation while meeting current energy demands. However, utility-scale photovoltaics are land intensive and can compete with food production. Agrivoltaics, which combines both energy and food production, has the potential to reduce competition for land. However, its benefits remain uncertain. Here, we review the literature to assess how agrivoltaics can provide synergistic benefits across the food-energy-water nexus relative to photovoltaic or agricultural systems in isolation. Overall, agrivoltaics has the potential to enhance the sustainability of agricultural land and the resilience of our food and energy systems while helping meet energy and food demands. However, there are obstacles to be surmounted. Interdisciplinary collaborative research actions to gain a holistic and mechanistic understanding of the ecological, environmental, and socio-economic consequences of agrivoltaics, and to realize how new innovations can unravel the potential of this emerging strategy, are urgently needed.",https://ars.els-cdn.com/content/image/1-s2.0-S2666386423003028-fx1_lrg.jpg,
64,"Vignesh Ramasamy, Jarett Zuboy, Michael Woodhouse, Eric O’Shaughnessy, David Feldman, Jal Desai, Andy Walker, Robert Margolis, Paul A. Basore","U.S. Solar Photovoltaic System and Energy Storage Cost Benchmarks, With Minimum Sustainable Price Analysis: Q1 2023",2023,,,https://doi.org/10.2172/2005540,,264,2026-05-27 20:41:01,report,10.2172/2005540,,,,,,,64,21.33,7,9,3,"The U.S. Department of Energy's (DOE's) Solar Energy Technologies Office (SETO) aims to accelerate the advancement and deployment of solar technology in support of an equitable transition to a decarbonized economy no later than 2050, starting with a decarbonized power sector by 2035. Its approach to achieving this goal includes driving innovations in technology, hardware, and soft cost reductions to make solar affordable and accessible for all. As part of this effort, SETO must track solar cost trends so it can focus its research and development (R&D) on the highest-impact activities. The benchmarks in this report are bottom-up cost estimates of all major inputs to PV and energy storage system installations. Bottom-up costs are based on national averages and do not necessarily represent typical costs in all local markets. Like last year's report, this year's report includes two distinct sets of benchmarks: minimum sustainable price (MSP) benchmarks and modeled market price (MMP) benchmarks. MSP benchmarks can be interpreted as the minimum price a company needs to charge to remain financially solvent in the long term based on the minimum sustainable prices of all inputs including minimum sustainable profit margins. MMP benchmarks can be interpreted as the actual cash sales price a company charges in the given benchmark period. These simplified estimates are useful for tracking technological progress, but they do not reflect all experiences. In fact, no individual estimate under any approach can reflect the diversity of the PV and storage manufacturing and installation industries. Our residential MMP benchmark ($2.90 per watt direct current [Wdc]) is 24% higher than the MSP benchmark ($2.34/Wdc) and 9% lower than our MMP benchmark ($3.18/Wdc) from Q1 2022 in 2022 U.S. dollars (USD). For community solar, our MMP benchmark ($1.75/Wdc) is 18% higher than our MSP benchmark ($1.49/Wdc). Our Q1 2022 benchmark report has no community solar system for comparison. For utility-scale systems with one-axis tracking, our MMP benchmark ($1.17/Wdc) is 22% higher than our MSP benchmark ($0.96/Wdc) and 10% higher than its counterpart ($1.07/Wdc) in Q1 2022 in 2022 USD.",https://www.osti.gov/biblio/2005540,
59,"Katrien Verleye, Arne De Keyser, Néomie Raassens, A.A. Alblas, Fernando C. Lit, J.C.C.M. Huijben",Pushing Forward the Transition to a Circular Economy by Adopting an Actor Engagement Lens,2023,Journal of Service Research,SAGE Publishing,https://doi.org/10.1177/10946705231175937,,294,2026-05-27 20:41:01,article,10.1177/10946705231175937,1094-6705,,27,1,69,88,59,19.67,10,6,3,"Circular business models (CBMs), such as product-service systems, are rapidly gaining traction in light of a transition to a more circular and sustainable economy. The authors call for a new approach to inform and guide the development and adoption of these CBMs. The main reason is that different actors in the service ecosystems or networks linked to these business models—such as firms, customers, and governmental bodies—may be reluctant to join or even impede the transition to a circular economy. Based upon an abductive analysis of 133 CBM papers with the Motivation-Opportunity-Ability (MOA) framework as organizing structure, the authors theorize about how to achieve “circular economy engagement” ( i.e., an actor’s disposition to embrace CBMs). Specifically, they highlight and illustrate the role of (1) signaling and convincing as motivation-related practices, (2) matching and legitimizing as opportunity-related practices, and (3) supporting and empowering as ability-related practices. The authors provide illustrative cases for each of these practices along with a discussion of the theoretical and practical implications and the remaining challenges—all with the key aim to push the transition to a circular economy forward.",https://pure.tue.nl/ws/files/312415546/verleye-et-al-2023-pushing-forward-the-transition-to-a-circular-economy-by-adopting-an-actor-engagement-lens.pdf,
59,"Åse Jevinger, Chong-Ke Zhao, Johanna Persson, Paul Davidsson",Artificial intelligence for improving public transport: a mapping study,2023,Public Transport,Springer Science+Business Media,https://doi.org/10.1007/s12469-023-00334-7,,298,2026-05-27 20:41:01,article,10.1007/s12469-023-00334-7,1613-7159,,16,1,99,158,59,19.67,15,4,3,"Abstract The objective of this study is to provide a better understanding of the potential of using Artificial Intelligence (AI) to improve Public Transport (PT), by reviewing research literature. The selection process resulted in 87 scientific publications constituting a sample of how AI has been applied to improve PT. The review shows that the primary aims of using AI are to improve the service quality or to better understand traveller behaviour. Train and bus are the dominant modes of transport investigated. Furthermore, AI is mainly used for three tasks; the most frequent one is prediction, followed by an estimation of the current state, and resource allocation, including planning and scheduling. Only two studies concern automation; all the others provide different kinds of decision support for travellers, PT operators, PT planners, or municipalities. Most of the reviewed AI solutions require significant amounts of data related to the travellers and the PT system. Machine learning is the most frequently used AI technology, with some studies applying reasoning or heuristic search techniques. We conclude that there still remains a great potential of using AI to improve PT waiting to be explored, but that there are also some challenges that need to be considered. They are often related to data, e.g., that large datasets of high quality are needed, that substantial resources and time are needed to pre-process the data, or that the data compromise personal privacy. Further research is needed about how to handle these issues efficiently.",https://link.springer.com/content/pdf/10.1007/s12469-023-00334-7.pdf,
59,"Keru Duan, Gu Pang, Yong Lin",Exploring the current status and future opportunities of blockchain technology adoption and application in supply chain management,2023,Journal of Digital Economy,Elsevier BV,https://doi.org/10.1016/j.jdec.2024.01.005,,299,2026-05-27 20:41:01,article,10.1016/j.jdec.2024.01.005,2773-0670,,2,,244,288,59,19.67,20,3,3,"This study comprises a systematic literature review that offers a thorough analysis of the present state-of-the-art knowledge regarding the adoption and application of blockchain technology within the context of supply chain management. Based on an extensive review of 133 articles from highly-regarded journals, we developed a framework where we highlight the integration of the transition from blockchain technology adoption to its application. This transition process is explained by two theories: the Technology Acceptance Model and the Diffusion of Innovation Theory. In the adoption phase, we identified nine internal drivers and seven external drivers, together with comprehensive barriers. Our framework also integrates and examines the blockchain technology application stage, focusing not only the current development of benefits of blockchain technology implementation but also the challenges that impede the successful implementation of blockchain technology in supply chain management. The future development prospects are also highlighted which include standardization, platform development, regulation system development, cost reduction, and talent cultivation. These future developments were critical yet were missing in the current academic literature. By providing an in-depth analysis of these challenges, our study can assist supply chain practitioners in making informed decisions about blockchain-enabled supply chain management initiatives.",https://doi.org/10.1016/j.jdec.2024.01.005,
56,"María Florencia Ferreira, Andrew Turner, Emily L. Vernon, C. Grisolia, L. Lebaron-Jacobs, Véronique Malard, Awadhesh N. Jha","Tritium: Its relevance, sources and impacts on non-human biota",2023,The Science of The Total Environment,Elsevier BV,https://doi.org/10.1016/j.scitotenv.2023.162816,,321,2026-05-27 20:41:01,review,10.1016/j.scitotenv.2023.162816,0048-9697,,876,,162816,162816,56,18.67,8,7,3,"H) is a radioactive isotope of hydrogen that is abundantly released from nuclear industries. It is extremely mobile in the environment and in all biological systems, representing an increasing concern for the health of both humans and non-human biota (NHB). The present review examines the sources and characteristics of tritium in the environment, and evaluates available information pertaining to its biological effects at different levels of biological organisation in NHB. Despite an increasing number of publications in the tritium radiobiology field, there exists a significant disparity between data available for the different taxonomic groups and species, and observations are heavily biased towards marine bivalves, fish and mammals (rodents). Further limitations relate to the scarcity of information in the field relative to the laboratory, and lack of studies that employ forms of tritium other than tritiated water (HTO). Within these constraints, different responses to HTO exposure, from molecular to behavioural, have been reported during early life stages, but the potential transgenerational effects are unclear. The application of rapidly developing ""omics"" techniques could help to fill these knowledge gaps and further elucidate the relationships between molecular and organismal level responses through the development of radiation specific adverse outcome pathways (AOPs). The use of a greater diversity of keystone species and exposures to multiple stressors, elucidating other novel effects (e.g., by-stander, germ-line, transgenerational and epigenetic effects) offers opportunities to improve environmental risk assessments for the radionuclide. These could be combined with artificial intelligence (AI) including machine learning (ML) and ecosystem-based approaches.",https://ars.els-cdn.com/content/image/1-s2.0-S0048969723014328-ga1_lrg.jpg,
53,"Rubén González-Sendino, Emilio Serrano, Javier Bajo, Paulo Nováis",A Review of Bias and Fairness in Artificial Intelligence.,2023,International Journal of Interactive Multimedia and Artificial Intelligence,International University of La Rioja,https://doi.org/10.9781/ijimai.2023.11.001,,346,2026-05-27 20:41:01,review,10.9781/ijimai.2023.11.001,1989-1660,,9,1,5,17,53,17.67,13,4,3,"Automating decision systems has led to hidden biases in the use of artificial intelligence (AI). Consequently, explaining these decisions and identifying responsibilities has become a challenge. As a result, a new field of research on algorithmic fairness has emerged. In this area, detecting biases and mitigating them is essential to ensure fair and discrimination-free decisions. This paper contributes with: (1) a categorization of biases and how these are associated with different phases of an AI model’s development (including the data-generation phase); (2) a revision of fairness metrics to audit the data and AI models trained with them (considering agnostic models when focusing on fairness); and, (3) a novel taxonomy of the procedures to mitigate biases in the different phases of an AI model’s development (pre-processing, training, and post-processing) with the addition of transversal actions that help to produce fairer models.",https://doi.org/10.9781/ijimai.2023.11.001,
53,Christoph Becker,Insolvent,2023,The MIT Press eBooks,The MIT Press,https://doi.org/10.7551/mitpress/14668.001.0001,,355,2026-05-27 20:41:01,book,10.7551/mitpress/14668.001.0001,,,,,,,53,17.67,53,1,3,"How we can enact meaningful change in computing to meet the urgent need for sustainability and justice. The deep entanglement of information technology with our societies has raised hope for a transition to more sustainable and just communities—those that phase out fossil fuels, distribute public goods fairly, allow free access to information, and waste less. In principle, computing should be able to help. But in practice, we live in a world in which opaque algorithms steer us toward misinformation and unsustainable consumerism. Insolvent shows why computing's dominant frame of thinking is conceptually insufficient to address our current challenges, and why computing continues to incur societal debts it cannot pay back. Christoph Becker shows how we can reorient design perspectives in computer science to better align with the values of sustainability and justice. Beckerpositions the role of information technology and computing in environmental sustainability, social justice, and the intersection of the two, and explains why designing IT for just sustainability is both technically and ethically challenging. Becker goes on to argue that computing could be aided by critical friends—disciplines that draw on critical social theory, feminist thought, and systems thinking—to make better sense of its role in society. Finally, Becker demonstrates that it is possible to fuse critical perspectives with work in computer science, showing new and fruitful directions for computing professionals and researchers to pursue.",https://direct.mit.edu/books/oa-monograph/5594/bookpreview-pdf/2118620,
50,"Barbara Guidi, Andrea Michienzi",From NFT 1.0 to NFT 2.0: A Review of the Evolution of Non-Fungible Tokens,2023,Future Internet,Multidisciplinary Digital Publishing Institute,https://doi.org/10.3390/fi15060189,,386,2026-05-27 20:41:01,review,10.3390/fi15060189,1999-5903,,15,6,189,189,50,16.67,25,2,3,"Non-fungible tokens (NFT) represent one of the most important technologies in the space of Web3. Thanks to NFTs, digital or physical assets can be tokenised to represent their ownership through the usage of smart contracts and blockchains. The first generation of this technology, called NFT 1.0, considers static tokens described by a set of metadata that cannot be changed after token creation. The static nature prevents their wide spread as they do not support any meaningful user interaction. For this reason, its evolution, called NFT 2.0, has been proposed to make tokens interactive and dynamic and enhance user experience, opening the possibility to use NFTs in more ways and scenarios. The purpose of this article is to review the transition from NFT 1.0 to NFT 2.0, focusing on the newly introduced properties and features and the rising challenges. In particular, we discuss the technical aspects of blockchain technology and its impact on NFTs. We provide a detailed description of NFT properties and standards on various blockchains and discuss the support of the most important blockchains for NFTs. Then, we discuss the properties and features introduced by NFT 2.0 and detail the technical challenges related to metadata and dynamism. Lastly, we conclude by highlighting the new application scenarios opened by NFT 2.0. This review paper serves as a solid base for future research on the topic as it highlights the current technological challenges that must be addressed to help a wide adoption of NFTs 2.0.",https://www.mdpi.com/1999-5903/15/6/189/pdf?version=1684923681,
49,"Gabi Försterling, Ronald Orth, Benjamin Gellert","Transition to a Circular Economy in Europe through New Business Models: Barriers, Drivers, and Policy Making",2023,Sustainability,Multidisciplinary Digital Publishing Institute,https://doi.org/10.3390/su15108212,,392,2026-05-27 20:41:01,article,10.3390/su15108212,2071-1050,,15,10,8212,8212,49,16.33,16,3,3,"In recent years, because of global challenges resulting from increased resource shortages and the climate crisis, interest in and the commitment to transition to a more sustainable economic system, especially a circular economy, has increased among scientists, politicians, and practitioners in Europe. To create a system that maintains the value of products as long as possible and minimizes waste, new business models, so-called circular business models (CBMs), are required. So far, as a result of far-reaching barriers, no breakthrough regarding CBMs has been observed and there are a lack of comprehensive analyses on the barriers and drivers of CBMs. Using a systematic literature analysis, this gap was filled and 637 barriers and 394 drivers were extracted from 76 publications, which were categorized into eight areas and synthesized in a comprehensive framework. The results show that an undifferentiated analysis of CBMs could result in incorrect assumptions, as the barriers between them differ. Overall, however, the most significant effect on all CBMs is from external barriers at a macro level. In this paper, drivers, in the form of success factors and political measures, were assigned to concrete barriers, indicating that policy interventions are needed in Europe in order to overcome these barriers and accelerate systematic change. The article provides research, policy, and practice with a theoretically grounded basis for analyzing these barriers and overcoming them.",https://www.mdpi.com/2071-1050/15/10/8212/pdf?version=1684399701,
49,Carmen Bălan,Chatbots and Voice Assistants: Digital Transformers of the Company–Customer Interface—A Systematic Review of the Business Research Literature,2023,Journal of theoretical and applied electronic commerce research,Multidisciplinary Digital Publishing Institute,https://doi.org/10.3390/jtaer18020051,,393,2026-05-27 20:41:01,article,10.3390/jtaer18020051,0718-1876,,18,2,995,1019,49,16.33,49,1,3,"Chatbots and voice assistants are digital transformers of the interface between companies and customers. They have become part of the current practice of companies and represent a distinct domain of business research. This trend is significant in the broad business context marked by the digital transformation of companies, the fast development of e-commerce and the omnichannel behavior of customers. This article is a systematic review of the high-quality business research literature on chatbots and voice assistants. The purpose of this review is to critically analyze the current status of this literature from the perspective of the theories, contexts, characteristics and methodologies applied. The final aim of this review is to support the domain of study by suggesting a relevant agenda for future research. This review brings several contributions to the research domain, including the following: the identification of the main streams of high-quality business research in function of the theories in which the studies are grounded; the development of a conceptual framework of the investigated variables (antecedents, mediators, moderators and consequences); the creation of a conceptual framework of the humanlikeness of chatbots and voice assistants; the development of a conceptual framework of the consumer experience with chatbots and voice assistants and the presentation of insights for business practice.",https://www.mdpi.com/0718-1876/18/2/51/pdf?version=1684398778,
48,"Aayushi Badhwar, Saniyat Islam, Caroline Swee Lin Tan","Exploring the potential of blockchain technology within the fashion and textile supply chain with a focus on traceability, transparency, and product authenticity: A systematic review",2023,Frontiers in Blockchain,Frontiers Media,https://doi.org/10.3389/fbloc.2023.1044723,,399,2026-05-27 20:41:01,review,10.3389/fbloc.2023.1044723,2624-7852,,6,,,,48,16.00,16,3,3,"Blockchain Technology has shown tremendous potential to be a foundation for the currently shifting paradigm towards more traceable and transparent supply chains. This review highlights the opportunities that exist in adapting Blockchain Technology in the fashion and textile supply chain, while also providing insight into the challenges of adopting this technology. This paper provides a systematic review of the potential of Blockchain Technology within the fashion and textile industry’s supply chain to analyse its role in traceability, transparency, and product authenticity. To achieve this, a substantive number of research papers and non-scholarly resources have been scrutinised. An emphasis was placed on topics regarding Blockchain Technology (BT), the fashion and textile industry and supply chain (manufacturing and distribution), traceability, transparency, and product authenticity. The selected research papers range from empirical analysis, argumentative, case studies, opinion articles, review articles, short reports, and book chapters.",https://www.frontiersin.org/articles/10.3389/fbloc.2023.1044723/pdf,
48,"Tejal Rathod, Nilesh Kumar Jadav, Sudeep Tanwar, Ravi Sharma, Amr Tolba, Maria Simona Raboacă, Marina Verdeș, Wael Said",Blockchain-Driven Intelligent Scheme for IoT-Based Public Safety System beyond 5G Networks,2023,Sensors,Multidisciplinary Digital Publishing Institute,https://doi.org/10.3390/s23020969,,406,2026-05-27 20:41:01,article,10.3390/s23020969,1424-8220,,23,2,969,969,48,16.00,6,8,3,"Mobile applications have rapidly grown over the past few decades to offer futuristic applications, such as autonomous vehicles, smart farming, and smart city. Such applications require ubiquitous, real-time, and secure communications to deliver services quickly. Toward this aim, sixth-generation (6G) wireless technology offers superior performance with high reliability, enhanced transmission rate, and low latency. However, managing the resources of the aforementioned applications is highly complex in the precarious network. An adversary can perform various network-related attacks (i.e., data injection or modification) to jeopardize the regular operation of the smart applications. Therefore, incorporating blockchain technology in the smart application can be a prominent solution to tackle security, reliability, and data-sharing privacy concerns. Motivated by the same, we presented a case study on public safety applications that utilizes the essential characteristics of artificial intelligence (AI), blockchain, and a 6G network to handle data integrity attacks on the crime data. The case study is assessed using various performance parameters by considering blockchain scalability, packet drop ratio, and training accuracy. Lastly, we explored different research challenges of adopting blockchain in the 6G wireless network.",https://www.mdpi.com/1424-8220/23/2/969/pdf?version=1674918705,
47,"Zhiwei Liao, Menglan Liu",Critical barriers and countermeasures to urban regeneration from the stakeholder perspective: a literature review,2023,Frontiers in Sustainable Cities,Frontiers Media,https://doi.org/10.3389/frsc.2023.1115648,,414,2026-05-27 20:41:01,review,10.3389/frsc.2023.1115648,2624-9634,,5,,,,47,15.67,24,2,3,"Urban renewal involves a wide range of stakeholders with diverse expectations and interests. Conflicts in urban renewal projects arise from intricate relationships among multiple stakeholders, hindering the urban renewal process. With a large amount of current literature examining the barriers, difficulties, and solutions in urban regeneration, a critical review is required to holistically summarize these main concerns and challenges from the stakeholder perspective. Based on 347 journal papers collected from the Web of Science core database, this study investigates the development, trajectory, and tendency of prior studies through a bibliometric analysis. Then, a critical review is documented with eight critical barriers in the economic and social aspects from the stakeholder perspective. To address these issues, this study proposes a strategic framework for value creation, collaborative governance, and benefit sharing. Accordingly, future research agendas are also presented. This study could provide researchers with a systematic understanding of the critical barriers and potential strategies in urban regeneration fields.",https://www.frontiersin.org/articles/10.3389/frsc.2023.1115648/pdf,
45,"Kristia Kristia, Mohammad Fazle Rabbi",Exploring the Synergy of Renewable Energy in the Circular Economy Framework: A Bibliometric Study,2023,Sustainability,Multidisciplinary Digital Publishing Institute,https://doi.org/10.3390/su151713165,,444,2026-05-27 20:41:01,article,10.3390/su151713165,2071-1050,,15,17,13165,13165,45,15.00,23,2,3,"Over the past half-century, scientists from many different areas have been investigating how to switch to renewable energy, especially in the context of a circular economy. Numerous articles have discussed the scientific aspects of developing technology to support this process. This systematic literature review and bibliometric study aim to fill in research gaps by looking at trends, challenges, and possible future directions for the use of renewable energy in the context of a circular economy, especially in the fields of business, management, and economics. The study analyzed 294 peer-reviewed articles using the R Studio-Biblioshiny package version 4.1.2 software. The challenges of integrating renewable energy technologies within a circular economy include financial constraints, such as a high initial investment, the lack of an adequate regulatory framework and government support, the intermittent availability of renewable energy sources, the scarcity of resources and components for renewable energy generation technologies, relatively low energy conversion efficiency, the challenge of increasing consumer awareness, and the environmental impact of technological waste. The study suggests that future research should focus on financial models and policy incentives that can encourage businesses and investors to take advantage of renewable energy. The study also recommends exploring sustainable alternative fuel technologies, optimized waste-to-energy conversion, the increased efficiency of bioenergy conversion, more efficient solar panels, improved energy storage capacity, the life cycle management of solar panel devices, and the development of innovative business models to facilitate industrial symbiosis.",https://www.mdpi.com/2071-1050/15/17/13165/pdf?version=1693557602,
45,"Jianxian Wu, Xin Nie, Han Wang",Are policy mixes in energy regulation effective in curbing carbon emissions? Insights from China's energy regulation policies,2023,Journal of Policy Analysis and Management,Wiley,https://doi.org/10.1002/pam.22535,,446,2026-05-27 20:41:01,article,10.1002/pam.22535,0276-8739,,43,4,1152,1184,45,15.00,15,3,3,"Abstract We consider the policy mixes of three categories of energy regulation policies in China: renewable energy law (mandatory policy), low‐carbon city pilot (voluntary policy), and carbon emissions trading system (market‐based policy). The mix of mandatory, voluntary, and market‐based policies mitigates 4.359 million metric tons of carbon emissions. Voluntary and market‐based energy policies work, while mandatory policy fails due to rent‐seeking by local officials. Policy mixes are more effective in undeveloped and politically average regions than in developed and politically rich ones. Government attention, industrial structure, and green innovation are the economic mechanisms; consistency, coherence, credibility, and comprehensiveness are the policy mechanisms. Our study highlights that policy category, rather than policy quantity, matters more in determining policy effect.",https://onlinelibrary.wiley.com/doi/pdfdirect/10.1002/pam.22535,
43,"Thomas Germano Battesini Teixeira, Janine Fleith de Medeiros, Camila Kolling, José Luís Duarte Ribeiro, Donato Morea",Redesign in the textile industry: Proposal of a methodology for the insertion of circular thinking in product development processes,2023,Journal of Cleaner Production,Elsevier BV,https://doi.org/10.1016/j.jclepro.2023.136588,,474,2026-05-27 20:41:01,article,10.1016/j.jclepro.2023.136588,0959-6526,,397,,136588,136588,43,14.33,9,5,3,"Despite the growing attention toward negative environmental impacts generated by the textile industry, companies face challenges in achieving sustainable and circular economy (CE) transition. The literature has so far lacked a systematic effort to analyze how textile companies can insert CE elements in their new product development process (NPD), especially regarding the proposition of methodologies that can better assist the companies in this regard. This study aims to identify good green innovation and CE practices in NPD adopted by textile companies and propose a methodology from Design Thinking (DT) to insert circular thinking in NPD. To that end, we conducted the research in two steps: (i) narrative bibliographic review and (ii) field research. The bibliographic review was conducted in the “Web of Science”, “Scopus”, and “Scielo” databases. The field research was executed with four textile companies. Our results show that companies tend to consider socio-environmental aspects at different stages of the development of new products. However, there is opportunities for improvement, especially through the use of ideas from DT. The proposed methodology is composed of two main cycles: the design cycle (DT stages) and the consumption cycle (subsequent stages). It encompasses the five main stages of the DT and the three macro phases of NPD of the textile industry. The ideas coming from the DT, especially creativity, focus on the user and stakeholder integration, assist in the development of innovative and circular solutions. The methodology presents how companies can work on reuse, recycling, and manufacturing issues, so that CE occurs. In the end, we evaluated, together with experts, the applicability of the proposed use of ideas of DT in practical cases. The research advances the discussions on NPD in the textile sector, especially on its potential to contribute to the transition to CE. It explores how DT assists in inserting circular thinking into the NPD and presents alternatives for companies to develop circular products and insert green innovations in their NPD.",https://doi.org/10.1016/j.jclepro.2023.136588,
38,"Chuan Zhao, Fuxi Liu",Impact of housing policies on the real estate market - Systematic literature review,2023,Heliyon,Elsevier BV,https://doi.org/10.1016/j.heliyon.2023.e20704,,531,2026-05-27 20:41:01,review,10.1016/j.heliyon.2023.e20704,2405-8440,,9,10,,,38,12.67,19,2,3,"Real estate majorly contributes to the national gross domestic product (GDP) growth, occupying an important position in the national economy. It is the largest fixed asset for households. The real estate market is associated with a wide range of economic aspects with more upstream and downstream enterprises. Simultaneously, the factors affecting the real estate market are complex and variable. Fluctuations in the real estate market affect the entire economic system. This requires the government to formulate relevant housing policies to stabilize the operation of the real estate market. Therefore, it is meaningful to study the impact of housing policies on the real estate market and provide reasonable opinions for the housing sector in formulating policies. This study adopts a systematic quantitative literature review to examine the impact of housing policies on the real estate market. This study finds that housing policies affecting the real estate market can be divided into the following three categories: monetary, tax, and macro-prudential policies. Changes in supply and demand in the real estate market primarily reflect the effectiveness of policies, with housing price factors as the transmission mechanism. Furthermore, the influence of housing policies from different countries and regions on real estate market factors is compared to provide a reference for scholars to pursue further study.",http://www.cell.com/article/S2405844023079124/pdf,
38,"Nik Muhammad Farhan Hakim Nik Badrul Alam, Ku Muhammad Naim Ku Khalif, Nor Izzati Jaini, Alexander Gegov",The Application of Z-Numbers in Fuzzy Decision Making: The State of the Art,2023,Information,Multidisciplinary Digital Publishing Institute,https://doi.org/10.3390/info14070400,,542,2026-05-27 20:41:01,article,10.3390/info14070400,2078-2489,,14,7,400,400,38,12.67,10,4,3,"A Z-number is very powerful in describing imperfect information, in which fuzzy numbers are paired such that the partially reliable information is properly processed. During a decision-making process, human beings always use natural language to describe their preferences, and the decision information is usually imprecise and partially reliable. The nature of the Z-number, which is composed of the restriction and reliability components, has made it a powerful tool for depicting certain decision information. Its strengths and advantages have attracted many researchers worldwide to further study and extend its theory and applications. The current research trend on Z-numbers has shown an increasing interest among researchers in the fuzzy set theory, especially its application to decision making. This paper reviews the application of Z-numbers in decision making, in which previous decision-making models based on Z-numbers are analyzed to identify their strengths and contributions. The decision making based on Z-numbers improves the reliability of the decision information and makes it more meaningful. Another scope that is closely related to decision making, namely, the ranking of Z-numbers, is also reviewed. Then, the evaluative analysis of the Z-numbers is conducted to evaluate the performance of Z-numbers in decision making. Future directions and recommendations on the applications of Z-numbers in decision making are provided at the end of this review.",https://www.mdpi.com/2078-2489/14/7/400/pdf?version=1689237356,
38,"Stanley Zira, Elin Röös, L. Rydhmer, Ruben Hoffmann","Sustainability assessment of economic, environmental and social impacts, feed-food competition and economic robustness of dairy and beef farming systems in South Western Europe",2023,Sustainable Production and Consumption,Elsevier BV,https://doi.org/10.1016/j.spc.2023.01.022,,545,2026-05-27 20:41:01,article,10.1016/j.spc.2023.01.022,2352-5509,,36,,439,448,38,12.67,10,4,3,"The objective of this study was to evaluate the sustainability of cattle systems in South Western Europe by combining life cycle sustainability assessment (LCSA) with assessment of feed-food competition and economic robustness. We studied three cattle systems using different proportions of semi-natural pasture, and producing either only beef or milk and beef, i.e. a dairy system with Holstein breed in the lowlands of France with <5% of the total land used being semi-natural pastures (HolSy), a dairy system with Montbeliarde breed in the highlands of France with approximately 25% of the total land used being semi-natural pastures (MonSy), and a pure beef system with Parda de Montana breed in the highlands of Spain with >85% of the total land used being semi-natural pastures (ParSy). The functional unit for LCSA was 1000 kg protein of animal origin and the system boundary was from cradle to farmgate. The cattle production systems were assessed using 27 indicators (LCSA, feed-food competition and robustness). The results indicated that MonSy performed less well for 10 and ParSy for 14 out of the 27 indicators researched when compared to HolSy, the reference case. HolSy was less sensitive to a support payment decrease and had lower social impacts on farmers than the other two systems. MonSy had lower impacts on some environmental indicators, lower life cycle costs, lower social impacts on society, lower human edible feed conversion ratio (i.e. less feed-food competition) for fat and less sensitivity to a meat price decrease than the other two systems. ParSy had lower terrestrial and freshwater ecotoxicity, lower human edible feed conversion ratio and land use ratio for protein, lower social impact for the local community, and a higher internal rate of return than the other systems. ParSy had less sensitivity to feed and energy price increases, and increased rented land and loan interest costs than the other systems. Producing both meat and milk at the same farm increased vulnerability to economic changes. Semi-natural pasture based dairy in highland Europe needs support payments to keep the farm economically afloat in times of economic changes e.g. due to shocks.",https://doi.org/10.1016/j.spc.2023.01.022,
38,"R. Roberto, Alessandro Zini, B. Felici, Marco Rao, Michel Noussan",Potential Benefits of Remote Working on Urban Mobility and Related Environmental Impacts: Results from a Case Study in Italy,2023,Applied Sciences,Multidisciplinary Digital Publishing Institute,https://doi.org/10.3390/app13010607,,552,2026-05-27 20:41:01,article,10.3390/app13010607,2076-3417,,13,1,607,607,38,12.67,8,5,3,"Remote working is increasingly seen as an effective model in several countries in the last decade, mainly thanks to the development of information and communication technologies in support of common daily working tasks. The emergence of the COVID-19 pandemic has represented a pivotal moment for the adoption of remote working in multiple sectors, with positive effects on the environmental impacts caused by the daily commuting of workers. However, due to the fact that pandemic-induced remote working has represented a major forced experiment on a global scale, and that it has often been imposed rather than chosen by employees, workers’ well-being has not always been ensured. This research work presents an analysis of a wide survey of remote workers in public administrations in four different provinces in Italy, with the aim of assessing the main characteristics of the users and the related environmental benefits. Survey data refer to remote workers before COVID-19, thus representing workers who have freely chosen to work from home for different reasons. The results of this work represent a useful tool with which to support the definition of new remote work strategies that could help policy makers reduce a part of the systematic mobility demand. We have also calculated average energy and emission savings to provide useful indicators for a preliminary estimation of the potential environmental benefits of remote working. Considering the entire sample of respondents, workers who would have commuted at least partially by car have saved on average 6 kg of CO2 per day thanks to remote working (with an average round-trip commuting distance of approximately 35 km). The current results will be supplemented by the results of a new survey underway, aimed at evaluating the differences of remote working experiences during the emergency response to COVID-19.",https://www.mdpi.com/2076-3417/13/1/607/pdf?version=1672901832,
37,"Luis A. Estrada-Jimenez, Terrin Pulikottil, Sanaz Nikghadam-Hojjati, José Barata","Self-Organization in Smart Manufacturing— Background, Systematic Review, Challenges and Outlook",2023,IEEE Access,Institute of Electrical and Electronics Engineers,https://doi.org/10.1109/access.2023.3240433,,567,2026-05-27 20:41:01,article,10.1109/access.2023.3240433,2169-3536,,11,,10107,10136,37,12.33,9,4,3,"The concept of smart manufacturing has attracted huge attention in the last years as an answer to the increasing complexity, heterogeneity, and dynamism of manufacturing ecosystems. This vision embraces the notion of autonomous and self-organized elements, capable of self-management and self-decision-making under a context-aware and intelligent infrastructure. While dealing with dynamic and uncertain environments, these solutions are also contributing to generating social impact and introducing sustainability into the industrial equation thanks to the development of task-specific resources that can be easily adapted, re-used, and shared. A lot of research under the context of self-organization in smart manufacturing has been produced in the last decade considering different methodologies and developed under different contexts. Most of these works are still in the conceptual or experimental stage and have been developed under different application scenarios. Thus, it is necessary to evaluate their design principles and potentiate their results. The objective of this paper is threefold. First, to introduce the main ideas behind self-organization in smart manufacturing. Then, through a systematic literature review, describe the current status in terms of technological and implementation details, mechanisms used, and some of the potential future research directions. Finally, the presentation of an outlook that summarizes the main results of this work and their interrelation to facilitate the development of self-organized manufacturing solutions. By providing a holistic overview of the field, we expect that this work can be used by academics and practitioners as a guide to generate awareness of possible requirements, industrial challenges, and opportunities that future self-organizing solutions can have towards a smart manufacturing transition.",https://ieeexplore.ieee.org/ielx7/6287639/10005208/10029369.pdf,
37,"Orly Ardon, Eric A. Klein, Allyne Manzo, Lorraine Corsale, Christine England, Allix Mazzella, Luke Geneslaw, John Philip, Peter Ntiamoah, Jeninne Wright, S. Joseph Sirintrapun, Oscar Lin, Kojo S.J. Elenitoba‐Johnson, Victor E. Reuter, Meera Hameed, Matthew G. Hanna",Digital pathology operations at a tertiary cancer center: Infrastructure requirements and operational cost,2023,Journal of Pathology Informatics,Elsevier BV,https://doi.org/10.1016/j.jpi.2023.100318,,578,2026-05-27 20:41:01,article,10.1016/j.jpi.2023.100318,2153-3539,,14,,100318,100318,37,12.33,4,16,3,"Whole slide imaging is revolutionizing the field of pathology and is currently being used for clinical, educational, and research initiatives by an increasing number of institutions. Pathology departments have distinct needs for digital pathology systems, yet the cost of digital workflows is cited as a major barrier for widespread adoption by many organizations. Memorial Sloan Kettering Cancer Center (MSK) is an early adopter of whole slide imaging with incremental investments in resources that started more than 15 years ago. This experience and the large-scale scan operations led to the identification of required framework components of digital pathology operations. The cost of these components for the 2021 digital pathology operations at MSK were studied and calculated to enable an understanding of the operation and benchmark the accompanying costs. This paper describes the unique infrastructure cost and the costs associated with the digital pathology clinical operation use cases in a large, tertiary cancer center. These calculations can serve as a blueprint for other institutions to provide the necessary concepts and offer insights towards the financial requirements for digital pathology adoption by other institutions.",https://doi.org/10.1016/j.jpi.2023.100318,
36,"Malay Sarkar, Eftekhar Hossain Ayon, Md Tuhin Mia, Rejon Kumar Ray, Md Salim Chowdhury, Bishnu Padh Ghosh, Md Al-Imran, MD Tanvir Islam, Maliha Tayaba",Optimizing E-Commerce Profits: A Comprehensive Machine Learning Framework for Dynamic Pricing and Predicting Online Purchases,2023,Journal of Computer Science and Technology Studies,,https://doi.org/10.32996/jcsts.2023.5.4.19,,590,2026-05-27 20:41:01,article,10.32996/jcsts.2023.5.4.19,2709-104X,,5,4,186,193,36,12.00,4,9,3,"In the online realm, pricing transparency is crucial in influencing consumer decisions and driving online purchases. While dynamic pricing is not a novel concept and is widely employed to boost sales and profit margins, its significance for online retailers is substantial. The current study is an outcome of an ongoing project that aims to construct a comprehensive framework and deploy effective techniques, leveraging robust machine learning algorithms. The objective is to optimize the pricing strategy on e-commerce platforms, emphasizing the importance of selecting the right purchase price rather than merely offering the cheapest option. Although the study primarily targets inventory-led e-commerce companies, the model's applicability can be extended to online marketplaces that operate without maintaining inventories. The study endeavors to forecast purchase decisions based on adaptive or dynamic pricing strategies for individual products by integrating statistical and machine learning models. Various data sources capturing visit attributes, visitor details, purchase history, web data, and contextual insights form the robust foundation for this framework. Notably, the study specifically emphasizes predicting purchases within customer segments rather than focusing on individual buyers. The logical progression of this research involves the personalization of adaptive pricing and purchase prediction, with future extensions planned once the outcomes of the current study are presented. The solution landscape for this study encompasses web mining, big data technologies, and the implementation of machine learning algorithms.",https://al-kindipublisher.com/index.php/jcsts/article/download/6344/5435,
35,"P. Herold, Daniel Prokop",Is fast fashion finally out of season? Rental clothing schemes as a sustainable and affordable alternative to fast fashion,2023,Geoforum,Elsevier BV,https://doi.org/10.1016/j.geoforum.2023.103873,,605,2026-05-27 20:41:01,article,10.1016/j.geoforum.2023.103873,0016-7185,,146,,103873,103873,35,11.67,18,2,3,"The clothing sector is under increased global scrutiny as the second biggest polluter behind the oil industry. What was once termed the ‘democratisation of fashion’, fast fashion has become a low cost, high speed and resource intensive market. As a result, sustainable consumerism has gained traction, with innovative alternatives such as collaborative consumption and product service systems becoming more popular. However, despite growing concern, sustainable alternatives remain a niche market compared to the scale of global fast fashion. Rental clothing schemes remain under-researched in the UK. These collaborative consumption schemes promote a circular economy through reducing waste and increasing life cycles. This paper examines the determinants of rental clothing adoption by employing semi-structured interviews, specifically accounting for different generations across rural and urban areas. It presents a UK perspective on rental clothing. The findings suggest that the affordability of rental is dependent on the nature of the items and adoption is driven by style, sustainability desires, and geography of consumers. This paper concludes that to increase the adoption of rental clothing schemes, trust in schemes and increased accessibility are essential to allow them to become mainstream alternatives to fast fashion.",https://doi.org/10.1016/j.geoforum.2023.103873,
35,"Yingjie Du, Ning Ding",A Systematic Review of Multi-Scale Spatio-Temporal Crime Prediction Methods,2023,ISPRS International Journal of Geo-Information,Multidisciplinary Digital Publishing Institute,https://doi.org/10.3390/ijgi12060209,,612,2026-05-27 20:41:01,review,10.3390/ijgi12060209,2220-9964,,12,6,209,209,35,11.67,18,2,3,"Crime is always one of the most important social problems, and it poses a great threat to public security and people. Accurate crime prediction can help the government, police, and citizens to carry out effective crime prevention measures. In this paper, the research on crime prediction is systematically reviewed from a variety of temporal and spatial perspectives. We describe the current state of crime prediction research from four perspectives (prediction content, crime types, methods, and evaluation) and focus on the prediction methods. According to various temporal and spatial scales, temporal crime prediction is divided into short-term prediction, medium-term prediction, and long-term prediction, and spatial crime prediction is divided into micro-, meso-, and macro-level prediction. Spatio-temporal crime prediction classification can be a permutation of temporal and spatial crime prediction classifications. A variety of crime prediction methods and evaluation metrics are also summarized, and different prediction methods and models are compared and evaluated. After sorting out the literature, it was found that there are still many limitations in the current research: (i) data sparsity is difficult to deal with effectively; (ii) the practicality, interpretability, and transparency of predictive models are insufficient; (iii) the evaluation system is relatively simple; and (iv) the research on decision-making application is lacking. In this regard, the following suggestions are proposed to solve the above problems: (i) the use of transformer learning technology to deal with sparse data; (ii) the introduction of model interpretation methods, such as Shapley additive explanations (SHAPs), to improve the interpretability of the models; (iii) the establishment of a set of standard evaluation systems for crime prediction at different scales to standardize data use and evaluation metrics; and (iv) the integration of reinforcement learning to achieve more accurate prediction while promoting the transformation of the application results.",https://www.mdpi.com/2220-9964/12/6/209/pdf?version=1685497602,
34,"Fang Li, Oliver Kunze",A Comparative Review of Air Drones (UAVs) and Delivery Bots (SUGVs) for Automated Last Mile Home Delivery,2023,Logistics,Multidisciplinary Digital Publishing Institute,https://doi.org/10.3390/logistics7020021,,627,2026-05-27 20:41:01,review,10.3390/logistics7020021,2305-6290,,7,2,21,21,34,11.33,17,2,3,"Background: UAVs (Unmanned Aerial Vehicles) and SUGVs (Sidewalk Unmanned Ground Vehicles) are two prominent options to revolutionize last mile home delivery. However, there is no literature yet addressing a comprehensive assessment of them. To bridge this research gap, this paper aimed to compare UAVs to SUGVs in the context of urban parcel delivery from a practical, conceptual, technological, commercial, and environmental perspective. Methodology: Based on structured literature and web research, this paper provided a comparative status quo review of these two delivery concepts. We introduced a parameter-based cost calculus model to estimate the costs per shipment for each technology. To detect the key cost drivers, we applied a one-way sensitivity analysis, as well as a “full factorial design of experiment” approach. Results: These key cost drivers for both operations are the “number of vehicles per operator” and the “average beeline service radius”. From today’s commercial point of view, our model indicated better profitability of SUGVs. However, technical and regulatory developments may render different results in the future. As SUGVs emit significantly less noise than UAVs, we assume that SUGVs have an additional advantage for usage in autonomous urban last mile delivery from a resident’s perspective. Conclusions: Both key cost drivers will significantly influence the commercial viability of unmanned home delivery services. Safety and security aspects will determine regulatory rules on “number of vehicles per operator”. To increase the “average beeline service radius”, UAVs could profit from mothership delivery concepts while SUGV delivery may co-use existing public transport infrastructure.",https://www.mdpi.com/2305-6290/7/2/21/pdf?version=1680492468,
34,"Osmud Rahman, Dingtao Hu, Benjamin C. M. Fung","A Systematic Literature Review of Fashion, Sustainability, and Consumption Using a Mixed Methods Approach",2023,Sustainability,Multidisciplinary Digital Publishing Institute,https://doi.org/10.3390/su151612213,,635,2026-05-27 20:41:01,article,10.3390/su151612213,2071-1050,,15,16,12213,12213,34,11.33,11,3,3,"With the growing global awareness of the environmental impact of clothing consumption, there has been a notable surge in the publication of journal articles dedicated to “fashion sustainability” in the past decade, specifically from 2010 to 2020. However, despite this wealth of research, many studies remain disconnected and fragmented due to varying research objectives, focuses, and approaches. Conducting a systematic literature review with a mixed methods research approach can help identify key research themes, trends, and developmental patterns, while also shedding light on the complexity of fashion, sustainability, and consumption. To enhance the literature review and analytical process, the current systematic literature review employed text mining techniques and bibliometric visualization tools, including RAKE, VOSviewer, and CitNetExplorer. The findings revealed an increase in the number of publications focusing on “fashion and sustainability” between 2010 and 2021. Most studies were predominantly conducted in the United States, with a specific focus on female consumers. Moreover, a greater emphasis was placed on non-sustainable cues rather than the sustainable cues. Additionally, a higher number of case studies was undertaken to investigate three fast-fashion companies. To enhance our knowledge and understanding of this subject, this article highlights several valuable contributions and provides recommendations for future research.",https://www.mdpi.com/2071-1050/15/16/12213/pdf?version=1691642080,
31,"Liam Irvin, Leigh A. Madden, Phil Marshall, Rebecca V. Vince",Digital Health Solutions for Weight Loss and Obesity: A Narrative Review,2023,Nutrients,Multidisciplinary Digital Publishing Institute,https://doi.org/10.3390/nu15081858,,706,2026-05-27 20:41:01,review,10.3390/nu15081858,2072-6643,,15,8,1858,1858,31,10.33,8,4,3,"Personal exercise programmes have long been used and prescribed for weight loss and the improvement of quality of life in obese patients. While individualised programmes are usually the preferred option, they can be more costly and challenging to deliver in person. A move to digital programmes with a wider reach has commenced, and demand has increased due to the SARS-CoV-2 pandemic. In this review, we evaluate the current status of digital exercise programme delivery and its evolution over the past decade, with a focus on personalisation. We used specific keywords to search for articles that met our predetermined inclusion and exclusion criteria in order to provide valuable evidence and insights for future research. We identified 55 studies in total in four key areas of focus, from the more recent development of apps and personal digital assistants to web-based programmes and text or phone call interventions. In summary, we observed that apps may be useful for a low-intensity approach and can improve adherence to programmes through self-monitoring, but they are not always developed in an evidence-based manner. Engagement and adherence are important determinants of weight loss and subsequent weight maintenance. Generally, professional support is required to achieve weight loss goals.",https://www.mdpi.com/2072-6643/15/8/1858/pdf?version=1681350500,
30,"Devansh Saxena, Erina Seh-Young Moon, Aryan Chaurasia, Yixin Guan, Shion Guha","Rethinking ""Risk"" in Algorithmic Systems Through A Computational Narrative Analysis of Casenotes in Child-Welfare",2023,,,https://doi.org/10.1145/3544548.3581308,,745,2026-05-27 20:41:01,article,10.1145/3544548.3581308,,,,,1,19,30,10.00,6,5,3,"Risk assessment algorithms are being adopted by public sector agencies to make high-stakes decisions about human lives. Algorithms model “risk” based on individual client characteristics to identify clients most in need. However, this understanding of risk is primarily based on easily quantifiable risk factors that present an incomplete and biased perspective of clients. We conducted a computational narrative analysis of child-welfare casenotes and draw attention to deeper systemic risk factors that are hard to quantify but directly impact families and street-level decision-making. We found that beyond individual risk factors, the system itself poses a significant amount of risk where parents are over-surveilled by caseworkers and lack agency in decision-making processes. We also problematize the notion of risk as a static construct by highlighting the temporality and mediating effects of different risk, protective, systemic, and procedural factors. Finally, we draw caution against using casenotes in NLP-based systems by unpacking their limitations and biases embedded within them.",https://dl.acm.org/doi/pdf/10.1145/3544548.3581308,
29,"Els van der Roest, Joris G. W. F. Voeten, Dirk Gijsbert Cirkel",Increasing solar panel output with blue-green roofs in water-circular and nature inclusive urban development,2023,Building and Environment,Elsevier BV,https://doi.org/10.1016/j.buildenv.2023.110704,,761,2026-05-27 20:41:01,article,10.1016/j.buildenv.2023.110704,0360-1323,,244,,110704,110704,29,9.67,10,3,3,"With an increasing demand for climate resiliency, water sensitivity, nature inclusiveness and energy efficiency in dense urban environments, the call for layered and multifunctional use of rooftops is rising. Vegetated roofs combined with Photo-Voltaic (PV) installations are an example of multifunctional and more effective use of available space, and well-irrigated systems could have an enhanced cooling effect. This research investigated a blue-green capillary irrigated solar roof with grey (shower-) water suppletion, with a constructed wetroof for grey water purification. Two full-scale commercial PV systems on twin rental apartment blocks in Amsterdam were analyzed, on a blue-green roof (BGR) versus a bitumen roof (BiR). The energy output, PV panel temperature, relative humidity and air temperature under the panels were monitored during 5 warmer months (June–October 2022). On average, a solar panel on the BGR is expected to produce 4.4% more energy than a solar panel on the BiR at similar irradiation. A clear difference in panel temperature on the roofs is only seen when the surface temperature of the roofs differs by at least 4.64 °C. Otherwise, other factors such as wind or albedo have probably more influence on the PV panel temperature and thus on PV power output.",https://www.sciencedirect.com/science/article/pii/S036013232300731X,
29,"Ewane Basil Ewane, Shaurya Bajaj, Luisa Velasquez-Camacho, Shruthi Srinivasan, Juyeon Maeng, Anushka Singla, Andrea Luber, Sergio de‐Miguel, Gabriella Richardson, Eben N. Broadbent, Adrián Cardíl, Wan Shafrina Wan Mohd Jaafar, Meshal M. Abdullah, Ana Paula Dalla Côrte, Carlos Alberto Silva, Willie Doaemo, Midhun Mohan",Influence of urban forests on residential property values: A systematic review of remote sensing-based studies,2023,Heliyon,Elsevier BV,https://doi.org/10.1016/j.heliyon.2023.e20408,,765,2026-05-27 20:41:01,review,10.1016/j.heliyon.2023.e20408,2405-8440,,9,10,,,29,9.67,3,17,3,"Urban forests provide direct and indirect benefits to human well-being that are increasingly captured in residential property values. Remote Sensing (RS) can be used to measure a wide range of forest and vegetation parameters that allows for a more detailed and better understanding of their specific influences on housing prices. Herein, through a systematic literature review approach, we reviewed 89 papers (from 2010 to 2022) from 21 different countries that used RS data to quantify vegetation indices, forest and tree parameters of urban forests and estimated their influence on residential property values. The main aim of this study was to understand and provide insights into how urban forests influence residential property values based on RS studies. Although more studies were conducted in developed (n = 55, 61.7%) than developing countries (n = 34, 38.3%), the results indicated for the most part that increasing tree canopy cover on property and neighborhood level, forest size, type, greenness, and proximity to urban forests increased housing prices. RS studies benefited from spatially explicit repetitive data that offer superior efficiency to quantify vegetation, forest, and tree parameters of urban forests over large areas and longer periods compared to studies that used field inventory data. Through this work, we identify and underscore that urban forest benefits outweigh management costs and have a mostly positive influence on housing prices. Thus, we encourage further discussions about prioritizing reforestation and conservation of urban forests during the urban planning of cities and suburbs, which could support UN Sustainable Development Goals (SDGs) and urban policy reforms.",https://doi.org/10.1016/j.heliyon.2023.e20408,
29,"Julian Teusch, Jan N. Gremmel, Christian Koetsier, Fatema Tuj Johora, Monika Sester, David M. Woisetschläger, Jörg P. Müller",A Systematic Literature Review on Machine Learning in Shared Mobility,2023,IEEE Open Journal of Intelligent Transportation Systems,Institute of Electrical and Electronics Engineers,https://doi.org/10.1109/ojits.2023.3334393,,772,2026-05-27 20:41:01,article,10.1109/ojits.2023.3334393,2687-7813,,4,,870,899,29,9.67,4,7,3,"Shared mobility has emerged as a sustainable alternative to both private transportation and traditional public transport, promising to reduce the number of private vehicles on roads while offering users greater flexibility. Today, urban areas are home to a myriad of innovative services, including car-sharing, ride-sharing, and micromobility solutions like moped-sharing, bike-sharing, and e-scooter-sharing. Given the intense competition and the inherent operational complexities of shared mobility systems, providers are increasingly seeking specialized decision-support methodologies to boost operational efficiency. While recent research indicates that advanced machine learning methods can tackle the intricate challenges in shared mobility management decisions, a thorough evaluation of existing research is essential to fully grasp its potential and pinpoint areas needing further exploration. This paper presents a systematic literature review that specifically targets the application of Machine Learning for decision-making in Shared Mobility Systems. Our review underscores that Machine Learning offers methodological solutions to specific management challenges crucial for the effective operation of Shared Mobility Systems. We delve into the methods and datasets employed, spotlight research trends, and pinpoint research gaps. Our findings culminate in a comprehensive framework of Machine Learning techniques designed to bolster managerial decision-making in addressing challenges specific to Shared Mobility across various levels.",https://ieeexplore.ieee.org/ielx7/8784355/8957420/10325362.pdf,
29,"Dahlia Allwyn Ribeiro, Arti D. Kalro",Four decades of negative word‐of‐mouth and negative electronic word‐of‐mouth: A morphological analysis,2023,International Journal of Consumer Studies,Wiley,https://doi.org/10.1111/ijcs.12962,,786,2026-05-27 20:41:01,article,10.1111/ijcs.12962,1470-6423,,47,6,2528,2552,29,9.67,15,2,3,"Abstract Customers voice their negative brand experiences to their family and friends in the form of negative word‐of‐mouth (NWOM). Web 2.0 enables the sharing of NWOM in electronic format on various social media sites, online customer review forums, and blogs, which is known as negative electronic word‐of‐mouth (NeWOM). Researchers need to study the spread of NWOM/NeWOM to prevent adverse consequences for companies and suggest an optimal response for its redressal. Existing literature review studies have focused on word‐of‐mouth (WOM) and electronic WOM (eWOM) and have considered both positive and negative WOM and eWOM concurrently. Past literature reviews have captured the breadth of the WOM domain, ignoring the depth. This research article contains a review of 282 journal papers capturing the depth of the extant literature by focusing solely on ‘negative’ WOM and eWOM (NWOM and NeWOM), and presents a broad view of the NWOM and NeWOM domains using morphological analysis (MA). This will help to conceptualize and categorize the existing state‐of‐the‐art literature into broad dimensions and identify future research opportunities. The MA framework helps to bifurcate this literature into the following four dimensions: (i) nomenclature of NWOM and NeWOM, (ii) antecedents of NWOM/NeWOM, (iii) impacts of NWOM/NeWOM, and (iv) prevention and recovery response to NeWOM. Further dissection of these four dimensions leads to 15 sub‐dimensions and 217 variants. Combinations of the 217 variants enable the identification of 550 novel future research opportunities in the area of NWOM and NeWOM.",https://onlinelibrary.wiley.com/doi/pdfdirect/10.1111/ijcs.12962,
29,"Sara Justino, Cristina Sousa Coutinho Calheiros, Paula M. L. Castro, David Gonçalves",Constructed Wetlands as Nature-Based Solutions for Wastewater Treatment in the Hospitality Industry: A Review,2023,Hydrology,Multidisciplinary Digital Publishing Institute,https://doi.org/10.3390/hydrology10070153,,790,2026-05-27 20:41:01,review,10.3390/hydrology10070153,2306-5338,,10,7,153,153,29,9.67,7,4,3,"The hospitality industry is increasing its awareness of how the integration of nature-based solutions can decrease its environmental impact while maintaining or increasing the service level of the sector. Constructed wetlands (CWs) constitute a promising sustainable solution for proper in situ domestic wastewater treatment. This literature review elucidates the status of CWs implementation in the hospitality industry to help foster the exchange of experiences in the field and deliver examples of approaches in different contexts to support future applications of this technology. Most of the studies reported in the literature were conducted in Europe, but studies emanating from Asia and South America are also available. The design of CWs, the horizontal and vertical subsurface flow CWs (HSFCW, VSFCW), and hybrid systems have been reported. The average removal efficiencies of the systems ranged from 83 to 95% for biochemical oxygen demand, 74 to 94% for chemical oxygen demand, 78 to 96% for total suspended solids, 75 to 85% for ammonium, 44 to 85% for ammonia, 50 to 73% for nitrate, 57 to 88% for total Kjeldahl nitrogen, 51 to 58% total nitrogen, and 66 to 99% for total phosphorus. The majority of the systems were implemented as decentralized treatment solutions using HSFCWs, with the second most common design being the hybrid CW systems in order to reduce area requirements, increase treatment efficiency, and prevent clogging. Overall, CWs are a promising sustainable solution which may support access to adequate sanitation worldwide as well as safe wastewater recycling and reuse, leading to more sustainable tourist destinations.",https://www.mdpi.com/2306-5338/10/7/153/pdf?version=1689838658,
27,"Claudia Sattler, Rena Barghusen, Birte Bredemeier, Céline Dutilly, Katrin Prager",Institutional analysis of actors involved in the governance of innovative contracts for agri-environmental and climate schemes,2023,Global Environmental Change,Elsevier BV,https://doi.org/10.1016/j.gloenvcha.2023.102668,,850,2026-05-27 20:41:01,article,10.1016/j.gloenvcha.2023.102668,0959-3780,,80,,102668,102668,27,9.00,5,5,3,"In this study, we used institutional analysis to investigate the design of innovative contracts for agri-environmental and climate schemes. The aim of such contracts is to better incentivize farmers for the provision of environmental public goods in comparison to current 'mainstream' contracts. For the analysis, we differentiated four contract types: result-based, collective, land tenure, and value chain contracts. To represent each type in the analysis, we selected 19 case examples from six European countries. Cases were identified through a mix of methods, combining literature review, web search, and expert consultation. After a structured data collection based on Ostrom's institutional analysis and development (IAD) framework, we focused our analysis on the involved actors and their roles in contract governance. Our results highlight the great diversity of public, private, and civil actors involved from the local, regional, national or international governance level, each performing one or several critical roles in contract governance. We found that it is highly context-dependent which actors assume certain roles. We also discuss how provision of environmental public goods through the contracts might potentially be impacted by certain roles and their assignment to specific actors.",https://doi.org/10.1016/j.gloenvcha.2023.102668,
27,"Hugo Pérez-Moure, Jesús F. Lampón, Pablo Cabanelas",Mobility business models toward a digital tomorrow: Challenges for automotive manufacturers,2023,Futures,Elsevier BV,https://doi.org/10.1016/j.futures.2023.103309,,861,2026-05-27 20:41:01,article,10.1016/j.futures.2023.103309,0016-3287,,156,,103309,103309,27,9.00,9,3,3,"The development of digital business models is impacting the traditional value chain for mobility, implying changes as well as future challenges for automotive manufacturers. Taking a Global Value Chain approach, this work analyses the recent evolution, short-term direction, and medium- to long-term future vision of the adoption of digital mobility business models by automotive manufacturers. Results suggest that, while the firms analysed are currently incorporating relevant business models through autonomous vehicles, digital platforms, connectivity, and car-sharing, they are mostly focused on marketplace exploitation through digital platforms and services related to connectivity. Key elements for the development of future mobility business models include data collection and management as well as interconnection. At the same time, digitalization is expected to reconfigure not only associated business models but also the relationships among actors within the value chain. These relationships will become more complex for automotive manufacturers, who may lose control of value-added activities and acquire dependence on certain actors such as technology and service partners, which are expected to play a pivotal role in meeting new opportunities. As a result, the decision-making power of value chain participants will likely be more widely distributed.",https://doi.org/10.1016/j.futures.2023.103309,
27,"William Seymour, Xiao Zhan, Mark Coté, José M. Such",A Systematic Review of Ethical Concerns with Voice Assistants,2023,,,https://doi.org/10.1145/3600211.3604679,,869,2026-05-27 20:41:01,review,10.1145/3600211.3604679,,,,,131,145,27,9.00,7,4,3,"Since Siri’s release in 2011 there have been a growing number of AI-driven domestic voice assistants that are increasingly being integrated into devices such as smartphones and TVs. But as their presence has expanded, a range of ethical concerns have been identified around the use of voice assistants, such as the privacy implications of having devices that are always listening and the ways that these devices are integrated into the existing social order of the home. This has created a burgeoning area of research across a range of fields including computer science, social science, and psychology. This paper takes stock of the foundations and frontiers of this work through a systematic literature review of 117 papers on ethical concerns with voice assistants. In addition to analysis of nine specific areas of concern, the review measures the distribution of methods and participant demographics across the literature. We show how some concerns, such as privacy, are operationalized to a much greater extent than others like accessibility, and how study participants are overwhelmingly drawn from a small handful of Western nations. In so doing we hope to provide an outline of the rich tapestry of work around these concerns and highlight areas where current research efforts are lacking.",https://kclpure.kcl.ac.uk/ws/files/221104608/AIES_Voice_Assistant_Survey.pdf,
26,"Stephanie Lang, Giulia Minnucci, Matthias M. Müller, Michael P. Schlaile",The Role of Consumers in Business Model Innovations for a Sustainable Circular Bioeconomy,2023,Sustainability,Multidisciplinary Digital Publishing Institute,https://doi.org/10.3390/su15129573,,872,2026-05-27 20:41:01,article,10.3390/su15129573,2071-1050,,15,12,9573,9573,26,8.67,7,4,3,"Over the last decade, various governments and supranational bodies have promoted the development of a circular bioeconomy (CBE) as a response to sustainability challenges. The transition towards a CBE requires the collaboration of different actors in the innovation (eco)system. With this conceptual paper, we apply a circular business model lens to address the research question: “What are the archetypical roles of consumers in business model innovations for a sustainable CBE?” We use a combination of complementary theories from the circular economy and bioeconomy literature, evolutionary innovation economics, sustainability transitions research, the business model literature, and the work on active consumers. Considering consumers’ agency as a continuum between the manufacturer-active paradigm and the consumer-active paradigm, we propose: (i) consumers in the manufacturer-active paradigm can actively influence circular business models with their purchase decision; (ii) consumers can act as lobbyists and influencers for circular business model innovation; (iii) in their different roles as customer, user, repairer, and reseller, consumers can incentivize organizations to adapt their business models to their needs; (iv) consumers can become key partners in the process of defining the normative orientation of the innovation paradigm for a CBE; (v) consumers can actively co-create value by means of co-ownership (e.g., through platform cooperatives).",https://www.mdpi.com/2071-1050/15/12/9573/pdf?version=1686743140,
26,"Majid Al Mughairi, Thomas Beach, Yacine Rezgui",Post-occupancy evaluation for enhancing building performance and automation deployment,2023,Journal of Building Engineering,Elsevier BV,https://doi.org/10.1016/j.jobe.2023.107388,,885,2026-05-27 20:41:01,article,10.1016/j.jobe.2023.107388,2352-7102,,77,,107388,107388,26,8.67,9,3,3,"Building automation systems are building control and management systems that control/operate different systems in a building such as HVAC, lighting, safety systems, security and access control, surveillance, indoor air quality, and waste management. These systems manage, control, and integrate other building systems to enhance living experience and optimise energy use through a set of sensors and actuators that are deployed in the building to collect data and execute commands that are sent through a gateway. These management systems generate real-time commands and act or reacts to stochastic occupant behaviours. Buildings in Oman used to be built with burned clay mixed with date palm leaves, and wadi stones and date palm trunks are used for building structure. This architecture keeps the indoor environment warm in winter and cold in summer. However, with advancing technology there has been a shift in building towards using concrete and steel that have high thermal conductivity and pose some challenges for energy use. This paper will show that the main concern of occupants in Oman is indoor temperature control, especially during summer months. This has raised concerns for building performance in Oman and shows a need to review building materials, recommend sustainable alternatives, and more widely, implement sustainable building techniques. This paper seeks to develop recommendations to overcome these issues by exploring post-occupancy satisfaction measures and potential use of BAS and sustainable building materials to enhance building performance in Oman. Following on from this, this paper explores the motivations behind people's decision in Oman to deploy home automation and explore techniques to enhance building performance.",https://www.sciencedirect.com/science/article/pii/S2352710223015681,
25,"Noorul Husna Abd Rahman, Muhammad Hazim Mohamad Zaki, Khairunnisa Hasikin‬, Nasrul Anuar Abd Razak, Ayman Khaleel Ibrahim, Khin Wee Lai",Predicting medical device failure: a promise to reduce healthcare facilities cost through smart healthcare management,2023,PeerJ Computer Science,"PeerJ, Inc.",https://doi.org/10.7717/peerj-cs.1279,,918,2026-05-27 20:41:01,article,10.7717/peerj-cs.1279,2376-5992,,9,,,,25,8.33,4,6,3,"Background: The advancement of biomedical research generates myriad healthcare-relevant data, including medical records and medical device maintenance information. The COVID-19 pandemic significantly affects the global mortality rate, creating an enormous demand for medical devices. As information technology has advanced, the concept of intelligent healthcare has steadily gained prominence. Smart healthcare utilises a new generation of information technologies, such as the Internet of Things (loT), big data, cloud computing, and artificial intelligence, to completely transform the traditional medical system. With the intention of presenting the concept of smart healthcare, a predictive model is proposed to predict medical device failure for intelligent management of healthcare services. Methods: Present healthcare device management can be improved by proposing a predictive machine learning model that prognosticates the tendency of medical device failures toward smart healthcare. The predictive model is developed based on 8,294 critical medical devices from 44 different types of equipment extracted from 15 healthcare facilities in Malaysia. The model classifies the device into three classes; (i) class 1, where the device is unlikely to fail within the first 3 years of purchase, (ii) class 2, where the device is likely to fail within 3 years from purchase date, and (iii) class 3 where the device is likely to fail more than 3 years after purchase. The goal is to establish a precise maintenance schedule and reduce maintenance and resource costs based on the time to the first failure event. A machine learning and deep learning technique were compared, and the best robust model for smart healthcare was proposed. Results: This study compares five algorithms in machine learning and three optimizers in deep learning techniques. The best optimized predictive model is based on ensemble classifier and SGDM optimizer, respectively. An ensemble classifier model produces 77.90%, 87.60%, and 75.39% for accuracy, specificity, and precision compared to 70.30%, 83.71%, and 67.15% for deep learning models. The ensemble classifier model improves to 79.50%, 88.36%, and 77.43% for accuracy, specificity, and precision after significant features are identified. The result concludes although machine learning has better accuracy than deep learning, more training time is required, which is 11.49 min instead of 1 min 5 s when deep learning is applied. The model accuracy shall be improved by introducing unstructured data from maintenance notes and is considered the author's future work because dealing with text data is time-consuming. The proposed model has proven to improve the devices' maintenance strategy with a Malaysian Ringgit (MYR) cost reduction of approximately MYR 326,330.88 per year. Therefore, the maintenance cost would drastically decrease if this smart predictive model is included in the healthcare management system.",https://doi.org/10.7717/peerj-cs.1279,
25,"Alaa Obeidat, Rola Yaqbeh",Business Project Management Using Genetic Algorithm for the Marketplace Administration,2023,Journal of Internet Services and Information Security,Innovative Information Science & Technology Research Group (ISYOU),https://doi.org/10.58346/jisis.2023.i2.004,,923,2026-05-27 20:41:01,article,10.58346/jisis.2023.i2.004,2182-2069,,13,2,65,80,25,8.33,13,2,3,"In the sales business, the ultimate goal is to derive more sales and increase the profits for interested stakeholders. Maximizing profit margins from highly demanding products is one of their major objectives. Nowadays, there are varieties of intelligent systems available, which can guide the business owners, entrepreneurs, or managers to make smart decision and lead their business towards success. Out of different options, this research study explores the possibility and elaborates on how their objectives can be achieved through a genetic algorithm? The proposed approach can be adopted by businesses to increase their profits by enhancing low profit yielding products sales using optimized Genetic Algorithm. Initially groups are defined by adding products with high and low sales. After applying the proposed genetic algorithm, a “bundle of three” offers are traced out, to promote the product with poor sales history This study helps the businesses with a decision support model to maximize sales resulting in high profits. In this research, optimization algorithm is used along with variety of operations and methods, by the businesses, in order to reach their respective target goals. This can be achieved by applying an optimization method that has stable and reliable functions, selection methods, population size and mutation rate. The final result is to improve the overall profit of different businesses in the marketplace.",https://doi.org/10.58346/jisis.2023.i2.004,
25,"Leonardo Bitencourt, Bruno H. Dias, Tiago Soares, Bruno Borba, Jairo Quirós‐Tortós, Vinicius Costa",Understanding Business Models for the Adoption of Electric Vehicles and Charging Stations: Challenges and Opportunities in Brazil,2023,IEEE Access,Institute of Electrical and Electronics Engineers,https://doi.org/10.1109/access.2023.3287388,,932,2026-05-27 20:41:01,article,10.1109/access.2023.3287388,2169-3536,,11,,63149,63166,25,8.33,4,6,3,"Although electric vehicle (EV) sales have been increasing over the years, worldwide EV adoption is still low. In Brazil, the key factors influencing this are the EV high acquisition cost and the reduced charging infrastructure. Therefore, traditional business models may not be adequate for Brazil and stagnate EV diffusion. Thus, designing innovative business models can be crucial to accelerate the transition to electric mobility in the region. In this way, this article aims to critically review business models for EV adoption and charging stations worldwide and discuss its application in Brazil. Then, the challenges and opportunities for some business model options are highlighted through the SWOT matrix. One can conclude that EV sharing is a promising business model for Brazil, given the series of advantages such as access to cutting-edge technology at an affordable price, reduction of vehicles on the streets, and given convenience for users (no concern with charging, EV degradation, and parking). However, public policies, subsidies, and coordination between different agents are crucial for the proliferation of this model. On the other hand, for the proposed CS models, the more traditional option is the less risky for investors in Brazil until the number of EVs increase.",https://ieeexplore.ieee.org/ielx7/6287639/6514899/10155115.pdf,
24,"Laura Tozer, Hannah MacRae, Emily Smit",Achieving deep-energy retrofits for households in energy poverty,2023,Buildings and Cities,,https://doi.org/10.5334/bc.304,,955,2026-05-27 20:41:01,article,10.5334/bc.304,2632-6655,,4,1,,,24,8.00,8,3,3,"Climate change and energy poverty are two sustainability challenges that can be addressed through deep-energy retrofits for homes. This systematic review identifies which factors influence the achievement of energy retrofits for households vulnerable to energy poverty. It covers both energy-poor households and the landlords or building owners of energy-poor households. The results identify a range of influential factors across several themes: financial, policy and organizational, trust and communication, technical, attitudes and values, and health. Health and quality of life are particularly influential motivating factors among households vulnerable to energy poverty, as is the presence of trust and communication between stakeholders. Multiple financial considerations are also important, such as the availability of no-cost retrofit options and the prospect of lower energy and maintenance costs. Lastly, government requirements to retrofit and minimum energy standards are motivating, particularly in the social housing sector. These findings and the lack of focus on energy poverty within the energy retrofit literature and policies point to a need for further research on this topic, and for retrofit policies specifically targeted to households vulnerable to energy poverty. Policy relevance Energy retrofit policies targeting households vulnerable to energy poverty could be more effective if they: Improve access to low or no-cost retrofit options alongside tenant protection mechanisms Include requirements for resident consent and engagement Build capacity to collect, centralize and publicize information about building stocks to align retrofit projects with necessary upgrades Disseminate knowledge of retrofit programs through trusted communicators Increase stakeholders’ understanding of retrofit benefits Take a holistic approach by emphasizing the co-benefits of energy retrofits in energy-poor households Implement government requirements to pursue energy retrofits aligned with overarching government climate policies, particularly for publicly owned housing.",https://storage.googleapis.com/jnl-up-j-bc-files/journals/1/articles/304/6478806b3020c.pdf,
24,"Rolando Pedicini, Marcello Romagnoli, Paolo E. Santangelo","A Critical Review of Polymer Electrolyte Membrane Fuel Cell Systems for Automotive Applications: Components, Materials, and Comparative Assessment",2023,Energies,Multidisciplinary Digital Publishing Institute,https://doi.org/10.3390/en16073111,,958,2026-05-27 20:41:01,review,10.3390/en16073111,1996-1073,,16,7,3111,3111,24,8.00,8,3,3,"The development of innovative technologies based on employing green energy carriers, such as hydrogen, is becoming high in demand, especially in the automotive sector, as a result of the challenges associated with sustainable mobility. In the present review, a detailed overview of the entire hydrogen supply chain is proposed, spanning from its production to storage and final use in cars. Notably, the main focus is on Polymer Electrolyte Membrane Fuel Cells (PEMFC) as the fuel-cell type most typically used in fuel cell electric vehicles. The analysis also includes a cost assessment of the various systems involved; specifically, the materials commonly employed to manufacture fuel cells, stacks, and hydrogen storage systems are considered, emphasizing the strengths and weaknesses of the selected strategies, together with assessing the solutions to current problems. Moreover, as a sought-after parallelism, a comparison is also proposed and discussed between traditional diesel or gasoline cars, battery-powered electric cars, and fuel cell electric cars, thus highlighting the advantages and main drawbacks of the propulsion systems currently available on the market.",https://www.mdpi.com/1996-1073/16/7/3111/pdf?version=1680142244,
24,"Mohammod Moninoor Roshid, Prodhan Mahbub Ibna Seraj",Interrogating higher education's responses to international student mobility in the context of the COVID-19 pandemic,2023,Heliyon,Elsevier BV,https://doi.org/10.1016/j.heliyon.2023.e13921,,975,2026-05-27 20:41:01,review,10.1016/j.heliyon.2023.e13921,2405-8440,,9,3,,,24,8.00,12,2,3,"Since the COVID-19 pandemic, international higher education and student mobility have faced tremendous pressure and challenges. To address COVID-induced challenges and stress, higher education institutions and host governments undertook responses. This article has humanistically looked into the institutional responses of host universities and governments to international higher education and student mobilities during the COVID-19 pandemic. Informed by a systematic literature review of publications released between 2020 and 2021 in a wide range of academic sources, we argue that many of these responses were problematic and did not adequately maintain student well-being and fairness; instead, international students were treated to some extent with poor services in the host countries. To situate our comprehensive overview and propose ideas for forward-thinking conceptualisation, policy, and practice in higher education in the context of the ongoing pandemic, we engage with the literature on ethical and humanistic internationalisation of higher education and (international) student mobilities.",https://doi.org/10.1016/j.heliyon.2023.e13921,
354,"Pierfrancesco Bellini, Paolo Nesi, Gianni Pantaleo","IoT-Enabled Smart Cities: A Review of Concepts, Frameworks and Key Technologies",2022,Applied Sciences,Multidisciplinary Digital Publishing Institute,https://doi.org/10.3390/app12031607,,7,2026-05-27 20:41:01,review,10.3390/app12031607,2076-3417,,12,3,1607,1607,354,88.50,118,3,4,"In recent years, smart cities have been significantly developed and have greatly expanded their potential. In fact, novel advancements to the Internet of things (IoT) have paved the way for new possibilities, representing a set of key enabling technologies for smart cities and allowing the production and automation of innovative services and advanced applications for the different city stakeholders. This paper presents a review of the research literature on IoT-enabled smart cities, with the aim of highlighting the main trends and open challenges of adopting IoT technologies for the development of sustainable and efficient smart cities. This work first provides a survey on the key technologies proposed in the literature for the implementation of IoT frameworks, and then a review of the main smart city approaches and frameworks, based on classification into eight domains, which extends the traditional six domain classification that is typically adopted in most of the related works.",https://www.mdpi.com/2076-3417/12/3/1607/pdf?version=1643877067,
302,Luke Munn,The uselessness of AI ethics,2022,AI and Ethics,Springer Nature,https://doi.org/10.1007/s43681-022-00209-w,,11,2026-05-27 20:41:01,article,10.1007/s43681-022-00209-w,2730-5953,,3,3,869,877,302,75.50,302,1,4,"Abstract As the awareness of AI’s power and danger has risen, the dominant response has been a turn to ethical principles. A flood of AI guidelines and codes of ethics have been released in both the public and private sector in the last several years. However, these are meaningless principles which are contested or incoherent, making them difficult to apply; they are isolated principles situated in an industry and education system which largely ignores ethics; and they are toothless principles which lack consequences and adhere to corporate agendas. For these reasons, I argue that AI ethical principles are useless, failing to mitigate the racial, social, and environmental damages of AI technologies in any meaningful sense. The result is a gap between high-minded principles and technological practice. Even when this gap is acknowledged and principles seek to be “operationalized,” the translation from complex social concepts to technical rulesets is non-trivial. In a zero-sum world, the dominant turn to AI principles is not just fruitless but a dangerous distraction, diverting immense financial and human resources away from potentially more effective activity. I conclude by highlighting alternative approaches to AI justice that go beyond ethical principles: thinking more broadly about systems of oppression and more narrowly about accuracy and auditing.",https://link.springer.com/content/pdf/10.1007/s43681-022-00209-w.pdf,
217,"Boonhatai Kruekaew, Warangkhana Kimpan",Multi-Objective Task Scheduling Optimization for Load Balancing in Cloud Computing Environment Using Hybrid Artificial Bee Colony Algorithm With Reinforcement Learning,2022,IEEE Access,Institute of Electrical and Electronics Engineers,https://doi.org/10.1109/access.2022.3149955,,22,2026-05-27 20:41:01,article,10.1109/access.2022.3149955,2169-3536,,10,,17803,17818,217,54.25,109,2,4,"Workload balancing in cloud computing is still challenging problem, especially in Infrastructure as a Service (IaaS) in the cloud model. A problem that should not occur during cloud access is a host or server being overloaded or underloaded, which may affect the processing time or may result in a system crash. Therefore, to prevent these problems, an appropriate schedule of access should be considered so that the system can distribute tasks across all available resources, which is called load balancing. The load balancing technique should ensure that all Virtual Machines (VMs) are used appropriately. In this paper, an independent task scheduling approach in cloud computing is proposed using a Multi-objective task scheduling optimization based on the Artificial Bee Colony Algorithm (ABC) with a Q-learning algorithm,which is a reinforcement learning technique that helps the ABC algorithm work faster, called the MOABCQ method. The proposed method aims to optimize scheduling and resource utilization, maximize VM throughput, and create load balancing between VMs based on makespan, cost, and resource utilization, which are limitations of concurrent considerations. Performance analysis of the proposed method was compared using CloudSim with the existing load balancing and scheduling algorithms: Max-Min, FCFS, HABC_LJF, Q-learning, MOPSO, and MOCS algorithms in three datasets: Random, Google Cloud Jobs (GoCJ), and Synthetic workload. The experimental results indicated that the algorithms used MOABCQ approach outperformed the other algorithms in terms of reducing makespan, reducing cost, reducing degree of imbalance, increasing throughput and average resource utilization.",https://ieeexplore.ieee.org/ielx7/6287639/9668973/09708723.pdf,
203,"Rateb Jabbar, Eya Dhib, Ahmed Ben Said, Moez Krichen, Noora Fetais, Esmat Zaidan, Kamel Barkaoui",Blockchain Technology for Intelligent Transportation Systems: A Systematic Literature Review,2022,IEEE Access,Institute of Electrical and Electronics Engineers,https://doi.org/10.1109/access.2022.3149958,,27,2026-05-27 20:41:01,article,10.1109/access.2022.3149958,2169-3536,,10,,20995,21031,203,50.75,29,7,4,"The use of Blockchain technology has recently become widespread. It has emerged as an essential tool in various academic and industrial fields, such as healthcare, transportation, finance, cybersecurity, and supply chain management. It is regarded as a decentralized, trustworthy, secure, transparent, and immutable solution that innovates data sharing and management. This survey aims to provide a systematic review of Blockchain application to intelligent transportation systems in general and the Internet of Vehicles (IoV) in particular. The survey is divided into four main parts. First, the Blockchain technology including its opportunities, relative taxonomies, and applications is introduced; basic cryptography is also discussed. Next, the evolution of Blockchain is presented, starting from the primary phase of pre-Bitcoin (fundamentally characterized by classic cryptography systems), followed by the Blockchain 1.0 phase, (characterized by Bitcoin implementation and common consensus protocols), and finally, the Blockchain 2.0 phase (characterized by the implementation of smart contracts, Ethereum, and Hyperledger). We compared and identified the strengths and limitations of each of these implementations. Then, the state of the art of Blockchain-based IoV solutions (BIoV) is explored by referring to a large and trusted source database from the Scopus data bank. For a well-structured and clear discussion, the reviewed literature is classified according to the research direction and implemented IoV layer. Useful tables, statistics, and analysis are also presented. Finally, the open problems and future directions in BIoV research are summarized.",https://ieeexplore.ieee.org/ielx7/6287639/9668973/09706476.pdf,
169,"Tarana Singh, Arun Solanki, Sanjay Kumar Sharma, Anand Nayyar, Anand Paul","A Decade Review on Smart Cities: Paradigms, Challenges and Opportunities",2022,IEEE Access,Institute of Electrical and Electronics Engineers,https://doi.org/10.1109/access.2022.3184710,,39,2026-05-27 20:41:01,review,10.1109/access.2022.3184710,2169-3536,,10,,68319,68364,169,42.25,34,5,4,"Smart City has been an emerging research domain for Government, Businesses, and researchers in the last few years. The Indian government is also interested and investing lots of funds to develop smart cities. These cities are technology-based and require interdisciplinary research and development for successful implementation. Over the last few decades, various technological interventions have created a tendency to provide smart everyday objects to make human life more comfortable. The emergence of the smart city paradigm is a response to creating a future city that guarantees the well-being and rights of its citizens from the perspective of industrial development: industry, urban planning, environment, and sustainable development. There are several subdomains in the smart city for the research. To work with the different subdomains in a smart city, proper guidance about the background of the smart city is required. This research paper is a guide for the same. This research paper represents a systematic literature review of the smart city domain. This paper carries out a systematic review of research papers published in various well-reputed journals like IEEE, Springer, Elsevier, etc., between 2011 and 2021. This paper will help the government, businesses, and researchers aiming to enhance the smart city concept. Initially, this paper discusses the origin and emergence of this concept, followed by a few definitions and characteristics with the real roadmap and primary supporting pillars of the smart city. This paper discusses a typical architecture having different layers like Sensing, Transportation, Data Management, and Application Layers. There are various supporting technologies and platforms for the smart city; hence implementations are impossible without these technologies and media. This research paper discusses different components of the smart city. A broad literature survey is being done to observe various challenges, opportunities, and future trends in the smart city. This research paper can guide the researchers and provide the research direction in the smart city domain.",https://ieeexplore.ieee.org/ielx7/6287639/6514899/09801818.pdf,
165,Elena Esposito,Artificial Communication,2022,The MIT Press eBooks,The MIT Press,https://doi.org/10.7551/mitpress/14189.001.0001,,41,2026-05-27 20:41:01,book,10.7551/mitpress/14189.001.0001,,,,,,,165,41.25,165,1,4,"A proposal that we think about digital technologies such as machine learning not in terms of artificial intelligence but as artificial communication. Algorithms that work with deep learning and big data are getting so much better at doing so many things that it makes us uncomfortable. How can a device know what our favorite songs are, or what we should write in an email? Have machines become too smart? In Artificial Communication, Elena Esposito argues that drawing this sort of analogy between algorithms and human intelligence is misleading. If machines contribute to social intelligence, it will not be because they have learned how to think like us but because we have learned how to communicate with them. Esposito proposes that we think of “smart” machines not in terms of artificial intelligence but in terms of artificial communication. To do this, we need a concept of communication that can take into account the possibility that a communication partner may be not a human being but an algorithm—which is not random and is completely controlled, although not by the processes of the human mind. Esposito investigates this by examining the use of algorithms in different areas of social life. She explores the proliferation of lists (and lists of lists) online, explaining that the web works on the basis of lists to produce further lists; the use of visualization; digital profiling and algorithmic individualization, which personalize a mass medium with playlists and recommendations; and the implications of the “right to be forgotten.” Finally, she considers how photographs today seem to be used to escape the present rather than to preserve a memory.",https://direct.mit.edu/books/book/chapter-pdf/2023749/f000200_9780262368865.pdf,
145,"Maryam Saleem, Muhammad Rehan Usman, Muhammad Arslan Usman, Christos Politis","Design, Deployment and Performance Evaluation of an IoT Based Smart Energy Management System for Demand Side Management in Smart Grid",2022,IEEE Access,Institute of Electrical and Electronics Engineers,https://doi.org/10.1109/access.2022.3147484,,54,2026-05-27 20:41:01,article,10.1109/access.2022.3147484,2169-3536,,10,,15261,15278,145,36.25,36,4,4,"The Smart Grid (SG) is the technological development that incorporates digital technologies and advanced communication methods to determine and respond to variations in electricity consumption in order to revolutionize power distribution, transmission, and generation. In the conventional electrical grid, customers remain unaware to their energy usage patterns that not only results in energy loss but also money. The consumers’ usage and consumption standards need to be regulated in order to improve energy efficiency (EE). SG utilizes demand side management (DSM) for energy savings by use of various approaches like financial incentives, subsidized tariffs, and awareness to alter consumers’ energy demand. In smart environments (SE), Internet-of-Things (IoT) is evolving as a significant partner for resource and energy management. DSM in SG must take advantage of smart energy management system (SEMS) developed on smart meters (SMs) and modern technologies like IoT. Using SMs with IoT based technologies makes SEMS more effective in the SG. This paper offers design, deployment, implementation, and performance evaluation of an IoT based SEMS, including SMs as well as IoT middleware module and its related benefits. The proposed SEMS operates online and offers real-time (RT) load profiles (LPs) to customers and suppliers remotely. The customers’ LPs allow suppliers to disseminate and regulate their incentives as well as incite the customers to alter their energy consumption. Furthermore, these LPs serves as an input for developing numerous DSM approaches. The proposed solution is installed and evaluated at 4 different locations of Stylo Pvt. Ltd. Pakistan, which can communicate commands and observe the efficiency of electricity supplied by the utility. Moreover, the RT impact of using separate SM for automated control of heating, ventilation and air conditioning (HVAC) system is shown in terms of power consumption. The RT case study presents the efficacy of the proposed IoT-based-SEMS.",https://ieeexplore.ieee.org/ielx7/6287639/9668973/09696314.pdf,
126,"Denise Reike, Marko P. Hekkert, Simona O. Negro",Understanding circular economy transitions: The case of circular textiles,2022,Business Strategy and the Environment,Wiley,https://doi.org/10.1002/bse.3114,,73,2026-05-27 20:41:01,article,10.1002/bse.3114,0964-4733,,32,3,1032,1058,126,31.50,42,3,4,"Abstract The circular economy has been proposed to transform global textile supply chains which are currently challenged by a complex nexus of sustainability issues related to the dominant fast fashion trend. Research on circular economy in the textile sector often focuses on businesses or consumers as key enablers in circular transitions , yet it treats them as independent entities and thereby neglects the study of interactions that can provide insight at the systems level. The proclaimed “circular textile mission” in the Netherlands setting a national target for 100% circularity by 2050 is used as case study to address this research gap. We explore the circular textile transition processes found in the context of the Dutch mission and compare the development and interactions among various technical and non‐technological solutions produced by engaged actor constellations for assessing key factors driving and blocking the overall mission fulfilment. To these ends, we derive a theoretical framework based on innovation system theory and conceptualize the Dutch circular textile transition as a Mission‐oriented Innovation System ( MIS ). Analyzing the structure and functioning of the Dutch mission‐oriented innovation system, we show that (1) there is a good match between the formal Dutch circular textile mission and system actor perceptions; (2) system actors have formed structures around three dominant solution trajectories in the Dutch system: secondhand, mechanical recycling, and chemical recycling; (3) these trajectories expose distinct key virtuous and vicious cycles, which characterize (4) the entire system as formative. Overall, the secondhand trajectory shows most developed structures and most positive dynamics, chemical recycling carries most technological breakthrough potential, whereas mechanical recycling is a mature technology but lacks market demand and supply. We compare the three solution trajectories, discuss the disruptive nature of the Dutch circular textile transition, and suggest installing Extended Producer Responsibility (EPR) as a potential intervention for accelerating system transformation. The study concludes with reflections on the case learnings and considerations for further research on mission‐oriented innovation systems.",https://onlinelibrary.wiley.com/doi/pdfdirect/10.1002/bse.3114,
123,"Giovana Monteiro Gomes, Natália Guimarães Moreira, Aldo Roberto Ometto","Role of consumer mindsets, behaviour, and influencing factors in circular consumption systems: A systematic review",2022,Sustainable Production and Consumption,Elsevier BV,https://doi.org/10.1016/j.spc.2022.04.005,,76,2026-05-27 20:41:01,review,10.1016/j.spc.2022.04.005,2352-5509,,32,,1,14,123,30.75,41,3,4,"The transition to a circular economy presents new ways to create and offer value by proposing changes to current production and consumption systems. This study focuses on the challenges concerning consumers' acceptance of circular offerings and their engagement with the circular economy. Through a systematic literature review, we investigated consumers' mindsets, behaviour, and influencing factors, and positioned them in circular consumption systems. This review was conducted using two databases, Scopus and Web of Science, in January 2020 and updated in September 2020. A total of 107 articles were screened, and 53 were included in the analysis. We mapped 6 circular mindsets, 14 circular behaviours, and 54 factors that influenced them. Our results show that broad interpretations and generalisations concerning these elements should be carried out carefully, as they are highly contextually driven. However, their role in consumption systems is clear. Consumers' mindsets are the starting point of circular consumption systems, as they present pre-dispositions in engaging with circular offerings. These mindsets are expressed by consumer behaviour, which allows product flow in these systems; they, in turn, are affected by influencing factors. We suggest that continued updates on this systematic literature review should be conducted, along with the development of a structured tool to help organisations engage their consumers by developing circular mindsets and encouraging circular behaviour, using the influencing factors.",https://doi.org/10.1016/j.spc.2022.04.005,
105,"Federico Caprotti, I.-Chun Catherine Chang, Simon Joss",Beyond the smart city: a typology of platform urbanism,2022,Urban Transformations,BioMed Central,https://doi.org/10.1186/s42854-022-00033-9,,100,2026-05-27 20:41:01,article,10.1186/s42854-022-00033-9,2524-8162,,4,1,4,4,105,26.25,35,3,4,"Platform urbanism has emerged in recent years as an area of research into the ways in which digital platforms are increasingly central to the governance, economy, experience, and understanding of the city. In the paper, we argue that platform urbanism is an evolution of the smart city, constituted by novel, digitally-enabled socio-technical assemblages that enable new forms of social, economic and political intermediation. We offer a typological framework for a better conceptualization of platform urbanism and its complex socio-economic relationships. We further outline several directions for future research on platform urbanism, specifically: a.) the need to critically investigate new power geometries of corporate, legal and regulatory alignments; b.) how platform urbanism may be expressed in, and affect, cities in the Global South; c.) how it may need to be critically engaged with in regard to its development in response to emergent events such as the Covid-19 pandemic; and d.) how it may shape visions of the current and future city.",https://urbantransformations.biomedcentral.com/track/pdf/10.1186/s42854-022-00033-9,
86,"Md Tasbirul Islam, Usha Iyer‐Raniga, Sean Trewick",Recycling Perspectives of Circular Business Models: A Review,2022,Recycling,Multidisciplinary Digital Publishing Institute,https://doi.org/10.3390/recycling7050079,,155,2026-05-27 20:41:01,review,10.3390/recycling7050079,2313-4321,,7,5,79,79,86,21.50,29,3,4,"The circular business model (CBM) is one of the main building blocks of circular economy (CE), and recycling is one of the main strategies for achieving it. CBM literature is currently evolving, and recycling-oriented discussion has been found in a scattered manner. This review article aims to identify critical components of the recycling-focused business model in CE and evaluate potential business and research opportunities in the area. Data collection was undertaken from the Web of Science (WoS) core collection and ScienceDirect database. Results of the study showed that efficiency of municipal solid waste management, reporting mechanism of recyclers cost of recycled materials, the establishment of a plastic hub, implementation of extended producer responsibility, strategic partnership, incentives, and product design were highlighted as critical requirements for efficient recycling operated business models, especially for waste solar PV panels, e-waste, textile waste, and vehicles and battery sector. It also identified the benefits of using recycled materials in reducing carbon footprint, energy consumption, and achieving low environmental impact. Three-dimensional printing, sensor-based RFID tags, digital twins, additive manufacturing, Industry 4.0, and the Internet of Things (IoT) were found as state-of-the-art technological innovations applied to recycling-oriented circular business models. This article provides critical practical solutions for new business model development and indicates vital future research directions along with a conceptual framework development, which would be helpful for policymakers, business entities, and research academics.",https://www.mdpi.com/2313-4321/7/5/79/pdf?version=1666262492,
86,"Md Haris Uddin Sharif, Mehmood Ali Mohammed",A literature review of financial losses statistics for cyber security and future trend,2022,World Journal of Advanced Research and Reviews,GSC Online Press,https://doi.org/10.30574/wjarr.2022.15.1.0573,,156,2026-05-27 20:41:01,review,10.30574/wjarr.2022.15.1.0573,2581-9615,,15,1,138,156,86,21.50,43,2,4,"Cybercrime directs to any criminal activity taken out utilizing computers or the internet. Attackers have chosen strategies such as social engineering, phishing, and malware as part of their cyber-attacks. A cyber-attack can lead to various effects, ranging from stealing individual data to extortion money or losing helpful information. Society and systems depend on critical infrastructures like power plants, hospitals, and financial services companies. This paper analyzes financial losses statistics for cyber security and future trends. The cost of cybercrime prevention is increasing day by day. Financial losses refer to damages to the wealth of an organization. This includes organizational losses, compensation, and legal fees. By financial loss, we mean increased costs or reduced income caused by the threat. We collect data from various datasets and information from sources. After collecting data, we analyze the data and create a different chart to identify the growth of cyber-attacks, cyber security, and cybercrime costs. We analyze global and worldwide cybercrime status. We also investigate state-wise cybercrime and the cyber security status of the United States of America. Our main objective of the analysis is to find out the financial losses and future trends of cybercrime and cyber security. From our study, we noticed that the number of cybercrimes and their management and prevention costs are rapidly increasing in the USA and worldwide.",https://wjarr.com/sites/default/files/WJARR-2022-0573.pdf,
86,"Leonardo Horn Iwaya, Muhammad Ali Babar, Awais Rashid, Chamila Wijayarathna",On the privacy of mental health apps,2022,Empirical Software Engineering,Springer Science+Business Media,https://doi.org/10.1007/s10664-022-10236-0,,157,2026-05-27 20:41:01,article,10.1007/s10664-022-10236-0,1382-3256,,28,1,,,86,21.50,22,4,4,"Abstract An increasing number of mental health services are now offered through mobile health (mHealth) systems, such as in mobile applications (apps). Although there is an unprecedented growth in the adoption of mental health services, partly due to the COVID-19 pandemic, concerns about data privacy risks due to security breaches are also increasing. Whilst some studies have analyzed mHealth apps from different angles, including security, there is relatively little evidence for data privacy issues that may exist in mHealth apps used for mental health services, whose recipients can be particularly vulnerable. This paper reports an empirical study aimed at systematically identifying and understanding data privacy incorporated in mental health apps. We analyzed 27 top-ranked mental health apps from Google Play Store. Our methodology enabled us to perform an in-depth privacy analysis of the apps, covering static and dynamic analysis, data sharing behaviour, server-side tests, privacy impact assessment requests, and privacy policy evaluation. Furthermore, we mapped the findings to the LINDDUN threat taxonomy, describing how threats manifest on the studied apps. The findings reveal important data privacy issues such as unnecessary permissions, insecure cryptography implementations, and leaks of personal data and credentials in logs and web requests. There is also a high risk of user profiling as the apps’ development do not provide foolproof mechanisms against linkability, detectability and identifiability. Data sharing among 3rd-parties and advertisers in the current apps’ ecosystem aggravates this situation. Based on the empirical findings of this study, we provide recommendations to be considered by different stakeholders of mHealth apps in general and apps developers in particular. We conclude that while developers ought to be more knowledgeable in considering and addressing privacy issues, users and health professionals can also play a role by demanding privacy-friendly apps.",https://link.springer.com/content/pdf/10.1007/s10664-022-10236-0.pdf,
85,"Hadi Tabatabaee Malazi, Saqib Rasool Chaudhry, Aqeel Kazmi, Andrei Palade, Christian Cabrera, Gary White, Siobhán Clarke",Dynamic Service Placement in Multi-Access Edge Computing: A Systematic Literature Review,2022,IEEE Access,Institute of Electrical and Electronics Engineers,https://doi.org/10.1109/access.2022.3160738,,161,2026-05-27 20:41:01,article,10.1109/access.2022.3160738,2169-3536,,10,,32639,32688,85,21.25,12,7,4,"The advent of new cloud-based applications such as mixed reality, online gaming, autonomous driving, and healthcare has introduced infrastructure management challenges to the underlying service network. Multi-access edge computing (MEC) extends the cloud computing paradigm and leverages servers near end-users at the network edge to provide a cloud-like environment. The optimum placement of services on edge servers plays a crucial role in the performance of such service-based applications. Dynamic service placement problem addresses the adaptive configuration of application services at edge servers to facilitate end-users and those devices that need to offload computation tasks. While reported approaches in the literature shed light on this problem from a particular perspective, a panoramic study of this problem reveals the research gaps in the big picture. This paper introduces the dynamic service placement problem and outline its relations with other problems such as task scheduling, resource management, and caching at the edge. We also present a systematic literature review of existing dynamic service placement methods for MEC environments from networking, middleware, applications, and evaluation perspectives. In the first step, we review different MEC architectures and their enabling technologies from a networking point of view. We also introduce different cache deployment solutions in network architectures and discuss their design considerations. The second step investigates dynamic service placement methods from a middleware viewpoint. We review different service packaging technologies and discuss their trade-offs. We also survey the methods and identify eight research directions that researchers follow. Our study categorises the research objectives into six main classes, proposing a taxonomy of design objectives for the dynamic service placement problem. We also investigate the reported methods and devise a solutions taxonomy comprising six criteria. In the third step, we concentrate on the application layer and introduce the applications that can take advantage of dynamic service placement. The fourth step investigates evaluation environments used to validate the solutions, including simulators and testbeds. We introduce real-world datasets such as edge server locations, mobility traces, and service requests used to evaluate the methods. We compile a list of open issues and challenges categorised by various viewpoints in the last step.",https://ieeexplore.ieee.org/ielx7/6287639/9668973/09738624.pdf,
80,"Helen Poltimäe, Merlin Rehema, Janika Raun, Age Poom",In search of sustainable and inclusive mobility solutions for rural areas,2022,European Transport Research Review,Springer Science+Business Media,https://doi.org/10.1186/s12544-022-00536-3,,179,2026-05-27 20:41:01,review,10.1186/s12544-022-00536-3,1866-8887,,14,1,13,13,80,20.00,20,4,4,"Background: Despite emerging research on novel mobility solutions in urban areas, there have been few attempts to explore the relevance and sustainability of these solutions in rural contexts. Furthermore, existing research addressing rural mobility solutions typically focuses on a specific user group, such as local residents, second-home owners, or tourists. In this paper, we study the social inclusivity, economic viability, and environmental impacts of novel mobility solutions in rural contexts based on published scholarly literature. When doing so, we bring both permanent and temporary residents of rural areas under one research framework. Methods: We used grey literature to identify and categorise novel mobility solutions, which have been applied in European rural areas and are suitable for travelling longer distances. By using six service flexibility variables, we reached four categories of novel mobility solutions: semi-flexible demand-responsive transport, flexible door-to-door demand-responsive transport, car-sharing, and ride-sharing. We analysed the social inclusivity, economic viability, and environmental impacts of those categories based on criteria and evidence identified from scholarly literature by including the perspectives of both permanent and temporary residents of rural areas. Results: Our findings revealed that while single novel mobility solutions are seldom applicable for all rural travellers, strong spatial and temporal synergies exist when combining different solutions. The need for a connected and flexible set of mobility solutions sensitive to the temporal and spatial patterns of mobility needs is inevitable. Accessible and easily understandable information on routing, booking, and ticketing systems, as well as cooperation, shared values, and trust between various parties, are key success factors for sustainable rural mobility. Conclusion: Integration of the needs of various user groups is essential when aiming to achieve the provision of environmentally, socially, and economically sustainable mobility solutions in rural areas. Supplementary Information: The online version contains supplementary material available at 10.1186/s12544-022-00536-3.",https://etrr.springeropen.com/track/pdf/10.1186/s12544-022-00536-3,
76,"Raúl Castaño-Rosa, Sofie Pelsmakers, Heini Järventausta, Jenni Poutanen, Lassi Tähtinen, Anahita Rashidfarokhi, Saija Toivonen",Resilience in the built environment: Key characteristics for solutions to multiple crises,2022,Sustainable Cities and Society,Elsevier BV,https://doi.org/10.1016/j.scs.2022.104259,,198,2026-05-27 20:41:01,article,10.1016/j.scs.2022.104259,2210-6707,,87,,104259,104259,76,19.00,11,7,4,"In the last decade, our built environment has been exposed to a significant and wide range of crises, from primary (e.g., pandemic, climate change-induced hazards) to secondary crises, such as their associated physical and mental health impacts. However, previous literature has mainly focused on the impacts of a single type of crisis in the built environment and solutions for individual impacts. Hence, in the face of multiple crises and their impacts that we are facing now, understanding the possible solutions and their characteristics is crucial to achieve a more resilient built environment. This paper aims to gain a better understanding about how different crises impact the built environment and which solutions have been proven effective, particularly as a response to multiple crises. First, a systematic literature review is presented, identifying main crises impacts on the built environment and their solutions. Secondly, through a qualitative data analysis, the main interconnections between the identified crises impacts and solutions were established. Findings highlight that the main solutions that provide resilience to multiple crises in the built environment, are (1) green and healthy infrastructures; (2) adaptable infrastructures; and (3) equitable and inclusive infrastructures. Finally, key characteristics for the design of resilient solutions for the built environment are discussed and an evaluation framework is proposed.",https://doi.org/10.1016/j.scs.2022.104259,
76,"Parvez Alam Khan, Satirenjit Kaur Johl, Shakeb Akhtar, Mohammad Asif, Anas A. Salameh, Thavamaran Kanesan",Open Innovation of Institutional Investors and Higher Education System in Creating Open Approach for SDG-4 Quality Education: A Conceptual Review,2022,Journal of Open Innovation Technology Market and Complexity,Springer Science+Business Media,https://doi.org/10.3390/joitmc8010049,,202,2026-05-27 20:41:01,review,10.3390/joitmc8010049,2199-8531,,8,1,49,49,76,19.00,13,6,4,"The introduction of sustainable development goals has made sustainability a top priority for most nations. This has raised the investment into the educational system for potential growth and for creating an innovation culture in any country; the role of institutional investors in the development of financing clean energy infrastructure, entrepreneurial development, poverty reduction, and driving corporate social responsibility and firm development has been found significant. An intensive literature search of Scopus and the web of science database was explored with different relevant sets of keywords &ldquo;Institutional investors AND Education&rdquo;, &ldquo;Institutional investors&rdquo; AND &ldquo;Higher education&rdquo;, which drew 29 final articles between 2010&ndash;2021. This scoping review draws a new open approach for creating alternative sustainable funding for the higher education system and investment opportunities for institutional investors with government intervention. This research becomes the first that shows the road map to the higher education system in creating alternative funding through the proposed Institutional Investor &amp; Sustainable University Funding Governance Code, which will make the higher education system independent and ease the burden on the government, as well as create a huge market opportunity for both players. This research model will scope the collaborative approach towards sustainable development goal 4&mdash;Quality education.",https://www.mdpi.com/2199-8531/8/1/49/pdf?version=1646396693,
75,"Felix Lorenz, Jonas Willwersch, Marcelo Cajias, Franz Fuerst",Interpretable machine learning for real estate market analysis,2022,Real Estate Economics,Wiley,https://doi.org/10.1111/1540-6229.12397,,207,2026-05-27 20:41:01,article,10.1111/1540-6229.12397,1080-8620,,51,5,1178,1208,75,18.75,19,4,4,"Abstract Machine Learning (ML) excels at most predictive tasks but its complex nonparametric structure renders it less useful for inference and out‐of sample predictions. This article aims to elucidate and enhance the analytical capabilities of ML in real estate through Interpretable ML (IML). Specifically, we compare a hedonic ML approach to a set of model‐agnostic interpretation methods. Our results suggest that IML methods permit a peek into the black box of algorithmic decision making by showing the web of associative relationships between variables in greater resolution. In our empirical applications, we confirm that size and age are the most important rent drivers. Further analysis reveals that certain bundles of hedonic characteristics, such as large apartments in historic buildings with balconies located in affluent neighborhoods, attract higher rents than adding up the contributions of each hedonic characteristic. Building age is shown to exhibit a U‐shaped pattern in that both the youngest and oldest buildings attract the highest rents. Besides revealing valuable distance decay functions for spatial variables, IML methods are also able to visualise how the strength and interactions of hedonic characteristics change over time, which investors could use to determine the types of assets that perform best at any given stage of the real estate investment cycle.",https://onlinelibrary.wiley.com/doi/pdfdirect/10.1111/1540-6229.12397,
74,"Geovana Ramos Sousa Silva, Edna Dias Canedo",Towards User-Centric Guidelines for Chatbot Conversational Design,2022,International Journal of Human-Computer Interaction,Taylor & Francis,https://doi.org/10.1080/10447318.2022.2118244,,208,2026-05-27 20:41:01,article,10.1080/10447318.2022.2118244,1044-7318,,40,2,98,120,74,18.50,37,2,4,"The conversational nature of chatbots poses challenges to designers since their development is different from other software and requires investigating new practices in the context of human-AI interaction and their impact on user experience. Therefore, this work aims to unveil chatbot conversational practices alongside their impacts on users to build a web guide to support designers while conceiving conversations for chatbots. We have carried out a Systematic Literature Review (SLR) to identify linguist, visual, and interactive elements used in chatbot conversational design. The SLR resulted in 40 selected studies that were reviewed and coded into a set of conversational guidelines that were evaluated through a survey. Respondents strongly agreed that applying the proposed guidelines in chatbot development would induce greater user satisfaction and user engagement and the guide is usable, flexible, clear, and understandable, making it a great ally in building chatbots with an improved user experience.",https://arxiv.org/pdf/2301.06474,
73,"Jacob Lohmer, Elias Ribeiro da Silva, Rainer Lasch",Blockchain Technology in Operations &amp; Supply Chain Management: A Content Analysis,2022,Sustainability,Multidisciplinary Digital Publishing Institute,https://doi.org/10.3390/su14106192,,213,2026-05-27 20:41:01,article,10.3390/su14106192,2071-1050,,14,10,6192,6192,73,18.25,24,3,4,"Scholars are increasingly examining how the distributed blockchain technology can counter specific supply chain and operations management challenges. Various research approaches emerge from different scholarly backgrounds, but the interrelation of research areas and current trends has not been adequately considered in a systematic review. We employ a data-driven content analysis approach to examine previous research on blockchain technology in operations management and supply chain management. We investigate the extent to which blockchain technology was considered in scholarly works, structure the research efforts, and identify trends, interrelated themes, and promising research opportunities. Quantitative and qualitative content analysis is conducted on an extensive literature sample of 410 articles. Results indicate an optimistic attitude due to potentials such as tracking and tracing abilities, efficiency increases, and trust-building. Conceptual studies dominate the literature set, with increasing qualitative research efforts. Grand theories are seldomly addressed in the studies. Blockchain technology is outlined as particularly useful when combined with other technologies like IoT. We also identified sustainability implications of the technology, such as enabling transparency for SC stakeholders. Cryptocurrencies can facilitate further efficiency gains if legal uncertainties are reduced. The study is concluded with managerial and theoretical implications and future research opportunities.",https://www.mdpi.com/2071-1050/14/10/6192/pdf?version=1657873213,
63,"Cankun Wei, Meichen Fu, Li Wang, Hanbing Yang, Feng Tang, Yuqing Xiong",The Research Development of Hedonic Price Model-Based Real Estate Appraisal in the Era of Big Data,2022,Land,Multidisciplinary Digital Publishing Institute,https://doi.org/10.3390/land11030334,,266,2026-05-27 20:41:01,article,10.3390/land11030334,2073-445X,,11,3,334,334,63,15.75,11,6,4,"In the era of big data, advances in relevant technologies are profoundly impacting the field of real estate appraisal. Many scholars regard the integration of big data technology as an inevitable future trend in the real estate appraisal industry. In this paper, we summarize 124 studies investigating the use of big data technology to optimize real estate appraisal through the hedonic price model (HPM). We also list a variety of big data resources and key methods widely used in the real estate appraisal field. On this basis, the development of real estate appraisal moving forward is analyzed. The results obtained in the current studies are as follows: First, the big data resources currently applied to real estate appraisal include more than a dozen big data types from three data sources; the internet, remote sensing, and the Internet of things (IoT). Additionally, it was determined that web crawler technology represents the most important data acquisition method. Second, methods such as data pre-processing, spatial modeling, Geographic information system (GIS) spatial analysis, and the evolving machine learning methods with higher valuation accuracy were successfully introduced into the HPM due to the features of real estate big data. Finally, although the application of big data has greatly expanded the amount of available data and feature dimensions, this has caused a new problem: uneven data quality. Uneven data quality can reduce the accuracy of appraisal results, and, to date, insufficient attention has been paid to this issue. Future research should pay greater attention to the data integration of multi-source big data and absorb the applications developed in other disciplines. It is also important to combine various methods to form a new united evaluation model based on taking advantage of, and avoiding shortcomings to compensate for, the mechanism defects of a single model.",https://www.mdpi.com/2073-445X/11/3/334/pdf?version=1645718446,
60,Jimena Valdez,The politics of Uber: Infrastructural power in the United States and Europe,2022,Regulation & Governance,Wiley,https://doi.org/10.1111/rego.12456,,283,2026-05-27 20:41:01,article,10.1111/rego.12456,1748-5983,,17,1,177,194,60,15.00,60,1,4,"Abstract Platform firms have been depicted as having structural and instrumental power and being able to prevail in regulatory battles. This article, in contrast, documents how they have often adapted to regulations and provide different services across locales. I show that platform firms have a specific type of power, infrastructural power, that stems from their position as mediators across a variety of actors. This power, I argue, is shaped by pre‐existing regulations and the firms' strategic response, that I call “contentious compliance”: a double movement of adapting to existing regulations, while continuing to challenge them. I apply this framework to the expansion and regulation of Uber in New York City (US), Madrid (Spain), and Berlin (Germany).",https://onlinelibrary.wiley.com/doi/pdfdirect/10.1111/rego.12456,
59,"Cris Garcia-Saravia Ortiz-de-Montellano, Yvonne van der Meer",A Theoretical Framework for Circular Processes and Circular Impacts Through a Comprehensive Review of Indicators,2022,Global Journal of Flexible Systems Management,Springer Science+Business Media,https://doi.org/10.1007/s40171-022-00300-5,,290,2026-05-27 20:41:01,review,10.1007/s40171-022-00300-5,0972-2696,,23,2,291,314,59,14.75,30,2,4,"Abstract Circular Economy (CE) is gaining traction among academics and stakeholders; however, there is no unified framework on how to assess it. This paper proposes a framework that is composed of two segments. The first segment includes circular processes based on the value retention stages of products and systems on different levels. The second segment comprises circular impacts measuring the goals of the CE concerning environmental performance, economic contribution, and social impact. There are eight clusters of circular processes: redesign, reduce, use and reuse, re-sell, refurbish and remanufacture, recycle, recover and recirculate. The review shows that there is a widely spread confusion and overlap between indicators for circular processes and circular impacts. A clear differentiation of each category can significantly improve the tools and methods through which to assess CE. This work aims to provide such differentiation and the foundation for the development of a systematic and standardised CE assessment framework. This review provides relevant guidance of circularity indicators to be used at the (re)design phase of products, materials and systems, as well as the environmental, social and economic considerations that circular strategies must have. Graphical Abstract",https://link.springer.com/content/pdf/10.1007/s40171-022-00300-5.pdf,
59,"Kim Strandberg, Nasser Nowdehi, Tomas Olovsson","A Systematic Literature Review on Automotive Digital Forensics: Challenges, Technical Solutions and Data Collection",2022,IEEE Transactions on Intelligent Vehicles,Institute of Electrical and Electronics Engineers,https://doi.org/10.1109/tiv.2022.3188340,,296,2026-05-27 20:41:01,article,10.1109/tiv.2022.3188340,2379-8858,,8,2,1350,1367,59,14.75,20,3,4,"A modern vehicle has a complex internal architecture and is wirelessly connected to the Internet, other vehicles, and the infrastructure. The risk of cyber attacks and other criminal incidents along with recent road accidents caused by autonomous vehicles calls for more research on automotive digital forensics. Failures in automated driving functions can be caused by hardware and software failures and cyber security issues. Thus, it is imperative to be able to determine and investigate the cause of these failures, something which requires trustable data. However, automotive digital forensics is a relatively new field for the automotive where most existing self-monitoring and diagnostic systems in vehicles only monitor safety-related events. To the best of our knowledge, our work is the first systematic literature review on the current research within this field. We identify and assess over 300 papers published between 2006–2021 and further map the relevant papers to different categories based on identified focus areas to give a comprehensive overview of the forensics field and the related research activities. Moreover, we identify forensically relevant data from the literature, link the data to categories, and further map them to required security properties and potential stakeholders. Our categorization makes it easy for practitioners and researchers to quickly find relevant work within a particular sub-field of digital forensics. We believe our contributions can guide digital forensic investigations in automotive and similar areas, such as cyber-physical systems and smart cities, facilitate further research, and serve as a guideline for engineers implementing forensics mechanisms.",https://ieeexplore.ieee.org/ielx7/7274857/10076483/09815132.pdf,
59,"Noêmia Teixeira de Siqueira Filha, Jinshuo Li, Penelope A. Phillips‐Howard, Zahidul Quayyum, Eliud Kibuchi, Md Imran Hossain Mithu, Aishwarya Lakshmi Vidyasagaran, Varun Sai, Farzana Manzoor, Robinson Karuga, Abdul Awal, Ivy Chumo, Vinodkumar Rao, Blessing Mberu, John David Smith, Samuel Saidu, Rachel Tolhurst, Sumit Mazumdar, Laura Roșu, Surekha Garimella, Helen Elsey",The economics of healthcare access: a scoping review on the economic impact of healthcare access for vulnerable urban populations in low- and middle-income countries,2022,International Journal for Equity in Health,BioMed Central,https://doi.org/10.1186/s12939-022-01804-3,,300,2026-05-27 20:41:01,review,10.1186/s12939-022-01804-3,1475-9276,,21,1,191,191,59,14.75,6,21,4,"BACKGROUND: The growing urban population imposes additional challenges for health systems in low- and middle-income countries (LMICs). We explored the economic burden and inequities in healthcare utilisation across slum, non-slum and levels of wealth among urban residents in LMICs. METHODS: This scoping review presents a narrative synthesis and descriptive analysis of studies conducted in urban areas of LMICs. We categorised studies as conducted only in slums, city-wide studies with measures of wealth and conducted in both slums and non-slums settlements. We estimated the mean costs of accessing healthcare, the incidence of catastrophic health expenditures (CHE) and the progressiveness and equity of health expenditures. The definitions of slums used in the studies were mapped against the 2018 UN-Habitat definition. We developed an evidence map to identify research gaps on the economics of healthcare access in LMICs. RESULTS: We identified 64 studies for inclusion, the majority of which were from South-East Asia (59%) and classified as city-wide (58%). We found severe economic burden across health conditions, wealth quintiles and study types. Compared with city-wide studies, slum studies reported higher direct costs of accessing health care for acute conditions and lower costs for chronic and unspecified health conditions. Healthcare expenditures for chronic conditions were highest amongst the richest wealth quintiles for slum studies and more equally distributed across all wealth quintiles for city-wide studies. The incidence of CHE was similar across all wealth quintiles in slum studies and concentrated among the poorest residents in city-wide studies. None of the definitions of slums used covered all characteristics proposed by UN-Habitat. The evidence map showed that city-wide studies, studies conducted in India and studies on unspecified health conditions dominated the current evidence on the economics of healthcare access. Most of the evidence was classified as poor quality. CONCLUSIONS: Our findings indicated that city-wide and slums residents have different expenditure patterns when accessing healthcare. Financial protection schemes must consider the complexity of healthcare provision in the urban context. Further research is needed to understand the causes of inequities in healthcare expenditure in rapidly expanding and evolving cities in LMICs.",https://equityhealthj.biomedcentral.com/counter/pdf/10.1186/s12939-022-01804-3,
58,"Kelsea A. Schumacher, Amanda L. Forster","Textiles in a circular economy: An assessment of the current landscape, challenges, and opportunities in the United States",2022,Frontiers in Sustainability,Frontiers Media,https://doi.org/10.3389/frsus.2022.1038323,,306,2026-05-27 20:41:01,article,10.3389/frsus.2022.1038323,2673-4524,,3,,,,58,14.50,29,2,4,"The production and consumption of textile products traditionally follows a largely linear (take, make, use, discard) economic model. Textiles are currently being produced in greater volumes than ever before, even after accounting for population growth, and unwanted products are discarded in mass quantities, most of which ends up in landfills or incinerated. This model causes serious social and environmental impacts and, thus, a transition to a more circular economic model – where materials and products are kept within the economy through reuse, repair, and recycling – is necessary. However, many challenges face a circular economy (CE) for textiles. Herein we discuss challenges and opportunities with the current textiles recovery system in the United States and outline activities and resources necessary to facilitate the transition to a CE in the U.S. Specifically, we describe the overarching need for collaboration, system harmonization, and data and information exchange. We further outline necessary actions in terms of standards development, labeling advancements, design characteristics, alternative business models for brands and retailers, end market development for recyclers, community engagement and educational programs, research and development, and the role of policy and regulation.",https://www.frontiersin.org/articles/10.3389/frsus.2022.1038323/pdf,
53,"Alyssa S. Thomas, Francisco J. Escobedo, Matthew R. Sloggy, José J. Sánchez",A burning issue: Reviewing the socio-demographic and environmental justice aspects of the wildfire literature,2022,PLoS ONE,Public Library of Science,https://doi.org/10.1371/journal.pone.0271019,,350,2026-05-27 20:41:01,review,10.1371/journal.pone.0271019,1932-6203,,17,7,,,53,13.25,13,4,4,"Larger and more severe wildfires are becoming more frequent and impacting different communities and human settlements. Much of the scientific literature and media on wildfires has focused on area of ecosystems burned and numbers of structures destroyed. Equally unprecedented, but often less reported, are the increasing socioeconomic impacts different people and communities face from wildfires. Such information seems to indicate an emerging need to account for wildfire effects on peri-urban or wildland urban interface (WUI) areas, newer socio-demographic groups, and disadvantaged communities. To address this, we reviewed the socio-demographic dimensions of the wildfire literature using an environmental justice (EJ) lens. Specifically using a literature review of wildfires, human communities, social vulnerability, and homeowner mitigation, we conducted bibliometric and statistical analyses of 299 publications. The majority of publications were from the United States, followed by Canada and Australia, and most dealt with homeowner mitigation of risk, defensible space, and fuel treatments in WUI areas. Most publications studied the direct effects of wildfire related damage. Secondary impacts such as smoke, rural and urban communities, and the role of poverty and language were less studied. Based on a proposed wildfire-relevant EJ definition, the first EJ publication was in 2004, but the term was first used as a keyword in 2018. Studies in WUI communities statistically decreased the likelihood that a publication was EJ relevant. There was a significant relationship between EJ designation and inclusion of race/ethnicity and poverty variables in the study. Complexity across the various definitions of EJ suggest that it should not be used as a quantitative or binary metric; but as a lens to better understand socio-ecological impacts to diverse communities. We present a wildfire-relevant definition to potentially guide policy formulation and account for social and environmental justice issues.",https://doi.org/10.1371/journal.pone.0271019,
50,"Hongryol Cha, Masaaki Kotabe, Jie Wu",Reshaping Internationalization Strategy and Control for Global E-Commerce and Digital Transactions: A Hayekian Perspective,2022,Management International Review,Springer Science+Business Media,https://doi.org/10.1007/s11575-022-00494-x,,388,2026-05-27 20:41:01,article,10.1007/s11575-022-00494-x,0938-8249,,63,1,161,192,50,12.50,17,3,4,"Abstract As the sharing economy has grown rapidly and replaced the traditional businesses, new rules and norms for data and digital trade have emerged divergently in many countries. Such divergence in global e-commerce policies may be a major barrier to the internationalization of the sharing economy business. This paper aims to develop an internationalization theory that addresses how the sharing economy firms can internationalize under the condition of the divergence of global e-commerce policies. Drawing on Hayek’s knowledge economy approach, we build a new internationalization theory for the sharing economy firms that facilitate autonomously self-organized business ecosystems and adapt to the lack of harmonized rules and norms for the sharing economy. We first theorize on the attributes of the digital platform-based transactions for the internationalization of the sharing economy firms and then provide some insights into the current international debates of e-commerce policies. Our theory offers two main insights: (1) the competitive advantages of the sharing economy firms stem mainly from digital platform algorithms to catalyze digital platform-based transactions between autonomous actors; (2) the divergence of global e-commerce policies and different internet regimes in different countries may affect the internationalization of business models based on such digital platform-based transactions.",https://link.springer.com/content/pdf/10.1007/s11575-022-00494-x.pdf,
48,"Xinwei Ma, Yurui Yin, Yuchuan Jin, Mingjia He, Minqing Zhu",Short-Term Prediction of Bike-Sharing Demand Using Multi-Source Data: A Spatial-Temporal Graph Attentional LSTM Approach,2022,Applied Sciences,Multidisciplinary Digital Publishing Institute,https://doi.org/10.3390/app12031161,,407,2026-05-27 20:41:01,article,10.3390/app12031161,2076-3417,,12,3,1161,1161,48,12.00,10,5,4,"As a convenient, economical, and eco-friendly travel mode, bike-sharing greatly improved urban mobility. However, it is often very difficult to achieve a balanced utilization of shared bikes due to the asymmetric spatio-temporal user demand distribution and the insufficient numbers of shared bikes, docks, or parking areas. If we can predict the short-run bike-sharing demand, it will help operating agencies rebalance bike-sharing systems in a timely and efficient way. Compared to the statistical methods, deep learning methods can automatically learn the relationship between the inputs and outputs, requiring less assumptions and achieving higher accuracy. This study proposes a Spatial-Temporal Graph Attentional Long Short-Term Memory (STGA-LSTM) neural network framework to predict short-run bike-sharing demand at a station level using multi-source data sets. These data sets include historical bike-sharing trip data, historical weather data, users’ personal information, and land-use data. The proposed model can extract spatio-temporal information of bike-sharing systems and predict the short-term bike-sharing rental and return demand. We use a Graph Convolutional Network (GCN) to mine spatial information and adopt a Long Short-Term Memory (LSTM) network to mine temporal information. The attention mechanism is focused on both temporal and spatial dimensions to enhance the ability of learning temporal information in LSTM and spatial information in GCN. Results indicate that the proposed model is the most accurate compared with several baseline models, the attention mechanism can help improve the model performance, and models that include exogenous variables perform better than the models that only consider historical trip data. The proposed short-term prediction model can be used to help bike-sharing users better choose routes and to help operators implement dynamic redistribution strategies.",https://www.mdpi.com/2076-3417/12/3/1161/pdf?version=1643120141,
46,"David Nigenda, Zohar Karnin, Muhammad Bilal Zafar, Raghu Ramesha, Alan Tan, Michele Donini, Krishnaram Kenthapadi",Amazon SageMaker Model Monitor: A System for Real-Time Insights into Deployed Machine Learning Models,2022,Proceedings of the 28th ACM SIGKDD Conference on Knowledge Discovery and Data Mining,,https://doi.org/10.1145/3534678.3539145,,427,2026-05-27 20:41:01,article,10.1145/3534678.3539145,,,,,3671,3681,46,11.50,7,7,4,"With the increasing adoption of machine learning (ML) models and systems in high-stakes settings across different industries, guaranteeing a model's performance after deployment has become crucial. Monitoring models in production is a critical aspect of ensuring their continued performance and reliability. We present Amazon SageMaker Model Monitor, a fully managed service that continuously monitors the quality of machine learning models hosted on Amazon SageMaker. Our system automatically detects data, concept, bias, and feature attribution drift in models in real-time and provides alerts so that model owners can take corrective actions and thereby maintain high quality models. We describe the key requirements obtained from customers, system design and architecture, and methodology for detecting different types of drift. Further, we provide quantitative evaluations followed by use cases, insights, and lessons learned from more than two years of production deployment.",https://dl.acm.org/doi/pdf/10.1145/3534678.3539145,
45,"Jennifer Robinson, Fulong Wu, Phil Harrison, Zheng Wang, Alison Todes, Romain Dittgen, Katia Attuyer","Beyond variegation: The territorialisation of states, communities and developers in large-scale developments in Johannesburg, Shanghai and London",2022,Urban Studies,SAGE Publishing,https://doi.org/10.1177/00420980211064159,,441,2026-05-27 20:41:01,article,10.1177/00420980211064159,0042-0980,,59,8,1715,1740,45,11.25,6,7,4,"Large-scale urban development projects are a significant format of urban expansion and renewal across the globe. As generators of governance innovation and indicators of the future city in each urban context, large-scale development projects have been interpreted within frameworks of ‘variegations’ of wider circulating processes, such as neoliberalisation or financialisation. However, such projects often entail significant state support and investment, are strongly linked to a wide variety of transnational investors and developers and are frequently highly contested in their local environments. Thus, each project comes to fruition in a distinctive regulatory context, often as an exception to the norm, and each emerges through complex interactions over a long period of time amongst an array of actors. We therefore seek to broaden the discussion from an analytical focus on variegated globalised processes to consider three large-scale urban development projects (in Shanghai, Johannesburg and London) as distinctive (transcalar) territorialisations. Using an innovative comparative approach, we outline the grounds for a systematic analytical conversation across mega-urban development projects in very different contexts. Initially, comparability rests on the shared features of large-scale developments – that they are multi-jurisdictional, involve long time scales and bring significant financing challenges. Comparing three development projects, we are able to interrogate, rather than take for granted, how a range of wider processes, circulating practices, transcalar actors and territorial regulatory formations composed specific urban outcomes in each case. Thinking across these diverse cases provides grounds for rebuilding understandings of urban development politics.",https://journals.sagepub.com/doi/pdf/10.1177/00420980211064159,
42,Jelke R. Bosma,"Platformed professionalization: Labor, assets, and earning a livelihood through Airbnb",2022,Environment and Planning A Economy and Space,SAGE Publishing,https://doi.org/10.1177/0308518x211063492,,484,2026-05-27 20:41:01,article,10.1177/0308518x211063492,0308-518X,,54,4,595,610,42,10.50,42,1,4,"This paper analyses processes of professionalization on Airbnb in Berlin, exploring who is able to take part most successfully in urban value creation processes facilitated by short-term rental platforms. In doing so, it intervenes in debates on platform urbanism that focus on the role of digital platforms in reconfiguring urban governance and livelihoods. Combining a political economic approach and affordance theory, I conceptualize professionalization as a particular platform logic that benefits Airbnb and hosts who are able to take part, while reinforcing existing inequalities. Drawing on eight months of fieldwork in Berlin, I show how these professionalization practices differentially affect the strategies and practices of hosts, offering benefits to some while worsening the position of others who are unable or unwilling to professionalize. As such, professionalization processes produce inequalities and power asymmetries both on and off the platform, between hosts as well as between the platform owner and platform users. In a context where a growing number of city-dwellers rely on platforms to generate their livelihoods, such power shifts resulting from platform dynamics have a significant impact on who is able to benefit from platformization and thrive in a platform society.",https://doi.org/10.1177/0308518x211063492,
40,"Jelke R. Bosma, Niels van Doorn",The Gentrification of Airbnb: Closing Rent Gaps Through the Professionalization of Hosting,2022,Space and Culture,SAGE Publishing,https://doi.org/10.1177/12063312221090606,,512,2026-05-27 20:41:01,article,10.1177/12063312221090606,1206-3312,,27,1,31,47,40,10.00,20,2,4,"In this article, we argue that it is analytically productive to think about the professionalization of hosting on Airbnb in terms of (commercial) gentrification. More precisely, we believe that rent gap theory is helpful to advance our understanding of why and how professionalized hosting has become an increasingly salient phenomenon and for centering the active role of Airbnb as a platform operator. We develop the notion of platform-scale rent gaps to explain the economic logic that drives Airbnb to professionalize its hosts and gentrify its platform. We then discuss Airbnb’s professionalization programs and tools, showing how some of its most substantial resources primarily cater to large-scale property managers who, like Airbnb itself, seek to identify and close rent gaps on the platform. This consequently creates the conditions for uneven business development opportunities among hosts, which we illustrate by focusing on how two different types of hosts have sought to professionalize their business in Berlin. Finally, we conclude by speculating on the relationship between the gentrification of the Airbnb platform and urban gentrification.",https://doi.org/10.1177/12063312221090606,
39,"Hameeda A. AlMalki, Christopher Durugbo",Systematic review of institutional innovation literature: towards a multi-level management model,2022,Management Review Quarterly,Springer Science+Business Media,https://doi.org/10.1007/s11301-022-00259-8,,522,2026-05-27 20:41:01,article,10.1007/s11301-022-00259-8,2198-1620,,73,2,731,785,39,9.75,20,2,4,"Institutional innovation creates smart institutions that idiosyncratically thrive in a world of exponential change. Through policy-driven interventions and experiential learning, managers of institutions become adept at delivering praxis-and crisisdriven innovations required for survival and success. Similarly, the management of institutional innovation remains an interest in research due to links of this form of innovation to economic growth, and the demands of on-going major socioeconomic transformations due to technological advances, increased occurrences of major crises, and emerging socioeconomic challenges. Accordingly, a key question arising from the literature concerns the range of determinants and priorities that influence institutional innovation for delivering society value. Thus, the onus is on scholarship to capture and advance knowledge for harnessing the potency of institutional innovation. The purpose of this article is to analyse the current state of research on institutional innovation. Using the systematic review methodology, we identify and critically appraise 485 peer-reviewed scientific publications between 1969 and 2021. The review finds key determinants and management priorities with a view to developing a multi-level management model of institutional innovation. Guided by insights from the review, the article sets a research agenda for future management studies of institutional innovation.",https://link.springer.com/content/pdf/10.1007/s11301-022-00259-8.pdf,
38,"Hala Bawadi, Zaid Al‐Hamdan, Yousef Khader, Mohammed Aldalaykeh",Barriers to the use of mental health services by Syrian refugees in Jordan: a qualitative study,2022,Eastern Mediterranean Health Journal,World Health Organization,https://doi.org/10.26719/emhj.22.030,,547,2026-05-27 20:41:01,article,10.26719/emhj.22.030,1020-3397,,28,3,197,203,38,9.50,10,4,4,"Background: More than 650 000 Syrian refugees are hosted in Jordan. Refugees are at high risk of mental health problems. Aims: To explore the perspectives of Syrian refugees and their host communities and community leaders in Jordan on barriers and facilitators to the use of mental health services by Syrian refugees. Methods: A qualitative descriptive design was used to collect data through individual, semistructured interviews conducted between May and December 2019 in Jordan. A purposive sample was recruited from different sites. Results: Twenty-four individual interviews were conducted: 16 for the clients and 8 for the community leaders. Three themes emerged as barriers to accessing mental health services: (1) lack of awareness of mental illness and available services; (2) availability, accessibility and affordability of mental health services; and (3) stigma and social discrimination. Findings show that respondents had low mental health literacy levels. Conclusion: Policy-makers, care providers and decision-makers should take the findings of this study into consideration by facilitating the use of mental health services through awareness-raising about mental illness and the provision of services at primary health care centres. Making the service available near to the people who require it and incorporating mental health services into a broad-based community environment such as schools, primary health centres, or case management system are recommended as a common strategy that could help address refugee needs.",https://doi.org/10.26719/emhj.22.030,
36,"Robert Wade, Geraint Ellis","Reclaiming the Windy Commons: Landownership, Wind Rights, and the Assetization of Renewable Resources",2022,Energies,Multidisciplinary Digital Publishing Institute,https://doi.org/10.3390/en15103744,,582,2026-05-27 20:41:01,article,10.3390/en15103744,1996-1073,,15,10,3744,3744,36,9.00,18,2,4,"The ‘second phase’ of the energy transition involves large-scale rollout of renewables, raising wider questions about arrangements for the management and ownership of such resources and how costs and benefits should be distributed. Ideas and practices such as ‘community energy’ and ‘prosumption’ capture the potential for more decentralised systems of ownership and control inherent in renewable energy technologies. However, until now, ownership and control of the key biophysical resources (e.g., wind, wave, solar, geothermal) underpinning the transition have received surprisingly little attention, given the potential for wealth creation and issues of justice that underpin their use. This paper explores this issue using the idea of ‘wind rights’, which highlights the numerous social actors who have rights or claims to use and benefit from wind resources. Key among these are landowners who are silently enclosing the ‘windy commons’ to extract ‘wind rents’ from monopoly property rights. This has profound (but undertheorised) distributive and structural ramifications for the energy transition. Despite this, and with some recent notable exceptions, much energy transition research in social science and humanities portrays landowners as taken-for-granted, apolitical, and sometimes marginal (ised) stakeholders. Combining a Marxist, class-based approach to landownership and wind rent with Ostromian institutional analysis, this paper reviews and expands the (predominantly legal) literature on wind rights. This deepens the understanding of the concept of ‘wind rights’, highlighting that in many instances wind resources are de facto privatised/enclosed via ‘proxy wind rights’ for landowners. We also indicate some alternative wind rights configurations, including nationally and commonly managed wind resources. This analysis leads to a consideration of the potential long-term benefits of alternative socially orientated property rights arrangements, including community wind rights or nationalisation of the wind resource. These social wind rights arrangements could play a key role in securing a more just and widely supported transition.",https://www.mdpi.com/1996-1073/15/10/3744/pdf?version=1653044613,
36,"Florian Hofmann, Dodo zu Knyphausen‐Aufseß",Circular business model experimentation capabilities—A case study approach,2022,Business Strategy and the Environment,Wiley,https://doi.org/10.1002/bse.3038,,588,2026-05-27 20:41:01,article,10.1002/bse.3038,0964-4733,,31,5,2469,2488,36,9.00,18,2,4,"Abstract Real‐world experiments are best suited for testing and validating novel circular business models (CBMs). Despite the increasing prominence of experimentation in CBM research, there is a lack of investigations on how firms manage and organize CBM experiments. This study aims to fill this research gap by examining the organizational capabilities needed to orchestrate CBM experiments, beyond prototyping, piloting, iterating, and scaling up. Drawing on a systematic within‐ and cross‐case analysis with two fundamentally different firms that nevertheless share the same objective—the dynamic stabilization of a long‐term viable CBM—we offer a new perspective on the management and organization of CBM experiments. The study shows how the investigated firms have developed three CBM experimentation capabilities over time, which can be disaggregated into (1) contextualizing, (2) dynamic co‐structuring, and (3) governing intangible assets. Moreover, the findings provide further theoretical directions for CBM experiments and identify gaps for future research.",https://onlinelibrary.wiley.com/doi/pdfdirect/10.1002/bse.3038,
34,"Vikash Kumar Saini, Anita Seervi, Rajesh Kumar, A. Sujil, M. A. Mahmud, Ameena Saad Al‐Sumaiti",Cloud Energy Storage Based Embedded Battery Technology Architecture for Residential Users Cost Minimization,2022,IEEE Access,Institute of Electrical and Electronics Engineers,https://doi.org/10.1109/access.2022.3168599,,628,2026-05-27 20:41:01,article,10.1109/access.2022.3168599,2169-3536,,10,,43685,43702,34,8.50,6,6,4,"This paper presents a cloud energy storage (CES) architecture for reducing energy costs for residential microgrid users. The former of this article concentrates on identifying an appropriate battery technology from various battery technologies with the aid of a simulation study. The later part addresses the economic feasibility of the storage architecture with three different scenarios namely grid connected energy storage, distributed energy storage (DES) and CES. The performance of the proposed architecture has been evaluated by considering five residential users with suitable battery technology identified from the former part of the study. For the purpose of the analysis, PV and load profiles including seasonal effects and grid price were taken from IIT Mumbai, India and IEX portal, respectively. In addition, this article also examines the impact of increased number of users with CES. The value of this study is that the proposed CES architecture is capable of reducing the cost of electricity experienced by the user by 11.37% as compared to DES. With this, CES operator’s revenue can be increased by 6.70% in summer and 16.97% in winter in the case of fixed number of users. Finally, based on the analysis and simulation results, this paper recommends CES with Li-ion battery technology for residential application.",https://ieeexplore.ieee.org/ielx7/6287639/9668973/09759436.pdf,
33,"Peter Lee, Heepyung Kim, M. Sami Zitouni, Ahsan H. Khandoker, Herbert F. Jelinek, Leontios J. Hadjileontiadis, Uichin Lee, Yong Jeong",Trends in Smart Helmets With Multimodal Sensing for Health and Safety: Scoping Review,2022,JMIR mhealth and uhealth,JMIR Publications,https://doi.org/10.2196/40797,,654,2026-05-27 20:41:01,article,10.2196/40797,2291-5222,,10,11,,,33,8.25,4,8,4,"BACKGROUND: As a form of the Internet of Things (IoT)-gateways, a smart helmet is one of the core devices that offers distinct functionalities. The development of smart helmets connected to IoT infrastructure helps promote connected health and safety in various fields. In this regard, we present a comprehensive analysis of smart helmet technology and its main characteristics and applications for health and safety. OBJECTIVE: This paper reviews the trends in smart helmet technology and provides an overview of the current and future potential deployments of such technology, the development of smart helmets for continuous monitoring of the health status of users, and the surrounding environmental conditions. The research questions were as follows: What are the main purposes and domains of smart helmets for health and safety? How have researchers realized key features and with what types of sensors? METHODS: We selected studies cited in electronic databases such as Google Scholar, Web of Science, ScienceDirect, and EBSCO on smart helmets through a keyword search from January 2010 to December 2021. In total, 1268 papers were identified (Web of Science: 87/1268, 6.86%; EBSCO: 149/1268, 11.75%; ScienceDirect: 248/1268, 19.55%; and Google Scholar: 784/1268, 61.82%), and the number of final studies included after PRISMA (Preferred Reporting Items for Systematic Reviews and Meta-Analyses) study selection was 57. We also performed a self-assessment of the reviewed articles to determine the quality of the paper. The scoring was based on five criteria: test environment, prototype quality, feasibility test, sensor calibration, and versatility. RESULTS: Smart helmet research has been considered in industry, sports, first responder, and health tracking scenarios for health and safety purposes. Among 57 studies, most studies with prototype development were industrial applications (18/57, 32%), and the 2 most frequent studies including simulation were industry (23/57, 40%) and sports (23/57, 40%) applications. From our assessment-scoring result, studies tended to focus on sensor calibration results (2.3 out of 3), while the lowest part was a feasibility test (1.6 out of 3). Further classification of the purpose of smart helmets yielded 4 major categories, including activity, physiological and environmental (hazard) risk sensing, as well as risk event alerting. CONCLUSIONS: A summary of existing smart helmet systems is presented with a review of the sensor features used in the prototyping demonstrations. Overall, we aimed to explore new possibilities by examining the latest research, sensor technologies, and application platform perspectives for smart helmets as promising wearable devices. The barriers to users, challenges in the development of smart helmets, and future opportunities for health and safety applications are also discussed. In conclusion, this paper presents the current status of smart helmet technology, main issues, and prospects for future smart helmet with the objective of making the smart helmet concept a reality.",https://mhealth.jmir.org/2022/11/e40797/PDF,
33,"Morteza Alizadeh, Karl Andersson, Olov Schelén",Comparative Analysis of Decentralized Identity Approaches,2022,IEEE Access,Institute of Electrical and Electronics Engineers,https://doi.org/10.1109/access.2022.3202553,,655,2026-05-27 20:41:01,article,10.1109/access.2022.3202553,2169-3536,,10,,92273,92283,33,8.25,11,3,4,"Decentralization is essential when trust and performance must not depend on a single organization. Distributed Ledger Technologies (DLTs) and Decentralized Hash Tables (DHTs) are examples where the DLT is useful for transactional events, and the DHT is useful for large-scale data storage. The combination of these two technologies can meet many challenges. The blockchain is a DLT with immutable history protected by cryptographic signatures in data blocks. Identification is an essential issue traditionally provided by centralized trust anchors. Self-sovereign identities (SSIs) are proposed decentralized models where users can control and manage their identities with the help of DHT. However, slowness is a challenge among decentralized identification systems because of many connections and requests among participants. In this article, we focus on decentralized identification by DLT and DHT, where users can control their information and store biometrics. We survey some existing alternatives and address the performance challenge by comparing different decentralized identification technologies based on execution time and throughput. We show that the DHT and machine learning model (BioIPFS) performs better than other solutions such as uPort, ShoCard, and BBID.",https://ieeexplore.ieee.org/ielx7/6287639/6514899/09869618.pdf,
33,"Chiara Garau, Giulia Desogus, Benedetto Barabino, Mauro Coni",Accessibility and Public Transport Mobility for a Smart(er) Island: Evidence from Sardinia (Italy),2022,Sustainable Cities and Society,Elsevier BV,https://doi.org/10.1016/j.scs.2022.104145,,658,2026-05-27 20:41:01,article,10.1016/j.scs.2022.104145,2210-6707,,87,,104145,104145,33,8.25,8,4,4,"The purpose of this paper is to highlight the critical aspects of islands context transportation accessibility by suggesting a more innovative, safer, and more sustainable framework for public transport service (PTS) and place-based organisation, as well as by integrating the latest tendencies in mobility. Specifically, this research focuses on multimodal integration models for PTS that consider the existing infrastructure system and the socioeconomic issues typical of an island environment. This topic has received inadequate consideration in the scientific literature on islands. To achieve these aims, an analytical-numerical approach is adopted. Starting from initial origin-destination matrices (O/D) surveyed by the National Institute of Statistics (ISTAT), a methodology was implemented to compute the geographical distribution of trips, and thereafter, the values distributed over the whole region were interpolated by Surfer software with the Kriging method. This methodology was applied to the Sardinia case study particularly emblematic because it has seen a tremendous transition over the previous decades, resulting in a massive socio-economic gap between inland and coastal areas, that led to an increase in private vehicles for transportation purposes, primarily for business and pleasure. The application, replicable in other islands that have highlighted the same socio-economic problems linked to poor mobility planning, shows an accessible spatial planning approach, combining PTS and rental for driver services, by considering the principles and issues of island contexts. This research gives an important scientific contribution by emphasising the quality of transport infrastructures, place-based organisation, population distribution, and physical configuration of the Insular Region, as well as by considering the most pressing issues of island contexts. Findings could help island governments in revising their policy and practice of transport, accordingly.",https://doi.org/science/article/pii/S2210670722004589,
33,"Matteo della Mura, Serena Failla, Nicolò Gori, Alfonso Micucci, Filippo Paganelli","E-Scooter Presence in Urban Areas: Are Consistent Rules, Paying Attention and Smooth Infrastructure Enough for Safety?",2022,Sustainability,Multidisciplinary Digital Publishing Institute,https://doi.org/10.3390/su142114303,,662,2026-05-27 20:41:01,article,10.3390/su142114303,2071-1050,,14,21,14303,14303,33,8.25,7,5,4,"Electric micromobility represents a sustainable mobility option for specific classes of users and distance thresholds. Had this mobility solution been integrated into a comprehensive mobility framework from the beginning, it would have expanded the coverage and accessibility of urban transit services. Instead, slow and incoherent regulation has established a contrast between enthusiastic users (who consider electric micromobility vehicles “fun” and “easy to use”) and recalcitrant public opinion (wherein electric micromobility vehicles are deemed “unsafe” and “dangerous”). Beyond the few attempts made by transport experts to assess the capability of e-scooters to become a sound mobility option (through mobility surveys, pattern analysis, fleet and routing problems), safety and infrastructure design should be developed in a consistent way in order to guarantee a balanced transport setting. With respect to this challenge, a methodology framework is proposed to address the increasing proliferation of micromobility in the context of a coherent transport system. Special attention is devoted to those aspects that have received less attention from the scientific community, namely infrastructure and safe interactions at intersections. The similarities and differences between e-scooters and bikes, chosen in this study as the representative of traditional soft mobility modes, have been taken into consideration. To support the proposed approach, tests investigating e-scooter performance and the perception of both the modes at safety-critical nodes (such as intersections) under different conditions are presented, and the methodology can be applied to a variety of urban scales. The results can be adopted by local authorities, transport companies and e-mobility providers to optimize infrastructure and increase the number and quality of available mobility options.",https://www.mdpi.com/2071-1050/14/21/14303/pdf?version=1667544039,
32,"Jiao Zhang, Qian Wang, Yiping Xia, Katsunori Furuya",Knowledge Map of Spatial Planning and Sustainable Development: A Visual Analysis Using CiteSpace,2022,Land,Multidisciplinary Digital Publishing Institute,https://doi.org/10.3390/land11030331,,682,2026-05-27 20:41:01,article,10.3390/land11030331,2073-445X,,11,3,331,331,32,8.00,8,4,4,"Spatial planning has become an important measure for countries and regions to promote sustainable development. However, there remains a lack of systematic and quantitative research on spatial planning worldwide. In this study, CiteSpace was used to perform bibliometric analysis and visualization research on the Web of Science core collection and China National Knowledge Infrastructure database. It was found that: (1) The number of papers published in global spatial planning research shows an increasing trend, especially after 2018, with China showing an obvious increasing trend. (2) Globally, the United States has the largest number of relevant research results, and Italy has the most cooperation with other countries. The highest research output is from developed countries, while that of developing countries is relatively weak. (3) There is some intersection among countries, disciplines, and authors but it is not strong, indicating that cooperation should be strengthened. (4) Through keyword cluster, timeline, and time zone analysis, global development can be roughly divided into three stages: the first stage is characterized by the study of spatial planning system theory, the second stage is characterized by building green infrastructure and providing ecological services, and the third stage is characterized by an emphasis on public participation and the establishment of justice mechanisms. China’s development corresponds to three stages: the theory and experience learning stage, the spatial planning system focused on economic development stage, and the integration of multiple plans and the sustainable development exploration stage. (5) There are differences in burst words between the world and China, indicating that there are great differences in research hotspots in different countries’ periods and conditions.",https://www.mdpi.com/2073-445X/11/3/331/pdf?version=1645693457,
32,Jing Zeng,Orchestrating ecosystem resources in a different country: Understanding the integrative capabilities of sharing economy platform multinational corporations,2022,Journal of World Business,Elsevier BV,https://doi.org/10.1016/j.jwb.2022.101347,,689,2026-05-27 20:41:01,article,10.1016/j.jwb.2022.101347,1090-9516,,57,6,101347,101347,32,8.00,32,1,4,"This paper investigates how sharing economy platform multinational corporations (SEP-MNCs) orchestrate ecosystem resources to drive sustainable growth in a different country, through a dynamic capability perspective. Based on a multiple-case design, we offer a process perspective that identifies three sets of distinct integrative capabilities that come to the fore at different stages of the SEP-MNC's ecosystem development in a different country. By arguing that dynamic capabilities need to be co-created, we posit that, ultimately, the platform ecosystem value creation requires collective engagements of both internal and external resources of the platform ecosystem in building and preserving the collaborative action that amplified their individual resources to identify new and novel opportunities. We therefore re-conceptualizing dynamic capabilities of SEP-MNCs resides at the ecosystem level where the capabilities become an emergent and highly integrated property, with recurrent patterns that only become apparent from continuous interactions with their ecosystem partners. We also contribute to the IB literature by offering a holistic view that infuses dynamic capabilities with the themes of interdependence, sub-national network coordination, and data intelligence; themes that are yet to be fully incorporated into IB scholarship.",https://doi.org/10.1016/j.jwb.2022.101347,
30,"Waleed Albattah, Shabana Habib, Mohammed F. Alsharekh, Muhammad Islam, Saleh Albahli, Deshinta Arrova Dewi","An Overview of the Current Challenges, Trends, and Protocols in the Field of Vehicular Communication",2022,Electronics,Multidisciplinary Digital Publishing Institute,https://doi.org/10.3390/electronics11213581,,738,2026-05-27 20:41:01,article,10.3390/electronics11213581,2079-9292,,11,21,3581,3581,30,7.50,5,6,4,"Intelligent transportation systems (ITS) provides a safe and reliable means of transferring data between vehicles. The document describes the transmission systems, protocols, networks, taxonomy, and applications of Intelligent Systems. Detailed analysis of the existing transmission flow systems is required, including classification, standards, coverage, applications, as well as their advantages and disadvantages. The adaptability of transmission networks, such as ad hoc, hybrid, mobile ad hoc networks (MANET), and Vehicular ad hoc networks (VANETs), has a significant advantage. Described protocols for a variety of communication types, including routing techniques, platforms, structures, and the use of information areas as well. The use of intelligent technology can determine reliable, comfortable, safe, and trustworthy vehicular communication. This paper analyzes the current vehicular communication (VC) research flow and their deployments with indicated areas where further development is necessary. This paper examines how emerging technologies in the upcoming markets will enable the development of high-featured VC technologies. The challenges of improving upon existing VC systems in the development of future systems are discussed in this paper, including medium selection, link and service quality, security, channel characteristics, and mobility. The purpose of this study is to identify the need for the development of improved VC technologies, networks, and protocols for a wide range of applications in the future.",https://www.mdpi.com/2079-9292/11/21/3581/pdf?version=1667391310,
30,Matthew T. Sharp,"Revisiting digital inclusion: A survey of theory, measurement and recent research",2022,,,https://doi.org/10.35489/bsg-dp-wp_2022/04,,746,2026-05-27 20:41:01,report,10.35489/bsg-dp-wp_2022/04,,,,,,,30,7.50,30,1,4,"Focusing on the internet as a foundational technology, this paper begins by summarising recent developments in digital inclusion theory, particularly as this relates to developing countries. It sets out a framework of core components of digital inclusion - including ac-cess/use, quality of access/use, affordability, and digital skills - and briefly considers policy implications. The paper then surveys the ways these components are currently measured in household and firm surveys and by international organisations, highlighting some of the often-overlooked weaknesses of current measures, and suggesting possible improvements. The paper also reflects on potential applications of (and risks associated with) new ways of measuring digital inclusion using big data. Lastly, building on the framework developed, the paper reviews the empirical literature on ‘digital divides’ in developing countries, and makes suggestions for how future research could become more rigorous and useful.",https://doi.org/10.35489/bsg-dp-wp_2022/04,
30,"Anniina Saari, Seppo Junnila, Jussi Vimpari",Blockchain’s Grand Promise for the Real Estate Sector: A Systematic Review,2022,Applied Sciences,Multidisciplinary Digital Publishing Institute,https://doi.org/10.3390/app122311940,,753,2026-05-27 20:41:01,review,10.3390/app122311940,2076-3417,,12,23,11940,11940,30,7.50,10,3,4,"In recent years, blockchain technology has received increasing attention in the real estate literature. Moreover, recent evidence suggests that blockchains could provide some added benefits for the real estate sector even in the current hybrid settings, where blockchain is usually just an add-on to existing systems. This research provides an up-to-date and systematic understanding of blockchain’s theoretical potential, pros, and cons for the real estate sector. The research aims to understand why and where to apply blockchain in real estate by conducting a systematic review that identified 296 relevant documents and performed a thematic content analysis. The identified blockchain adoption proposals were classified using standardized real estate vocabulary. Most of the literature focused on blockchain possibilities within land administration, followed by property transactions, real estate investment, leasing and renting, and real estate administration. However, real estate development and real estate maintenance did not appear as attractive real estate subsectors for blockchain. This paper provides a detailed analysis of blockchain technology’s possibilities for each real estate subsector, i.e., blockchain merits, and discusses the pros and cons. Last, this review provides suggestions for future research directions.",https://www.mdpi.com/2076-3417/12/23/11940/pdf?version=1669200021,
30,"Mahendra Singh, Jiao Jiao, Marian Klobasa, Rainer Frietsch",Servitization of Energy Sector: Emerging Service Business Models and Startup’s Participation,2022,Energies,Multidisciplinary Digital Publishing Institute,https://doi.org/10.3390/en15072705,,755,2026-05-27 20:41:01,article,10.3390/en15072705,1996-1073,,15,7,2705,2705,30,7.50,8,4,4,"Changing asset ownership models in the energy sector is spurring established companies and startups to implement customer-centric smart services. In this sense, startups are pioneers of innovative business models, and unbundle the energy value chain to provide various services to final customers. Although service business models have received large attention in the energy sector, the role of startups in service business model innovation (S-BMI) is not fully understood in the literature. To put this into perspective, the proposed work analyzes the six most practiced energy service categories, specifically, Comfort and Heating, Flexibility and Trading, Energy Efficiency and Management, Solar and Microgrid, Charging and Battery, and Energy Software Solutions are taken into account, accompanying service business model archetypes in the energy sector. Data from two different company databases are combined, and a list of 432 startups dealing with energy services are analyzed. The operating revenue, stakeholders, investors, and funding are considered as the main indicators to compare the service categories. The top two categories in terms of the number of startups are Solar and Microgrid (38.1%) alongside Energy Efficiency and Management (20.1%). The analysis suggests that X-as-a-service (XaaS) and platform-based business models are becoming the center-of-attention for investors and shareholders. Digital marketplaces are also evolving in the energy sector. In fact, the current study found that startups associated with XaaS, platforms, and marketplace activities are attracting the majority of investors and funding programs. From a theoretical point of view, the study has provided the main motivations and enablers behind the energy sector servitization. The findings could serve as an initial methodological framework to analyze services in the energy sector, putting service business models and startups into focus.",https://www.mdpi.com/1996-1073/15/7/2705/pdf?version=1649310706,
30,"Victor R. Lee, Daniel R. Pimentel, Rahul Bhargava, Catherine D’Ignazio",Taking data feminism to school: A synthesis and review of pre‐collegiate data science education projects,2022,British Journal of Educational Technology,Wiley,https://doi.org/10.1111/bjet.13251,,757,2026-05-27 20:41:01,article,10.1111/bjet.13251,0007-1013,,53,5,1096,1113,30,7.50,8,4,4,"Abstract As the field of K‐12 data science education continues to take form, humanistic approaches to teaching and learning about data are needed. Data feminism is an approach that draws on feminist scholarship and action to humanize data and contend with the relationships between data and power. In this review paper, we draw on principles from data feminism to review 42 different educational research and design approaches that engage youth with data, many of which are educational technology intensive and bear on future data‐intensive educational technology research and design projects. We describe how the projects engage students with examining power, challenging power, elevating emotion and lived experience, rethinking binaries and hierarchies, embracing pluralism, considering context , and making labour visible . In doing so, we articulate ways that current data education initiatives involve youth in thinking about issues of justice and inclusion. These projects may offer examples of varying complexity for future work to contend with and, ideally, extend in order to further realize data feminism in K‐12 data science education. Practitioner notes What is already known about this topic Data feminism is an emergent framework for changing data practices and discourse in service of equity and justice. Data science education is rapidly growing as a topic of interest in the educational technology research and design communities. Many educational technology and design projects have been launched and shared in publications that preceded the widespread distribution of the data feminism framework. What this paper adds Data feminism is partially re‐articulated in terms familiar to educational technology research communities. Prior and recent projects are organized with respect to how they illustrate potential connections to core data feminism principles. This paper identifies specific strategies that recent projects have used that have potential for realizing data feminism principles. Implications for practice and/or policy Educational technologists can use the re‐articulated principles of data feminism for education to inform their future design work. Tractable steps to achieve data justice that are attainable within existing educational systems can be pursued. Communities can and should bring together multiple ways of knowing to support new educational practices and futures with data.",https://doi.org/10.1111/bjet.13251,
29,"Hyoungsung Kim, Hyun‐Sik Kim, Yong-Suk Park",Perpetual Contract NFT as Collateral for DeFi Composability,2022,IEEE Access,Institute of Electrical and Electronics Engineers,https://doi.org/10.1109/access.2022.3225884,,789,2026-05-27 20:41:01,article,10.1109/access.2022.3225884,2169-3536,,10,,126802,126814,29,7.25,10,3,4,"Decentralized Finance (DeFi) is an emerging financial service model based on blockchain technology. DeFi composability denotes the ability for different DeFi services to interact with one another resulting in new forms of financial services. The DeFi ecosystem is largely based on ERC-20 tokens that can represent the value of an asset. Collateralized assets in DeFi composability are locked and additional profit cannot be generated. In this paper, we propose a method to generate profit from locked assets by using ERC-721 Non-Fungible Tokens (NFTs) and perpetual contracts. NFT represents the rights to a certain asset. A perpetual contract is a futures contract that does not have an expiration date. We propose perpetual contract NFT, a new form of NFT that can be used as collateral, which exploits perpetual futures contracts in the cryptocurrency derivatives market. Collateral needs to be provided to back the value of a perpetual contract. If the perpetual contract is minted as NFT, the resulting NFT represents the rights to the perpetual contract and its collateral. Therefore, the perpetual contact NFT itself can be used as collateral for DeFi composability. A proof-of-concept smart contract and a web application for perpetual contract NFT are provided to demonstrate its functionality. To validate the profitability of the perpetual contract NFT using a real-world scenario, we experiment with the position NFT of Uniswap v3 decentralized exchange. The position NFT is a form of perpetual contract NFT. Specifically, we present validation with three types of pools: stablecoins, stablecoin/wrapped tokens pair, and wrapped tokens.",https://ieeexplore.ieee.org/ielx7/6287639/6514899/09967987.pdf,
28,"Guanyao Li, Xiaofeng Wang, Gunarto Sindoro Njoo, Shuhan Zhong, S.-H. Gary Chan, Chih‐Chieh Hung, Wen-Chih Peng",A Data-Driven Spatial-Temporal Graph Neural Network for Docked Bike Prediction,2022,2022 IEEE 38th International Conference on Data Engineering (ICDE),,https://doi.org/10.1109/icde53745.2022.00058,,801,2026-05-27 20:41:01,article,10.1109/icde53745.2022.00058,,,,,713,726,28,7.00,4,7,4,"Docked bike systems have been widely deployed in many cities around the world. To the service provider, predicting the demand and supply of bikes at any station is crucial to offering the best service quality. The docked bike prediction problem is highly challenging because of the complicated joint spatial-temporal (ST) dependency as bikes are picked up and dropped off, the so-called “flows”, between stations. Prior works often considered the spatial and temporal dependencies separately using sequential network models, and based on locality assumptions. Without sufficiently capturing the joint spatial and temporal features, these approaches are not optimal for attaining the best prediction accuracy. We propose STGNN-DJD, a novel data-driven Spatial-Temporal Graph Neural Network to solve the bike demand and supply prediction problem by unifiedly embedding the Dynamic and Joint ST Dependency in two novel ST graphs. Given station locations and historical rental data on bike flow over the past time slots 0 to <tex xmlns:mml=""http://www.w3.org/1998/Math/MathML"" xmlns:xlink=""http://www.w3.org/1999/xlink"">$t-1$</tex> , we seek to predict online the bike demand and supply at any station at time <tex xmlns:mml=""http://www.w3.org/1998/Math/MathML"" xmlns:xlink=""http://www.w3.org/1999/xlink"">$t$</tex> . To extract joint spatial-temporal dependency, STGNN-DJD employs a graph generator to construct, at the beginning of time <tex xmlns:mml=""http://www.w3.org/1998/Math/MathML"" xmlns:xlink=""http://www.w3.org/1999/xlink"">$t$</tex> , two graphs that embed the flow relationships between stations at various time slots (flow-convoluted graph) and dynamic demand-supply pattern correlation between stations (pattern correlation graph), respectively. Given the two spatial-temporal graphs, STGNN-DJD subsequently employs a graph neural network with novel flow-based and attention-based aggregators to generate embedding of each station for docked bike prediction. We have conducted extensive experiments on two large bike-sharing datasets. Our re-sults confirm the effectiveness of STGNN-DJD as compared with other state-of-the-art approaches, with significant improvement on RMSE and MAE (by 20%-50%). We also provide a case study on dynamic dependencies between stations and demonstrate that the locality assumption does not always hold for a docked bike system.",https://repository.hkust.edu.hk/ir/bitstream/1783.1-118185/1/043210_1.pdf,
28,"Alexander Lennart Schmidt, Peter van der Sijde",Disruption by design? Classification framework for the archetypes of disruptive business models,2022,R and D Management,Wiley,https://doi.org/10.1111/radm.12530,,812,2026-05-27 20:41:01,article,10.1111/radm.12530,0033-6807,,52,5,893,929,28,7.00,14,2,4,"The current scholarly debates highlight the role of business models for understanding the dynamics inherent to disruptive innovations. Additionally, research on business models argues for similarities between business models, as they are shared by multiple competitors and across industries. Despite the recent advancements in both debate streams, a consolidation of the research on the underlying similarities of disruptive business models is lacking. Such a consolidation would allow learning from previous waves of disruption, ultimately informing theory and practice to cope with the increasing pace and impact of disruptive innovations. Consequently, this study systematically identifies 122 disruptive business models that have been discussed in the literature during 2006–2019. Based on qualitative content analysis, we then develop a classification framework and propose five archetypes of disruptive business models: (1) matchmakers, (2) standardizers, (3) service providers, (4) open collaborators, and (5) performance reducers. We make a twofold contribution to the discussions around the hitherto tentatively specified business models underlying disruptive innovations, thus emphasizing the contingency of the phenomenon. First, we discuss how the identified archetypes are inducing disruptive dynamics. Second, we elaborate on how the archetypes are constituting paths towards disruption.",https://onlinelibrary.wiley.com/doi/pdfdirect/10.1111/radm.12530,
28,"Courtney Chrimes, Rosy Boardman, Gianpaolo Vignali, Helen McCormick",Investigating how online fashion product page design affects the consumer's clothing fit appraisal,2022,Journal of Consumer Behaviour,Wiley,https://doi.org/10.1002/cb.2100,,821,2026-05-27 20:41:01,article,10.1002/cb.2100,1472-0817,,21,6,1478,1493,28,7.00,7,4,4,"Abstract Clothing fit is the most important consideration during the consumer's garment appraisal process but is the primary reason for the extensive number of online returns generated in the fashion industry. This suggests that when shopping online, consumers are not provided with sufficient information about the fit of a garment. This issue is even more imperative now as COVID‐19 has accentuated the shift to shopping for clothing online. Thus, how fashion retailers communicate clothing online is a critical challenge requiring immediate attention. Underpinned by the Stimulus–Organism–Response (S‐O‐R) framework, this research undertakes a between‐subjects factorial web‐experiment to investigate how different types of fit information affect the consumers' online garment evaluations and purchasing decisions. The results from 400 UK female responses show that whilst the presence of diverse body shapes (vs. one body shape) enhances the consumers' garment fit evaluations, it does not increase purchase intentions. Alternatively, verbal fit information in the form of clothing fit reviews (vs. absence) increased product fit diagnosticity but had no significant effect on concerns with fit online or purchase intentions. The results provide novel insights into how fashion retailers can enhance the communication of clothing fit on their product pages.",https://onlinelibrary.wiley.com/doi/pdfdirect/10.1002/cb.2100,
28,"Nizar Abdelkafi, Margherita Pero, Antonio Masi, Isabella Capurso",Revisiting the servitization-sustainability link: A case study in the professional printing supply chain,2022,Cleaner Logistics and Supply Chain,Elsevier BV,https://doi.org/10.1016/j.clscn.2022.100061,,828,2026-05-27 20:41:01,article,10.1016/j.clscn.2022.100061,2772-3909,,4,,100061,100061,28,7.00,7,4,4,"This paper investigates the link between servitization and sustainability. Extant literature assumes a positive effect of servitization on sustainability, while limited contributions report that, under certain conditions, servitization can also have negative effects. Through a case study on the professional printer supply chain, we show that the positive relationship between servitization and sustainability does not always hold true, and we clarify the nature of the links between servitization and sustainability. By drawing on causal loop diagrams based on system dynamics modeling, we differentiate between “built-in sustainability in servitization” and “sustainability potential in servitization”. With the former, we refer to the inherent sustainability effect that results from the mere application of servitization. For example, servitization leads, ceteris paribus, to the reduction of the number of required printers to achieve the printing jobs required by customers. The latter shows, however, that there is a latent sustainability potential that can be released, only if refurbishing and component recycling activities take place to extend the product lifetime. The case study also highlights that a systemic view is essential for assuring the overall positive impact of servitization on the environment. If manufacturing firms or institutions cannot track the way printers are disposed, e.g., outside of the borders of a country, the full potential of sustainability embedded in servitization cannot be achieved.",https://doi.org/10.1016/j.clscn.2022.100061,
27,"Taylor M. Oshan, Levi John Wolf, Mehak Sachdeva, Sarah Bardin, A. Stewart Fotheringham",A scoping review on the multiplicity of scale in spatial analysis,2022,Journal of Geographical Systems,Springer Science+Business Media,https://doi.org/10.1007/s10109-022-00384-8,,853,2026-05-27 20:41:01,review,10.1007/s10109-022-00384-8,1435-5930,,24,3,293,324,27,6.75,5,5,4,"Abstract Scale is a central concept in the geographical sciences and is an intrinsic property of many spatial systems. It also serves as an essential thread in the fabric of many other physical and social sciences, which has contributed to the use of different terminology for similar manifestations of what we refer to as ‘scale’, leading to a surprising amount of diversity around this fundamental concept and its various ‘multiscale’ extensions. To address this, we review common abstractions about spatial scale and how they are employed in quantitative research. We also explore areas where the conceptualizations of multiple spatial scales can be differentiated. This is achieved by first bridging terminology and concepts, and then conducting a scoping review of the topic. A typology for spatial scale is discussed that can be used to categorize its multifarious meanings and measures. This typology is then used to distinguish what we term ‘process scale,’ from other types of spatial scale and to highlight current trends in uncovering aspects of process scale. We end with suggestions on how to further build knowledge regarding spatial processes through the lens of spatial scale.",https://link.springer.com/content/pdf/10.1007/s10109-022-00384-8.pdf,
27,Vicente Rodríguez Ortega,"‘We Pay to Buy Ourselves’: Netflix, Spectators &amp; Streaming",2022,Journal of Communication Inquiry,SAGE Publishing,https://doi.org/10.1177/01968599211072446,,868,2026-05-27 20:41:01,article,10.1177/01968599211072446,0196-8599,,47,2,126,144,27,6.75,27,1,4,"This article explains how Netflix has transformed the ways in which we interact with media in the contemporary milieu. I argue that Netflix works through a process of planned differentiation , designing unique customization experiences to create a new type of media user that participates in its global and regional release and production strategies. This leads me into a discussion of how the Netflix interface manages the spectators’ experience through a series of connected features. Thus, I detail Netflix’ personalization mechanisms, proposing that, ultimately, its users ‘pay to buy themselves’, or the version of themselves its interface offers back to users upon systematically gathering data on their habits. Finally, I remark that the key characteristics of the current streaming service/spectator relationship are deceptive limitlessness, customization, the automation of content flow and ubiquity, weaving a form of audiovisual engagement that has partially and, at times completely, conquered our everyday.",https://e-archivo.uc3m.es/bitstreams/d6863b2b-740f-4de1-b95f-696c3d8f136f/download,
26,"Matteo Formolli, Silvia Croce, Daniele Vettorato, Rossana Paparella, Alessandra Scognamiglio, Andrea Giovanni Mainini, Gabriele Lobaccaro",Solar Energy in Urban Planning: Lesson Learned and Recommendations from Six Italian Case Studies,2022,Applied Sciences,Multidisciplinary Digital Publishing Institute,https://doi.org/10.3390/app12062950,,897,2026-05-27 20:41:01,article,10.3390/app12062950,2076-3417,,12,6,2950,2950,26,6.50,4,7,4,"This paper presents the results of the analysis conducted on six case studies related to solar energy integration in urban and rural environments located on the Italian territory. The analysis has been carried out within the Subtask C—Case Studies and Action Research of the International Energy Agency Solar Heating and Cooling Program Task 51 “Solar Energy in Urban Planning”. Three different environments hosting active and passive solar energy systems (existing urban areas, new urban areas, and agricultural/rural areas) have been investigated to attain lessons learned and recommendations. Findings suggest that (a) it is important to consider solar energy from the early stages of the design process onwards to achieve satisfactory levels of integration; (b) a higher level of awareness regarding solar potential at the beginning of a project permits acting on its morphology, achieving the best solution in terms of active and passive solar gains; (c) when properly designed, photovoltaic systems can act as characterizing elements and as a distinctive architectural material that is able to valorize the aesthetic of the entire urban intervention; (d) further significant outcomes include the importance of supporting the decision strategies with quantitative and qualitative analyses, the institution of coordinating bodies to facilitate the discussion between stakeholders, and the need for deep renovation projects to fully impact existing buildings’ stock; (e) when large solar installations are planned at the ground level, a landscape design approach should be chosen, while the ecological impact should be reduced by carefully planning the adoption of alternative solutions (e.g., agrivoltaics) compatible with the existing land use.",https://www.mdpi.com/2076-3417/12/6/2950/pdf?version=1647334722,
25,"Phuntsho Om, Lisa Whitehead, Caroline Vafeas, Amanda Towell‐Barnard",A qualitative systematic review on the experiences of homelessness among older adults,2022,BMC Geriatrics,BioMed Central,https://doi.org/10.1186/s12877-022-02978-9,,902,2026-05-27 20:41:01,review,10.1186/s12877-022-02978-9,1471-2318,,22,1,363,363,25,6.25,6,4,4,"Adults who experience homelessness for an extended period of time also experience accelerated ageing and other negative impacts on their general health and wellbeing. Homelessness amongst older adults is on the rise, yet there are few systematic reviews investigating their experiences. Thus, this review classifies and synthesises qualitative research findings of studies published between 1990 to 2020 that have examined the needs and challenges of homeless older adults to elucidate their journey of homelessness. Seven papers met the requirements for inclusion. Three main themes were identified in the review: - (1) Pathways to homelessness, (2) Impact of homelessness, and (3) Outcomes and resolutions. This review collates current evidence on what is known about the experience of homelessness among older adults. In this study, homeless older adults identified a wide range of challenges associated with the experience of homelessness.",https://bmcgeriatr.biomedcentral.com/counter/pdf/10.1186/s12877-022-02978-9,
25,"Seyed Mohammad Hossein Moosavi, Zhenliang Ma, Danial Jahed Armaghani, Mahdi Aghaabbasi, Mogana Darshini Ganggayah, Yuen Choon Wah, Dmitrii Vladimirovich Ulrikh",Understanding and Predicting the Usage of Shared Electric Scooter Services on University Campuses,2022,Applied Sciences,Multidisciplinary Digital Publishing Institute,https://doi.org/10.3390/app12189392,,919,2026-05-27 20:41:01,article,10.3390/app12189392,2076-3417,,12,18,9392,9392,25,6.25,4,7,4,"Electric vehicles (EVs) have been progressing rapidly in urban transport systems given their potential in reducing emissions and energy consumptions. The Shared Free-Floating Electric Scooter (SFFES) is an emerging EV publicized to address the first-/last-mile problem in travel. It also offers alternatives for short-distance journeys using cars or ride-hailing services. However, very few SFFES studies have been carried out in developing countries and for university populations. Currently, many universities are facing an increased number of short-distance private car travels on campus. The study is designed to explore the attitudes and perceptions of students and staff towards SFFES usage on campus and the corresponding influencing factors. Three machine learning models were used to predict SFFES usage. Eleven important factors for using SFFESs on campus were identified via the supervised and unsupervised feature selection techniques, with the top three factors being daily travel mode, road features (e.g., green spaces) and age. The random forest model showed the highest accuracy in predicting the usage frequency of SFFESs (93.5%) using the selected 11 variables. A simulation-based optimization analysis was further conducted to discover the characterization of SFFES users, barriers/benefits of using SFFESs and safety concerns.",https://www.mdpi.com/2076-3417/12/18/9392/pdf?version=1663739431,
25,"Marie-Julie De Bruyne, Katrien Verleye",Realizing the economic and circular potential of sharing business models by engaging consumers,2022,Journal of service management,Emerald Publishing Limited,https://doi.org/10.1108/josm-08-2021-0318,,934,2026-05-27 20:41:01,article,10.1108/josm-08-2021-0318,1757-5818,,34,3,493,519,25,6.25,13,2,4,"Purpose Today's sharing economy covers a variety of business models. This research aims to (1) identify dimensions along which sharing businesses may vary and (2) investigate how these dimensions influence consumer engagement while considering consumers' sustainability orientation. Design/methodology/approach This research relies upon a systematic literature review ( n = 67 articles) to identify five sharing business dimensions: (1) ownership transfer, (2) professional involvement, (3) compensation, (4) digitalization and (5) community scope. A discrete choice conjoint experiment in the fashion industry is employed to investigate how these dimensions affect consumer engagement with sharing businesses ( n = 383 participants). Findings The results suggest that ownership of tangible resources elicits more engagement than access to tangible resources for both consumers with a low sustainability orientation and consumers with a high sustainability orientation. Community scope also affects consumer engagement as reflected in more engagement towards sharing businesses with a local rather than a global scope. The presence of professional service providers, monetary compensation and a digital platform only induces engagement among consumers with a low sustainability orientation. Originality/value This research generates a better understanding of how sharing businesses can draw on business dimensions to engage consumers with different levels of sustainability orientation and, in turn, how sharing businesses can realize their economic and/or circular potential.",https://biblio.ugent.be/publication/8755328/file/8756389.pdf,
24,"Fatemeh Golpayegani, Maxime Guériau, Pierre-Antoine Laharotte, Saeedeh Ghanadbashi, Jiaying Guo, Jack Geraghty, Shen Wang","Intelligent Shared Mobility Systems: A Survey on Whole System Design Requirements, Challenges and Future Direction",2022,IEEE Access,Institute of Electrical and Electronics Engineers,https://doi.org/10.1109/access.2022.3162848,,965,2026-05-27 20:41:01,article,10.1109/access.2022.3162848,2169-3536,,10,,35302,35320,24,6.00,3,7,4,"Shared Mobility Systems (SMS) facilitate on-demand journeys using one or more transportation modes such as car-sharing, bike-sharing, or ride-sharing. As a result, SMS often face challenges such as finding suitable facility locations, efficient routing of shared vehicles, matching and re-distributing available resources with dynamic demands. Most existing surveys study how a particular challenge is addressed using artificial intelligence, machine learning, and optimisation techniques. However, these surveys fail to address the crucial “Whole System Design” point of view, which includes the “whole system” of interconnected stakeholders, entities, and subsystems that participate in, impact, and influence the success of each other and system a whole. Such a survey is highly required with the growing demand for flexible SMS that supports autonomous decision-making and offers multi-modal and inter-operable transportation services catered for highly dynamic traffic conditions in urban areas. This paper attempts to fill this gap by categorising the SMS’ interconnected challenges in different transportation modes and reviewing how offered solutions across all modes address these challenges as a unified system.",https://ieeexplore.ieee.org/ielx7/6287639/9668973/09743940.pdf,
24,"Hanna Szemző, Jorge Mosquera, Levente Polyák, Lukács Hayes",Flexibility and Adaptation: Creating a Strategy for Resilience,2022,Sustainability,Multidisciplinary Digital Publishing Institute,https://doi.org/10.3390/su14052688,,971,2026-05-27 20:41:01,article,10.3390/su14052688,2071-1050,,14,5,2688,2688,24,6.00,6,4,4,"Civil society actors engaged in social innovation supporting activities provide crucial services that address unmet social needs and empower communities. Yet, creating a resilient framework that not only supports their activities but helps to sustain them as an organization is often difficult. It necessitates resilience strategies that help them survive and overcome crises even without former institutionalization. The paper identifies three distinct strategies that can be followed: adaptability, diversification and ecosystem building. While all three represent different ways of resilience, the latest provides the most complex safety net, allowing bottom-up organizations and partnerships to share resources, develop complementary services and sustain social innovation. Choosing the time of the first COVID-19 pandemic and the ensuing lockdown for the analysis, the paper illustrates with eight selected case studies how these strategies enfold during a crisis. The paper analyses the activities of different civic initiatives, gauging their capacity to adapt flexibly to radically new situations. While doing so, it brings together the concept of social innovation and resilience and enriches resilience studies with a less frequently found focus on small, civic initiatives.",https://www.mdpi.com/2071-1050/14/5/2688/pdf?version=1645779329,
24,"Moin Ahmed, Zhiyu Mao, Yun Zheng, Tao Chen, Zhongwei Chen",Electric Vehicle Range Estimation Using Regression Techniques,2022,World Electric Vehicle Journal,Multidisciplinary Digital Publishing Institute,https://doi.org/10.3390/wevj13060105,,985,2026-05-27 20:41:01,article,10.3390/wevj13060105,2032-6653,,13,6,105,105,24,6.00,5,5,4,"Electric vehicles (EVs) are an attractive alternative to conventional vehicles powered by internal combustion engines due to their low carbon footprint, low running cost, and higher energy efficiency. However, currently, they suffer from a lower range than conventional vehicles, which induces range anxiety for consumers. This work explores the EV parameters that strongly impact range using data-driven techniques. A detailed dataset of the technical specifications of commercial EV models manufactured from 2008 to 2021 was collected through web mining. Strong correlations were observed between range and battery capacity, top speed, curb weight, and acceleration (with Pearson coefficients of 0.90, 0.79, 0.70, and −0.84, respectively). Furthermore, regression algorithms were trained and tested on this dataset, with the lowest root-mean-squared error (RMSE) of 31.4 km obtained from support vector machine regression. With a mean EV range in the test set of 364.5 km, an RMSE of 31.4 km equates to around 8.6% accuracy. Additionally, simple linear relationships between EV range and EV model, battery, and performance parameters were determined that may be useful to EV consumers in calculating range.",https://www.mdpi.com/2032-6653/13/6/105/pdf?version=1655886375,
24,"Wafaa A.H. Ahmed, Bart L. MacCarthy",Blockchain in the supply chain – A comprehensive framework for theory-driven research,2022,Digital Business,Elsevier BV,https://doi.org/10.1016/j.digbus.2022.100043,,986,2026-05-27 20:41:01,article,10.1016/j.digbus.2022.100043,2666-9544,,2,2,100043,100043,24,6.00,12,2,4,"Blockchain research in the supply chain management field is growing. The complexities of blockchain as a technology and its potential implications for business and digital ecosystems have expanded the spectrum of research areas that need to be investigated to further develop this emerging field. The increasing number of applications of the technology in supply chain practice calls for theory-driven research to develop better understanding of blockchain and its implications for the supply chain. However, theory-based research on blockchain adoption, deployment and use is scarce, limiting theory development in the field. There is a lack of guidance on the range of theories that can be used to undertake theory-driven research that investigates different facets of blockchain adoption, deployment and use. We address this need in this research. We draw on the existing literature to develop a comprehensive list of factors and barriers for blockchain applications in the supply chain. We present a framework for theory-driven research capturing four distinct facets of supply chain research studies - intra-organizational, inter-organizational, technical, and external environment. Considering the multidisciplinary nature of blockchain research, we propose different theoretical perspectives that can be used alone or in combination to advance theory development in each area as the pace of blockchain adoption in the supply chain increases.",https://doi.org/10.1016/j.digbus.2022.100043,
23,"Deborah K. Padgett, Lynden Bond, Christina Wusinich",From the streets to a hotel: a qualitative study of the experiences of homeless persons in the pandemic era,2022,Journal of Social Distress and the Homeless,Taylor & Francis,https://doi.org/10.1080/10530789.2021.2021362,,987,2026-05-27 20:41:01,article,10.1080/10530789.2021.2021362,1053-0789,,32,2,248,254,23,5.75,8,3,4,"In the wake of COVID-19, programs for housing homeless individuals in hotels have emerged in the U.S., though research has yielded little information about the impact of these programs on participants expressed in their own words. In this qualitative study conducted in a major northeastern city, 13 previously street homeless individuals recount their experiences of hotel housing during the pandemic. Participants were recruited from an advocacy-initiated collaborative that operated with a housing first approach, providing private rooms without requirements or intrusive oversight typically found in shelter environments. Benefits of hotel housing reported include improvements in physical health, sleep, personal hygiene, privacy, safety, nutrition, and overall well-being. Inductive coding by consensus and thematic development yielded three themes. Participants described hotel living as (1) a platform for stability; (2) protection from COVID and other hazards; and (3) freeing mental space for future planning. As research shows hotel programs' success, an unprecedented opportunity has arisen from the pandemic to end homelessness for many. Given current federal budget increases, it is recommended that hotels become part of a larger effort to reduce shelter populations and increase access to independent housing.",https://pmc.ncbi.nlm.nih.gov/articles/PMC10782809/pdf/nihms-1792257.pdf,
361,"Sara Paiva, Mohd Abdul Ahad, Gautami Tripathi, Noushaba Feroz, Gabriella Casalino","Enabling Technologies for Urban Smart Mobility: Recent Trends, Opportunities and Challenges",2021,Sensors,Multidisciplinary Digital Publishing Institute,https://doi.org/10.3390/s21062143,,6,2026-05-27 20:41:01,review,10.3390/s21062143,1424-8220,,21,6,2143,2143,361,72.20,72,5,5,"The increasing population across the globe makes it essential to link smart and sustainable city planning with the logistics of transporting people and goods, which will significantly contribute to how societies will face mobility in the coming years. The concept of smart mobility emerged with the popularity of smart cities and is aligned with the sustainable development goals defined by the United Nations. A reduction in traffic congestion and new route optimizations with reduced ecological footprint are some of the essential factors of smart mobility; however, other aspects must also be taken into account, such as the promotion of active mobility and inclusive mobility, encouraging the use of other types of environmentally friendly fuels and engagement with citizens. The Internet of Things (IoT), Artificial Intelligence (AI), Blockchain and Big Data technology will serve as the main entry points and fundamental pillars to promote the rise of new innovative solutions that will change the current paradigm for cities and their citizens. Mobility-as-a-service, traffic flow optimization, the optimization of logistics and autonomous vehicles are some of the services and applications that will encompass several changes in the coming years with the transition of existing cities into smart cities. This paper provides an extensive review of the current trends and solutions presented in the scope of smart mobility and enabling technologies that support it. An overview of how smart mobility fits into smart cities is provided by characterizing its main attributes and the key benefits of using smart mobility in a smart city ecosystem. Further, this paper highlights other various opportunities and challenges related to smart mobility. Lastly, the major services and applications that are expected to arise in the coming years within smart mobility are explored with the prospective future trends and scope.",https://www.mdpi.com/1424-8220/21/6/2143/pdf?version=1620823207,
240,"Faisal Jamil, Naeem Iqbal, Imran Imran, Shabir Ahmad, Do‐Hyeun Kim",Peer-to-Peer Energy Trading Mechanism Based on Blockchain and Machine Learning for Sustainable Electrical Power Supply in Smart Grid,2021,IEEE Access,Institute of Electrical and Electronics Engineers,https://doi.org/10.1109/access.2021.3060457,,18,2026-05-27 20:41:01,article,10.1109/access.2021.3060457,2169-3536,,9,,39193,39217,240,48.00,48,5,5,"It is expected that peer to peer energy trading will constitute a significant share of research in upcoming generation power systems due to the rising demand of energy in smart microgrids. However, the on-demand use of energy is considered a big challenge to achieve the optimal cost for households. This paper proposes a blockchain-based predictive energy trading platform to provide real-time support, day-ahead controlling, and generation scheduling of distributed energy resources. The proposed blockchain-based platform consists of two modules; blockchain-based energy trading and smart contract enabled predictive analytics modules. The blockchain module allows peers with real-time energy consumption monitoring, easy energy trading control, reward model, and unchangeable energy trading transaction logs. The smart contract enabled predictive analytics module aims to build a prediction model based on historical energy consumption data to predict short-term energy consumption. This paper uses real energy consumption data acquired from the Jeju province energy department, the Republic of Korea. This study aims to achieve optimal power flow and energy crowdsourcing, supporting energy trading among the consumer and prosumer. Energy trading is based on day-ahead, real-time control, and scheduling of distributed energy resources to meet the smart grid’s load demand. Moreover, we use data mining techniques to perform time-series analysis to extract and analyze underlying patterns from the historical energy consumption data. The time-series analysis supports energy management to devise better future decisions to plan and manage energy resources effectively. To evaluate the proposed predictive model’s performance, we have used several statistical measures, such as mean square error and root mean square error on various machine learning models, namely recurrent neural networks and alike. Moreover, we also evaluate the blockchain platform’s effectiveness through hyperledger calliper in terms of latency, throughput, and resource utilization. Based on the experimental results, the proposed model is effectively used for energy crowdsourcing between the prosumer and consumer to attain service quality.",https://ieeexplore.ieee.org/ielx7/6287639/9312710/09358144.pdf,
165,"Alberica Domitilla Bozzi, Anne Aguiléra","Shared E-Scooters: A Review of Uses, Health and Environmental Impacts, and Policy Implications of a New Micro-Mobility Service",2021,Sustainability,Multidisciplinary Digital Publishing Institute,https://doi.org/10.3390/su13168676,,40,2026-05-27 20:41:01,review,10.3390/su13168676,2071-1050,,13,16,8676,8676,165,33.00,83,2,5,"Shared e-scooters refer to a micro-mobility service that enables the short rentals of e-scooters. The rapid growth of e-scooter sharing has sparked a heated discussion about its role in the urban mobility sector. This article presents a systematic review of the current knowledge on its uses and users, health and environmental impacts, and policy issues. The analysis is based on academic literature, identified with Google Scholar by using keywords and publication years from 2017, and relevant gray literature. Firstly, we highlight that the profiles of e-scooter renters seem to highly match the characteristics of other micro-mobility services users. Secondly, e-scooters are often associated with a high perception of risk from the public and an increasing occurrence of related road accidents. Thirdly, even if promoted as a green mobility option, the true environmental impact of shared e-scooters has only started to be investigated. Early studies point out negative impacts around their production, usage, and maintenance. Fourthly, the integration of shared e-scooters into the existing transport systems requires policy changes, both at the local and national level, including traffic regulations, safety rules, and physical infrastructure. Finally, this paper reveals the ambiguity of the term “e-scooter” and stresses the need for more research, as the future of cities is tied to the development of low-car lifestyles.",https://www.mdpi.com/2071-1050/13/16/8676/pdf?version=1628050470,
164,"Silvana Secinaro, Francesca Dal Mas, Valerio Brescia, Davide Calandra","Blockchain in the accounting, auditing and accountability fields: a bibliometric and coding analysis",2021,Accounting Auditing & Accountability Journal,Emerald Publishing Limited,https://doi.org/10.1108/aaaj-10-2020-4987,,42,2026-05-27 20:41:01,article,10.1108/aaaj-10-2020-4987,0951-3574,,35,9,168,203,164,32.80,41,4,5,"Purpose This study aims to offer a bibliometric and coding analysis of blockchain articles published in the accounting, auditing and accountability fields. Design/methodology/approach The data were collected using the Scopus database and a bibliometric and qualitative coding analysis with the keywords “blockchain” and “accounting” or “auditing” or “accountability.” Of the 514 initial sources, 93 peer-reviewed papers, book chapters and conference proceedings in the areas of business, management and accounting were finally selected. Nonscientific sources such as nonpeer-reviewed books and white papers were excluded. Findings This study reveals a promising and multidisciplinary field of research dominated by scholars and less by practitioners. Qualitative research, especially discourse analysis, is the most used method among authors. This study gives some useful insights about blockchain's definition and characteristics, business models, processes involved, connection with other technologies and relationships with accounting theories. Among the most interesting insights, the results confirm that technology as an external force can create an intersection among several research areas: accounting, auditing, accountability, business, management, computer science and engineering fields. Finally, in terms of research themes, although blockchain has a clear effect on auditing accounting, the links with the area of accountability are less clear and validated. Originality/value This study highlights the current state of the field, combining methodological approaches and providing valuable future research insights. Additionally, it is also a starting point for professionals to fully understand blockchain's characteristics and potential with a constructive and systemic approach.",https://www.emerald.com/insight/content/doi/10.1108/AAAJ-10-2020-4987/full/pdf?title=blockchain-in-the-accounting-auditing-and-accountability-fields-a-bibliometric-and-coding-analysis,
152,"Hade Dorst, Alexander van der Jagt, Helen Toxopeus, Laura Tozer, Rob Raven, Hens Runhaar",What’s behind the barriers? Uncovering structural conditions working against urban nature-based solutions,2021,Landscape and Urban Planning,Elsevier BV,https://doi.org/10.1016/j.landurbplan.2021.104335,,47,2026-05-27 20:41:01,article,10.1016/j.landurbplan.2021.104335,0169-2046,,220,,104335,104335,152,30.40,25,6,5,"Nature-based solutions (NBS) are a promising and innovative approach to address multiple sustainability challenges faced by cities. Yet, NBS are not integrated into mainstream urban development practices. Based on a qualitative comparative case study of Germany, Hungary, the Netherlands, Spain, Sweden, and the United Kingdom, this study shows how barriers to mainstreaming urban NBS are shaped by the structural conditions in urban infrastructure regimes, which offers an improved, context-sensitive understanding of why such barriers persist. We identify underlying structural conditions shaping seven key barriers to urban NBS: limited collaborative governance, knowledge, data and awareness challenges, low private sector engagement, competition over urban space, insufficient policy development, implementation and enforcement, insufficient public resources, and challenging citizen engagement. This study also advances an understanding of urban infrastructure regimes as complex, heterogeneous systems, made up of different functional domains that define the space available for sustainability innovations. Importantly, our case comparison reveals that similar barriers to NBS mainstreaming in planning processes are caused by different structural conditions across countries. For example, perceived causes of limited citizen engagement are low environmental awareness in Spain, a lack of resources to support participation in Hungary, and NIMBY-ism in the Netherlands. Our findings stress the importance of moving beyond ‘silver bullet’-type approaches to addressing NBS mainstreaming barriers, towards systemic but context-sensitive responses, tailored to specific urban infrastructure regimes. This systematic understanding of barriers and their underlying structural conditions can help both scholars and practitioners identify promising pathways for the mainstreaming of NBS as an urban sustainability innovation.",https://doi.org/10.1016/j.landurbplan.2021.104335,
135,"Wilson Ozuem, Silvia Ranfagni, Michelle Willis, Serena Rovai, Kerry E. Howell",Exploring customers' responses to online service failure and recovery strategies during Covid‐19 pandemic: An actor–network theory perspective,2021,Psychology and Marketing,Wiley,https://doi.org/10.1002/mar.21527,,64,2026-05-27 20:41:01,article,10.1002/mar.21527,0742-6046,,38,9,1440,1459,135,27.00,27,5,5,"While the debate on online service failure and recovery strategies has been given considerable attention in the marketing and information systems literature, the evolving Covid-19 pandemic has brought about new challenges both theoretically and empirically in the consumption landscape. To fully understand customers' responses to service failure during a crisis we asked 70 millennials from three European Countries-Italy, France, and the UK-to describe their responses to service failure during the Covid-19 pandemic (30 completed a 4-week diary and 40 completed a 4-week qualitative survey). Drawing on phenomenological, constructivist, and hermeneutical approaches, and utilizing an actor-network theory perspective, the current study proposes a new framework for understanding customers' responses to online service failure and recovery strategies during the Covid-19 pandemic. Conclusions highlight implications for theory, policy, and management practice through extending comprehensions of service failure recovery processes by examining how marketing policies generate different social impacts during a crisis situation which facilitate the achievement of customer satisfaction and positive outcomes.",https://onlinelibrary.wiley.com/doi/pdfdirect/10.1002/mar.21527,
132,"Brenda Nansubuga, Christian Kowalkowski",Carsharing: a systematic literature review and research agenda,2021,Journal of service management,Emerald Publishing Limited,https://doi.org/10.1108/josm-10-2020-0344,,65,2026-05-27 20:41:01,article,10.1108/josm-10-2020-0344,1757-5818,,32,6,55,91,132,26.40,66,2,5,"Purpose Following the recent surge in research on carsharing, the paper synthesizes this growing literature to provide a comprehensive understanding of the current state of research and to identify directions for future work. Specifically, this study details implications for service theory and practice. Design/methodology/approach Systematic selection and analysis of 279 papers from the existing literature, published between 1996 and 2020. Findings The literature review identified four key themes: business models, drivers and barriers, customer behavior, and vehicle balancing. Practical implications For managers, the study illuminates the importance of collaboration among stakeholders within the automotive sector for purposes of widening their customer base and maximizing utilization and profits. For policy makers, their important role in supporting carsharing take-off is highlighted with emphasis on balancing support rendered to different mobility services to promote mutual success. Originality/value This is the first systematic multi-disciplinary literature review of carsharing. It integrates insights from transportation, environmental, and business studies, identifying gaps in the existing research and specifically suggesting implications for service research.",https://www.emerald.com/insight/content/doi/10.1108/JOSM-10-2020-0344/full/pdf?title=carsharing-a-systematic-literature-review-and-research-agenda,
122,"Saurabh Jain, Neelu Jyothi Ahuja, P. Srikanth, Kishor V. Bhadane, Bharathram Nagaiah, Adarsh Kumar, Charalambos Konstantinou",Blockchain and Autonomous Vehicles: Recent Advances and Future Directions,2021,IEEE Access,Institute of Electrical and Electronics Engineers,https://doi.org/10.1109/access.2021.3113649,,77,2026-05-27 20:41:01,article,10.1109/access.2021.3113649,2169-3536,,9,,130264,130328,122,24.40,17,7,5,"Blockchain is an underlying technology for securing many real-time applications and their data. The automobile is one such sector in which auto-manufacturers are looking forward to accepting the advantages of distributed ledger technology in autonomous vehicles or systems and improving their products, customer satisfaction, and other valuable experiences. This work aims to find the significance of blockchain technology in Autonomous Vehicles, including Autonomous Electric Vehicles (AEV), Autonomous Underwater Vehicles (AUV), Autonomous Guided Vehicles (AGV), Autonomous Aerial Vehicles (AAeV), and Autonomous Driving. In this work, a comparative analysis of blockchain-integrated autonomous vehicle systems is explored to identify the present scenario and futuristic challenges. In addition to blockchain technology, the uses and importance of sensors, architectures and infrastructure requirements, vehicle types, driving modes, vehicles target and tracking approaches, intelligent contracts, intelligent data handling, and industry-specific use cases are also explored. This study is based on the exploration of recent technologies and practices. As autonomous vehicles are expected to be the future of intelligent transportation, this paper surveys recent advances in autonomous vehicles and systems and how blockchain can help in improving user experiences and improving industry practices. Finally, limitations of work, future research directions, and challenges associated with different autonomous vehicles and systems are presented.",https://ieeexplore.ieee.org/ielx7/6287639/6514899/09540839.pdf,
108,"Stefania Boglietti, Benedetto Barabino, Giulio Maternini",Survey on e-Powered Micro Personal Mobility Vehicles: Exploring Current Issues towards Future Developments,2021,Sustainability,Multidisciplinary Digital Publishing Institute,https://doi.org/10.3390/su13073692,,98,2026-05-27 20:41:01,article,10.3390/su13073692,2071-1050,,13,7,3692,3692,108,21.60,36,3,5,"Nowadays, the diffusion of electric-powered micro Personal Mobility Vehicles (e-PMVs) worldwide—i.e., e-bikes, e-scooters, and self-balancing vehicles—has disrupted the urban transport sector. Furthermore, this topic has captured many scholars and practitioners’ interest due to multiple issues related to their use. Over the past five years, there has been strong growth in the publication of e-PMV studies. This paper reviews the existing literature by identifying several issues on the impact that e-PMVs produce from different perspectives. More precisely, by using the PRIMA’s methodological approach and well-known scientific repositories (i.e., Scopus, Web of Science, and Google Scholar), 90 studies between 2014 and 2020 were retrieved and analyzed. An overview and classification into endogenous issues (e.g., impact on transport and urban planning) and exogenous issues (e.g., impact on safety and the environment) are provided. While several issues are deeply investigated, the findings suggest that some others need many improvements. Therefore, the status quo of these studies is being assessed to support possible future developments.",https://www.mdpi.com/2071-1050/13/7/3692/pdf?version=1617936969,
106,"Imran Imran, Zeba Ghaffar, Abdullah Alshahrani, Muhammad Fayaz, Ahmed Mohammed Alghamdi, Jeonghwan Gwak","A Topical Review on Machine Learning, Software Defined Networking, Internet of Things Applications: Research Limitations and Challenges",2021,Electronics,Multidisciplinary Digital Publishing Institute,https://doi.org/10.3390/electronics10080880,,99,2026-05-27 20:41:01,review,10.3390/electronics10080880,2079-9292,,10,8,880,880,106,21.20,18,6,5,"In recent years, rapid development has been made to the Internet of Things communication technologies, infrastructure, and physical resources management. These developments and research trends address challenges such as heterogeneous communication, quality of service requirements, unpredictable network conditions, and a massive influx of data. One major contribution to the research world is in the form of software-defined networking applications, which aim to deploy rule-based management to control and add intelligence to the network using high-level policies to have integral control of the network without knowing issues related to low-level configurations. Machine learning techniques coupled with software-defined networking can make the networking decision more intelligent and robust. The Internet of Things application has recently adopted virtualization of resources and network control with software-defined networking policies to make the traffic more controlled and maintainable. However, the requirements of software-defined networking and the Internet of Things must be aligned to make the adaptations possible. This paper aims to discuss the possible ways to make software-defined networking enabled Internet of Things application and discusses the challenges solved using the Internet of Things leveraging the software-defined network. We provide a topical survey of the application and impact of software-defined networking on the Internet of things networks. We also study the impact of machine learning techniques applied to software-defined networking and its application perspective. The study is carried out from the different perspectives of software-based Internet of Things networks, including wide-area networks, edge networks, and access networks. Machine learning techniques are presented from the perspective of network resources management, security, classification of traffic, quality of experience, and quality of service prediction. Finally, we discuss challenges and issues in adopting machine learning and software-defined networking for the Internet of Things applications.",https://www.mdpi.com/2079-9292/10/8/880/pdf,
103,"Viktor Koval, Інеса Міхно, Iryna Udovychenko, Yevgeniia Gordiichuk, Іryna Kalіna",Sustainable Natural Resource Management to Ensure Strategic Environmental Development,2021,TEM Journal,UIKTEN,https://doi.org/10.18421/tem103-03,,105,2026-05-27 20:41:01,article,10.18421/tem103-03,2217-8309,,,,1022,1030,103,20.60,21,5,5,"The article reveals the issue of irrational use of natural resources in Ukraine that affects public health, population working ability and macroeconomic performance. It has been found that heavier responsibility of each individual and changes in values can improve the current situation. It is concluded that the general utility function can be increased by rational nature management and implementation of the development strategy minimizing such negative risk factors as ecological state deterioration, inefficient functioning of the healthcare system, excessive use of chemical compounds while producing agricultural products, etc. The key in the study is the formation of a holistic view of the relationship between pollution and the state of the environment and harm to public health based on the analysis of rational nature management and environmental pollution and their negative impact on environmental health. A model has been developed that takes into account the negative environmental impact on health and the investment that is necessary to be healthy and stay productive.",https://www.temjournal.com/content/103/TEMJournalAugust2021_1022_1030.pdf,
100,P.B. de Laat,Companies Committed to Responsible AI: From Principles towards Implementation and Regulation?,2021,Philosophy & Technology,Springer Nature (Netherlands),https://doi.org/10.1007/s13347-021-00474-3,,107,2026-05-27 20:41:01,article,10.1007/s13347-021-00474-3,2210-5433,,34,4,1135,1193,100,20.00,100,1,5,"Abstract The term ‘responsible AI’ has been coined to denote AI that is fair and non-biased, transparent and explainable, secure and safe, privacy-proof, accountable, and to the benefit of mankind. Since 2016, a great many organizations have pledged allegiance to such principles. Amongst them are 24 AI companies that did so by posting a commitment of the kind on their website and/or by joining the ‘Partnership on AI’. By means of a comprehensive web search, two questions are addressed by this study: (1) Did the signatory companies actually try to implement these principles in practice, and if so, how? (2) What are their views on the role of other societal actors in steering AI towards the stated principles (the issue of regulation)? It is concluded that some three of the largest amongst them have carried out valuable steps towards implementation, in particular by developing and open sourcing new software tools. To them, charges of mere ‘ethics washing’ do not apply. Moreover, some 10 companies from both the USA and Europe have publicly endorsed the position that apart from self-regulation, AI is in urgent need of governmental regulation. They mostly advocate focussing regulation on high-risk applications of AI, a policy which to them represents the sensible middle course between laissez-faire on the one hand and outright bans on technologies on the other. The future shaping of standards, ethical codes, and laws as a result of these regulatory efforts remains, of course, to be determined.",https://link.springer.com/content/pdf/10.1007/s13347-021-00474-3.pdf,
99,"Mara Ferreri, Romola Sanyal","Digital informalisation: rental housing, platforms, and the management of risk",2021,Housing Studies,Taylor & Francis,https://doi.org/10.1080/02673037.2021.2009779,,114,2026-05-27 20:41:01,article,10.1080/02673037.2021.2009779,0267-3037,,37,6,1035,1053,99,19.80,50,2,5,"The eruption of disruptive digital platforms is reshaping geographies of housing under the gaze of corporations and through the webs of algorithms. Engaging with interdisciplinary scholarship on informal housing across the Global North and South, we propose the term ‘digital informalisation’ to examine how digital platforms are engendering new and opaque ways of governing housing, presenting a theoretical and political blind spot. Focusing on rental housing, our paper unpacks the ways in which new forms of digital management of risk control access and filter populations. In contrast to progressive imaginaries of ‘smart’ technological mediation, practices of algorithmic redlining, biased tenant profiling and the management of risk in private tenancies and in housing welfare both introduce and extend discriminatory and exclusionary housing practices. The paper aims to contribute to research on informal housing in the Global North by examining digital mediation and its governance as key overlooked components of housing geographies beyond North and South dichotomies.",https://www.tandfonline.com/doi/pdf/10.1080/02673037.2021.2009779?needAccess=true,
98,"Can Bıyık, Ahmad Abareshi, Alexander Paz, Rosa María Arce Ruiz, Rosaria Battarra, C. D. F. Rogers, Carmen Lizárraga",Smart Mobility Adoption: A Review of the Literature,2021,Journal of Open Innovation Technology Market and Complexity,Springer Science+Business Media,https://doi.org/10.3390/joitmc7020146,,117,2026-05-27 20:41:01,review,10.3390/joitmc7020146,2199-8531,,7,2,146,146,98,19.60,14,7,5,"Traffic congestion and air pollution continue to be serious concerns, especially in large cities, and going forward, this is not sustainable. Urban transport around the world is facing challenges, such as air pollution and inefficient use of resources, that often inhibit economic development. Simply building more roads cannot address such challenges. There is a need to integrate the urban infrastructure through smart connectivity. Smart mobility, as a vital cornerstone of a smart city, will potentially reduce traffic jams, commuting times, and road crashes and create an opportunity for passengers to customize their journeys. In fact, planning smart mobility solutions is among the top challenges for large cities around the world. It involves a set of deliberate actions backed by sophisticated technologies. The different elements and dimensions that characterize smart mobility are investigated to depict the overall picture surrounding the smart mobility domain. Additionally, the trends, opportunities, and threats inherent to smart mobility are addressed. There are four segments of smart mobility that are highlighted in this paper: intelligent transport systems, open data, big data analytics, and citizen engagement. These segments are all inter-related and play a crucial role in the successful implementation of smart mobility.",https://www.mdpi.com/2199-8531/7/2/146/pdf?version=1622547755,
93,"Faisal Jamil, Hyun Kook Kahng, Suyeon Kim, Do‐Hyeun Kim",Towards Secure Fitness Framework Based on IoT-Enabled Blockchain Network Integrated with Machine Learning Algorithms,2021,Sensors,Multidisciplinary Digital Publishing Institute,https://doi.org/10.3390/s21051640,,129,2026-05-27 20:41:01,article,10.3390/s21051640,1424-8220,,21,5,1640,1640,93,18.60,23,4,5,"Blockchain technology has recently inspired remarkable attention due to its unique features, such as privacy, accountability, immutability, and anonymity, to name of the few. In contrast, core functionalities of most Internet of Things (IoT) resources make them vulnerable to security threats. The IoT devices, such as smartphones and tablets, have limited capacity in terms of network, computing, and storage, which make them easier for vulnerable threats. Furthermore, a massive amount of data produced by the IoT devices, which is still an open challenge for the existing platforms to process, analyze, and unearth underlying patterns to provide convenience environment. Therefore, a new solution is required to ensure data accountability, improve data privacy and accessibility, and extract hidden patterns and useful knowledge to provide adequate services. In this paper, we present a secure fitness framework that is based on an IoT-enabled blockchain network integrated with machine learning approaches. The proposed framework consists of two modules: a blockchain-based IoT network to provide security and integrity to sensing data as well as an enhanced smart contract enabled relationship and inference engine to discover hidden insights and useful knowledge from IoT and user device network data. The enhanced smart contract aims to support users with a practical application that provides real-time monitoring, control, easy access, and immutable logs of multiple devices that are deployed in several domains. The inference engine module aims to unearth underlying patterns and useful knowledge from IoT environment data, which helps in effective decision making to provide convenient services. For experimental analysis, we implement an intelligent fitness service that is based on an enhanced smart contract enabled relationship and inference engine as a case study where several IoT fitness devices are used to securely acquire user personalized fitness data. Furthermore, a real-time inference engine investigates user personalized data to discover useful knowledge and hidden insights. Based on inference engine knowledge, a recommendation model is developed to recommend a daily and monthly diet, as well as a workout plan for better and improved body shape. The recommendation model aims to facilitate a trainer formulating effective future decisions of trainee's health in terms of a diet and workout plan. Lastly, for performance analysis, we have used Hyperledger Caliper to access the system performance in terms of latency, throughput, resource utilization, and varying orderer and peers nodes. The analysis results imply that the design architecture is applicable for resource-constrained IoT blockchain platform and it is extensible for different IoT scenarios.",https://www.mdpi.com/1424-8220/21/5/1640/pdf?version=1614853912,
88,"Hasan A. M. Hamdan, Poul Houman Andersen, Luitzen de Boer",Stakeholder collaboration in sustainable neighborhood projects—A review and research agenda,2021,Sustainable Cities and Society,Elsevier BV,https://doi.org/10.1016/j.scs.2021.102776,,149,2026-05-27 20:41:01,article,10.1016/j.scs.2021.102776,2210-6707,,68,,102776,102776,88,17.60,29,3,5,"Sustainable neighborhood (SN) projects are crucial to alleviate the poor performance in energy consumption and carbon emissions of built environments. However, with several additional interests and priorities relating to sustainability, the job of finding common ground in collaboration becomes more complex compared to conventional housing and neighborhood projects. Moreover, the type of stakeholders involved and the issues they are concerned with change as the project develops. This paper offers a comprehensive overview of empirical-based research found in the intersection between stakeholder collaboration and sustainable neighborhood projects. Our comprehensive systematic review of the past 20 years’ extant literature revealed 20 main themes impacting stakeholder collaboration spread over the stages of project development. Building on the various themes, we summarized several factors that support collaboration capacity in SN projects, and that can ultimately lead to different trajectories for sustainability outcomes over time. Furthermore, the review revealed several potential avenues for research, which may help improve our understanding of the mechanics and interaction of stakeholder involvement in SN projects.",https://doi.org/10.1016/j.scs.2021.102776,
84,Nick Seaver,Care and Scale: Decorrelative Ethics in Algorithmic Recommendation,2021,Cultural Anthropology,Wiley,https://doi.org/10.14506/ca36.3.11,,167,2026-05-27 20:41:01,article,10.14506/ca36.3.11,0886-7356,,36,3,,,84,16.80,84,1,5,"The people who make algorithmic recommender systems want apparently incompatible things: they pride themselves on the scale at which their software works, but they also want to treat their materials and users with care. Care and scale are commonly understood as contradictory goals: to be careful is to work at small scale, while working at large scale requires abandoning the small concerns of care. Drawing together anthropological work on care and scale, this article analyzes how people who make music recommender systems try to reconcile these values, reimagining what care and scale mean and how they relate to each other in the process. It describes decorrelation, an ethical technique that metaphorically borrows from the mathematics of machine learning, which practitioners use to reimagine how values might relate with each other. This “decorrelative ethics” facilitates new arrangements of care and scale, which challenge conventional anthropological theorizing.",https://journal.culanth.org/index.php/ca/article/download/4807/661,
75,"Michael G. Jacobides, Ioannis Lianos",Ecosystems and competition law in theory and practice,2021,Industrial and Corporate Change,Oxford University Press,https://doi.org/10.1093/icc/dtab061,,205,2026-05-27 20:41:01,article,10.1093/icc/dtab061,0960-6491,,30,5,1199,1229,75,15.00,38,2,5,"Abstract One of the most profound changes in the industrial landscape in the last decade has been the growth of business ecosystems—groups of connected firms, drawing on (digital) platforms that leverage their complementors and lock in their customers, exploiting the “bottlenecks” that emerge in new industry architectures. This has created new asymmetries of power, where the “field” of competition is not the relevant product market, as is usually the case in competition law, but rather the ecosystem of various complementary products and associated complementor firms. These dynamics raise novel concerns over competition. After examining the foundational elements of the ecosystem concept, we review how ecosystems are addressed within the current scope of competition law and identify the gap in the existing framework of conventional competition law. We then move to a critical review of current efforts and proposals in the European Union for providing regulatory remedies for ex ante and ex post resolution of problems, focusing on the current (2020) proposals of the Digital Market Act on ex ante regulation, with its particular focus on “gatekeepers.” We also review recent regulatory initiatives in European countries that focus on ex post regulation and on the role of business models and ecosystem architectures in regulation before providing a deep dive into proposed Greek legislation that explicitly focuses on ecosystem regulation. We conclude with our observations on the challenges in instituting and implementing a regulatory framework for ecosystems, drawing on research and our own engagement in the regulatory process.",https://academic.oup.com/icc/article-pdf/30/5/1199/42002813/dtab061.pdf,
72,"Wajde Baiod, Janet Light, Aniket Mahanti",Blockchain Technology and its Applications Across Multiple Domains: A Survey,2021,Journal of international technology and information management,,https://doi.org/10.58729/1941-6679.1482,,216,2026-05-27 20:41:01,article,10.58729/1941-6679.1482,1543-5962,,29,4,78,119,72,14.40,24,3,5,"Blockchain technology has become an active area of research and a technological option for many businesses and industrial communities. With its distributed, decentralized, and trustless nature, blockchain can provide businesses with new opportunities and benefits through increased efficiency, reduced costs, enhanced integrity and transparency, better security, and improved traceability. Although blockchain’s largest applications have been in the finance and banking sector, we now see experiments and proposed applications in different fields. This paper provides an overview of blockchain technology; it brings together all the key design features, characteristics, and benefits of blockchain that make it a superior and unique technology, and it presents the popular consensus protocols and taxonomy of blockchain systems. Additionally, the paper surveys blockchain-based applications across multiple domains such as in finance, insurance, supply chain management, energy, advertising and media, real estate and healthcare. It aims at examining the industries’ key issues, blockchain solutions and use cases. The paper highlights three broad limitations that blockchain technology presents: scalability, security, and regulation, and shows how these challenges could impact blockchain application and adoption.",https://scholarworks.lib.csusb.edu/jitim/vol29/iss4/4,
72,"Ivana Načinović Braje, Анна Печурина, Nilay Bıçakcıoğlu‐Peynirci, Cristina Miguel, María del Mar Alonso‐Almeida, Carlo Giglio",The changing determinants of tourists’ repurchase intention: the case of short-term rentals during the COVID-19 pandemic,2021,International Journal of Contemporary Hospitality Management,Emerald Publishing Limited,https://doi.org/10.1108/ijchm-04-2021-0438,,219,2026-05-27 20:41:01,article,10.1108/ijchm-04-2021-0438,0959-6119,,34,1,159,183,72,14.40,12,6,5,"Purpose Adopting Ajzen’s theory of planned behaviour theoretical framework, this paper aims to explore repurchase intentions among short-term rental users and changes in determinants of repurchase intention in the context of the COVID-19 pandemic. Design/methodology/approach Data for the research was collected via a cross-country quantitative survey (N = 1,433) in five European countries: Croatia, Italy, Spain, Turkey and the UK during 2020. Trust, perceived value, authenticity and perceived risk were incorporated into the structural equation model as part of an integrated analysis of antecedents of repurchase intention. Findings Perceived value and authenticity are the key drivers of a positive attitude to repurchase of short-term rentals even after the pandemic. The pandemic modified the role of perceived risk in determining attitude towards short-term rentals as perceived risks could negatively affect attitude and repurchase intention after COVID-19. Trust in the platform and the host became a significant determinant of repurchase intentions after the spread of COVID-19. Research limitations/implications The analysis has shown the link between attitude, subjective norms, perceived behavioural control and repurchase intention, and has thus demonstrated a successful application of the theory of planned behaviour to short-term rental users. Originality/value The results of this study suggest a possible reconceptualisation of repurchase determinants due to the pandemic. The study offers a timely contribution to the research on the impact of the pandemic on the determinants of tourists’ repurchase intentions.",http://hdl.handle.net/10486/715821,
71,"Nikolay Tcholtchev, Ina Schieferdecker",Sustainable and Reliable Information and Communication Technology for Resilient Smart Cities,2021,Smart Cities,Multidisciplinary Digital Publishing Institute,https://doi.org/10.3390/smartcities4010009,,223,2026-05-27 20:41:01,article,10.3390/smartcities4010009,2624-6511,,4,1,156,176,71,14.20,36,2,5,"Information and Communication Technology (ICT) is at the heart of the smart city approach, which constitutes the next level of cities’ and communities’ development across the globe. Thereby, ICT serves as the gluing component enabling different domains to interact with each other and facilitating the management and processing of vast amounts of data and information towards intelligently steering the cities’ infrastructure and processes, engaging the citizens and facilitating new services and applications in various aspects of urban life—e.g., supply chains, mobility, transportation, energy, citizens’ participation, public safety, interactions between citizens and the public administration, water management, parking and many other cases and domains. Hence, given the fundamental role of ICT in cities in the near future, it is of paramount importance to lay the ground for a sustainable and reliable ICT infrastructure, which can enable a city/community to respond in a resilient way to upcoming challenges, whilst increasing the quality of life for its citizens. A structured way of providing and maintaining an open and resilient ICT backbone for a city/community is constituted by the concept of an Open Urban Platform. Therefore, the current article presents the activities and developments necessary to achieve a resilient, standardized smart city, based on Open Urban Platforms (OUP) and the way these serve as a blueprint for each city/community towards the establishment of a sustainable and resilient ICT backbone.",https://www.mdpi.com/2624-6511/4/1/9/pdf?version=1610613040,
68,"Annie Rosenthal, Eric Stover, Rohini J. Haar",Health and social impacts of California wildfires and the deficiencies in current recovery resources: An exploratory qualitative study of systems-level issues,2021,PLoS ONE,Public Library of Science,https://doi.org/10.1371/journal.pone.0248617,,236,2026-05-27 20:41:01,article,10.1371/journal.pone.0248617,1932-6203,,16,3,,,68,13.60,23,3,5,"BACKGROUND: Wildfires in California have become more deadly and destructive in recent years, and four of the ten most destructive fires occurred in 2017 and 2018. Through interviews with service providers, this article explores how these recent wildfires have impacted surrounding communities and the role various recovery resources have played in responding to the short- and long-term health and social needs of survivors. METHODS: Using a purposive sampling methodology, we interviewed 21 health and social service personnel who assisted in wildfire recovery efforts in California in 2017 and 2018. The study participants worked or volunteered in medical facilities, social services agencies and philanthropy/nonprofit organizations located in communities affected by wildfires. Participants were asked about three common, overarching themes that fire-impacted communities navigate post-disaster: health issues, social issues, and response and recovery resources. Inductive coding was used to identify common subthemes. RESULTS: The two most frequently discussed social issues during interviews were housing and employment access. Mental and emotional well-being and access to health resources were identified as being the most challenging health concerns that survivors face post-disaster. Participants also identified the following private and public recovery resources that survivors use to attempt to restabilize following the fire: community support, county agencies, the Federal Emergency Management Agency (FEMA,) insurance companies and philanthropic organizations. However, participants noted that the cumulative impacts of these efforts still leave many of their patients and clients without the resources needed to restabilize emotionally, financially and physically. Finally, participants spoke about the community-wide, downstream impacts of wildfires, noting that ""survivors"" are not only those whose health is immediately compromised by the disaster. CONCLUSION: Given the worsening wildfire seasons in California, we must increase our understanding of both the scope of the health and social issues that survivors navigate following a disaster, as well as the effectiveness and sustainability of recovery resources available to survivors. We must also understand the ""ripple effect"" that wildfires have on surrounding communalities, impacting housing access, social services, and health care access. More research and support, especially during the current COVID-19 pandemic, is urgently needed to improve our ability to support the health and social needs of wildfire survivors in the future.",https://journals.plos.org/plosone/article/file?id=10.1371/journal.pone.0248617&type=printable,
59,"Juan M. Corchado, Pablo Chamoso, Guillermo Hernández, Agustín San Roman Gutierrez, Alberto Rivas, Alfonso González‐Briones, Francisco Pinto-Santos, Enrique Goyenechea, David Garc­ía-Retuerta, María Alonso-Miguel, Beatriz Bellido Hernandez, Diego Valdeolmillos Villaverde, Manuel Sanchez-Verdejo, Pablo Plaza-Martínez, Manuel J. López‐Pérez, Sergio Manzano, Ricardo S. Alonso, Roberto Casado‐Vara, Javier Prieto, Fernando De la Prieta, Sara Rodrı́guez, Javier Parra-Domínguez, Mohd Saberi Mohamad, Saber Trabelsi, Enrique Díaz-Plaza, Jose Alberto Garcia-Coria, Tan Yiğitcanlar, Paulo Nováis, Sigeru Omatu",Deepint.net: A Rapid Deployment Platform for Smart Territories,2021,Sensors,Multidisciplinary Digital Publishing Institute,https://doi.org/10.3390/s21010236,,291,2026-05-27 20:41:01,article,10.3390/s21010236,1424-8220,,21,1,236,236,59,11.80,6,29,5,"This paper presents an efficient cyberphysical platform for the smart management of smart territories. It is efficient because it facilitates the implementation of data acquisition and data management methods, as well as data representation and dashboard configuration. The platform allows for the use of any type of data source, ranging from the measurements of a multi-functional IoT sensing devices to relational and non-relational databases. It is also smart because it incorporates a complete artificial intelligence suit for data analysis; it includes techniques for data classification, clustering, forecasting, optimization, visualization, etc. It is also compatible with the edge computing concept, allowing for the distribution of intelligence and the use of intelligent sensors. The concept of smart cities is evolving and adapting to new applications; the trend to create intelligent neighbourhoods, districts or territories is becoming increasingly popular, as opposed to the previous approach of managing an entire megacity. In this paper, the platform is presented, and its architecture and functionalities are described. Moreover, its operation has been validated in a case study where the bike renting service of Paris-Vélib' Métropole has been managed. This platform could enable smart territories to develop adapted knowledge management systems, adapt them to new requirements and to use multiple types of data, and execute efficient computational and artificial intelligence algorithms. The platform optimizes the decisions taken by human experts through explainable artificial intelligence models that obtain data from IoT sensors, databases, the Internet, etc. The global intelligence of the platform could potentially coordinate its decision-making processes with intelligent nodes installed in the edge, which would use the most advanced data processing techniques.",https://www.mdpi.com/1424-8220/21/1/236/pdf?version=1609565395,
59,"António João Silva, Paulo Cortez, Carlos Pereira, André Pilastri",Business analytics in Industry 4.0: A systematic review,2021,Expert Systems,Wiley,https://doi.org/10.1111/exsy.12741,,292,2026-05-27 20:41:01,review,10.1111/exsy.12741,0266-4720,,38,7,,,59,11.80,15,4,5,"Abstract Recently, the term “Industry 4.0” has emerged to characterize several Information Technology and Communication (ICT) adoptions in production processes (e.g., Internet‐of‐Things, implementation of digital production support information technologies). Business Analytics is often used within the Industry 4.0, thus incorporating its data intelligence (e.g., statistical analysis, predictive modelling, optimization) expert system component. In this paper, we perform a Systematic Literature Review (SLR) on the usage of Business Analytics within the Industry 4.0 concept, covering a selection of 169 papers obtained from six major scientific publication sources from 2010 to March 2020. The selected papers were first classified in three major types, namely, Practical Application, Reviews and Framework Proposal. Then, we analysed with more detail the practical application studies which were further divided into three main categories of the Gartner analytical maturity model, Descriptive Analytics, Predictive Analytics and Prescriptive Analytics. In particular, we characterized the distinct analytics studies in terms of the industry application and data context used, impact (in terms of their Technology Readiness Level) and selected data modelling method. Our SLR analysis provides a mapping of how data‐based Industry 4.0 expert systems are currently used, disclosing also research gaps and future research opportunities.",http://hdl.handle.net/1822/73739,
58,"Wang Zhong, Safdar Muhammad, Shaopeng Zhong, Jianrong Liu, Feng Xiao",Public Preferences of Shared Autonomous Vehicles in Developing Countries: A Cross-National Study of Pakistan and China,2021,Journal of Advanced Transportation,Hindawi Publishing Corporation,https://doi.org/10.1155/2021/5141798,,303,2026-05-27 20:41:01,article,10.1155/2021/5141798,0197-6729,,2021,,1,19,58,11.60,12,5,5,"Shared autonomous vehicles (SAVs) are rapidly emerging as a viable alternative form of public transportation with the potential to provide adequate and user-friendly, on-demand services without having vehicle ownership. It has been argued that SAVs could revolutionize transportation systems and our current way of life. Although SAVs are likely to be introduced in developed countries first, there is little doubt that they would also have a significant effect and enormous market in developing nations. This study aimed to investigate the factors that influence public acceptance of SAVs, as well as the current public attitude toward SAVs, in two developing countries, namely, Pakistan and China. A stated preference survey was conducted to understand respondents’ travel patterns, preferences, and sociodemographic data. A total of 910 valid responses were gathered: 551 from Lahore, Pakistan, and 359 from Dalian, China. A multinomial logit model and a mixed multinomial logit model with panel effect were used for data analysis. The results suggested that generic attributes, such as respondents’ waiting time, travel time, and travel cost were found to be significant in both cities. The results indicate that sociodemographic characteristics, such as education, income, travel frequency in a week, and people who had driver’s licenses, are significantly correlated with respondents’ interest in using SAV in Lahore. The results also showed that people who had a private car indicated a greater interest in SAVs in Dalian. The study provides a new perspective to understand the public preferences toward SAVs in developing countries with different economies and cultures, as well as a benchmark for policymakers to make effective policies for the future implementation of SAVs.",https://downloads.hindawi.com/journals/jat/2021/5141798.pdf,
57,"Samira Dibaj, Aryan Hosseinzadeh, Miloš N. Mladenović, Robert Kluger","Where Have Shared E-Scooters Taken Us So Far? A Review of Mobility Patterns, Usage Frequency, and Personas",2021,Sustainability,Multidisciplinary Digital Publishing Institute,https://doi.org/10.3390/su132111792,,311,2026-05-27 20:41:01,review,10.3390/su132111792,2071-1050,,13,21,11792,11792,57,11.40,14,4,5,"The emergence of micromobility services in the form of dockless shared e-scooters has resulted in a wide range of behavioral changes in urban environments. In order to effectively steer these changes towards sustainability targets, the characteristics of e-scooter trips and users’ behaviors should be understood further. However, there is a lack of systematic literature reviews in this domain. To address this gap, we provide a two-fold systematic literature review. The first aspect focuses on the categorization of temporal and spatial patterns of shared e-scooter usage. The second aspect focuses on a deeper understanding of e-scooter users’ behaviors, utilizing the principles of persona design. The analysis of temporal patterns highlights the commonality of midday, evening, and weekend peak usage across cities, while spatial patterns suggest e-scooters are used for traveling to recreational and educational land use, as well as city center areas. The synthesis of findings on users’ behaviors has resulted in six categories, with four user types based on usage frequency (one time, casual, power, and non-adopters), and two motivation-based personas (users who are not satisfied with current mobility options and users who have had positive travel experience from e-scooter usage). The overall findings provide important lessons for evaluating this emerging mobility service, which should be considered for steering its development in public-private stakeholder networks.",https://www.mdpi.com/2071-1050/13/21/11792/pdf?version=1635222097,
56,"Ramesh Subramoniam, Erik Sundin, Suresh Subramoniam, Donald Huisingh",Riding the Digital Product Life Cycle Waves towards a Circular Economy,2021,Sustainability,Multidisciplinary Digital Publishing Institute,https://doi.org/10.3390/su13168960,,316,2026-05-27 20:41:01,article,10.3390/su13168960,2071-1050,,13,16,8960,8960,56,11.20,14,4,5,"Data driven organizations such as Amazon and Uber have raised the capabilities and expectations of customers to a new level by providing faster and cheaper products and services. The reviewed literature documented that 10–15% of the online products are returned and in many cases such products are not shelf-ready due to product obsolescence or slight wear and tear, thereby reducing profits. Many of these products are disposed of in landfills. There were very few publications that documented how integration of digitized product life cycle into the business model improves product returns and the remanufacturing processes. As societies continue on, environmentally responsible, digital journeys with connected devices and people, reverse supply chains and remanufacturing will play increased importance in fulfilling customers expanded expectations. The networks are evolving, wherein, data are collected from all phases of the product lifecycles from design, prototype, manufacturing, usage aftermarket, returns remanufacturing and recycling. The objective of this paper’s authors was to describe how all phases of product life cycles can be digitized to improve global reverse supply chains and remanufacturing. The authors performed a literature review and developed case studies to document current and to predict future transformational waves that will become increasingly used in many industrial sectors. The authors made recommendations about the importance of improved product design, reduced processing costs and increased use of remanufactured products based upon data on returns to manufacturers and service providers. This paper contributes to research by providing a framework of a digitized product life cycle integrated with the business process phases including remanufacturing and supported with real-world case studies for practitioners and academicians. The authors outlined potential future topics for academic researchers and practitioners, for expanding usage of digital tools in real-time predictive analytics to improve remanufacturing system’s efficiency and quality.",https://www.mdpi.com/2071-1050/13/16/8960/pdf?version=1628667459,
56,"Mohit Arora, Stefan Tuchen, Mohsen Nazemi, Luciënne Blessing",Airport pandemic response: An assessment of impacts and strategies after one year with COVID-19,2021,Transportation Research Interdisciplinary Perspectives,Elsevier BV,https://doi.org/10.1016/j.trip.2021.100449,,319,2026-05-27 20:41:01,article,10.1016/j.trip.2021.100449,2590-1982,,11,,100449,100449,56,11.20,14,4,5,"The COVID-19 pandemic has caused an unprecedented crisis for the air transportation industry, affecting millions of aviation users and stakeholders. As the aviation sector has faced disease outbreaks and extreme events before-albeit not at the same scale-and will, in all likelihood, face them again, we provide an assessment in this study that a) gives an overview of the effects of the pandemic, b) categorizes the response mechanisms that were observed, and c) proposes a framework for a coordinated global response to future disease outbreaks. We highlight that of the many lessons, recommendations, and suggestions that emerged during previous outbreaks, few were introduced effectively into civil aviation practices and operations. Based on multiple data sources for passengers, cargo, and flight schedules, we assess the impact of COVID-19 on the global aviation industry and compare the data of some prominent airports to highlight the need for a coordinated response to effectively deal with future disruptions. As global aviation navigates its ongoing recovery, we discuss different responses during the pandemic including guidelines issued by bodies such as the International Civil Aviation Organization (ICAO), operational decisions such as closing terminals, increased cleaning frequencies, and mask mandates etc. We emphasize the need for resilience to accommodate disease outbreaks in future planning, design, and preparedness strategies for airports and airlines. We further argue that the existing civil aviation system needs a coordinated global response mechanism to combat future outbreaks and propose a framework with a threat response matrix to keep aviation safe and operational during future pandemics and mitigate socioeconomic fallout.",https://doi.org/10.1016/j.trip.2021.100449,
55,"Navid Khoshavi, Gabrielle Tristani, Arman Sargolzaei",Blockchain Applications to Improve Operation and Security of Transportation Systems: A Survey,2021,Electronics,Multidisciplinary Digital Publishing Institute,https://doi.org/10.3390/electronics10050629,,324,2026-05-27 20:41:01,article,10.3390/electronics10050629,2079-9292,,10,5,629,629,55,11.00,18,3,5,"Blockchain technology continues to grow and extend into more areas with great success, which highlights the importance of studying the fields that have been, and have yet to be, fundamentally changed by its entrance. In particular, blockchain technology has been shown to be increasingly relevant in the field of transportation systems. More studies continue to be conducted relating to both fields of study and their integration. It is anticipated that their existing relationships will be greatly improved in the near future, as more research is conducted and applications are better understood. Because blockchain technology is still relatively new as compared to older, more well-used methods, many of its future capabilities are still very much unknown. However, before they can be discovered, we need to fully understand past and current developments, as well as expert observations, in applying blockchain technology to the autonomous vehicle field. From an understanding and discussion of the current and potential future capabilities of blockchain technology, as provided through this survey, advancements can be made to create solutions to problems that are inherent in autonomous vehicle systems today. The focus of this paper is mainly on the potential applications of blockchain in the future of transportation systems to be integrated with connected and autonomous vehicles (CAVs) to provide a broad overview on the current related literature and research studies in this field.",https://www.mdpi.com/2079-9292/10/5/629/pdf?version=1615375643,
53,"Terence Fell, Johanna Mattsson",The Role of Public-Private Partnerships in Housing as a Potential Contributor to Sustainable Cities and Communities: A Systematic Review,2021,Sustainability,Multidisciplinary Digital Publishing Institute,https://doi.org/10.3390/su13147783,,356,2026-05-27 20:41:01,review,10.3390/su13147783,2071-1050,,13,14,7783,7783,53,10.60,27,2,5,"Today cities face the increasing negative consequences of the unsustainable course society is set on. Climate change, biodiversity loss and increasing spatial segregation are testament to this. The effects of these issues often exceed the coping capacity of individual urban housing developers. Thus, an antidote to the current neoliberal trend must be found in collaborations such as public-private partnerships (PPP). Here the shortcomings and limitations of PPP and its potential ability to solve the problem of unsustainable urban development are investigated. Using the Doughnut Economics (DE) model as a general guide, a systematic literature review is conducted. The results reveal evidence that PPPs are unjust and exclude local actors from collaborations. Hence, resident participation and inclusion is considered the best strategy for PPP to evolve as a future guarantor of the sustainable city. First, however, major differences in the character of issues that connect the global model of sustainability to the harsh reality of the local context need to be addressed. This gap concerns the city’s social foundation and ecological ceiling. The DE model applied herein is an excellent tool to test the scope and depth of local collaborations such as PPPs and reflect on international treaties such as SDGs.",https://www.mdpi.com/2071-1050/13/14/7783/pdf?version=1626155643,
51,"Tiago Oliveira, Iolanda Barbeitos, Antonela Sofia Cordeiro Calado",The role of intrinsic and extrinsic motivations in sharing economy post-adoption,2021,Information Technology and People,Emerald Publishing Limited,https://doi.org/10.1108/itp-01-2020-0007,,378,2026-05-27 20:41:01,article,10.1108/itp-01-2020-0007,0959-3845,,35,1,165,203,51,10.20,17,3,5,"Purpose The purpose of this paper is to examine use and sharing economy (SE) continuance intention, and the mediation effects of use between individuals' motivations and SE continuance intention. A theoretical model is developed to explain use and SE continuance intention as intrinsic and extrinsic motivated behaviour, as proposed by self-determination theory. Factors are derived from SE context and supported by published research on SE. Design/methodology/approach The partial least squares path modelling (PLS-PM) technique is used to test the model in a quantitative study involving 256 users of SE services. Findings Findings suggest that use and SE continuance can be explained by concurrent intrinsic and extrinsic motivations. Moreover, high environmental concerns may restrain the use of SE services. Findings show that continuance intention is influenced by current use of SE services. Moreover, the study emphasizes the mediation effect of use between intrinsic and extrinsic motivation and SE continuance intention. Research limitations/implications The analysis of use behaviour should be complemented with other measures of use and with data provided by qualitative methods of research. Further research should also consider the effect of different control variables and mediation effects. Practical implications Brand managers and companies providing services through digital platforms should address individuals' needs in order to stimulate voluntary engagement in persistent SE practices. Social implications This study informs the consumer in general so that the SE can develop its potential alongside an economy based on the ownership of private property. Originality/value This study extends findings on continuance intention research by offering internal motivation factors as predictors of post-adoption behaviour and emphasizes the role of use on SE continuance intention.",http://hdl.handle.net/10362/110083,
49,"Tom Storme, Corneel Casier, Hossein Azadi, Frank Witlox",Impact Assessments of New Mobility Services: A Critical Review,2021,Sustainability,Multidisciplinary Digital Publishing Institute,https://doi.org/10.3390/su13063074,,394,2026-05-27 20:41:01,review,10.3390/su13063074,2071-1050,,13,6,3074,3074,49,9.80,12,4,5,"Assessing the impact of new mobility systems (e.g., shared mobility services, mobility as a service (MaaS), and Mobihubs) in urban contexts remains a challenging endeavor due to the varying priorities (social, economic, and environmental) of different stakeholders and restricted and/or limited availability of data. In a broad sense, new mobility services (NMS) can be characterized as a way of optimizing the ownership and use of a variety of mobility resources, tailored to the needs of an entire (urban) community. In this context, providing an up-to-date and critical review on the impact of NMS is the main contribution and added value of this study. To this end, this study presents an in-depth review of NMS and their diverse features (e.g., car sharing, bike sharing, Mobihubs, etc.), as an alternative to privately-owned travel modes. By reviewing more than 100 relevant sources from academic journals (Google Scholar, Science Direct, and Web of Science) and media reports, this study explains the key elements on how to address the impact assessment of NMS in terms of social, environmental, and economic aspects of sustainable mobility services. This study concludes that the implementation of NMS offers the potential to promote efficiency, sustainability, social equity, and quality of life. The main findings of this study serve as a perfect starting point for mobility providers and policymakers who are concerned about the growing demands for clean and green cities.",https://www.mdpi.com/2071-1050/13/6/3074/pdf?version=1615515357,
48,Elisa Arrigo,Digital platforms in fashion rental: a business model analysis,2021,Journal of Fashion Marketing and Management,Emerald Publishing Limited,https://doi.org/10.1108/jfmm-03-2020-0044,,401,2026-05-27 20:41:01,article,10.1108/jfmm-03-2020-0044,1361-2026,,26,1,1,20,48,9.60,48,1,5,"Purpose The purpose of this paper is to explore the key features of fashion rental from a business model perspective with a focus on the role played by digital platforms. Design/methodology/approach A qualitative research design was used based on multiple case studies of three Italian fashion rental enterprises. Findings The findings reveal the key aspects characterizing fashion rental business models and the centrality of digital platforms in value creation, configuration and capture activities. The study also found that fashion rental platforms are likely to exhibit further successful development in the future. Originality/value The academic literature on fashion rental has been mainly focussed on examining consumers' motivations and concerns, paying little attention to the enterprise's viewpoint. To date, no previous study has examined fashion rental business models from the retailer's perspective. This paper is the first to explore the key components of fashion rental business models and how digital platforms influence them from the perspective of retailers. The originality of the study is further strengthened by the unique context of analysis, namely, Italy, a leading country for global fashion.",https://www.emerald.com/insight/content/doi/10.1108/JFMM-03-2020-0044/full/pdf?title=digital-platforms-in-fashion-rental-a-business-model-analysis,
48,"Adriana E. S. Ford, Sandy P. Harrison, Yiannis Kountouris, James Millington, Jayalaxshmi Mistry, Oliver Perkins, Sam S. Rabin, Guillermo Rein, Kate Schreckenberg, Cathy Smith, Thomas E. L. Smith, Kapil Yadav",Modelling Human-Fire Interactions: Combining Alternative Perspectives and Approaches,2021,Frontiers in Environmental Science,Frontiers Media,https://doi.org/10.3389/fenvs.2021.649835,,402,2026-05-27 20:41:01,article,10.3389/fenvs.2021.649835,2296-665X,,9,,,,48,9.60,5,12,5,"Although it has long been recognised that human activities affect fire regimes, the interactions between humans and fire are complex, imperfectly understood, constantly evolving, and lacking any kind of integrative global framework. Many different approaches are used to study human-fire interactions, but in general they have arisen in different disciplinary contexts to address highly specific questions. Models of human-fire interactions range from conceptual local models to numerical global models. However, given that each type of model is highly selective about which aspects of human-fire interactions to include, the insights gained from these models are often limited and contradictory, which can make them a poor basis for developing fire-related policy and management practices. Here, we first review different approaches to modelling human-fire interactions and then discuss ways in which these different approaches could be synthesised to provide a more holistic approach to understanding human-fire interactions. We argue that the theory underpinning many types of models was developed using only limited amounts of data and that, in an increasingly data-rich world, it is important to re-examine model assumptions in a more systematic way. All of the models are designed to have practical outcomes but are necessarily simplifications of reality and as a result of differences in focus, scale and complexity, frequently yield radically different assessments of what might happen. We argue that it should be possible to combine the strengths and benefits of different types of model through enchaining the different models, for example from global down to local scales or vice versa. There are also opportunities for explicit coupling of different kinds of model, for example including agent-based representation of human actions in a global fire model. Finally, we stress the need for co-production of models to ensure that the resulting products serve the widest possible community.",https://www.frontiersin.org/articles/10.3389/fenvs.2021.649835/pdf,
48,"Anam Nawaz Khan, Naeem Iqbal, Rashid Ahmad, Do‐Hyeun Kim",Ensemble Prediction Approach Based on Learning to Statistical Model for Efficient Building Energy Consumption Management,2021,Symmetry,Multidisciplinary Digital Publishing Institute,https://doi.org/10.3390/sym13030405,,404,2026-05-27 20:41:01,article,10.3390/sym13030405,2073-8994,,13,3,405,405,48,9.60,12,4,5,"With the development of modern power systems (smart grid), energy consumption prediction becomes an essential aspect of resource planning and operations. In the last few decades, industrial and commercial buildings have thoroughly been investigated for consumption patterns. However, due to the unavailability of data, the residential buildings could not get much attention. During the last few years, many solutions have been devised for predicting electric consumption; however, it remains a challenging task due to the dynamic nature of residential consumption patterns. Therefore, a more robust solution is required to improve the model performance and achieve a better prediction accuracy. This paper presents an ensemble approach based on learning to a statistical model to predict the short-term energy consumption of a multifamily residential building. Our proposed approach utilizes Long Short-Term Memory (LSTM) and Kalman Filter (KF) to build an ensemble prediction model to predict short term energy demands of multifamily residential buildings. The proposed approach uses real energy data acquired from the multifamily residential building, South Korea. Different statistical measures are used, such as mean absolute error (MAE), root mean square error (RMSE), mean absolute percentage error (MAPE), and R2 score, to evaluate the performance of the proposed approach and compare it with existing models. The experimental results reveal that the proposed approach predicts accurately and outperforms the existing models. Furthermore, a comparative analysis is performed to evaluate and compare the proposed model with conventional machine learning models. The experimental results show the effectiveness and significance of the proposed approach compared to existing energy prediction models. The proposed approach will support energy management to effectively plan and manage the energy supply and demands of multifamily residential buildings.",https://www.mdpi.com/2073-8994/13/3/405/pdf?version=1615532689,
47,"Federico Barravecchia, Fiorenzo Franceschini, Luca Mastrogiacomo, Mohamed Zaki",Research on product-service systems: topic landscape and future trends,2021,Journal of Manufacturing Technology Management,Emerald Publishing Limited,https://doi.org/10.1108/jmtm-04-2020-0164,,412,2026-05-27 20:41:01,article,10.1108/jmtm-04-2020-0164,1741-038X,,32,9,208,238,47,9.40,12,4,5,"Purpose The paper attempts to address the following research questions (RQs): RQ1: What are the main research topics within PSS research? RQ2: What are future trends for PSS research? Design/methodology/approach Twenty years of research (1999–2018) on product-service systems (PSS) produced a significant amount of scientific literature on the topic. As the PSS field is relatively new and fragmented across different disciplines, a review of the prior and relevant literature is important in order to provide the necessary framework for understanding current developments and future perspectives. This paper aims to review and organize research contributions regarding PSS. A machine-learning algorithm, namely Latent Dirichlet Allocation, has been applied to the whole literature corpus on PSS in order to understand its structure. Findings The adopted approach resulted in the definition of eight distinct and representative topics able to deal adequately with the multidisciplinarity of the PSS. Furthermore, a systematic review of the literature is proposed to summarize the state-of-the-art and limitations in the identified PSS research topics. Based on this critical analysis, major gaps and future research challenges are presented and discussed. Originality/value On the basis of the results of the topic landscape, the paper presents some potential research opportunities on PSSs. In particular, challenges, transversal to the eight research topics and related to recent technology trends and digital transformation, have been discussed.",https://www.emerald.com/insight/content/doi/10.1108/JMTM-04-2020-0164/full/pdf?title=research-on-product-service-systems-topic-landscape-and-future-trends,
46,"Sonia Herrero-Luna, Marta Ferrer‐Serrano, María Pilar Latorre Martínez",Circular Economy and Innovation: A Systematic Literature Review,2021,Central European Business Review,Prague University of Economics and Business,https://doi.org/10.18267/j.cebr.275,,429,2026-05-27 20:41:01,article,10.18267/j.cebr.275,1805-4854,,11,1,65,84,46,9.20,15,3,5,"The circular economy is presented as the sustainable solution as opposed to the current linear model of production and resource management, whose effects impact negatively on the economic, social and environmental dimensions. Through a systematic review of the literature, this article aims to unify and to uncover the available evidence on innovation in relation to the circular economy and to determine those aspects that remain unexplored or should be studied in more depth in order to be able to continue to make progress in this field. Thus, it was found that although the circular economy is at an early stage of implementation, both its benefits and drivers as well as its challenges and barriers to implementation have already been investigated. More importantly, it was found that ecological innovations, which reduce the environmental impact of production and consumption activities, are necessary for the research of new business models and new ways of operating in supply chains that allow closing the circle and taking advantage of all the waste, such as the system of products and services, dynamic capabilities, 3D printing, the biography of the product and the software recycling. To achieve this goal, the evidence shows that it is mandatory to raise awareness of the situation, especially through marketing actions, as well as for companies, including SMEs, to be willing to act together and to align their interests. Implications for Central European audience: The United Nations 2030 Agenda includes 17 Sustainable Development Goals (SDGs), according to which countries should implement the circular economy in order to move towards greater sustainability. In this context, European Union is key for this development, as it is one of the world&#8217;s major power. This article aims to unify and uncover the available evidence on innovation in relation to the circular economy and to determine those aspects that remain unexplored or should be studied in more depth. By doing so, it will be able to continue to make progress in the framework of the circular economy, enabling the achievement of the ODS. In addition, the majority of the articles reviewed take place in Europe.",http://cebr.vse.cz/doi/10.18267/j.cebr.275.pdf,
43,"Mohamad Amir Merhabi, Panagiotis Petridis, Rushana Khusainova",Gamification for Brand Value Co-Creation: A Systematic Literature Review,2021,Information,Multidisciplinary Digital Publishing Institute,https://doi.org/10.3390/info12090345,,464,2026-05-27 20:41:01,article,10.3390/info12090345,2078-2489,,12,9,345,345,43,8.60,14,3,5,"Gamification, commonly defined as the use of game elements in non-game contexts, is a relatively novel term, yet it has been gaining popularity across a wide range of academic and industrial disciplines. In the marketing field, companies are increasingly gamifying their mobile apps and online platforms to enrich their customers’ digital experiences. Whilst there has been a number of systematic studies examining the influence of gamification on user engagement across different fields, none has reviewed its role in brand value co-creation. Following a systematic literature review procedure via the online research platform EBSCOhost, this paper is the first to survey a set of empirical studies examining the role and impact of gamification on brand value co-creation. A final pool of 32 empirical studies implies the existence of four types of activities that are co-created by online users and positively influenced by gamification, namely: customer service, insights sharing, word-of-mouth, and random task. Moreover, this paper highlights the major game dynamics driving these activities, the key findings of each of the covered studies and their main theoretical underpinnings. Lastly, a set of noteworthy research directions for future related studies are suggested, comprising the exploration of novel game elements, and new co-creation activities related to corporate social responsibilities and physical commercial operations.",https://www.mdpi.com/2078-2489/12/9/345/pdf?version=1629975843,
41,"Hasan Mahmud, Joyashree Roy",Barriers to Overcome in Accelerating Renewable Energy Penetration in Bangladesh,2021,Sustainability,Multidisciplinary Digital Publishing Institute,https://doi.org/10.3390/su13147694,,493,2026-05-27 20:41:01,article,10.3390/su13147694,2071-1050,,13,14,7694,7694,41,8.20,21,2,5,"In the context of the global need for the accelerated penetration of renewable sources in the energy mix, it is important to understand how fast-growing countries such as Bangladesh can participate in the global process by sequencing or combining actions to overcome multiple national-level barriers. This study analyzed how national-level barriers interact with one another with a view to better understanding in what order they can be approached in order to overcome them. Interpretive structural modeling was applied for the identification of the interactions among the barriers. The barriers identified from a context-relevant literature survey were cross-validated through in-country expert consultation. Policy makers and the research community were consulted using unstructured as well as structured questionnaire survey methods. The cross-impact matrix multiplication applied to the classification method was used to validate the interactions identified. The results indicated that it is possible to follow a systematic approach to overcome the barriers. The findings show that the highest priority is the need to revisit the current top-down process in policy and governance in the energy sector in Bangladesh. By making room for new institutional arrangements and the strategic role of local experts, stakeholders such as manufacturers, businesses, and users can create a sociopolitical environment that makes it possible to break the current inter-linked chain of barriers. Revisiting the current fuel-specific design and allocation of subsidies and the tariff structure is necessary. Simultaneous supplementary efforts towards human capacity building, the creation of a database for both the demand and supply sides of renewable energy, and improvement in coordination across institutions could be helpful. There is a need for the development of a technology-specific research and development infrastructure to encourage local innovation and business model development. Attention needs to be paid to raising scientifically informed public awareness for the uptake of renewable energy in Bangladesh.",https://www.mdpi.com/2071-1050/13/14/7694/pdf?version=1626056486,
40,"Xueqing Yang, Liu Yang, Daniela Thrän, Alberto Bezama, Mei Wang","Effects of the German Renewable Energy Sources Act and environmental, social and economic factors on biogas plant adoption and agricultural land use change",2021,Energy Sustainability and Society,Springer Nature,https://doi.org/10.1186/s13705-021-00282-9,,505,2026-05-27 20:41:01,article,10.1186/s13705-021-00282-9,2192-0567,,11,1,,,40,8.00,8,5,5,"Abstract Background The German energy transition strategy calls for a reform of the German energy sector. As a result, the German Renewable Energy Sources Act (EEG) passed in 2000 is widely regarded as successful legislation for promoting bioenergy development. More than 1000 biogas plants were constructed in Central Germany (CG) between 2000 and 2014. Despite this, few studies have been conducted for this period, which systematically investigate how environmental, social and economic factors, as well as various EEG amendments have impacted biogas production or what the environmental consequences of biogas production development in CG have been. Methods The impacts of environmental, social and economic factors and different EEG amendments on biogas production decisions in CG were quantified using a multivariate linear regression model and the event study econometric technique. A GIS-based spatial analysis was also conducted to provide insight into the changes to agricultural land use that resulted from the development of biogas plants during the EEG period. Results The main finding was that the income diversification effect resulting from biogas production was the most important factor in a farmer’s decision to adopt biogas production. In addition, all of the EEG amendments had a significant influence on the adoption of biogas production; however, EEG III and IV, which tried to promote small-scale plants, were unable to reduce the average size of the plants constructed in these two amendment periods. From a landscape perspective, there was a striking increase in the cultivation of silage maize in CG from 2000 to 2014. Silage maize was intensively cultivated in regions with a high installed biogas plant capacity. Since the first EEG amendment, permanent grassland area slightly increased while arable land area declined in CG. Conclusions The adoption of biogas production in CG was strongly driven by economic incentives for the farmers, more precisely, by the incentive to diversify their income sources. In addition to increase the subsidy, future EEG amendments should find new measures to encourage the adoption of small-scale biogas plants, which had been unsuccessful in EEG amendments III and IV.",https://energsustainsoc.biomedcentral.com/counter/pdf/10.1186/s13705-021-00282-9,
37,"Hannah Budnitz, Emmanouil Tranos",Working from Home and Digital Divides: Resilience during the Pandemic,2021,Annals of the American Association of Geographers,Taylor & Francis,https://doi.org/10.1080/24694452.2021.1939647,,560,2026-05-27 20:41:01,article,10.1080/24694452.2021.1939647,2469-4452,,112,4,893,913,37,7.40,19,2,5,"This article offers a new perspective on telecommuting from the viewpoint of the complex web of digital divides. Using the United Kingdom as a case study, this article studies how the quality and reliability of Internet services, as reflected in experienced Internet upload speeds during the spring 2020 lockdown, might reinforce or redress the spatial and social dimensions of digital divisions. Fast, reliable Internet connections are necessary for the population to be able to work from home. Although not every place hosts individuals in occupations that allow for telecommuting or with the necessary skills to effectively use the Internet to telecommute, good Internet connectivity is also essential to local economic resilience in a period like the current pandemic. Employing data on individual broadband speed tests and state-of-the-art time series clustering methods, we create clusters of UK local authorities with similar temporal signatures of experienced upload speeds. We then associate these clusters of local authorities with their socioeconomic and geographic characteristics to explore how they overlap with or diverge from the existing economic and digital geography of the United Kingdom. Our analysis enables us to better understand how the spatial and social distributions of both occupations and online accessibility intersect to enable or hinder the practice of telecommuting at a time of extreme demand.",https://www.tandfonline.com/doi/pdf/10.1080/24694452.2021.1939647?needAccess=true,
37,"Hyunjun Jung, Dongwon Jeong",Blockchain Implementation Method for Interoperability between CBDCs,2021,Future Internet,Multidisciplinary Digital Publishing Institute,https://doi.org/10.3390/fi13050133,,571,2026-05-27 20:41:01,article,10.3390/fi13050133,1999-5903,,13,5,133,133,37,7.40,19,2,5,"Central Bank Digital Currency (CBDC) is a digital currency issued by a central bank. Motivated by the financial crisis and prospect of a cashless society, countries are researching CBDC. Recently, global consideration has been given to paying basic income to avoid consumer sentiment shrinkage and recession due to epidemics. CBDC is coming into the spotlight as the way to manage the public finance policy of nations comprehensively. CBDC is studied by many countries. The bank of the Bahamas released Sand Dollar. Each country’s central bank should consider the situation in which CBDCs are exchanged. The transaction of the CDDB is open data. Transaction registers CBDC exchange information of the central bank in the blockchain. Open data on currency exchange between countries will provide information on the flow of money between countries. This paper proposes a blockchain system and management method based on the ISO/IEC 11179 metadata registry for exchange between CBDCs that records transactions between registered CBDCs. Each country’s CBDC will have a different implementation and time of publication. We implement the blockchain system and experiment with the operation method, measuring the block generation time of blockchains using the proposed method.",https://www.mdpi.com/1999-5903/13/5/133/pdf?version=1621322742,
35,Marie Segrave,Temporary Migration and Family Violence: How Perpetrators Weaponise Borders,2021,International Journal for Crime Justice and Social Democracy,Queensland University of Technology,https://doi.org/10.5204/ijcjsd.1995,,608,2026-05-27 20:41:01,article,10.5204/ijcjsd.1995,2202-7998,,10,4,26,38,35,7.00,35,1,5,"This paper explores the implications of domestic and family violence occurring across borders, specifically the utilisation of border crossings to exert control and enact violence. While gendered violence can and does occur in border-crossing journeys, this paper focuses more specifically on how domestic and family violence extends across national borders and how violence (or the threat of violence and deportation) can manifest across multiple countries when women are temporary visa holders. This paper illuminates the way in which migration systems play a significant role in temporary migrant experiences of domestic and family violence. Drawing on a study of 300 temporary migrants and their experiences of domestic and family violence, I argue that perpetrators effectively weaponise the migration system to threaten, coerce and control women in different ways, most often with impunity. I also argue that we cannot focus on perpetrators and the individual alone—that we need to build on the border criminology scholarship that highlights the need to focus on systemic harm in the context of domestic and family violence and identify how the migration regime contributes to gendered violence.",https://www.crimejusticejournal.com/article/download/1995/1163,
35,"Pedro Martins, Sérgio Ivan Lopes, António Miguel Rosado da Cruz, António Curado",Towards a Smart &amp; Sustainable Campus: An Application-Oriented Architecture to Streamline Digitization and Strengthen Sustainability in Academia,2021,Sustainability,Multidisciplinary Digital Publishing Institute,https://doi.org/10.3390/su13063189,,615,2026-05-27 20:41:01,article,10.3390/su13063189,2071-1050,,13,6,3189,3189,35,7.00,9,4,5,"The concept of the Internet of Things (IoT) has been a recurrent view of the physical technological environment, in the light of which it is expected that everyday artifacts are connected, enhancing the availability and ubiquity of “smart” services. Higher education institutions can be seen as a privileged ecosystem for the development of intelligent and smart solutions, due to its dynamic and everyday changing environment, which includes not only physical infrastructures, digital services, but also people, i.e., students, researchers, lecturers, and staff. This work introduces an Application-oriented Architecture-AoA that has been designed to streamline the design and development of “smart” solutions inside the campus, by focusing on the Application side and reshaping the concept of “service” to a piece of “functionality” with a clear and objective purpose, rather than the classic and conventional approach, more focused on the development or technical sides. The proposed approach provides the mechanism to have multiple applications interacting and sharing data and functionalities, ensuring coexistence between new and legacy systems that are in use on the campus, removing the major drawbacks that basic monolithic applications typically require. The generic AoA model is described and the procedure to create a new application is systematized. Lastly, three case studies (RnMonitor, Refill_H2O, and BiRa) are presented end elaborated using the AoA procedure designed to create a new application.",https://www.mdpi.com/2071-1050/13/6/3189/pdf?version=1615790717,
35,"Ciara Keenan, Sarah Miller, Jennifer Hanratty, Terri Pigott, Jayne Hamilton, Christopher Coughlan, Peter Mackie, Suzanne Fitzpatrick, John Cowman","Accommodation‐based interventions for individuals experiencing, or at risk of experiencing, homelessness",2021,Campbell Systematic Reviews,The Campbell Collaboration,https://doi.org/10.1002/cl2.1165,,619,2026-05-27 20:41:01,review,10.1002/cl2.1165,1891-1803,,17,2,,,35,7.00,4,9,5,"Background: Globally, almost 1.6 billion individuals lack adequate housing. Many accommodation-based approaches have evolved across the globe to incorporate additional support and services beyond delivery of housing. Objectives: This review examines the effectiveness of accommodation-based approaches on outcomes including housing stability, health, employment, crime, wellbeing, and cost for individuals experiencing or at risk of experiencing homelessness. Search Methods: The systematic review is based on evidence already identified in two existing EGMs commissioned by the Centre for Homelessness Impact (CHI) and built by White et al. The maps were constructed using a comprehensive three stage search and mapping process. Stage one mapped included studies in an existing systematic review on homelessness, stage two was an extensive search of 17 academic databases, three EGM databases, and eight systematic review databases. Finally stage three included web searches for grey literature, scanning reference lists of included studies and consultation with experts to identify additional literature. We identified 223 unique studies across 551 articles from the effectiveness map on 12th April 2019. Selection Criteria: We include research on all individuals currently experiencing, or at risk of experiencing homelessness irrespective of age or gender, in high-income countries. The Network Meta-Analysis (NMA) contains all study designs where a comparison group was used. This includes randomised controlled trials (RCTs), quasi-experimental designs, matched comparisons and other study designs that attempt to isolate the impact of the intervention on homelessness. The NMA primarily addresses how interventions can reduce homelessness and increase housing stability for those individuals experiencing, or at risk of experiencing, homelessness. Additional outcomes are examined and narratively described. These include: access to mainstream healthcare; crime and justice; employment and income; capabilities and wellbeing; and cost of intervention. These outcomes reflect the domains used in the EGM, with the addition of cost. Data Collection and Analysis: Due to the diverse nature of the literature on accommodation-based approaches, the way in which the approaches are implemented in practice, and the disordered descriptions of the categories, the review team created a novel typology to allow meaningful categorisations for functional and useful comparison between the various intervention types. Once these eligible categories were identified, we undertook dual data extraction, where two authors completed data extraction and risk of bias (ROB) assessments independently for each study. NMA was conducted across outcomes related to housing stability and health.Qualitative data from process evaluations is included using a ""Best Fit"" Framework synthesis. The purpose of this synthesis is to complement the quantitative evidence and provide a better understanding of what factors influenced programme effectiveness. All included Qualitative data followed the initial framework provided by the five main analytical categories of factors of influence (reflected in the EGM), namely: contextual factors, policy makers/funders, programme administrators/managers/implementing agencies, staff/case workers and recipients of the programme. Main Results: There was a total of 13,128 people included in the review, across 51 reports of 28 studies. Most of the included studies were carried out in the United States of America (25/28), with other locations including Canada and the UK. Sixteen studies were RCTs (57%) and 12 were nonrandomised (quasi-experimental) designs (43%). Assessment of methodological quality and potential for bias was conducted using the second version of the Cochrane Risk of Bias tool for Randomised controlled trials. Nonrandomised studies were coded using the ROBINS- I tool. Out of the 28 studies, three had sufficiently low ROB (11%), 11 (39%) had moderate ROB, and five (18%) presented serious problems with ROB, and nine (32%) demonstrated high, critical problems with their methodology. A NMA on housing stability outcomes demonstrates that interventions offering the highest levels of support alongside unconditional accommodation (High/Unconditional) were more effective in improving housing stability compared to basic support alongside unconditional housing (Basic/Unconditional) (ES=1.10, 95% confidence interval [CI] [0.39, 1.82]), and in comparison to a no-intervention control group (ES=0.62, 95% CI [0.19, 1.06]). A second NMA on health outcomes demonstrates that interventions categorised as offering Moderate/Conditional (ES= 0.36, 95% CI [0.03, 0.69]) and High/Unconditional (ES = 0.22, 95% CI [0.01, 0.43]) support were effective in improving health outcomes compared to no intervention. These effects were smaller than those observed for housing stability. The quality of the evidence was relatively low but varied across the 28 included studies. Depending on the context, finding accommodation for those who need it can be hindered by supply and affordability in the market. The social welfare approach in each jurisdiction can impact heavily on support available and can influence some of the prejudice and stigma surrounding homelessness. The evaluations emphasised the need for collaboration and a shared commitment between policymakers, funders and practitioners which creates community and buy in across sectors and agencies. However, co-ordinating this is difficult and requires sustainability to work. For those implementing programmes, it was important to invest time in developing a culture together to build trust and solid relationships. Additionally, identifying sufficient resources and appropriate referral routes allows for better implementation planning. Involving staff and case workers in creating processes helps drive enthusiasm and energy for the service. Time should be allocated for staff to develop key skills and communicate engage effectively with service users. Finally, staff need time to develop trust and relationships with service users; this goes hand in hand with providing information that is up to date and useful as well making themselves accessible in terms of location and time. Authors' Conclusions: The network meta-analysis suggests that all types of accommodation which provided support are more effective than no intervention or Basic/Unconditional accommodation in terms of housing stability and health. The qualitative evidence synthesis raised a primary issue in relation to context: which was the lack of stable, affordable accommodation and the variability in the rental market, such that actually sourcing accommodation to provide for individuals who are homeless is extremely challenging. Collaboration between stakeholders and practitioners can be fruitful but difficult to coordinate across different agencies and organisations.",https://onlinelibrary.wiley.com/doi/pdfdirect/10.1002/cl2.1165,
34,"Sofia Biffi, Rebecca Traldi, Bart Crezee, Michael Beckmann, Lukas Egli, Dietrich J. Epp Schmidt, Nicole Motzer, Murat Okumah, Ralf Seppelt, Eleonore Louise Slabbert, Kate Tiedeman, Haoluan Wang, Guy Ziv",Aligning agri-environmental subsidies and environmental needs: a comparative analysis between the US and EU,2021,Environmental Research Letters,IOP Publishing,https://doi.org/10.1088/1748-9326/abfa4e,,645,2026-05-27 20:41:01,article,10.1088/1748-9326/abfa4e,1748-9326,,16,5,22583,22583,34,6.80,3,13,5,"Abstract The global recognition of modern agricultural practices’ impact on the environment has fuelled policy responses to ameliorate environmental degradation in agricultural landscapes. In the US and the EU, agri-environmental subsidies (AES) promote widespread adoption of sustainable practices by compensating farmers who voluntarily implement them on working farmland. Previous studies, however, have suggested limitations of their spatial targeting, with funds not allocated towards areas of the greatest environmental need. We analysed AES in the US and EU—specifically through the Environmental Quality Incentives Program (EQIP) and selected measures of the European Agricultural Fund for Rural Development (EAFRD)—to identify if AES are going where they are most needed to achieve environmental goals, using a set of environmental need indicators, socio-economic variables moderating allocation patterns, and contextual variables describing agricultural systems. Using linear mixed models and linear models we explored the associations among AES allocation and these predictors at different scales. We found that higher AES spending was associated with areas of low soil organic carbon and high greenhouse gas emissions both in the US and EU, and nitrogen surplus in the EU. More so than successes, however, clear mismatches of funding and environmental need emerged—AES allocation did not successfully target areas of highest water stress, biodiversity loss, soil erosion, and nutrient runoff. Socio-economic and agricultural context variables may explain some of these mismatches; we show that AES were allocated to areas with higher proportions of female producers in the EU but not in the US, where funds were directed towards areas with less tenant farmers. Moreover, we suggest that the potential for AES to remediate environmental issues may be curtailed by limited participation in intensive agricultural landscapes. These findings can help inform refinements to EQIP and EAFRD allocation mechanisms and identify opportunities for improving future targeting of AES spending.",https://iopscience.iop.org/article/10.1088/1748-9326/abfa4e/pdf,
33,"Αλέξανδρος Νίκας, Georgios Xexakis, Konstantinos Koasidis, José Acosta‐Fernández, Iñaki Arto, Alvaro Calzadilla, Teresa Doménech, Ajay Gambhir, Stefan Giljum, Mikel González‐Eguino, Andrea Herbst, Olga Ivanova, Mariësse A.E. van Sluisveld, Dirk-Jan Van de Ven, Anastasios Karamaneas, Haris Doukas",Coupling circularity performance and climate action: From disciplinary silos to transdisciplinary modelling science,2021,Sustainable Production and Consumption,Elsevier BV,https://doi.org/10.1016/j.spc.2021.12.011,,663,2026-05-27 20:41:01,article,10.1016/j.spc.2021.12.011,2352-5509,,30,,269,277,33,6.60,3,16,5,"Technological breakthroughs and policy measures targeting energy efficiency and clean energy alone will not suffice to deliver Paris Agreement-compliant greenhouse gas emissions trajectories in the next decades. Strong cases have recently been made for acknowledging the decarbonisation potential lying in transforming linear economic models into closed-loop industrial ecosystems and in shifting lifestyle patterns towards this direction. This perspective highlights the research capacity needed to inform on the role and potential of the circular economy for climate change mitigation and to enhance the scientific capabilities to quantitatively explore their synergies and trade-offs. This begins with establishing conceptual and methodological bridges amongst the relevant and currently fragmented research communities, thereby allowing an interdisciplinary integration and assessment of circularity, decarbonisation, and sustainable development. Following similar calls for science in support of climate action, a transdisciplinary scientific agenda is needed to co-create the goals and scientific processes underpinning the transition pathways towards a circular, net-zero economy with representatives from policy, industry, and civil society. Here, it is argued that such integration of disciplines, methods, and communities can then lead to new and/or structurally enhanced quantitative systems models that better represent critical industrial value chains, consumption patterns, and mitigation technologies. This will be a crucial advancement towards assessing the material implications of, and the contribution of enhanced circularity performance to, mitigation pathways that are compatible with the temperature goals of the Paris Agreement and the transition to a circular economy.",https://doi.org/10.1016/j.spc.2021.12.011,
32,"Martin Husovec, João Pedro Quintais",How to License Article 17? Exploring the Implementation Options for the New EU Rules on Content-Sharing Platforms under the Copyright in the Digital Single Market Directive,2021,GRUR International,Oxford University Press,https://doi.org/10.1093/grurint/ikaa200,,679,2026-05-27 20:41:01,article,10.1093/grurint/ikaa200,2632-8550,,70,4,325,348,32,6.40,16,2,5,"Abstract Article 17 of the Copyright in the Digital Single Market Directive is a major internet policy experiment of our decade. The provision fundamentally changes copyright regulation of certain digital platforms. However, the precise nature of Art. 17 is far from clear. How does it fit the existing structure of EU copyright law and doctrine? How can the Member States implement it? These are the questions at the heart of this article. To answer them, we start by examining the nature and structure of the right prescribed in Art. 17. The exact qualification brings important legal consequences. Among others, it determines the conditions imposed by EU and international law on national implementations. After reviewing different interpretation options, we conclude that Art. 17 introduces either a ‘special’ or a ‘new’ sui generis right, both of which allow significant margin of discretion for Member States, especially as regards licensing mechanisms and exceptions.",,
31,"Sensen Guo, Jinxiong Zhao, Xiaoyu Li, Junhong Duan, Dejun Mu, Xiao Jing",A Black-Box Attack Method against Machine-Learning-Based Anomaly Network Flow Detection Models,2021,Security and Communication Networks,Hindawi Publishing Corporation,https://doi.org/10.1155/2021/5578335,,697,2026-05-27 20:41:01,article,10.1155/2021/5578335,1939-0114,,2021,,1,13,31,6.20,5,6,5,"In recent years, machine learning has made tremendous progress in the fields of computer vision, natural language processing, and cybersecurity; however, we cannot ignore that machine learning models are vulnerable to adversarial examples, with some minor malicious input modifications, while appearing unmodified to human observers, the outputs of machine learning-based model can be misled easily. Likewise, attackers can bypass machine-learning-based security defenses model to attack systems in real time by generating adversarial examples. In this paper, we propose a black-box attack method against machine-learning-based anomaly network flow detection algorithms. Our attack strategy consists in training another model to substitute for the target machine learning model. Based on the overall understanding of the substitute model and the migration of the adversarial examples, we use the substitute model to craft adversarial examples. The experiment has shown that our method can attack the target model effectively. We attack several kinds of network flow detection models, which are based on different kinds of machine learning methods, and we find that the adversarial examples crafted by our method can bypass the detection of the target model with high probability.",https://downloads.hindawi.com/journals/scn/2021/5578335.pdf,
31,"Dominique Gruyer, Olivier Orfila, Sébastien Glaser, Abdelmename Hedhli, Nicolas Hautière, Andry Rakotonirainy","Are Connected and Automated Vehicles the Silver Bullet for Future Transportation Challenges? Benefits and Weaknesses on Safety, Consumption, and Traffic Congestion",2021,Frontiers in Sustainable Cities,Frontiers Media,https://doi.org/10.3389/frsc.2020.607054,,724,2026-05-27 20:41:01,article,10.3389/frsc.2020.607054,2624-9634,,2,,,,31,6.20,5,6,5,"With the growing development of Cooperative, Connected, and Automated Mobility (CCAM), questions arise about the real impact of this innovative mobility on our daily life. CCAM originally promised to improve road safety. It is now a holistic solution for future mobility: the CCAM is there to optimize traffic, which can translate into strategies for reducing energy consumption or polluting emissions, without compromising road safety. The capability of CCAM is dependent on the reliability and robustness of its components, as it will be making life-impacting decisions. It is therefore necessary to be able to guarantee a high-level quality of sensors, communication, software, and hardware architecture. In this mobility ecosystem, the infrastructure and data that it will be able to produce is at the heart of current research issues. This paper addresses the following question: Are the Connected and automated Vehicles (CAVs) the silver bullet solution with which to answer the issues of the current mobility systems? This question is discussed by investigating the technologies used, the digital infrastructures, its robustness to cyber-attack, and their relationship with the claimed benefits on safety, energy and pollution management, traffic optimization, deployment strategy, and a link with the new generation of road infrastructures.",https://www.frontiersin.org/articles/10.3389/frsc.2020.607054/pdf,
30,"Katarzyna Turoń, N Andryeyeva, O Nikishyna, B Burkinskyi, N Khumarova, O Laiko, H Tiutiunnyk, M Bala, H Becker, F Ciari, K Axhausen, Z Bednarska, C Benevolo, R Dameri, B & D'auria, A Bieszczat, J Schwieterman, R Carmen, L Alaerts, K Bachus, D Chapman, J Eyckmans, K Van Acker, L Van Ootegem, S Rousseau, N Cass, E Shove, J Urry, R Cervero, R Cervero, Y Tsai, R Cervero, K Chatterjee, G Andrews, M Ricci, G Parkhurst, A Church, M Frost, K Sullivan, M Doherty, F Sparrow, K Sinha, F Ferrero, G Perboli, M Rosano, M Vesco, J Firkorn, M Mller, B Hartl, T Sabitzer, E Hofmann, E &penz, L Hofferth, J Jimenez, S Kenyon, G Lyons, J Rafferty, K Kiecolt, L Nathan, R Mackett, R Thoreau, T Meelen, K Frenken, S Hobrink, P Midgley, J Preston, F Raj, V Roblek, M Meko, I Podbregar, G Tchorek, F Targowski, P Krzewicki, W Kozio, S Wjtowicz, A Tuominen, A Rehunen, J Peltomaa, K Mkinen",,2021,Journal of Entrepreneurship and Sustainability Issues,,https://doi.org/10.9770/jesi.2021.9.1,,731,2026-05-27 20:41:01,paratext,10.9770/jesi.2021.9.1,2345-0282,,9,1,,,30,6.00,3,79,5,"Currently, increasingly car-sharing systems are implemented in the area of urban transport systems.This type of development brings many benefits to cities and operators providing services, but above all, following the principles of sustainable development, it should improve society's quality of life.With this in mind, it is particularly important to monitor users' opinions on the services offered and take into account the problems and complaints reported by them.Monitoring opinions on services may contribute to the improvement of the quality of services, but most of all contribute to eliminating transport barriers related to the use of car-sharing services.This study aimed to identify transport barriers, accessibility issues, and transport social exclusion reported by users of car-sharing services.The purpose is to present the phenomenon of social exclusion in car-sharing services based on the Church's conceptual framework.The article identifies seven main categories of social exclusion, including economic, physical, geographic, spatial, fear-based, time-based, and facility-access barriers related to the use of car-sharing services.Moreover, the article includes presentation of remedial measures limiting the phenomenon of transport, social exclusion and barriers, consistent with the principles of sustainable development.The article supports operators who want to create services better suited to the needs of the society.It is also a response to a research gap dedicated to transportation social exclusion and aspects of responsible business in the car-sharing industry.The work supports eliminating the phenomenon of social exclusion and the pursuit of creating socially and environmentally responsible car-sharing services.",https://jssidoi.org/jesi/article/download/854,
30,"Xueping Cong, Xueming Li, Yilu Gong",Spatiotemporal Evolution and Driving Forces of Sustainable Development of Urban Human Settlements in China for SDGs,2021,Land,Multidisciplinary Digital Publishing Institute,https://doi.org/10.3390/land10090993,,736,2026-05-27 20:41:01,article,10.3390/land10090993,2073-445X,,10,9,993,993,30,6.00,10,3,5,"As the world’s largest developing country, China has actively implemented the UN Sustainable Development Goals (SDGs). Sustainable development of urban human settlements is the result of localization and the deepening of sustainable development theory in China. This study combines SDGs to construct an evaluation index system for the sustainable development of urban human settlements in China, using optimization methods, such as natural breaks (Jenks), exploratory spatial data analysis, and GeoDetector, to conduct systematic research on the spatiotemporal evolution of the current sustainable development level and analyze the core driving forces of urban human settlements in 285 prefecture-level cities in China from 2000 to 2019. Our study revealed that: (1) The overall sustainable development level of urban human settlements and their subsystems in China has improved steadily, but the levels of subsystems are quite different; (2) the sustainable development level of the urban human settlements in China can be expressed as a spatial pattern of “high in the east and low in the west, high in the south and low in the north” and has relatively significant spatial correlation characteristics; notably, the development level of each subsystem has different spatial characteristics; (3) the sustainable development level of urban human settlements is mainly based on medium sustainability, and the main development model is to progress from a medium-low development level to a medium-high development level; (4) the sustainable development level of urban human settlements is mainly driven by the per capita gross domestic product (GDP), housing price-to-income ratio, investment in education and scientific research, Internet penetration, and PM2.5.",https://www.mdpi.com/2073-445X/10/9/993/pdf?version=1632385600,
29,"Dimitra Zacharopoulou, Andriani Skopeliti, Byron Nakos",Assessment and Visualization of OSM Consistency for European Cities,2021,ISPRS International Journal of Geo-Information,Multidisciplinary Digital Publishing Institute,https://doi.org/10.3390/ijgi10060361,,763,2026-05-27 20:41:01,article,10.3390/ijgi10060361,2220-9964,,10,6,361,361,29,5.80,10,3,5,"Volunteered Geographic Information (VGI) is a widely used data source in various fields and services, such as environmental monitoring, disaster and crisis management, SDI, and mapping. Quality is a critical factor for the usability of VGI. This study focuses on evaluating logical consistency based on the topological relationships between geographic features while considering semantics. It addresses internal (i.e., between thematic layers) and external (i.e., between specific features from different thematic layers) logical consistency. Attribute completeness is computed to support the use of semantics. A tool for assessing the consistency and attribute completeness is designed and implemented in the ArcGIS environment. An open-source web mapping application informs users about VGI consistency with multiscale visualization and indices. Data from OpenStreetMap (OSM), one of the most popular collaborative projects, are evaluated for six European cities: Athens, Berlin, Paris, Utrecht, Vienna, and Zurich. The case study uses OSM-derived data, downloaded from Geofabrik and organized into thematic layers. OSM’s consistency is evaluated and visualized at the regional, city, and feature levels. The results are discussed and conclusions on attribute completeness and consistency are derived.",https://www.mdpi.com/2220-9964/10/6/361/pdf?version=1622511404,
29,"Hanbing Yang, Meichen Fu, Li Wang, Feng Tang",Mixed Land Use Evaluation and Its Impact on Housing Prices in Beijing Based on Multi-Source Big Data,2021,Land,Multidisciplinary Digital Publishing Institute,https://doi.org/10.3390/land10101103,,766,2026-05-27 20:41:01,article,10.3390/land10101103,2073-445X,,10,10,1103,1103,29,5.80,7,4,5,"The tense relationship between the supply and demand of land resources and the past spatial expansion of urban development in Beijing have brought many urban problems. Mixed land use is considered to be able to solve these urban problems as well as promote sustainable urban development. In this context, this study uses multi-source big data such as POI, OpenStreetMap and web crawler data to construct current land-use data of the area within the sixth ring road of Beijing, and then uses the entropy index and type number index to analyze the spatial distribution and aggregation characteristics of the mixed land-use level. Finally, a multi-scale geographically weighted regression is applied to explore the impact of the block and life circle scale mixed land use on housing prices. The results show that: (1) the accuracy of land use data obtained by using multi-source big data is high, and the consistency with the real land use situation is as high as 82.67%. (2) the mixed land use level in the study area is higher in the urban center and lower in the periphery of the city. However, it does not show the spatial distribution characteristics gradually decreasing with the increase of the distance from the urban center but shows that the area from the third to the fifth ring road is the highest. (3) the impact of block scale and life circle scale mixed land use on housing price is different. The type number index has a negative effect on the housing price in block scale mixed land use, while the entropy index has a positive effect on the housing price in life circle scale mixed land use. Based on the existing “bottom-up” individual-dominant development mode, the government of Beijing should issue relevant policies and documents to give “top-down” control and guidance in the future, so as to promote the maximization of the benefits of mixed land use. Furthermore, in the practice of mixed land use in Beijing, land use types should be reduced at the block scale and the area of different land use types should be balanced at the life circle scale.",https://www.mdpi.com/2073-445X/10/10/1103/pdf?version=1634721785,
29,"Can Özlü, Rachel M. Bailey, Sarah E. Sinnett, Kimberly Goodspeed",Gene Transfer Therapy for Neurodevelopmental Disorders,2021,Developmental Neuroscience,Karger Publishers,https://doi.org/10.1159/000515434,,788,2026-05-27 20:41:01,review,10.1159/000515434,0378-5866,,43,3,230,240,29,5.80,7,4,5,"Neurodevelopmental disorders (NDDs) include a broad spectrum of disorders that disrupt normal brain development. Though some NDDs are caused by acquired insults (i.e., toxic or infectious encephalopathy) or may be cryptogenic, many NDDs are caused by variants in a single gene or groups of genes that disrupt neuronal development or function. In this review, we will focus on those NDDs with a genetic etiology. The exact mechanism, timing, and progression of the molecular pathology are seldom well known; however, the abnormalities in development typically manifest in similar patterns such as delays or regression in motor function, social skills, and language or cognitive abilities. Severity of impairment can vary widely. At present, only symptomatic treatments are available to manage seizures and behavioral problems commonly seen in NDDs. In recent years, there has been a rapid expansion of research into gene therapy using adeno-associated viruses (AAVs). Using AAVs as vectors to replace the non- or dysfunctional gene in vivo is a relatively simple model which has created an unprecedented opportunity for the future of NDD treatment. Advances in this field are of paramount importance as NDDs lead to a massive lifelong burden of disease on the affected individuals and families. In this article, we review the unique advantages and challenges of AAV gene therapies. We then look at potential applications of gene therapy for 3 of the more common NDDs (Rett syndrome, fragile X syndrome, and Angelman syndrome), as well as 2 less common NDDs (SLC13A5 deficiency disorder and SLC6A1-related disorder). We will review the available natural history of each disease and current state of preclinical studies including a discussion on the application of AAV gene therapies for each disease.",https://www.karger.com/Article/Pdf/515434,
28,Toshiya Arakawa,A Review of Heartbeat Detection Systems for Automotive Applications,2021,Sensors,Multidisciplinary Digital Publishing Institute,https://doi.org/10.3390/s21186112,,818,2026-05-27 20:41:01,review,10.3390/s21186112,1424-8220,,21,18,6112,6112,28,5.60,28,1,5,"Many accidents are caused by sudden changes in the physical conditions of professional drivers. Therefore, it is quite important that the driver monitoring system must not restrict or interfere with the driver's action. Applications that can measure a driver's heartbeat without restricting the driver's action are currently under development. In this review, examples of heartbeat-monitoring systems are discussed. In particular, methods for measuring the heartbeat through sensing devices of a wearable-type, such as wristwatch-type, ring-type, and shirt-type devices, as well as through devices of a nonwearable type, such as steering-type, seat-type, and other types of devices, are discussed. The emergence of wearable devices such as the Apple Watch is considered a turning point in the application of driver-monitoring systems. The problems associated with current smartwatch- and smartphone-based systems are discussed, as are the barriers to their practical use in vehicles. We conclude that, for the time being, detection methods using in-vehicle devices and in-vehicle cameras are expected to remain dominant, while devices that can detect health conditions and abnormalities simply by driving as usual are expected to emerge as future applications.",https://www.mdpi.com/1424-8220/21/18/6112/pdf?version=1631690115,
27,"Kien Hua Ting, Lai Soon Lee, Stefan Pickl, Hsin‐Vonn Seow","Shared Mobility Problems: A Systematic Review on Types, Variants, Characteristics, and Solution Approaches",2021,Applied Sciences,Multidisciplinary Digital Publishing Institute,https://doi.org/10.3390/app11177996,,858,2026-05-27 20:41:01,review,10.3390/app11177996,2076-3417,,11,17,7996,7996,27,5.40,7,4,5,"The Shared Mobility Problems (SMP) with the rideshare concept based on sharing a vehicle are fast becoming a trend in many urban cities around the world. Examples of these problems are like ridesharing, carpooling, taxisharing, buspooling, vanpooling, and multi-modal ridesharing. This is the new way to access transportation services by those who are propelling the sharing economy, where access rather than ownership is the new norm. This paper provides a systematic review of SMP using the PRISMA (Preferred Reporting Items for Systematic Reviews and Meta-Analysis) method. A total of 110 papers from the last decade are selected from 12 abstracts and citation databases to be reviewed and classified. This is done based on the problem types, variants, characteristics, and solution approaches. The current trends and analysis of the survey findings are also summarised. From this systematic review, it is observed that both the time window and multi-objective problems are popular among the researchers, while the minimisation of the total cost is the main concern in the literature of the SMP. Both static and dynamic cases of the SMP are the most researched where heuristic and metaheuristic approaches are widely adopted by the researchers in the literature. Finally, challenges and suggestions for future work are discussed and highlighted.",https://www.mdpi.com/2076-3417/11/17/7996/pdf?version=1630553488,
27,"Eja Pedersen, Jonas Borell, Yujing Li, Kristian Stålne",Good indoor environmental quality (IEQ) and high energy efficiency in multifamily dwellings: How do tenants view the conditions needed to achieve both?,2021,Building and Environment,Elsevier BV,https://doi.org/10.1016/j.buildenv.2020.107581,,862,2026-05-27 20:41:01,article,10.1016/j.buildenv.2020.107581,0360-1323,,191,,107581,107581,27,5.40,7,4,5,"Sustainable housing that both creates good indoor environmental quality (IEQ) and avoids unnecessary energy use has proved difficult to realize. Renovations of multifamily houses provide an opportunity to find this balance. This study concerns whether tenants perceive that conditions for achieving sufficient IEQ with low energy use exist. Focus group interviews with 42 participants, in areas where the rents were in the lower range and included heating up to 21 °C, aimed to capture the tenants' perceptions of: IEQ and actions taken to regulate it; information and control; the connections between IEQ and energy use; and the role of the housing company. Good IEQ was crucial to interviewees, who described it as sufficient heat without draughts, ability to ventilate, and no disturbing sounds or smells. The main responsibility was attributed to the housing company, but daily regulation controlled by tenants. However, unclear interfaces between tenants and the systems that regulate IEQ make it difficult for tenants to act as a positive part of the system. Tenants did not link IEQ to energy use. A holistic view of the physical environment's affordances, including intuitive interfaces, could optimize the balance between good IEQ and energy use.",https://www.sciencedirect.com/science/article/pii/S0360132320309483?via%3Dihub,
27,"Jiang Zhu, Olivera Marjanovic",A Different Kind of Sharing Economy: A Literature Review of Platform Cooperatives,2021,Proceedings of the ... Annual Hawaii International Conference on System Sciences/Proceedings of the Annual Hawaii International Conference on System Sciences,,https://doi.org/10.24251/hicss.2021.502,,870,2026-05-27 20:41:01,review,10.24251/hicss.2021.502,1530-1605,,,,,,27,5.40,14,2,5,"We are now living in the so-called sharing economy, exemplified by the ride sharing platform Uber and short-term rental sharing platform Airbnb. In spite of the convenience and benefits of the sharing economy, there is a growing awareness of its negative and harmful societal effects. In response, platform cooperatives have started to emerge, aiming to create a different kind of sharing economy. However, the novelty of platform cooperatives combined with lack of research attention, continue to limit our understanding of the social and other benefits of platform cooperatives. The main objective of this paper is to provide a literature review on platform cooperatives, focusing on their social values and benefits. Analysis of the key publications reveals high potential of platform cooperatives as a more ethical and fairer alternative to platform capitalism that create value for their members/co-owners, while creating value for society.",http://scholarspace.manoa.hawaii.edu/bitstream/10125/71119/1/0406.pdf,
25,"Anna Zielińska-Chmielewska, Dobrosława Mruk-Tomczak, Anna Wielicka‐Regulska",Qualitative Research on Solving Difficulties in Maintaining Continuity of Food Supply Chain on the Meat Market during the COVID-19 Pandemic,2021,Energies,Multidisciplinary Digital Publishing Institute,https://doi.org/10.3390/en14185634,,915,2026-05-27 20:41:01,article,10.3390/en14185634,1996-1073,,14,18,5634,5634,25,5.00,8,3,5,"Although the pandemic phenomenon is not the first of its kind in human history, the common feature of COVID-19 is its rapid impact on the global economy. The challenge for the national economy on the world stage is to maintain a continuous food supply. The scientific purpose of the study is to report, analyze and evaluate backgrounds, causes of instabilities and their effects of the COVID-19 pandemic on supply and demand side of the meat market in the United States of America, China and Russia. The practical purpose of the study is to present implemented measures and recommendations on how to return to meat market equilibrium. In the theoretical part of the study, the revised public source of information coming from well-known organizations such as: EC, FAO, OECD, and WB, are used. In the practical part of the manuscript, qualitative research on the People’s Republic of China, Russian Federation, and the United States of America, along with semi-structured in-depth interviews with experts and Ishikawa diagram are presented. The primary data come from authors’ own research and collection of multiple sources. The article indicates the use of qualitative systematic review, supported by a creation of a prototype of the issues of maintaining continuity of the food supply chain during the COVID-19 pandemic in the secondary sources, intensified by a keyword search. The results of the research are diverse and oriented toward the needs of the analyzed meat markets. In the case of the People’s Republic of China, the solution is to develop a system of subsidies and preferential rates for the use of rail transport in exports. In the case of Russia, the solution is to provide support to the meat and poultry farmers for cold storage of slaughtered animals. In the case of the USA, the solution is to develop technical and technological facilities in order to speed up the supply chain between local livestock with meat and poultry farmers. Moreover, the outcomes indicate that sustainability of the food supply chain needs well-thought-out support on agri-food supply production.",https://www.mdpi.com/1996-1073/14/18/5634/pdf?version=1631165921,
24,"Félix Larrinaga, Alain Pérez, Iñigo Aldalur, José L. Hernández, José Luis Izkara, F. Viteri",A Holistic and Interoperable Approach towards the Implementation of Services for the Digital Transformation of Smart Cities: The Case of Vitoria-Gasteiz (Spain),2021,Sensors,Multidisciplinary Digital Publishing Institute,https://doi.org/10.3390/s21238061,,952,2026-05-27 20:41:01,article,10.3390/s21238061,1424-8220,,21,23,8061,8061,24,4.80,4,6,5,"Cities in the 21st century play a major role in the sustainability and climate impact reduction challenges set by the European agenda. As the population of cities grows and their environmental impact becomes more evident, the European strategy aims to reduce greenhouse gas emissions-the main cause of climate change. Measures to reduce the impact of climate change include reducing energy consumption, improving mobility, harnessing resources and renewable energies, integrating nature-based solutions and efficiently managing infrastructure. The monitoring and control of all this activity is essential for its proper functioning. In this context, Information and Communication Technology (ICT) plays a key role in the digitisation, monitoring, and managing of these different verticals. Urban data platforms support cities on extracting Key Performance Indicators (KPI) in their efforts to make better decisions. Cities must be transformed by applying efficient urban planning measures and taking into account not only technological aspects, but also by applying a holistic vision in building solutions where citizens are at the centre. In addition, standardisation of platforms where applications are integrated as one is necessary. This requires interoperability between different verticals. This article presents the information platform developed for the city of Vitoria-Gasteiz in Spain. The platform is based on the UNE 178104 standard to provide a holistic architecture that integrates information from the different urban planning measures implemented in the city. The platform was constructed in the context of the SmartEnCity project following the urban transformation strategy established by the city. The article presents the value-added solutions implemented in the platform. These solutions have been developed by applying co-creation techniques in which stakeholders have been involved throughout the process. The platform proposes a step forward towards standardization, harmonises the integration of data from multiple vertical, provides interoperability between services, and simplifies scalability and replicability due to its microservice architecture.",https://www.mdpi.com/1424-8220/21/23/8061/pdf?version=1638439526,
24,"Ammar Arbaaeen, Asadullah Shah",Ontology-Based Approach to Semantically Enhanced Question Answering for Closed Domain: A Review,2021,Information,Multidisciplinary Digital Publishing Institute,https://doi.org/10.3390/info12050200,,981,2026-05-27 20:41:01,review,10.3390/info12050200,2078-2489,,12,5,200,200,24,4.80,12,2,5,"For many users of natural language processing (NLP), it can be challenging to obtain concise, accurate and precise answers to a question. Systems such as question answering (QA) enable users to ask questions and receive feedback in the form of quick answers to questions posed in natural language, rather than in the form of lists of documents delivered by search engines. This task is challenging and involves complex semantic annotation and knowledge representation. This study reviews the literature detailing ontology-based methods that semantically enhance QA for a closed domain, by presenting a literature review of the relevant studies published between 2000 and 2020. The review reports that 83 of the 124 papers considered acknowledge the QA approach, and recommend its development and evaluation using different methods. These methods are evaluated according to accuracy, precision, and recall. An ontological approach to semantically enhancing QA is found to be adopted in a limited way, as many of the studies reviewed concentrated instead on NLP and information retrieval (IR) processing. While the majority of the studies reviewed focus on open domains, this study investigates the closed domain.",https://www.mdpi.com/2078-2489/12/5/200/pdf?version=1620457975,
