Cites,Authors,Title,Year,Source,Publisher,ArticleURL,CitesURL,GSRank,QueryDate,Type,DOI,ISSN,CitationURL,Volume,Issue,StartPage,EndPage,ECC,CitesPerYear,CitesPerAuthor,AuthorCount,Age,Abstract,FullTextURL,RelatedURL
0,"humdeielo lalai","Rental House, 4.2 by Weike Wang (Audiobook)",2026,"","ResearchHub Technologies, Inc.","https://doi.org/10.55277/researchhub.2tn14rg2.1","",4,"2026-05-27 21:00:15","report","10.55277/researchhub.2tn14rg2.1","",,,,,,0,0.00,0,1,1,"","",""
0,"Alexandre Garel, Eva Cheng","Minimum Energy Performance Standards and House Price Capitalization: Evidence from France’s Rental Ban on “Energy Sieves”",2026,"","Elsevier BV","https://doi.org/10.2139/ssrn.6109023","",18,"2026-05-27 21:00:15","posted-content","10.2139/ssrn.6109023","",,,,,,0,0.00,0,2,1,"","",""
0,"Akas Bagus Setiawan, Eka Yuniar, Mas'ud Hermansyah, Mujiono Mujiono, David Juli Ariyadi","Decision Support System for Selecting the Best Rental House with Weight Product in Sidokare District, Sidoarjo Regency",2026,"G-Tech: Jurnal Teknologi Terapan","Fakultas Sains dan Teknologi, Unira Malang","https://doi.org/10.70609/g-tech.v10i1.8865","",26,"2026-05-27 21:00:15","journal-article","10.70609/g-tech.v10i1.8865","2623-064X",,10,1,536,548,0,0.00,0,5,1,"The demand for rental housing in high-mobility areas such as Sidokare District, Sidoarjo Regency, continues to increase along with the region's economic development. However, prospective tenants often face difficulties in selecting the right rental house due to unstructured information and subjective decision-making processes. This study aims to develop a web-based Decision Support System (DSS) capable of providing objective and measurable rental housing recommendations. The method used is the Weighted Product (WP), a multicriteria decision-making technique that normalizes weights through multiplication operations. This system evaluates five rental housing alternatives based on eight main criteria, including price, location, facilities, security, and comfort. The results show that Sukun Rental House is the best alternative with the highest preference value of 0.0769. The practical implication of this study is the availability of an efficient digital tool for residents and students in Sidokare to compare various housing options transparently and quickly. This system successfully minimizes subjectivity in housing selection and helps users find the housing that best suits their financial priorities and functional needs.","https://ejournal.uniramalang.ac.id/g-tech/article/download/8865/5564",""
0,"Yingjia Wang","Fashion rental platform operations",2026,"Encyclopedia in Operations Management","Elsevier","https://doi.org/10.1016/b978-0-443-28993-4.00168-2","",49,"2026-05-27 21:00:15","book-chapter","10.1016/b978-0-443-28993-4.00168-2","",,,,663,672,0,0.00,0,1,1,"","https://api.elsevier.com/content/article/PII:B9780443289934001682",""
1,"Beatriz Brito Oliveira","Car rental fleet and demand management: An optimization framework",2026,"Encyclopedia in Operations Management","Elsevier","https://doi.org/10.1016/b978-0-443-28993-4.00199-2","",50,"2026-05-27 21:00:15","book-chapter","10.1016/b978-0-443-28993-4.00199-2","",,,,204,215,1,1.00,1,1,1,"","https://api.elsevier.com/content/article/PII:B9780443289934001992",""
1,"Myeongwon Seo","Gaps and overlaps in facilities of urban public rental housing for single-person households: the case of Seoul’s happy housing",2026,"Open House International","Emerald","https://doi.org/10.1108/ohi-08-2025-0285","",54,"2026-05-27 21:00:15","journal-article","10.1108/ohi-08-2025-0285","0168-2601",,,,1,19,1,1.00,1,1,1,"Purpose: This study aims to evaluate the spatial efficiency and functional integration of communal facilities and social infrastructure in public rental housing for single-person households in Seoul. Design/methodology/approach: This study examines the spatial efficiency and functional integration of facilities for single-person households in public rental housing in central Seoul. It adopts a broad concept of the residential environment, covering both on-site communal facilities and surrounding social infrastructure within a 10-min walking distance. Findings: The results reveal a clear imbalance in facility provision. Convenience and management-related facilities are consistently oversupplied within housing complexes, while essential public-oriented facilities – such as youth welfare, cultural and healthcare services – are markedly underprovided both on-site and in surrounding areas. In addition, functional redundancy is observed in facilities such as community spaces and convenience stores, indicating inefficient spatial use. Research limitations/implications: Although based on accessibility indicators and a limited sample, the findings highlight the need to shift from complex-centered facility provision toward integrated, living-zone-based planning. Social implications: The study provides insights for improving public rental housing environments and enhancing welfare services for the rapidly growing single-person household population. Originality/value: By jointly analyzing on-site communal facilities and off-site social infrastructure, this study offers an integrated perspective largely absent from prior research and highlights redistribution and multifunctional integration as key strategies for improving urban public rental housing.","https://www.emerald.com/ohi/article-pdf/doi/10.1108/OHI-08-2025-0285/11356839/ohi-08-2025-0285en.pdf",""
0,"Sri Indrayani, Sintha Istikomah","Integrated Web-Based Platform for Boarding House Rental Services: Information Architecture and Booking Workflow Design",2026,"bit-Tech","Komunitas Dosen Indonesia","https://doi.org/10.32877/bt.v8i3.3722","",55,"2026-05-27 21:00:15","journal-article","10.32877/bt.v8i3.3722","2622-2728",,8,3,3834,3845,0,0.00,0,2,1,"Pati Regency in Central Java has experienced rapid industrial, commercial, and educational growth, attracting workers, students, and job seekers who require temporary accommodation such as boarding houses. Despite this increasing demand, the process of searching and booking boarding houses remains largely manual, relying on word of mouth, roadside banners, or direct visits, which leads to fragmented information, inaccurate room availability data, and inefficient search processes. This study aims to design and evaluate a web-based boarding house rental information system that addresses information asymmetry and fragmented search processes in local rental markets by providing structured property information and an integrated digital booking workflow. The research employs a system development approach consisting of requirements analysis through interviews and field observation, UML-based system modeling, web-based system implementation, and functional evaluation using black-box testing to verify the reliability of core system functions such as property search, availability display, booking submission, and payment confirmation. The resulting platform integrates structured property listings, multi-criteria search filters, interactive digital maps, and an online reservation mechanism that enables prospective tenants to identify, compare, and book boarding houses without physically visiting the property. Testing results indicate that all functional modules operate according to the specified requirements, supporting accurate property information retrieval and a continuous search-to-booking workflow. Beyond system implementation, the study contributes to research on digital property information systems by demonstrating how integrated information architecture and transaction workflows can reduce information fragmentation and improve transparency in temporary housing rental platforms.","https://jurnal.kdi.or.id/index.php/bt/article/download/3722/1993",""
0,"Hafidz Arifanto, Alif Catur Murti, Rizkysari Meimaharani","WEB PORTAL-BASED MANAGEMENT INFORMATION SYSTEM FOR WEDDING ORGANIZER SERVICE RENTAL",2026,"Rabit : Jurnal Teknologi dan Sistem Informasi Univrab","LPPM Universitas Abdurrab","https://doi.org/10.36341/rabit.v11i1.7417","",58,"2026-05-27 21:00:15","journal-article","10.36341/rabit.v11i1.7417","2502-891X",,11,1,1818,1830,0,0.00,0,3,1,"Wedding Organizer (WO) provides specialized services that assist couples and their families from the planning stage to event implementation. However, the current WO service process still faces several issues, including manual information distribution, difficulty comparing service packages, lack of customer review history, and limited digital service marketing. These conditions create challenges for new WO businesses in gaining market visibility and hinder customers from selecting services based on quality and verified feedback. To address these problems, this study develops a Web Portal-Based Management Information System that enables users to access WO information, compare packages, make bookings, and submit reviews through an integrated platform. The system was developed using the Waterfall model, beginning with requirements analysis obtained through interviews and thematic analysis. System functionality was tested using Black-box Testing to ensure each feature operates according to specifications. The results show that all modules package comparison, booking and payment verification, partner management, and user review function correctly and support users in making more informed decisions. This system also improves WO visibility through digital-based service promotion.","https://jurnal.univrab.ac.id/index.php/rabit/article/download/7417/3020",""
0,"Anshuman Chutani, Lina Zhang, Yumeng Zhang","Rental platform operations",2026,"Encyclopedia in Operations Management","Elsevier","https://doi.org/10.1016/b978-0-443-28993-4.00233-x","",63,"2026-05-27 21:00:15","book-chapter","10.1016/b978-0-443-28993-4.00233-x","",,,,473,479,0,0.00,0,3,1,"","https://api.elsevier.com/content/article/PII:B978044328993400233X",""
0,"Salami Abdul Mohammed","Fleet Analytics and Operational Error Detection in U.S. Car Rental Operations",2026,"Journal of Management Research and Review","EP-Journals","https://doi.org/10.65150/ep-jmrr/v2e5/2026-10","",69,"2026-05-27 21:00:15","journal-article","10.65150/ep-jmrr/v2e5/2026-10","3051-357X",,2,5,,,0,0.00,0,1,1,"This paper examines the relationship between fleet analytics adoption as the independent variable and operational error detection outcomes as the dependent variable in United States car rental operations. Despite substantial investment by major car rental operators in artificial intelligence-driven analytics platforms, the managerial capability required to oversee, interpret, and govern automated outputs is not being developed systematically. Drawing on Human Capital Theory and the Technology-Organization-Environment framework, the paper conducts a systematic narrative literature review of peer-reviewed research in fleet management, operations management, machine learning, and car rental revenue management. Five fleet analytics domains generating operational error detection demands are mapped: dynamic pricing and revenue management, fleet repositioning analytics, predictive maintenance, demand forecasting, and customer segmentation. Barriers to effective analytical oversight are identified across the three framework dimensions and are found to be concentrated in the organizational and environmental dimensions rather than the technological one. Fleet analytics platforms are deployed at major operators; the managerial capability to govern them is not keeping pace with deployment. High staff turnover, data fragmentation, absent industry mandates, algorithm interpretability constraints, and margin pressure collectively prevent operators from realizing the full value of their analytics investments. The paper proposes a three-level reskilling framework covering operational analytics literacy, human-AI collaboration skills, and algorithmic governance capability, calibrated to operators at different organizational scales. Industry associations are identified as having the institutional capacity to address the coordination failure that prevents individual operators from investing adequately in analytics oversight capability.","",""
0,"","VEHICLE RENTAL MANAGEMENT SYSTEM USING PHP",2026,"International Research Journal of Modernization in Engineering Technology &amp; Science","International Research Journal of Modernization in Engineering Technology and Science","https://doi.org/10.56726/irjmets92591","",81,"2026-05-27 21:00:15","journal-article","10.56726/irjmets92591","2582-5208",,,,,,0,0.00,0,0,1,"","",""
1,"Katharine W.H. Harwood","The impact of natural disasters on rental markets: Heterogeneous effects, rental subsidies, and equity in disaster recovery",2026,"Journal of Urban Economics","Elsevier BV","https://doi.org/10.1016/j.jue.2026.103862","",94,"2026-05-27 21:00:15","journal-article","10.1016/j.jue.2026.103862","0094-1190",,153,,103862,103862,1,1.00,1,1,1,"","https://api.elsevier.com/content/article/PII:S0094119026000331",""
0,"Godwin Obinna Okeoma","Technology as Rental Infrastructure: PropTech, Compliance, and the Formalisation of Nigeria's Rental Market",2026,"","Elsevier BV","https://doi.org/10.2139/ssrn.6809021","",113,"2026-05-27 21:00:15","posted-content","10.2139/ssrn.6809021","",,,,,,0,0.00,0,1,1,"PropTech platforms in many Western jurisdictions have transitioned from peripheral convenience tools to embedded institutional mechanisms that structure legality, accountability, and trust within housing markets. Through verified listings, standardised documentation, traceable payment systems, and auditable transaction records, these platforms operationalise legal compliance at the point of transaction, thereby constraining discretion and reducing the scope for abuse. In Nigeria, however, the rental housing market remains largely informal and intermediary-driven, with unregulated human agents exercising disproportionate control over access, pricing, and contractual terms. This informality has produced persistent pathologiesexcessive agency fees, fraudulent or duplicated listings, arbitrary rent demands, and fragile tenant protections-despite the existence of statutory tenancy regimes in several states. Different Nigerian tenancy laws presuppose written agreements, identifiable parties, and evidentiary records capable of supporting enforcement; yet undocumented, cash-based, and opaque market practices routinely undermine these assumptions.","",""
0,"","FIX N’ RENT – MACHINERY RENTAL AND VEHICLE SERVICE MANAGEMENT SYSTEM",2026,"International Research Journal of Modernization in Engineering Technology &amp; Science","International Research Journal of Modernization in Engineering Technology and Science","https://doi.org/10.56726/irjmets87063","",122,"2026-05-27 21:00:15","journal-article","10.56726/irjmets87063","2582-5208",,,,,,0,0.00,0,0,1,"","",""
0,"Akshay K. Gamit","The Short-Term Rental Paradox",2026,"International Journal of Science, Strategic Management and Technology","Edtech Publishers (OPC) Private Limited","https://doi.org/10.55041/ijsmt.v2i4.305","",123,"2026-05-27 21:00:15","journal-article","10.55041/ijsmt.v2i4.305","3108-1762",,2,4,1,9,0,0.00,0,1,1,"Tourism is a very crucial industry for several countries which affects and attracts foreign currency and significantly contributes to a nation's GDP. Some countries rely heavily on the tertiary sector to gain worldwide recognition which also helps them economically and politically.  The following article elaborates how tourism impacts the daily lives of local citizens, exploring both its undeniable benefits and its notable drawbacks. It ultimately aims to derive a midway solution to manage the issue smoothly, which also affects the social sector and standard of life.","",""
0,"Miss Simran.R.Mujawar Miss Simran.R.Mujawar","Mobile Based Farm Equipement Rental Platform",2026,"International Journal of Scientific Research in Engineering and Management","Edtech Publishers (OPC) Private Limited","https://doi.org/10.55041/ijsrem.aitcon012","",127,"2026-05-27 21:00:15","journal-article","10.55041/ijsrem.aitcon012","2582-3930",,10,4,,,0,0.00,0,1,1,"","",""
0,"P. Akash, Ms.Amisha Amisha, S .Santosh, M. Ganesh","Smart Rental Management Website with Rent &amp; Maintenance System",2026,"INTERNATIONAL JOURNAL OF SCIENTIFIC RESEARCH IN ENGINEERING AND MANAGEMENT","Edtech Publishers (OPC) Private Limited","https://doi.org/10.55041/ijsrem60434","",132,"2026-05-27 21:00:15","journal-article","10.55041/ijsrem60434","2582-3930",,10,4,1,9,0,0.00,0,4,1,"ABSTRACT An Advanced Phishing Detection System will be developed using the technologies of Natural Language Processing and Machine Learning to detect phishing attacks in email, text message, and URL. It involves processing of texts using the methods of Natural Language Processing, which include tokenization, removing stop words, and TF-IDF Vectorization to comprehend the message. The machine learning model can be implemented to classify messages as either phishing or safe with a high level of accuracy. The system also processes URLs according to their suspicious features including their length, special characters, and other features. Identified attacks are instantly detected and users receive notifications. Data security will be ensured by implementing input validation and protecting users’ information. Keywords: Phishing Detection,  Natural Language Processing,  Machine Learning, Data security.","",""
0,"B. Otjacques, P. Post","Next generation of construction planning and control syste The LEWIS approach",2026,"eWork and eBusiness in Architecture, Engineering and Construction","CRC Press","https://doi.org/10.1201/9781003762430-35","",134,"2026-05-27 21:00:15","book-chapter","10.1201/9781003762430-35","",,,,175,182,0,0.00,0,2,1,"","",""
0,"","A Web-Based Smart Rental Management System Using React and Secure Payment Integration",2026,"International Journal of Innovative Research in Technology","Amplionix LLP","https://doi.org/10.64643/ijirtv12i10-194747-459","",136,"2026-05-27 21:00:15","journal-article","10.64643/ijirtv12i10-194747-459","2349-6002",,12,10,,,0,0.00,0,0,1,"","",""
0,"P.Shiva Krishna, Mrs. Amisha, M.Anil Goud, K.Charan Teja","Smart Rental Management Website with Rent &amp; Maintenance System",2026,"INTERNATIONAL JOURNAL OF SCIENTIFIC RESEARCH IN ENGINEERING AND MANAGEMENT","Edtech Publishers (OPC) Private Limited","https://doi.org/10.55041/ijsrem60038","",143,"2026-05-27 21:00:15","journal-article","10.55041/ijsrem60038","2582-3930",,10,4,1,9,0,0.00,0,4,1,"ABSTRACT The Smart Rental Management Website with Rent & Maintenance System is a web-based application designed to simplify and automate rental management processes. Traditional rental systems rely on manual record-keeping and informal communication, which often lead to errors, delays, and lack of transparency. This system provides a centralized platform where landlords can manage properties, tenants, rent records, and maintenance requests efficiently, while tenants can view rent details, make payments, and raise maintenance complaints online. All data is stored securely in a database and updated in real time, ensuring accuracy and easy access. The system integrates key features such as automated rent tracking, digital payment management, and maintenance request handling, which improve communication between landlords and tenants. By reducing paperwork and manual effort, the application enhances operational efficiency and transparency. Overall, the proposed system offers a user-friendly, secure, and scalable solution suitable for small to medium-scale rental management. Keywords: Smart Rental Management, Web-Based Application, Rent Tracking system, Landlord and Tenant Portal, Property Management System, User-Friendly Interface.","",""
0,"P. Akash, Ms.Amisha Amisha, S .Santosh, M. Ganesh","Smart Rental Management Website with Rent &amp; Maintenance System",2026,"INTERNATIONAL JOURNAL OF SCIENTIFIC RESEARCH IN ENGINEERING AND MANAGEMENT","Edtech Publishers (OPC) Private Limited","https://doi.org/10.55041/ijsrem60112","",153,"2026-05-27 21:00:15","journal-article","10.55041/ijsrem60112","2582-3930",,10,4,1,9,0,0.00,0,4,1,"ABSTRACT An Advanced Phishing Detection System will be developed using the technologies of Natural Language Processing and Machine Learning to detect phishing attacks in email, text message, and URL. It involves processing of texts using the methods of Natural Language Processing, which include tokenization, removing stop words, and TF-IDF Vectorization to comprehend the message. The machine learning model can be implemented to classify messages as either phishing or safe with a high level of accuracy. The system also processes URLs according to their suspicious features including their length, special characters, and other features. Identified attacks are instantly detected and users receive notifications. Data security will be ensured by implementing input validation and protecting users’ information. Keywords: Phishing Detection,  Natural Language Processing,  Machine Learning, Data security.","",""
0,"Kartikey Gupta Kartikey Gupta","BlockBricks: A Blockchain-Based Decentralized Rental Ecosystem",2026,"International Journal of Scientific Research in Engineering and Management","Edtech Publishers (OPC) Private Limited","https://doi.org/10.55041/ijsrem63277","",157,"2026-05-27 21:00:15","journal-article","10.55041/ijsrem63277","2582-3930",,10,5,,,0,0.00,0,1,1,"","",""
0,"Mandar Sharad Salunkhe","Property Rental &amp; Management System",2026,"International Journal for Research in Applied Science and Engineering Technology","International Journal for Research in Applied Science and Engineering Technology (IJRASET)","https://doi.org/10.22214/ijraset.2026.78551","",158,"2026-05-27 21:00:15","journal-article","10.22214/ijraset.2026.78551","2321-9653",,14,3,3596,3602,0,0.00,0,1,1,"This paper discusses the design, development, and implementation of a web-based Property Rental & Management System developed to simplify the process of managing rental properties. The system digitizes the complete workflow of property management, including property listing, tenant registration, rent payment tracking, and maintenance request handling. It provides a centralized platform where property owners, tenants, and administrators can interact efficiently. The system is developed using modern web technologies such as HTML5, CSS, and JavaScript for the frontend, along with backend support using Node.js/PHP and a MySQL database for data storage and management. The platform ensures that all property and tenant data is stored securely and can be accessed in real-time. The responsive web interface allows users to access the system from different devices such as desktops and mobile phones. After implementation, the system significantly reduces manual work, improves accuracy in rent tracking, and enhances communication between users. It also provides better organization of records and faster access to information. The results show improved efficiency, reduced paperwork, and better transparency in property management operations. This study highlights that digital property management systems are effective and beneficial for modern real estate management","",""
0,"SA BR","car rental",2026,"","ResearchHub Technologies, Inc.","https://doi.org/10.55277/researchhub.zc2ozs35.1","",162,"2026-05-27 21:00:15","report","10.55277/researchhub.zc2ozs35.1","",,,,,,0,0.00,0,1,1,"","",""
0,"Ridwansyah","Android-Based Car Rental System with Customer Risk Management for MSMEs",2026,"Jurnal Teknologi Informatika dan Komputer","Lembaga Penelitian dan Pengabdian kepada Masyarakat Universitas Mohammad Husni Thamrin","https://doi.org/10.37012/jtik.v12i1.3221","",167,"2026-05-27 21:00:15","journal-article","10.37012/jtik.v12i1.3221","2622-8475",,12,1,461,479,0,0.00,0,1,1,"The development of information technology has become a major factor in driving digital transformation in various business sectors, including Micro, Small, and Medium Enterprises (MSMEs). Digital transformation through the use of information systems has been proven to improve organizational performance, support innovation, and improve data-based decision-making processes at the small and medium business scale.  Manual recording is still frequently used by Micro, Small, and Medium Enterprises (MSMEs), including those engaged in the car rental sector. This practice can create vulnerabilities to recording errors, resulting in inaccurate information. To address this problem, this study developed an Android-based car rental system to assist business owners in managing their operational activities. The research stages referred to the System Development Life Cycle (SDLC) method, using the Waterfall model. The resulting system includes customer data management, rental transactions, and rental duration. In addition, the system is equipped with a blacklist feature. This feature is a customer risk management feature that blocks problematic customers based on their previous transaction history. To ensure the suitability of the system's functions, Black Box Testing was conducted. The test results showed that all the system features functioned as expected. The results of this study are expected to help car rental business owners monitor daily operational activities, including avoiding the risk of car loss due to problematic customers.","https://journal.thamrin.ac.id/index.php/jtik/article/download/3221/2796",""
0,"Squid Yeager","midway car rental",2026,"","ResearchHub Technologies, Inc.","https://doi.org/10.55277/researchhub.59z4i4x5.1","",173,"2026-05-27 21:00:15","report","10.55277/researchhub.59z4i4x5.1","",,,,,,0,0.00,0,1,1,"","",""
0,"SD Samad","enterprise car rental",2026,"","ResearchHub Technologies, Inc.","https://doi.org/10.55277/researchhub.l1g7trvb.1","",184,"2026-05-27 21:00:15","report","10.55277/researchhub.l1g7trvb.1","",,,,,,0,0.00,0,1,1,"","",""
0,"SA BR","national car rental",2026,"","ResearchHub Technologies, Inc.","https://doi.org/10.55277/researchhub.x57aj869.1","",193,"2026-05-27 21:00:15","report","10.55277/researchhub.x57aj869.1","",,,,,,0,0.00,0,1,1,"","",""
0,"Santhosh. NS, Ms.Surabhi. K S","Commercial Vehicle and Drivers Rental System",2026,"International Journal of Scientific Research in Engineering and Management","Edtech Publishers (OPC) Private Limited","https://doi.org/10.55041/ijsrem57206","",202,"2026-05-27 21:00:15","journal-article","10.55041/ijsrem57206","2582-3930",,10,3,1,9,0,0.00,0,2,1,"ABSTRACT  This project centers on creating a Vehicle and Driver Rental Management System utilizing Java for Android application development. The system enables users to rent both personal and commercial vehicles, as well as hire drivers, all through a unified mobile platform. Vehicle owners have the ability to list their vehicles along with rental information, while customers can search for and reserve vehicles with or without drivers. The application employs Firebase for user authentication and real-time data management, and SQLite for offline data storage. This system enhances vehicle utilization, minimizes manual labor, and offers a secure, efficient, and adaptable rental solution to meet contemporary transportation demands. Keywords: Vehicle Rental System, Driver Rental, Android Application, Java, Firebase, SQLite","",""
0,"Eunji Kim, Eunsoo Baek","When access creates threat: Core customers’ responses to in-house rental services",2026,"Journal of Retailing and Consumer Services","Elsevier BV","https://doi.org/10.1016/j.jretconser.2026.104751","",205,"2026-05-27 21:00:15","journal-article","10.1016/j.jretconser.2026.104751","0969-6989",,91,,104751,104751,0,0.00,0,2,1,"","https://api.elsevier.com/content/article/PII:S0969698926000305",""
0,"SS Online shopping","economy car rental",2026,"","ResearchHub Technologies, Inc.","https://doi.org/10.55277/researchhub.v59smmfa.1","",211,"2026-05-27 21:00:15","report","10.55277/researchhub.v59smmfa.1","",,,,,,0,0.00,0,1,1,"","",""
0,"SS Online shopping","alamo car rental",2026,"","ResearchHub Technologies, Inc.","https://doi.org/10.55277/researchhub.0o5kvyz2.1","",213,"2026-05-27 21:00:15","report","10.55277/researchhub.0o5kvyz2.1","",,,,,,0,0.00,0,1,1,"","",""
0,"SA BR","hertz car rental",2026,"","ResearchHub Technologies, Inc.","https://doi.org/10.55277/researchhub.7a00hvhr.1","",214,"2026-05-27 21:00:15","report","10.55277/researchhub.7a00hvhr.1","",,,,,,0,0.00,0,1,1,"","",""
0,"Zsolt Bagoly","budget car rental",2026,"","ResearchHub Technologies, Inc.","https://doi.org/10.55277/researchhub.nhtzgmbm.1","",216,"2026-05-27 21:00:15","report","10.55277/researchhub.nhtzgmbm.1","",,,,,,0,0.00,0,1,1,"","",""
0,"SA BR","dollar car rental",2026,"","ResearchHub Technologies, Inc.","https://doi.org/10.55277/researchhub.k10uach0.1","",220,"2026-05-27 21:00:15","report","10.55277/researchhub.k10uach0.1","",,,,,,0,0.00,0,1,1,"","",""
0,"Jjk Aaj","hertz car rental reservation",2026,"","ResearchHub Technologies, Inc.","https://doi.org/10.55277/researchhub.g2ytmxi5.1","",230,"2026-05-27 21:00:15","report","10.55277/researchhub.g2ytmxi5.1","",,,,,,0,0.00,0,1,1,"","",""
0,"Erastus Kiita Museleku","Determinants of apartment rental prices in Nairobi metropolitan area: a hedonic pricing analysis of an emerging urban market",2026,"Property Management","Emerald","https://doi.org/10.1108/pm-09-2025-0130","",237,"2026-05-27 21:00:15","journal-article","10.1108/pm-09-2025-0130","0263-7472",,,,1,16,0,0.00,0,1,1,"Purpose: This study aims to identify the key factors affecting apartment rental prices in emerging urban markets such as the Nairobi metropolitan area (NMA), to facilitate improved investment, portfolio management decisions and policy development. Design/methodology/approach: The paper uses a case study approach to analyse recent apartment lettings and apartment features in the NMA. A sample of 262 transactions was analysed using the hedonic pricing model. The data were collected between April and July 2025. Findings: The study identified apartment size, location, provision of a gymnasium, availability of an electricity backup generator, number of bedrooms and the age of the apartment as key determinants of apartment market rent in the emerging urban housing market of the Nairobi metropolis. Research limitations/implications: The findings of this paper can be utilised by property investors, developers, valuers, managers, architects, urban planners and policymakers to inform their decisions. This information supports investment decisions by developers and landlords, guides rent-setting and valuation practices for property managers and informs planning and infrastructure decisions by policymakers. However, the results are specific and based on data collected from an emerging urban housing market, the Nairobi metropolis. Originality/value: There is limited literature on emerging rental housing markets in Sub-Saharan Africa. This study provides evidence-based insights from the NMA, drawing on location-specific structural, locational and amenity attributes that reflect the city's distinctive socioeconomic structure, level of market formalisation and urban spatial configuration. While these findings offer valuable lessons for comparable emerging cities, they may not be fully generalisable to countries where housing markets, income structures and institutional arrangements differ substantially.","https://www.emerald.com/pm/article-pdf/doi/10.1108/PM-09-2025-0130/11252809/pm-09-2025-0130en.pdf",""
0,"Ganesh Narkhede, Harsha Patil, Nikita Navalkar, Snehal Kolte, Prof. Farpat S. L.","Agriculture Equipment Rental System",2026,"International Scientific Journal of Engineering and Management","Edtech Publishers (OPC) Private Limited","https://doi.org/10.55041/isjem06383","",272,"2026-05-27 21:00:15","journal-article","10.55041/isjem06383","2583-6129",,5,4,1,9,0,0.00,0,5,1,"Agriculture remains the backbone of many developing economies, particularly in countries like India, where a large proportion of farmers are small and marginal landholders. Despite advancements in agricultural machinery and mechanization, ownership of modern farm equipment remains economically unfeasible for many farmers due to high capital investment, maintenance costs, and seasonal usage. The Agriculture Equipment Rental System (AERS) has emerged as an effective solution to bridge this gap by enabling farmers to access modern machinery on a pay- per-use basis. This review paper examines the concept, evolution,technological frameworks, benefits, challenges, and future prospects of agriculture equipment rental systems. Various traditional and digital-based rental models, including government supported custom hiring centers and mobile/web-based platforms, are analyzed. The study highlights how AERS contributes to increased productivity, reduced operational costs, timely farm operations, and sustainable agricultural development. Challenges such as awareness, logistics, digital literacy, and policy limitations are also discussed. The paper concludes that agriculture equipment rental systems are a vital component of modern agrarian economies and hold significant potential for transforming smallholder farming when supported by robust technology and policy frameworks..","",""
1,"Bingzhao Jiang, Jin Huang","“Incomplete institution” and the information registration management of the floating population in urban village rental housing: A survey based on village A in China",2026,"Journal of Urban Management","Elsevier BV","https://doi.org/10.1016/j.jum.2025.09.002","",293,"2026-05-27 21:00:15","journal-article","10.1016/j.jum.2025.09.002","2226-5856",,15,2,588,599,1,1.00,1,2,1,"","https://api.elsevier.com/content/article/PII:S2226585625001396",""
0,"Eva Cerio, Tiphaine Chautard-Dardé, Elodie Juge","Beyond utility: emotional resistance and symbolic barriers to toy rental services",2026,"Journal of Marketing Management","Informa UK Limited","https://doi.org/10.1080/0267257x.2026.2676709","",310,"2026-05-27 21:00:15","journal-article","10.1080/0267257x.2026.2676709","0267-257X",,,,1,30,0,0.00,0,3,1,"","https://www.tandfonline.com/doi/pdf/10.1080/0267257X.2026.2676709",""
0,"ADA studio","@Payless Car Rental Booking Number / Reservation Guide",2026,"","ResearchHub Technologies, Inc.","https://doi.org/10.55277/researchhub.7mlu3p9s.1","",327,"2026-05-27 21:00:15","report","10.55277/researchhub.7mlu3p9s.1","",,,,,,0,0.00,0,1,1,"","",""
0,"Duong Cao","Post-Pandemic Urban Housing Market Dynamics: A Comparative Analysis of Rental Recovery, Return-to-Office Mandates, and Price Gradient Shifts in Technology-Centric and Service-Oriented Metros",2026,"","MDPI AG","https://doi.org/10.20944/preprints202602.1119.v1","",335,"2026-05-27 21:00:15","posted-content","10.20944/preprints202602.1119.v1","",,,,,,0,0.00,0,1,1,"The housing and rental market has been a volatile and unpredictable environment ever since the COVID-19 pandemic. This study is an examination of the post-pandemic housing market dynamics across ten United States metropolitan areas, comparing five technology-centric hubs including San Francisco, San Jose, Seattle, Austin, and Cambridge with five service-oriented economies which includes Las Vegas, Orlando, San Antonio, Phoenix, and Tampa. I obtained the data on Zillow and focused on two variables: Home Value Index (ZHVI) and Zillow Observed Rent Index (ZORI) spanning 2019 through 2024. I conduct a difference-in-differences (DiD) analysis in addition to an event-study decomposition, placebo testing, and advanced time-series forecasting. The DiD regression estimates a treatment effect of +6.75 percentage points in rent growth for technology hubs relative to service metros in the post-2023 period (p &lt; 0.001). However, checks for robustness which includes event-study pre-trends and placebo date tests reveal violations of the parallel trends assumption, precluding causal interpretation. Results are therefore reported as descriptive correlations. I also utilized STL decomposition, SARIMAX modeling, Prophet forecasting, and gradient-boosted machine learning to confirm that metro type accounts for a substantial share of predictive variation in rent trajectories. The results suggest that return-to-office mandates, remote-work persistence, and migration patterns interact in complex ways to shape rental recovery heterogeneity. The convergence of urban–suburban price gradients and the decline in price-to-rent ratios point to a structural repricing of urban housing markets that extends beyond the immediate pandemic shock.","",""
0,"Akash Raghuvanshi, Kahkasha Naz, Aryan Dhama","A Hybrid CNN-LSTM Deep Learning Approach in a Home Rental Recommendation System",2026,"2026 5th International Conference on Innovative Practices in Technology and Management (ICIPTM)","IEEE","https://doi.org/10.1109/iciptm69057.2026.11465431","",337,"2026-05-27 21:00:15","proceedings-article","10.1109/iciptm69057.2026.11465431","",,,,1,6,0,0.00,0,3,1,"","http://xplorestaging.ieee.org/ielx8/11465168/11465171/11465431.pdf?arnumber=11465431",""
0,"AFRA YASMIN","@Priceless Car Rental Booking Number / Reservation Guide",2026,"","ResearchHub Technologies, Inc.","https://doi.org/10.55277/researchhub.fipyr97e.1","",338,"2026-05-27 21:00:15","report","10.55277/researchhub.fipyr97e.1","",,,,,,0,0.00,0,1,1,"","",""
0,"SASAHARA Kazutoshi","@Advantage Car Rental Booking Number / Reservation Guide",2026,"","ResearchHub Technologies, Inc.","https://doi.org/10.55277/researchhub.zb0tuvdm.1","",340,"2026-05-27 21:00:15","report","10.55277/researchhub.zb0tuvdm.1","",,,,,,0,0.00,0,1,1,"","",""
0,"Chunil Kim","Risk Management Frameworks for Rebuilding the Rental Housing Market",2026,"Journal of Public Society","The Korean Association for Public Society","https://doi.org/10.21286/jps.2026.02.16.1.5","",350,"2026-05-27 21:00:15","journal-article","10.21286/jps.2026.02.16.1.5","2233-663X",,16,1,5,36,0,0.00,0,1,1,"","",""
0,"AZ GAMING","@Avis Car Rental Booking Number / Reservation Guide",2026,"","ResearchHub Technologies, Inc.","https://doi.org/10.55277/researchhub.n9dxw7dm.1","",353,"2026-05-27 21:00:15","report","10.55277/researchhub.n9dxw7dm.1","",,,,,,0,0.00,0,1,1,"","",""
0,"Vaduni Niranjan","A Secure Three-Tier Web Framework for Verified Student Accommodation and Rental Management",2026,"International Journal for Research in Applied Science and Engineering Technology","International Journal for Research in Applied Science and Engineering Technology (IJRASET)","https://doi.org/10.22214/ijraset.2026.79797","",354,"2026-05-27 21:00:15","journal-article","10.22214/ijraset.2026.79797","2321-9653",,14,4,3266,3273,0,0.00,0,1,1,"Finding convenient paying guest (PG) and student accommodation is a very big problem facing students who in migrating to new city seek higher education. Lack or availability of centralised, validated and student friendly accommodation portals can result into time consuming search, inaccurate information, and poor housing decision. The present paper proposes a specialized web-based accommodation portal, named as PGConnect, which will facilitate the process of searching and finding accommodation of the PG housing, with particular attention to the Delhi-NCR educational hub. The system is built on a friendly interface that is created using React, and the backend is based on the Laravel framework to handle business logic, authentication, and RESTful API security. A relational database is a PostgreSQL, which guarantees the data integrity and effective management of queries. The framework has a three-level architecture that helps increase scalability and maintainability. Experimental findings show that, PGConnect is very effective to decrease the time spent on the search and provide a high level of user satisfaction in comparison to manual approaches, which can be regarded as a valid and visible solution to the specific demands of the student population in metropolitan areas","",""
0,"Bright Osei Boateng, Henry Mensah, Blessing Ballo, Eric Kwame Simpeh, Charles Peprah","The non-financial determinants of residential landlords’ tenancy decisions in Ghana’s rental market",2026,"Property Management","Emerald","https://doi.org/10.1108/pm-09-2025-0132","",357,"2026-05-27 21:00:15","journal-article","10.1108/pm-09-2025-0132","0263-7472",,,,1,24,0,0.00,0,5,1,"Purpose: In urban centres, rental housing is shaped not only by financial factors such as rent levels and affordability but also by a range of non-financial determinants. This study examines the most influential non-financial factors and empirically classifies those shaping residential landlords’ tenancy decisions in Ghana. Design/methodology/approach: The study employed a mixed-method sequential explanatory design and conducted a structured survey of 372 residential landlords across first, second and third-class residential areas in Greater Kumasi. Quantitative data were analysed using descriptive and inferential statistics, such as the Relative Importance Index (RII) and Exploratory Factor Analysis (EFA), while qualitative data from open-ended questions were used to add more depth to the findings. Findings: The results indicated that the five most important non-financial factors that determine tenancy were criminal record (RII = 0.818), marital status (0.811), level of education (0.808), politeness and attitude (0.802) and rule compliance (0.801). The EFA grouped these determinants into three factors: socioeconomic and cultural suitability (32.275%), personal traits and behaviour (29.772%) and domestic compatibility and property care (23.698%), which account for 85.745% of the variance. Research limitations/implications: This study has implications for urban planners to consider non-financial screening functions as informal regulation, requiring transparent tenancy guidelines and non-discrimination safeguards to strengthen equitable rental governance. Originality/value: This study reconceptualises non-financial determinants as structured informal governance logics, demonstrating how landlord discretion shapes housing access within Ghana’s urban rental markets.","https://www.emerald.com/pm/article-pdf/doi/10.1108/PM-09-2025-0132/11524051/pm-09-2025-0132en.pdf",""
0,"SA BR","@Ace Car Rental Booking Number / Reservation Guide",2026,"","ResearchHub Technologies, Inc.","https://doi.org/10.55277/researchhub.4xepjfhk.1","",367,"2026-05-27 21:00:15","report","10.55277/researchhub.4xepjfhk.1","",,,,,,0,0.00,0,1,1,"","",""
0,"joshua ackerman","123Movies Watch Rental Family (2025) FULLMOVIE Online Streamings",2026,"","ResearchHub Technologies, Inc.","https://doi.org/10.55277/researchhub.bee72xnr","",368,"2026-05-27 21:00:15","report","10.55277/researchhub.bee72xnr","",,,,,,0,0.00,0,1,1,"","",""
0,"lilith avi","Voir!. 'Rental Family' Streaming VF (4K) En Français",2026,"","ResearchHub Technologies, Inc.","https://doi.org/10.55277/researchhub.bfi5pvs3","",378,"2026-05-27 21:00:15","report","10.55277/researchhub.bfi5pvs3","",,,,,,0,0.00,0,1,1,"","",""
0,"Shaswata Hazarika, Mrinmoy K. Sarma","Factors Influencing Farm Machinery Rental Service: A Sequential Exploratory Mixed-Method Study in an Agrarian State of India",2026,"International Journal of Rural Management","SAGE Publications","https://doi.org/10.1177/09730052261420869","",389,"2026-05-27 21:00:15","journal-article","10.1177/09730052261420869","0973-0052",,22,1,136,153,0,0.00,0,2,1,"This study seeks to determine the factors influencing the effectiveness of informal farm machinery rental services and also to assess these factors across the different sample districts of Assam. The study uses a sequential exploratory mixed-method research design to achieve these objectives. First, qualitative interviews were conducted with 20 informal service providers to identify operational constraints. The insights from these interviews led to the development of the survey instrument for the quantitative phase. In the quantitative phase, 400 farm machinery rental service users were surveyed in the sample areas. To determine the factors, exploratory factor analysis was conducted, and then analysis of variance was used to assess the factors across the districts. The exploratory factor analyses revealed two key factors, that is, technical service efficiency and service delivery, which influence the effectiveness of the informal farm machinery rental services. Technical service efficiency showed a higher variance than service delivery. Therefore, the study suggested policies to strengthen the service delivery for promoting sustainable and equitable mechanisation in the study area.","https://journals.sagepub.com/doi/pdf/10.1177/09730052261420869",""
0,"David Jaffee, Katie Renzi","Addressing the Rental Housing Crisis: Policies and Prospects",2026,"The Financialization of Human Shelter","Emerald Publishing Limited","https://doi.org/10.1108/978-1-83708-936-920261005","",396,"2026-05-27 21:00:15","book-chapter","10.1108/978-1-83708-936-920261005","",,,,79,104,0,0.00,0,2,1,"","https://www.emerald.com/books/monograph/chapter-pdf/11181426/978-1-83708-936-920261005en.pdf",""
0,"OAPSI SIOSA","The Vacation Rental, 4.3 by Katie Sise (ePUB)",2026,"","ResearchHub Technologies, Inc.","https://doi.org/10.55277/researchhub.6cok0iag.1","",402,"2026-05-27 21:00:15","report","10.55277/researchhub.6cok0iag.1","",,,,,,0,0.00,0,1,1,"","",""
0,"David Jaffee, Katie Renzi","Financialization of Single-Family and Multifamily Rental Housing",2026,"The Financialization of Human Shelter","Emerald Publishing Limited","https://doi.org/10.1108/978-1-83708-936-920261002","",404,"2026-05-27 21:00:15","book-chapter","10.1108/978-1-83708-936-920261002","",,,,17,48,0,0.00,0,2,1,"","https://www.emerald.com/books/monograph/chapter-pdf/11181413/978-1-83708-936-920261002en.pdf",""
0,"N. Suganya, T. Vishnu Kumar, M. Suganthan, R. Ragul","An Integrated AI-Driven Forecasting and Optimization Framework for Intelligent Vehicle Rental Management Using RentOptima",2026,"2026 8th International Conference on Intelligent Sustainable Systems (ICISS)","IEEE","https://doi.org/10.1109/iciss67859.2026.11453753","",418,"2026-05-27 21:00:15","proceedings-article","10.1109/iciss67859.2026.11453753","",,,,1678,1684,0,0.00,0,4,1,"","http://xplorestaging.ieee.org/ielx8/11453495/11453502/11453753.pdf?arnumber=11453753",""
0,"Shaik Rehman","A Modern Full-Stack Car and Bike Rental System for Efficient Vehicle Discovery, Booking, and Management",2026,"International Journal for Research in Applied Science and Engineering Technology","International Journal for Research in Applied Science and Engineering Technology (IJRASET)","https://doi.org/10.22214/ijraset.2026.80945","",423,"2026-05-27 21:00:15","journal-article","10.22214/ijraset.2026.80945","2321-9653",,14,4,7634,7639,0,0.00,0,1,1,"The vehicle rental industry is undergoing rapid digital transformation, shifting from manual, paper-based processes to integrated online platforms. Existing solutions remain fragmented, often focusing on isolated features rather than providing a comprehensive, real-time ecosystem. This paper presents a Modern Full-Stack Car and Bike Rental System — a web-based marketplace developed using the MERN stack (MongoDB, Express.js, React.js, Node.js) to unify vehicle discovery, booking, and fleet management in a single platform. The system integrates JWT-based authentication, real-time atomic database synchronization to prevent double-booking, role-specific dashboards for Customers, Providers, and Administrators, automated email communication via Nodemailer, and cloud media handling via Cloudinary. The proposed architecture follows a three-tier Model-View-Controller (MVC) design pattern, ensuring separation of concerns, independent scalability, and high fault tolerance. Experimental evaluation demonstrates API response latencies between 250–450 ms for standard operations, end-toend booking transaction completion within 1.8–2.5 seconds, and 100% success in preventing concurrent duplicate reservations through atomic database operations. The system is fully functional as a Minimum Viable Product and serves as a robust foundation for future extensions including integrated payment gateways, native mobile applications, and AI-driven dynamic pricing","",""
0,"Phanintorn Suaprae, Pisit Chansuek, Thanakrit Janchidfah, Jittapoo Poolwan","Design and Implementation of an ERP-Based Smart Car Rental Management System for Digital Tourism Platforms",2026,"2026 IEEE International Conference on Cybernetics and Innovations (ICCI)","IEEE","https://doi.org/10.1109/icci68752.2026.11506492","",427,"2026-05-27 21:00:15","proceedings-article","10.1109/icci68752.2026.11506492","",,,,1,6,0,0.00,0,4,1,"","http://xplorestaging.ieee.org/ielx8/11506402/11506438/11506492.pdf?arnumber=11506492",""
0,"Lennart Baardman, Xuening Wang","Managing Product Availability in Rental Subscriptions",2026,"","Elsevier BV","https://doi.org/10.2139/ssrn.6410698","",432,"2026-05-27 21:00:15","posted-content","10.2139/ssrn.6410698","",,,,,,0,0.00,0,2,1,"Problem definition. Rental subscription businesses face persistently high customer churn, threatening the viability of a business model that relies on long-term retention. While prior work has documented various drivers of churn, the operational mechanisms linking inventory management decisions to customer attrition remain poorly understood. This paper studies how improving inventory decisions reduces customer churn in rental subscription systems.&nbsp; <div> <br> </div> <div> Methodology and results. With data from a fashion clothing rental subscription firm, we use text mining methods to show that product availability is a dominant driver of their customer churn. We then formulate a dynamic two-stage decision framework that sequentially determines which products to display at customer arrival and how to allocate inventory for fulfillment at a future time. Although the resulting dynamic optimization problem is computationally intractable, we develop fast policies based on future inventory predictions that explicitly balance churn arising due to unavailability displays, failed fulfillments, and natural churn. Both theoretical analysis and numerical experiments, based on simulations calibrated with real-world data, show that these policies consistently dominate the commonly used myopic policy across a wide range of operating conditions.&nbsp; </div> <div> <br> </div> <div> Managerial implications. Our results demonstrate the value of coordinated management of product display and order fulfillment in rental subscription services. We provide managers with recommendations on which simple predictive policies are best used in their circumstances. Overall, we show that using predictive policies, that balance product availability with fulfillment reliability, reduces customer churn. </div>","",""
0,"Adah Okechukwu Uchenna, Ingonabo Idholo, Adarugo Elohor, Chukwuma I.E, Idisi Benjamin Evi","Impact of Property Management Practices on Rental Value Stability in Urban Housing Markets in Lagos",2026,"International Journal of Latest Technology in Engineering Management &amp; Applied Science","RSIS International","https://doi.org/10.51583/ijltemas.2026.150400100","",442,"2026-05-27 21:00:15","journal-article","10.51583/ijltemas.2026.150400100","2278-2540",,15,4,1149,1159,0,0.00,0,5,1,"Rapid urbanization has intensified pressure on housing markets in fast-growing cities such as Lagos, leading to rising demand for residential accommodation and unstable rental values. Property management practices are increasingly recognized as critical determinants of rental housing market performance and stability. However, inconsistent management approaches, poor maintenance, and ineffective tenant management often contribute to rental price disparities across urban residential areas. This study examines the influence of property management practices on the stability of residential rental values in Lagos. It investigates commonly used management methods, the role of maintenance practices, tenant management strategies, and the contribution of professional property management. The findings show that regular property inspections (30%) and routine maintenance and repairs (25%) are among the most widely used management practices. Maintenance activities contribute 35% toward maintaining stable rental values, while proper tenant screening accounts for 32.5% in ensuring consistent rental income. Professional property managers also enhance operational efficiency and maintenance performance by 30%. The study concludes that effective maintenance, structured tenant management, and professional property management are essential for sustaining stable residential rental values in urban housing markets.","https://www.ijltemas.in/submission/online/article/download/4640/6268",""
0,"Jianyue Wang, Ki Ling Cheung, Albert Y. Ha","Apparel retail and rental business models and their sustainability implications",2026,"Production and Operations Management","SAGE Publications","https://doi.org/10.1177/10591478261444827","",480,"2026-05-27 21:00:15","journal-article","10.1177/10591478261444827","1059-1478",,,,,,0,0.00,0,3,1,"In this paper, we explore the question of whether an apparel manufacturer should incorporate a renting channel into its existing business model, which currently only includes a retailing channel. We also examine how such a change would affect product quality and sustainability. We develop several game-theoretical models where an apparel manufacturer, currently selling apparel products directly to consumers, may choose to rent them out either directly or indirectly through a third-party online platform. When both retailing and renting channels are available, the manufacturer will only sell the product if rental utility or brand quality is low. Otherwise, it will sell and rent out the product simultaneously. Our findings suggest that adding a renting option to a retailing-only business model could increase the manufacturer’s profit and product quality, despite potential demand cannibalization. However, the environmental impact of rental versus pure retail depends on the level of rental utility. The increase in profit and quality from incorporating renting is more significant when brand quality is higher. Additionally, this change could enhance consumer surplus and social welfare. We also analyze the effects of three common public policies on sustainability when a renting channel is added, finding that two of the policies can promote product quality. We extend our model by considering consumer heterogeneity in preferences for green consumption or discounted utility from renting, and find that our results remain robust. When examining demand cannibalization over time, we observe that product quality decisions may be influenced by the extent of cannibalization over time, while the environmental impact could worsen.","https://journals.sagepub.com/doi/pdf/10.1177/10591478261444827",""
0,"Şafak Durukan-Odabaşı, Mehmet Yavuz Yağcı, Muhammed Ali Aydın","From Traditional to IoT Based: A Generational Taxonomy and Attack Classification of Supervisory Control and Data Acquisition Syste",2026,"ELECTRICA","AVES YAYINCILIK A.Ş.","https://doi.org/10.5152/electrica.2026.25173","",507,"2026-05-27 21:00:15","journal-article","10.5152/electrica.2026.25173","2619-9831",,26,1,1,13,0,0.00,0,3,1,"Supervisory control and data acquisition (SCADA) systems play a crucial role in managing vital infrastructures, including power generation, distribution networks, waste management, and smart manufacturing. Initially designed as isolated and closed systems, SCADA architectures have evolved by integrating advanced information technologies, enabling enhanced remote management and interoperability. However, this integration significantly broadens the attack surface, increasing vulnerabilities to sophisticated cyber threats that can lead to severe environmental, human, and economic consequences, thus posing a substantial risk to national security. This study systematically categorizes SCADA systems into distinct generations based on core features, including communication protocols, auditing, and integration levels, and emphasizes the necessity of generationspecific vulnerability analyses. By grouping SCADA systems into two main generational categories, the research provides a structured framework for understanding differing security risks and guiding the development of tailored cybersecurity solutions, such as intrusion detection and prevention systems. This generational approach offers critical insights for both academic inquiry and practical defense strategies, facilitating more effective risk mitigation and resilience building in SCADA systems amid an increasingly complex cyber threat landscape. Cite this article as: M. Y. Yağcı, Ş. Durukan-Odabaşı and M. A. Aydın, “From traditional to IoT based: A generational taxonomy and attack classification of supervisory control and data acquisition systems,” Electrica, 2026, 26, 0173, doi: 10.5152/electrica.2026.25173.","https://electricajournal.org/index.php/pub/article/download/1291/1275",""
0,"Goei Sato, Ryo Hatano, Hiroyuki Nishiyama","Rental Price Prediction with Machine Learning Using Future Population Statistics",2026,"Proceedings of the 18th International Conference on Agents and Artificial Intelligence","SCITEPRESS - Science and Technology Publications","https://doi.org/10.5220/0014489000004052","",508,"2026-05-27 21:00:15","proceedings-article","10.5220/0014489000004052","",,,,4754,4761,0,0.00,0,3,1,"","",""
0,"Takeru Sugasawa, Kei Harano","Disentangling transaction-stage and management-stage discrimination in the rental housing market: evidence from a correspondence experiment in Tokyo",2026,"Journal of Housing Economics","Elsevier BV","https://doi.org/10.1016/j.jhe.2026.102134","",520,"2026-05-27 21:00:15","journal-article","10.1016/j.jhe.2026.102134","1051-1377",,72,,102134,102134,0,0.00,0,2,1,"","https://api.elsevier.com/content/article/PII:S105113772600015X",""
0,"Emeraldza Egi Widjaja, Maria Y. D. Hayu Agustini","Implementation Strategic Planning Tools in Small Business. A Case of “SDS” Dump Truck Rental Enterprise",2026,"Journal of Management and Business Environment (JMBE)","Soegijapranata Catholic University","https://doi.org/10.24167/jmbe.v7i2.14251","",521,"2026-05-27 21:00:15","journal-article","10.24167/jmbe.v7i2.14251","2685-5992",,7,2,101,120,0,0.00,0,2,1,"The strategic planning process is crucial for businesses. However, many MSMEs do not adopt it as they are lack of a clear strategy and focuses only on daily routine. SDS, a heavy equipment rental business including dump trucks, has experienced stagnant revenue for the past five years due to the lack of a clear strategy to face the competition. This study aims to analyze the internal and external conditions of SDS and determine appropriate strategies to increase its revenue and competitiveness. Primary data was collected through interviews, while secondary data was obtained from documentation. Internal analysis using the Business Model Canvas identified strengths and weaknesses, while external analysis mapped opportunities and threats. The SWOT analysis generated four strategic alternatives (S-O, S-T, W-O, and W-T), which were then prioritized through analysis and discussions with the owner based on costs, actual resource readiness, and internal capabilities. This study recommends three main strategies: enhancing relationship marketing, expanding and activating digital promotions, and optimizing operational reserve management.","https://journal.unika.ac.id/index.php/JMBE/article/viewFile/14251/pdf",""
0,"Morten Grindaker, Artashes Karapetyan, Espen R. Moen, Plamen Nenov","Transaction Sequencing and House Price Pressures",2026,"Management Science","Institute for Operations Research and the Management Sciences (INFORMS)","https://doi.org/10.1287/mnsc.2024.08149","",523,"2026-05-27 21:00:15","journal-article","10.1287/mnsc.2024.08149","0025-1909",,,,,,0,0.00,0,4,1,"We use a unique data set of individual housing transaction histories from Norway and a novel shift-share design to show that temporary changes in the transaction sequencing decisions of moving homeowners—whether to buy first and then sell or vice versa—cause temporary local increases in house prices and seller liquidity. Our findings are consistent with a simple theory of how transaction sequencing decisions impact house prices in a frictional housing market. We also provide the first causal estimate of the elasticity of house prices to market tightness, which is around 0.1. Overall, our findings highlight the importance of trading frictions and supply-demand imbalances for housing market dynamics.","https://pubsonline.informs.org/doi/pdf/10.1287/mnsc.2024.08149",""
0,"Dhian Adhetiya Safitra, Akhmad Khabibi, Roy Anshor","Estimation of Rental Rates of Assets in Public Service Agencies Using Alternative Methods",2026,"JAMPE (Journal of Asset Management and Public Economy)","Universitas Ahmad Dahlan","https://doi.org/10.12928/jampe.v5i1.13816","",532,"2026-05-27 21:00:15","journal-article","10.12928/jampe.v5i1.13816","2827-9816",,5,1,40,60,0,0.00,0,3,1,"Asset optimization is an increasingly important issue for Indonesia’s Public Service Agencies (PSAs), which are required to determine fair and transparent rental values for state-owned assets (SOAs). This research develops an alternative rental-pricing framework for recreational sports assets, using a mini soccer field at the Polytechnic of State Finance STAN (PKN STAN) as a case study. Data were collected from a survey of 117 respondents to compare three valuation approaches: the Contingent Valuation Method (CVM), a cost-based approach, and a market-based benchmark. CVM estimation was conducted using two Ordinary Least Squares (OLS) models. The model analyzes respondents’ acceptance of an offered bid (1 = accept; 0 = reject) as a function of bid levels and demographic characteristics. The predicted acceptance probability was used to derive willingness to pay (WTP), serving as the basis for the CVM-derived rental value. The empirical results indicate that the CVM-based rental estimates are broadly aligned with values derived from the cost-based approach, while the market approach provides useful external validation for establishing a fair rental range. The findings also support the implementation of differentiated pricing strategies, such as higher rates during weekends and peak afternoon periods, to enhance both revenue optimization and facility utilization. The current research primarily contributes to the demonstration that CVM can be effectively adapted for pricing small-scale sport facility assets within PSA asset management. The research provides a methodological alternative that strengthens evidence-based decision-making and offers preliminary input for future improvements in regulatory guidelines governing state-owned asset rental valuation.","http://journal2.uad.ac.id/index.php/JAMPE/article/download/13816/6265",""
0,"Abel Ningkan Leo, Hisyam Yasin","Malikai Wax Management Breakthrough Through In-House Cleaning",2026,"Offshore Technology Conference Asia","OTC","https://doi.org/10.4043/36479-ms","",538,"2026-05-27 21:00:15","proceedings-article","10.4043/36479-ms","",,,,,,0,0.00,0,2,1,"Wax deposition represents a significant production challenge in deepwater oil developments, particularly within the flash gas recompression systems operating with gas containing carry-over of liquid under high pressure. At the Malikai Tension Leg Platform (TLP), progressive wax accumulation was identified as a critical threat to the flash gas system reliability, compressor availability, and overall production continuity. If left unmanaged, wax-related fouling can result in elevated differential pressure with higher power demand, reduced heat transfer efficiency, instrumentation malfunction, and unplanned production deferment. This paper presents a field-proven, cost-effective wax management breakthrough implemented at Malikai through an internally developed in-house cleaning approach. The initiative demonstrates how operational ownership, multidisciplinary collaboration, and technical agility enabled the safe and effective cleaning of wax-fouled gas system equipment without reliance on external vendors. The methodology, execution strategy, performance outcomes, and lessons learned are presented to provide a practical and replicable reference for offshore operators facing similar wax deposition challenges.","https://onepetro.org/OTCASIA/proceedings-pdf/doi/10.4043/36479-MS/5352990/otc-36479-ms.pdf",""
0,"Pietro Roberto Goisis","Commento al film &lt;i&gt;Rental Family&lt;/i&gt;",2026,"Ricerca Psicoanalitica","PAGEPress Publications","https://doi.org/10.4081/rp.2026.1172","",543,"2026-05-27 21:00:15","journal-article","10.4081/rp.2026.1172","2037-7851",,37,1,,,0,0.00,0,1,1,"We can honestly say that even we psychoanalysts sometimes need a Calvino-like lightness, serenity, positive atmospheres, calm and gentle experiences, the simple feeling of being well. Rental Family (2025) by Hikari is a film capable of generating a rare sensation: that of a quiet, almost restorative well-being. The visual quality, the narrative pace, and the delicacy of the music build a space that welcomes the viewer. But it is precisely this apparent lightness that makes the themes the film explores even more striking. […]    ","https://socialsciences.pagepress.net/rp/article/download/1172/1220",""
1,"Rebecca Beech, Elaine Ritch, Craig Graham Anderson, Zeeshan Ali","Biases and heuristics in chatbot enabled everyday fashion rental in the UK",2026,"Journal of Fashion Marketing and Management: An International Journal","Emerald","https://doi.org/10.1108/jfmm-07-2025-0363","",570,"2026-05-27 21:00:15","journal-article","10.1108/jfmm-07-2025-0363","1361-2026",,30,4,788,809,1,1.00,0,4,1,"Purpose: This research presents a novel theoretical framework by examining chatbots in an under-explored context of everyday clothing rental. We apply an interdisciplinary lens, behavioural economics theory, nudge theory and choice architecture, to a marketing exploration, to simplify consumers’ decision-making. Design/methodology/approach: Three focus groups and 28 interviews were conducted with UK consumers across two qualitative phases. Findings: As shown in Figure 2, identifying rental barriers and drivers led to the development of four digital, four green nudges, boosts and sludges. This choice architecture is specifically designed to steer consumer behaviour towards everyday renting. Practical implications: This study provides managerial implications for circular and non-profit companies by leveraging green and digital nudges to enhance choice architecture and consumer footfall. Policy implications suggest reforms for UK consumer laws, specifically proposing a “consumer warrant” to enforce sustainability transparency. Originality/value: This paper offers novel insights into using nudge theory to shape consumer heuristics and decisions regarding everyday clothing rentals via chatbots. It introduces specific digital and green nudges designed to transform the consumer choice environment.","https://www.emerald.com/jfmm/article-pdf/30/4/788/11249546/jfmm-07-2025-0363en.pdf",""
0,"","ANALISA TERTUNDANYA BONGKAR MUATAN BATUBARA DI JETTY PLTU MENGGUNAKAN METODE HOUSE OF RISK",2026,"Proceeding Maritime Business Management Conference","PPNS","https://doi.org/10.33863/mbmc.v5i1.4178","",572,"2026-05-27 21:00:15","proceedings-article","10.33863/mbmc.v5i1.4178","",,,,,,0,0.00,0,0,1,"","",""
0,"Mrs. D.D. Shipne, Avishkar. S. Chavan, Aniket.D . Upadhey, Satish.G. Sable, Pranav.S Onkare","Review Design and Implementation of a Property Rental Web Application Using the MERN Stack",2026,"INTERNATIONAL JOURNAL OF SCIENTIFIC RESEARCH IN ENGINEERING AND MANAGEMENT","Edtech Publishers (OPC) Private Limited","https://doi.org/10.55041/ijsrem58287","",592,"2026-05-27 21:00:15","journal-article","10.55041/ijsrem58287","2582-3930",,10,3,1,9,0,0.00,0,5,1,"Abstract- The increasing demand for digital accommodation services has transformed the hospitality industry by enabling users to search and book properties through online platforms. This research presents the design and implementation of a full-stack property rental web application using the MERN technology stack consisting of MongoDB, Express.js, React, and Node.js. The application enables users to browse rental listings, view property details, and make reservations through an intuitive interface. Property owners can manage listings and monitor bookings through an administrative dashboard. The system improves traditional booking systems by offering real-time availability updates, secure authentication, and scalable architecture. The results demonstrate that modern web development technologies can effectively support online accommodation platforms while improving user experience and operational efficiency. [1][2] . Keywords - MERN Stack, Web Application Development, Property Rental System, Online Booking Platform, Full-Stack Architecture","",""
0,"Krishna Sharma","Rental Markets and the Mechanization of Smallholder Agriculture: Evidence from Nepal’s Terai",2026,"","Elsevier BV","https://doi.org/10.2139/ssrn.6129526","",626,"2026-05-27 21:00:15","posted-content","10.2139/ssrn.6129526","",,,,,,0,0.00,0,1,1,"Using cross-sectional household survey data from Nepal's Terai, we document that smallholders are associated with larger gains in cropping intensity from rental market use compared to large farms. While conventional wisdom holds that agricultural mechanization favors large farms due to economies of scale, over 80% of smallholders in our sample use tractor services despite ownership rates below 5%. These findings provide suggestive evidence that rental markets may expand technology access for resourceconstrained farmers without capital-intensive ownership.","",""
0,"Agung Wahyu Ramadhan, Jecky Tri Ananda, Muhammad Firdaus, Muhammad Alda","IMPLEMENTASI FLEET MANAGEMENT SYSTEM BERBASIS MOBILE LAYANAN RENTAL BUS PARIWSATA MENGGUNAKAN METODE R&amp;D (STUDI KASUS : PT.NUSAWISATA TRANS)",2026,"Jurnal Informatika dan Teknik Elektro Terapan","Lembaga Penelitian dan Pengabdian kepada Masyarakat Universitas Lampung","https://doi.org/10.23960/jitet.v14i1.9046","",633,"2026-05-27 21:00:15","journal-article","10.23960/jitet.v14i1.9046","2830-7062",,14,1,,,0,0.00,0,4,1,"Fleet management is an important component in bus rental business operations. Common problems include limited monitoring of bus availability, poorly organized vehicle usage records, and manual management of driver data and travel schedules. These conditions result in low operational efficiency and poor service quality for customers. This study aims to implement a mobile-based Fleet Management System in bus rental businesses to support integrated fleet management. The method used is Research and Development (R&D), which includes the stages of needs analysis, system design, application development, testing, and evaluation. The results of the study show that the developed system is able to assist managers in monitoring fleet status, managing bus usage schedules, and organizing driver and trip data more effectively. This system is expected to improve operational efficiency and support the decision-making process in bus rental businesses.","https://journal.eng.unila.ac.id/index.php/jitet/article/download/9046/3923",""
0,"Bárbara Pacheco, Edwin  J. Niklitschek, Maritza Sepúlveda, Doris Oliva, Sebastián Vásquez","EFFECTS OF EL NIÑO AND AVIAN INFLUENZA ON THE TROPHIC NICHE OF THE SOUTH AMERICAN SEA LION (Otaria byronia) IN THE CENTRAL-SOUTHERN HUMBOLDT CURRENT SYSTE,B",2026,"","Elsevier BV","https://doi.org/10.2139/ssrn.6721437","",638,"2026-05-27 21:00:15","posted-content","10.2139/ssrn.6721437","",,,,,,0,0.00,0,5,1,"Large-scale climatic variability and emerging diseases can reshape trophic interactions and ecosystem functioning in highly productive upwelling systems. Here, we evaluate how El Niño conditions and the 2022–2023 avian influenza outbreak affected the population trophic niche of the South American sea lion (Otaria byronia) across the central–southern Humboldt Current System. Within an Optimal Foraging Theory framework, we tested whether environmental forcing and changes in prey availability promote trophic niche contraction or expansion. Trophic metrics, including total niche width (TNW), standardized Levins’ index, and taxonomic richness, were estimated from prey remains in scats collected at multiple colonies over several years along the Chilean coast. Local environmental variability associated with El Niño was quantified using daily sea surface temperature anomalies (SST; local Niño index, LIN), together with a categorical index of avian influenza occurrence (IAA) and an index of relative prey abundance (RPA). TNW declined with increasing El Niño intensity, although responses differed among sites and years, indicating spatially heterogeneous climatic effects. In contrast, avian influenza was associated with localized increases in TNW at some colonies, potentially reflecting altered competitive dynamics or shifts in prey exploitation following population impacts. Overall, O. byronia exhibited context-dependent trophic responses to climatic and epidemiological disturbances, underscoring the role of upper trophic predators as sentinels of marine environmental change and trophic restructuring in the Humboldt ecosystem.","",""
0,"Barra McCarthy","Institutional Investment and Residential Rental Market Dynamics",2026,"SSRN Electronic Journal","Elsevier BV","https://doi.org/10.2139/ssrn.6292958","",658,"2026-05-27 21:00:15","journal-article","10.2139/ssrn.6292958","1556-5068",,,,,,0,0.00,0,1,1,"The impact of institutional investment on residential rental markets is a topic that draws much attention, but for which limited evidence exists. This paper aims to remedy this by analysing the direct and indirect impact of institutional investment in existing housing stock on residential rents at the property level, using Ireland as a case study. Ireland is particularly suited, as large portfolios of rental properties became available for purchase due to the Global Financial Crisis (GFC), enticing institutional investors into Ireland's rental market for the first time. By focusing on investment in existing stock, the analysis isolates the impact of institutional investment from the effect it can have on local rental markets when it is channelled to new rental housing-a supply effect which should reduce rents. The study finds that institutional investors increased the level of rents by 4.1 percentage points more than other landlords with comparable properties following purchase. Available evidence supports many different causal mechanisms, including bargaining power, institutional landlords providing a higher cost-higher quality service, and institutional landlords placing greater emphasis on profitability.","",""
0,"Thuy Thieu Thi Thanh, Ngan Vu Phuong, Quynh To Thi Huong","Develop and management of rental social housing in Hanoi: Status quo and proposed solutions",2026,"AIP Conference Proceedings","AIP Publishing","https://doi.org/10.1063/5.0305571","",664,"2026-05-27 21:00:15","proceedings-article","10.1063/5.0305571","0094-243X",,3341,,50026,50026,0,0.00,0,3,1,"","https://pubs.aip.org/aip/acp/article-lookup/doi/10.1063/5.0305571",""
0,"Mingyang Sun, Cuo Zhang, Jing Qiu, Gang Lei, Xin Lu, Jianguo Zhu","Coordination of community energy storage system and prosumers for FCAS via battery modular management and capacity rental",2026,"Applied Energy","Elsevier BV","https://doi.org/10.1016/j.apenergy.2026.127553","",680,"2026-05-27 21:00:15","journal-article","10.1016/j.apenergy.2026.127553","0306-2619",,410,,127553,127553,0,0.00,0,6,1,"","https://api.elsevier.com/content/article/PII:S0306261926002059",""
0,"Angela House","Coverage Decisions: We Need to Talk about Formularies",2026,"Journal of Pain and Symptom Management","Elsevier BV","https://doi.org/10.1016/j.jpainsymman.2026.04.303","",681,"2026-05-27 21:00:15","journal-article","10.1016/j.jpainsymman.2026.04.303","0885-3924",,71,6,,,0,0.00,0,1,1,"","https://api.elsevier.com/content/article/PII:S0885392426004549",""
0,"","Cloth rental hub",2026,"International Research Journal of Modernization in Engineering Technology &amp; Science","International Research Journal of Modernization in Engineering Technology and Science","https://doi.org/10.56726/irjmets98361","",691,"2026-05-27 21:00:15","journal-article","10.56726/irjmets98361","2582-5208",,,,,,0,0.00,0,0,1,"","",""
0,"Df Bb","“Sixt Car Rental Cancellation Policy Explained: Fees, Refunds, No-Show Rules &amp; Reservation Modifications”",2026,"","ResearchHub Technologies, Inc.","https://doi.org/10.55277/researchhub.4ewu0wn2.1","",693,"2026-05-27 21:00:15","report","10.55277/researchhub.4ewu0wn2.1","",,,,,,0,0.00,0,1,1,"","",""
0,"carrental desk","What Is the Best Time to Book a Rental Car?  1-800^201^3538",2026,"","ResearchHub Technologies, Inc.","https://doi.org/10.55277/researchhub.vdcc8ixc","",696,"2026-05-27 21:00:15","report","10.55277/researchhub.vdcc8ixc","",,,,,,0,0.00,0,1,1,"","",""
0,"Brian J. McCabe","The Housing Lottery",2026,"","University of Chicago Press","https://doi.org/10.7208/chicago/9780226853888.001.0001","",697,"2026-05-27 21:00:15","monograph","10.7208/chicago/9780226853888.001.0001","",,,,,,0,0.00,0,1,1,"","",""
0,"Thuy Thieu Thi Thanh, Ngan Vu Phuong, Quynh To Thi Huong","Develop and management of rental social housing in Hanoi: Status quo and proposed solutions",2026,"AIP Conference Proceedings","AIP Publishing","https://doi.org/10.1063/5.0305571","",720,"2026-05-27 21:00:15","proceedings-article","10.1063/5.0305571","0094-243X",,3341,,50026,50026,0,0.00,0,3,1,"","https://pubs.aip.org/aip/acp/article-lookup/doi/10.1063/5.0305571",""
0,"Duke Das, Priti Pandey","Rental Growth and Rental Premiums: A Comparative Analysis of Green Versus Conventional Commercial Office Spaces in India",2026,"Lecture Notes in Civil Engineering","Springer Nature Singapore","https://doi.org/10.1007/978-981-96-6332-3_10","",727,"2026-05-27 21:00:15","book-chapter","10.1007/978-981-96-6332-3_10","2366-2557",,,,149,167,0,0.00,0,2,1,"","https://link.springer.com/content/pdf/10.1007/978-981-96-6332-3_10",""
0,"Gerry McNamee, James Grogan","Regulatory evolution of third-party risk management and its implications for in-house lawyers",2026,"Expert Essentials","Oxford University PressOxford","https://doi.org/10.1093/9780198972877.003.0090","",730,"2026-05-27 21:00:15","book-section","10.1093/9780198972877.003.0090","",,,,,,0,0.00,0,2,1,"Abstract: This article provides an overview of the main requirements of the European Banking Authority’s Guidelines on Outsourcing Arrangements and the European Banking Authority’s draft Guidelines on the sound management of third-party risk and offers a practical guide for in-house lawyers on helping their firms meet these requirements. We will explore the proposals for revising the current regime and what impact this may have on legal teams. Given the global reach of many financial institutions, we also provide a brief comparative analysis with the regimes in the UK and the US to equip in-house lawyers with the tools to leverage the similarities, and address the differences, presented by these regimes when trying to implement a global framework for third-party risk management within their firm.","https://academic.oup.com/oxford-law-pro/edited-volume/chapter-pdf/67721758/book_59931_section_559312826.ag.pdf",""
0,"","ONLINE CAR RENTAL SYSTEM",2026,"International Research Journal of Modernization in Engineering Technology &amp; Science","International Research Journal of Modernization in Engineering Technology and Science","https://doi.org/10.56726/irjmets87436","",735,"2026-05-27 21:00:15","journal-article","10.56726/irjmets87436","2582-5208",,,,,,0,0.00,0,0,1,"","",""
0,"Dr.N.Anjulatha","AI BASED EMBEDDED SYSTEM APPROACH TO MONITORING GREEN HOUSE",2026,"Research Digest on Engineering Management and Social Innovations","Mallikarjuna Infosys","https://doi.org/10.46647/icetetas155","",750,"2026-05-27 21:00:15","journal-article","10.46647/icetetas155","3117-4426",,2,4,,,0,0.00,0,1,1,"An AI-based Embedded System Approach to Monitor Greenhouse is designed to provide an efficient, intelligent, and automated solution for maintaining optimal environmental conditions for plant growth. This project uses an Arduino microcontroller as the central control unit to continuously monitor and regulate greenhouse parameters, while integrating Machine Learning techniques for smart decision-making and predictive control. A DHT11 sensor is used to measure temperature and humidity levels inside the greenhouse environment. MQ2 and MQ6 gas sensors are integrated to detect harmful gases and ensure safe air quality for plants. A soil moisture sensor monitors the water content in the soil and supports proper irrigation management. All sensed values are displayed on an LCD for real- time monitoring and user awareness. The system ensures continuous monitoring and efficient control of greenhouse conditions with minimal human intervention. It helps in improving crop yield by maintaining optimal environmental parameters. The integration of AI and IoT technologies makes the system more reliable and suitable for modern smart agriculture applications.It enables real-time data monitoring and quick decision-making for better environmental control. The system also enhances reliability and reduces the risk of crop damage.","https://rdems.in/index.php/RDEMS/article/view/92",""
0,"C. N. Vanitha, Dhivya P, R. M. Induja, Gu. Harshini, D. R. Kiruthika, B. Manikandan","A Scalable and Trust-Aware Digital Framework for Intelligent Rental Property Management and Optimized Tenant-Owner Interactions",2026,"2026 Fourth International Conference on Augmented Intelligence and Sustainable Systems (ICAISS)","IEEE","https://doi.org/10.1109/icaiss68683.2026.11525865","",769,"2026-05-27 21:00:15","proceedings-article","10.1109/icaiss68683.2026.11525865","",,,,387,393,0,0.00,0,6,1,"","http://xplorestaging.ieee.org/ielx8/11525394/11525436/11525865.pdf?arnumber=11525865",""
0,"Lillian Leung","Dynamics of Rental Housing Affordability in the Immigrant and U.S.-born Population, 2000-2020",2026,"","Center for Open Science","https://doi.org/10.31235/osf.io/y8zqk_v1","",775,"2026-05-27 21:00:15","posted-content","10.31235/osf.io/y8zqk_v1","",,,,,,0,0.00,0,1,1,"<p>Half of the United States’ foreign-born population are renters, yet rental affordability is an understudied dimension of immigrant integration compared to homeownership and other housing outcomes. This is particularly important as immigrants enter an increasingly unaffordable rental market. This study presents the most comprehensive national profile of immigrant rental outcomes in the twenty-first century. By analyzing rental costs and rent burdens, while considering transitions into homeownership over time, this study directly examines the rental housing outcomes of immigrant renters. Overall, immigrants pay higher rents and have higher rent burdens compared to native-born households after controlling for location, socioeconomic, and housing characteristics. The immigrant-native gaps in rent, rent burden, and homeownership reduce over time spent in the U.S., suggesting adjustment to the housing market. New arrivals are most likely to be renters and have higher rents and rent burdens. Supplemental analyses further show the new immigrant housing disadvantage is driven in part by higher housing costs that all recent movers face. As a result, recent immigrants are doubly disadvantaged as a recent mover and as a new arrival to the country.</p>","",""
0,"Dr. Christian D. Tongko, Chester M. Cajumban, MBA, Marlo D. Resano, MBA, Roel C. Ballesteros","Manager’s Management Style, Employees’ Satisfaction and Employees’ Productivity at North Park Noodle House",2026,"International Journal of Social Science and Education Research Studies","International Journal of Clinical Science and Medical Research","https://doi.org/10.55677/ijssers/v06i04y2026-07","",807,"2026-05-27 21:00:15","journal-article","10.55677/ijssers/v06i04y2026-07","2770-2782",,6,4,415,422,0,0.00,0,4,1,"This research study aimed to examine the manager’s management style, including the parameters such as the autocratic, consultative, democratic, and laisse – faire, at North Park Noodle House. Additionally, it explored the relationship between manager’s management style , and employees’ satisfaction and productivity. The study sought to determine whether there were significant relationships between the manager’s management style and the level of employees’ satisfaction, as well as between the manager’s management style and employees’ productivity. Furthermore, it examined the connection between employees’ satisfaction and employees’ productivity. This study employed a descriptive-correlational research design, focusing on the manager’s management style, employees’ satisfaction, and employees’ productivity as the key variables. The findings revealed a significant relationship between the manager’s management style in terms of democratic, and laisse- faire and the level of employees’ satisfaction, while parameters such as autocratic and consultative showed that there were no significant relationship with employees’ satisfaction. Additionally, the results showed that the level of productivity was only influenced by the manager’s management style in terms of laisse – faire and the three other factors were not significant. Lastly, the study confirmed that employees’ productivity is also dependent on employee satisfaction, highlighting that higher satisfaction resulted to increased productivity.","",""
0,"Matias Brum, Joaquín Toledo Tesoro","Property Taxes and Rental Prices:Evidence from a Large-Scale Cadastral Reassessment",2026,"","Elsevier BV","https://doi.org/10.2139/ssrn.6798879","",829,"2026-05-27 21:00:15","posted-content","10.2139/ssrn.6798879","",,,,,,0,0.00,0,2,1,"This paper examines the causal effect of property tax increases on rental prices in Uruguay,exploiting a quasi-natural experiment from a large-scale cadastral reassessment in Canelones in2011. Using a Synthetic Difference-in-Differences (SDID) estimator, we find the reassessmentraised rental prices by 9.3% relative to a synthetic counterfactual, with effects becoming statisticallysignificant three to four years post-implementation. The 21% average increase in taxableproperty values produced a pass-through rate of roughly 44%, consistent with incomplete adjustmentin markets with inelastic housing supply. Leveraging housing demand elasticities fromthe existing empirical literature, our observed pass-through implies supply elasticities of 0.29–0.32, indicating relatively inelastic supply in Canelones’ mixed urban-suburban-rural context.We also document a 12.4% rise in imputed rental values (valor locativo) for homeowners, reflectingbroader market contagion. These findings highlight institutional constraints—particularlyrental contract regulations that delay adjustment—influencing the timing and magnitude of taxpass-through, contributing to the literature on tax incidence in regulated housing markets andinforming local fiscal policy design in federal systems.","",""
0,"Andrey Zahariev, Galina Zaharieva, Larysa Shaulska, Mykhaylo Oryekhov","House Price Determinants: Evidence from Bulgaria as a New Eurozone Member State",2026,"","MDPI AG","https://doi.org/10.20944/preprints202602.1698.v1","",859,"2026-05-27 21:00:15","posted-content","10.20944/preprints202602.1698.v1","",,,,,,0,0.00,0,4,1,"This study examines the relationship between house prices and the factors driving their growth under conditions of transition from a long-standing currency board regime to Eurozone membership. The main objective is to identify and quantify key factors explaining the variation in house price growth in Bulgaria in conditions of prolonged currency convergence. The study applies a set of econometric techniques, including stationarity tests (ADF), Ljung-Box estimation, Shapiro-Wilk test, Kolmogorov-Smirnov test, ARCH LM test, t-tests. The study is based on 40 observations of quarterly data for the period 2015Q4-2025Q3 on 48 selected predictors with an impact on the general house price index. The final ARIMAX(0,2,1) model contains estimates of second-differenced data. The model includes a first-order moving average component and three exogenous regressors: the homeowners' expense index, the average rents of housing in Bulgaria and the homeowners' utility expenses index. The model explains nearly 90% of the variation in the acceleration of housing prices, with a low mean squared error. The diagnostic analysis confirms the adequacy of the model with a lack of autocorrelation in the residuals and successful capture of all systematic information in the data. All three exogenous regressors are statistically significant at the 1% level with strong and stable impacts on the dynamics of housing prices. The non-parametric correlation analysis shows statistically significant monotonic relationships between all regressors and the dependent variable. For the set of traditional macroeconomic, demographic, financial and industry factors, no statistically significant relationship is established. The results show that during Bulgaria's transition from a currency board to the Eurozone, the sustainable growth of housing prices was due to factors of national specificity.","",""
0,"","Smart Housing : Your Rental Service",2026,"International Research Journal of Modernization in Engineering Technology &amp; Science","International Research Journal of Modernization in Engineering Technology and Science","https://doi.org/10.56726/irjmets84967","",886,"2026-05-27 21:00:15","journal-article","10.56726/irjmets84967","2582-5208",,,,,,0,0.00,0,0,1,"","",""
0,"Ronan Lyons, Allison Shertzer, Rowena Gray","Rental Prices and the Cost of Living in the United States, 1914–2006",2026,"","National Bureau of Economic Research","https://doi.org/10.3386/w35124","",910,"2026-05-27 21:00:15","report","10.3386/w35124","",,,,,,0,0.00,0,3,1,"","",""
0,"nehmii nehmii","viral 18+ video tamara house party gen z house party house party trending video in kenya",2026,"","ResearchHub Technologies, Inc.","https://doi.org/10.55277/researchhub.l5ebprde","",912,"2026-05-27 21:00:15","report","10.55277/researchhub.l5ebprde","",,,,,,0,0.00,0,1,1,"","",""
0,"Yogesh Yogesh","Prediction of House Prices using Machine Learning Techniques",2026,"International Journal of Scientific Research in Engineering and Management","Edtech Publishers (OPC) Private Limited","https://doi.org/10.55041/ijsrem62604","",919,"2026-05-27 21:00:15","journal-article","10.55041/ijsrem62604","2582-3930",,10,5,,,0,0.00,0,1,1,"","",""
0,"Anggiah Salim, Sakina Sudin, Nurafni Muhammad, Fitriani Duwila, Frenti Polulu","Development of a Web-Based Motorcycle Rental Application with Real-Time Status and Digital Financial Recording",2026,"Ambidextrous Journal of Innovation Efficiency and Technology in Organization","PT Takaza Innovatix Labs","https://doi.org/10.61536/ambidextrous.v3i01.422","",929,"2026-05-27 21:00:15","journal-article","10.61536/ambidextrous.v3i01.422","3031-7002",,3,1,134,146,0,0.00,0,5,1,"Motorcycle rental businesses at the Micro, Small, and Medium Enterprises (MSME) level are still largely managed manually, which may lead to transaction recording errors and delays in vehicle status information. This study aims to design and implement a web-based motorcycle rental information system developed using HTML, CSS, JavaScript, and Bootstrap as the user interface. The system is managed through a GitHub repository, utilizes Supabase as a real-time database, and is deployed on the Vercel platform to provide public domain access. The research method follows system development stages consisting of requirement analysis, system design, implementation, and testing. The system is able to display real-time motorcycle availability, support admin-managed rental transactions, and generate daily income reports. To protect the confidentiality of MSME financial data, the income report is limited to a three-day period. The results indicate that the system operates properly and is feasible to be used as an operational support tool for web-based motorcycle rental services.","https://journal.takaza.id/index.php/ambidextrous/article/download/422/225",""
0,"Rajalakshmi Subramaniam, Keerthana Baskar, Sanjay Mohapatra","Institutional House Keeping Management- a Review of Solid Medical Bio Waste Management Strategies Adapted by Hospitals across the Globe during Covid19 Pandemic",2026,"International Journal of Enterprise Network Management","Inderscience Publishers","https://doi.org/10.1504/ijenm.2026.10076084","",930,"2026-05-27 21:00:15","journal-article","10.1504/ijenm.2026.10076084","1748-1252",,17,1,,,0,0.00,0,3,1,"","http://www.inderscienceonline.com/doi/full/10.1504/IJENM.2026.10076084",""
0,"","RENTEASE: A SMART CAR RENTAL SYSTEM",2026,"International Research Journal of Modernization in Engineering Technology &amp; Science","International Research Journal of Modernization in Engineering Technology and Science","https://doi.org/10.56726/irjmets80884","",957,"2026-05-27 21:00:15","journal-article","10.56726/irjmets80884","2582-5208",,,,,,0,0.00,0,0,1,"","",""
0,"Grant Williamson, Amila Wickramasinghe, Stefania Ondei, Owen Price, David Bowman","Wildfire house loss hazard mapping and fuel management scenario planning on a Tasmanian wildland-urban interface using radiant heat and firebrand exposure modelling",2026,"","California Digital Library (CDL)","https://doi.org/10.31223/x5jb3z","",964,"2026-05-27 21:00:15","posted-content","10.31223/x5jb3z","",,,,,,0,0.00,0,5,1,"Globally, wildfire disasters are increasing in frequency through a combination of urban expansion into flammable wildlands and climate change. Accordingly, the wildland urban interface (WUI) is a crucial geographic domain for disaster risk reduction. Accurate mapping of wildfire house loss hazard is a basic requirement for effective wildfire risk management. We developed a novel geographic analytical framework for mapping wildfire house loss hazard based on exposure to radiant heat load and firebrand density constrained by the biophysical environment of individual properties including vegetation type, fuel load, topography, and likely fire weather. We created a radiant heat exposure model based on physical principles and developed a statistical firebrand exposure model derived from detailed fluid dynamics modelling of firebrand transport. Combining outputs from these models we estimate total number of houses vulnerable to wildfire house loss for the WUI of Hobart, Tasmania, an extremely fire prone Australian capital city. We found our hazard mapping was more spatially nuanced that current official Tasmanian bushfire hazard mapping that broadly delineates areas with 100 m proximity to bushland &gt;1 ha. Using our hazard mapping framework, we explored the potential benefits of shaded firebreaks and prescribed burning fuel treatment scenarios in reducing wildfire house loss hazard, finding that exposure to firebrands were more important than exposure to radiative heat, particularly at greater distances from the interface. Further, our analyses suggest that mechanical thinning of bushland to increase the distance from homes by 50 m, combined with reducing bushland fuel loads by half, could substantially reduce by 68.3% the number of houses in mapped hazardous land (from 8,939 to 2,836 houses) in the study area. With acquisition of relevant fuel load and topographic inputs our wildfire house loss hazard mapping framework can be applied to flammable landscapes elsewhere in the world. Building on our findings and previous research of garden wildfire hazards we propose a conceptual model of wildfire house loss hazard that can be used to further design wildfire house loss mitigation strategies on the WUI.","https://eartharxiv.org/repository/object/11998/download/21535/",""
0,"","House Rental Management System",2025,"Iconic Research and Engineering Journals","Iconic Digital Lab","https://doi.org/10.64388/irev9i6-1712726","",1,"2026-05-27 21:00:15","journal-article","10.64388/irev9i6-1712726","2456-8880",,9,6,,,0,0.00,0,0,1,"","",""
0,"Jasmine Shrestha, Sabin Devkota, Abhishek Sapkota","A Project Report on House Rental Management System",2025,"","Elsevier BV","https://doi.org/10.2139/ssrn.5387037","",2,"2026-05-27 21:00:15","posted-content","10.2139/ssrn.5387037","",,,,,,0,0.00,0,3,1,"","",""
0,"Mamidyala Hari Krishna, K. Ravikanth, Makkala Ram, Penjarla Sandeep, Nakka Indhravathi","AI-Powered House Rental Management System with Proactive Tenant Property Matching.",2025,"International Journal of Research Publication and Reviews","Genesis Global Publication","https://doi.org/10.55248/gengpi.6.0825.31132","",3,"2026-05-27 21:00:15","journal-article","10.55248/gengpi.6.0825.31132","2582-7421",,6,8,5966,5974,0,0.00,0,5,1,"","",""
1,"Yuan Wang, Yu Fu, Xiang (Robert) Li","Guided yet constrained: The inverted U-shaped effect of house rules on P2P accommodation rental performance",2025,"Tourism Management","Elsevier BV","https://doi.org/10.1016/j.tourman.2024.105081","",8,"2026-05-27 21:00:15","journal-article","10.1016/j.tourman.2024.105081","0261-5177",,107,,105081,105081,1,1.00,0,3,1,"","https://api.elsevier.com/content/article/PII:S0261517724002000",""
0,"Tadele Chala, Tesfaye Megersa","The Effect of Living in Rental House on the Household Welfare: Evidence from Ethiopian News Agency’s Employees",2025,"European Business &amp; Management","Science Publishing Group","https://doi.org/10.11648/j.ebm.20251106.11","",14,"2026-05-27 21:00:15","journal-article","10.11648/j.ebm.20251106.11","2575-5811",,11,6,190,201,0,0.00,0,2,1,"This study used cross-sectional data from Ethiopian News Agency employees to examine the effect of living in a rental house on household welfare. The data were obtained from 134 households (67 of which were renters and 67 of which were owners). The households were classified as poor or non-poor based on the poverty line, which was established by the World Bank for household expenditure. Descriptive and binary logistic regression were employed in the study to assess the effects. The finding of the study demonstrated that the average monthly household food and nonfood expenditure per adult, possession of essential household material, consuming a variety of foods, and room occupancy status of a house renter are significantly low compared to house owner-employees. The probability of living below the poverty line is more than twice as high for renter households compared to homeowner households. 33% of the studied employees who are living in rented houses are considered to be living under poverty shelter. The result of the binary logistic regression also showed that living house, household size, and dependency ratio negatively affect the household welfare status, while marital status, age, income, and saving positively affect household welfare. The study suggests several recommendations for the government, including expanding the number of housing construction projects, providing subsidies to home builders, empowering mortgage banks for constructing public housing, and also enacting and implementing policy for setting and managing rental houses.","https://article.sciencepublishinggroup.com/pdf/j.ebm.20251106.11",""
0,"Wafa Amirotul Karimah, Saniatun Nurhasanah","The Boarding House Rental Business Plan ""Maison"" Using Business Model Canvas Analysis",2025,"Manfaah: Journal of Islamic Business and Management","STEI Tazkia","https://doi.org/10.30993/manfaah.v4i1.642","",25,"2026-05-27 21:00:15","journal-article","10.30993/manfaah.v4i1.642","2807-6613",,4,1,,,0,0.00,0,2,1,"Maison is a business engaged in residential rental. Maison is a boarding house business that provides housing for students and workers who need a comfortable, safe and complete place to live with facilities such as laundry, catering, janitors and others. Boarding House Maison is in Gajah sub-district of Semarang city. Boarding House Maison is in a quite strategic place, close to minimarkets and hospitals. This Maison boarding house business plan focuses on two research objects, namely customer segment and value proposition using canvas business model analysis. The research method in designing this research uses a qualitative method with the Action Reseach method. This research was carried out through two stages, namely problem testing and solution testing by conducting interviews and observations to 30 respondents. The results of the study showed that there was a change in value proportion and customer segment.","https://jurnal.tazkia.ac.id/index.php/manfaah/article/download/642/481",""
0,"","Development of a Secure and Scalable Receptionist Module for a Hospital Management Syste",2025,"International Research Journal of Modernization in Engineering Technology and Science","International Research Journal of Modernization in Engineering Technology and Science","https://doi.org/10.56726/irjmets71493","",27,"2026-05-27 21:00:15","journal-article","10.56726/irjmets71493","2582-5208",,,,,,0,0.00,0,0,1,"","",""
0,"P. Chinnaraj, Bala Aadhithya N, Murugavel C, Navaritha G, Hemanth Varman, Samuvel Livingston","Rental House Finding Application",2025,"Proceedings of the 4th International Conference on Information Technology, Civil Innovation, Science, and Management, ICITSM 2025, 28-29 April 2025, Tiruchengode, Tamil Nadu, India, Part II","EAI","https://doi.org/10.4108/eai.28-4-2025.2358137","",32,"2026-05-27 21:00:15","proceedings-article","10.4108/eai.28-4-2025.2358137","",,,,,,0,0.00,0,6,1,"","",""
0,"Junseok Park, Ilkyeong Moon","Rental pricing and empty container repositioning strategy for a one-way container rental service",2025,"Ocean &amp; Coastal Management","Elsevier BV","https://doi.org/10.1016/j.ocecoaman.2025.107684","",39,"2026-05-27 21:00:15","journal-article","10.1016/j.ocecoaman.2025.107684","0964-5691",,267,,107684,107684,0,0.00,0,2,1,"","https://api.elsevier.com/content/article/PII:S0964569125001462",""
0,"Zaskia Darajat Wahab, Dedy Hendryadi, Sri Asfirawati Halik","HOUSE RENTAL INFORMATION SYSTEM AT BULUKUMBA REGENCY WITH WEBSITE BASED",2025,"Journal Informatika, Multimedia, and Infomation","Universitas Ichsan Sidenreng Rappang","https://doi.org/10.61912/lajutek.v3i1.129","",44,"2026-05-27 21:00:15","journal-article","10.61912/lajutek.v3i1.129","2987-7377",,3,1,1,11,0,0.00,0,3,1,"This research aims to: (1) Design a website-based rental information system in the Bulukumba city area. (2) Implementing a website-based rental information system in the Bulukumba city area. (3) Knowing the response of users of the website-based rental information system in the Bulukumba city area. The research method used in this research is the System Development Life Cycle (SDLC) method with the Waterfall Model. It has several stages, namely: requirements analysis, design, implementation, testing, and maintenance. The data collection used was: Interviews, Literature Study and Documentation. The results of this research are: (1) This website-based rental information system was designed using the Unified Modeling Language (UML) and programmed using the PHP programming language so that it can make it easier and faster for customers to search for rentals. (2) Result of implementing a website-based rental information system in Bulukumba district, that is, with this website, it can provide fast service to potential customers when they want to rent a rental. (3) The results of testing the use of the system using a Likert scale obtained a score of 89.7% from 20 respondents, which is very positive.","https://journal.lajagoe.com/index.php/Lajutek/article/download/129/134",""
0,"Ginanjar Wiro Sasmito, M. Fikri Hidayattullah, Arif Hidayah","Recommendation System for Boarding House Rental Using Greedy Algorithm",2025,"2025 4th International Conference on Electronics Representation and Algorithm (ICERA)","IEEE","https://doi.org/10.1109/icera66156.2025.11087341","",46,"2026-05-27 21:00:15","proceedings-article","10.1109/icera66156.2025.11087341","",,,,196,200,0,0.00,0,3,1,"","http://xplorestaging.ieee.org/ielx8/11086627/11086628/11087341.pdf?arnumber=11087341",""
0,"Jinhun Kim","Retroactive legislation on the conversion of rental house to sales",2025,"Construction &amp; Urban Development Law Association","Docuhut Publishing","https://doi.org/10.12972/cudla.2025.13.2","",47,"2026-05-27 21:00:15","journal-article","10.12972/cudla.2025.13.2","2671-5104",,13,,15,27,0,0.00,0,1,1,"The preferential sale conversion system was introduced to help rental housing tenants who did not own a home acquire the house they were living in, provided they met certain conditions. This system aimed to facilitate homeownership by prioritizing eligible tenants in the purchase of rental homes. However, as some qualified tenants were unable to afford the conversion price, a new policy was implemented allowing them to purchase housing at a lower preferential sale conversion price. The Supreme Court ruled that when a rental house occupied by an ineligible tenant was sold to a third party, it could be sold at the market price. Additionally, the Court determined that even tenants who moved in through a first-come, first-served system must have satisfied the requirement of being completely houseless at the time of move-in. This decision aligns with the wording of the former Rental Housing Act and the legislative intent of the preferential sale conversion system. However, these Supreme Court rulings contradicted previous interpretations by the Ministry of Land, Infrastructure, and Transport. Following these rulings, the Ministry enacted retroactive legislation through the revised Special Act on Public Housing to reinforce its original interpretation. Consequently, even when an ineligible tenant’s rental home is sold to a third party, it must now be sold at or below the preferential conversion price. Furthermore, this legislation allows tenants who moved in through the first-come, first-serve method to qualify for preferential sale conversion if they met the houseless requirement at the time of conversion, even if they did not meet this requirement at the time of moving in. This retroactive legislation contradicts the original legislative intent of the preferential sale conversion system and significantly restricts the property rights of rental business operators. Therefore, a constitutional interpretation is required to narrow the scope of its application. Meanwhile, following the implementation of the revised Special Act on Public Housing, lower courts have issued conflicting rulings regarding whether tenants who already own homes qualify for preferential sale conversion when a public rental housing unit constructed by a private rental business face bankruptcy or insolvency. Considering the wording of the revised Special Act on Public Housing and the legislative history of amendments to the supplementary provisions of the Special Act on Private Rental Housing, it is reasonable to conclude that, even in cases of bankruptcy or insolvency, tenants who own homes should no longer be eligible for preferential sale conversion.","",""
1,"Arkadiusz J. Derkacz, Viktorija Cohen","Housing rental availability index: A tool for addressing supply-demand challenges in rental markets",2025,"International Journal of Strategic Property Management","Vilnius Gediminas Technical University","https://doi.org/10.3846/ijspm.2025.25136","",53,"2026-05-27 21:00:15","journal-article","10.3846/ijspm.2025.25136","1648-9179",,29,6,437,448,1,1.00,1,2,1,"We develop a Housing Rental Availability Index (HRAI) to measure rental housing availability across Poland by incorporating household income, rental prices, and supply-side factors. The HRAI is constructed using the structured parametric approach, offering a comprehensive and adaptable framework for analysing rental housing dynamics in Poland. Based on the Polish rental market data from 2021 to 2024, the HRAI reveals that supply constraints and rent fluctuations have a greater impact on rental availability than household income. This result challenges traditional affordability metrics. Sensitivity analysis confirms that rental availability emerges from the interaction of supply and demand rather than from either factor alone. This integrated approach positions HRAI as an “anti-separatist” indicator and presents an original approach to examining rental housing availability. The index can help local and national policymakers design targeted rent subsidies, address supply-demand imbalances, and promote spatial equity. Our findings highlight the value of combining economic measures into a single availability index and provide a framework for applying the HRAI in both academic research and housing policy decisions.","https://journals.vilniustech.lt/index.php/IJSPM/article/download/25136/13135",""
0,"Lanke Pallavi, Dathrika Rishika, Guduri Bhavya Sai Sree, Jadav Ruthwik, Jetti Yashaswini","SmartRent-AI Driven Online House Rental Platform",2025,"2025 5th International Conference on Soft Computing for Security Applications (ICSCSA)","IEEE","https://doi.org/10.1109/icscsa66339.2025.11170770","",56,"2026-05-27 21:00:15","proceedings-article","10.1109/icscsa66339.2025.11170770","",,,,346,353,0,0.00,0,5,1,"","http://xplorestaging.ieee.org/ielx8/11170469/11170703/11170770.pdf?arnumber=11170770",""
0,"Arunkumar kaliMuthu, K Vasuki Devi, G Muthupandi, S. Pavithra","Machine Learning Based House Rental Price Prediction Using Multivariate Regression and Environmental Factors",2025,"2025 International Conference on Knowledge Engineering and Communication Systems (ICKECS)","IEEE","https://doi.org/10.1109/ickecs65700.2025.11036006","",64,"2026-05-27 21:00:15","proceedings-article","10.1109/ickecs65700.2025.11036006","",,,,1,6,0,0.00,0,4,1,"","http://xplorestaging.ieee.org/ielx8/11034706/11034776/11036006.pdf?arnumber=11036006",""
0,"Novita Puspita Dewi, Ahfi Fauka, Rizal Parghani, Berry Lesmana","Car Rental Information System Using The Waterfall Method In One Of The Car Rental Companies",2025,"Journal of Economics, Management, and Entrepreneurship","Sekolah Tinggi Ilmu Ekonomi Pasundan","https://doi.org/10.55208/h2m2hb31","",71,"2026-05-27 21:00:15","journal-article","10.55208/h2m2hb31","3026-0906",,3,1,58,70,0,0.00,0,4,1,"Car rental reservations are presently conducted only over WhatsApp.  The absence of social media promotions has resulted in stagnant revenue for the company, and there is no established mechanism to streamline data collection and processing for the automobile rental industry.  This research seeks to facilitate online car rentals for clients and to deliver information to them effectively, efficiently, and accurately.  Furthermore, it aims to augment the company's revenue substantially.  The Waterfall software development methodology was selected to emphasise the systematic processes involved in creating this information system.  This study seeks to develop and construct an effective car rental information system.  The deployment of this car rental information system will enhance operational efficiency in handling rentals, expedite the borrowing and returning processes, and improve the overall user experience.","https://journal.lemlit.org/index.php/jeme/article/download/142/230",""
0,"Aulia Putri, Tri Kurniawati","Analysis of the Application of the Hedonic Price Method in Setting House Rental Prices in the Coastal Area of Padang City",2025,"Jurnal Economic Resource","Universitas Muslim Indonesia","https://doi.org/10.57178/jer.v8i2.1607","",72,"2026-05-27 21:00:15","journal-article","10.57178/jer.v8i2.1607","2620-6196",,8,2,1098,1106,0,0.00,0,2,1,"This research investigates how structural, location, and environmental attributes impact residential rental rates in Padang City, a region challenges by disaster risks and limited facility access. The study aims to identify key determinants affecting rental costs. A quantitative research design was employed, utilizing questionnaires for data collection, followed by analysis through multiple linear regression. Finding reveal that all three independent variables significantly affect rental pricing, as reflected by an F-value of 61,607, substantially surpassing the critical threshold of 2,69. These insights are valuable for shaping more effective housing policy strategies.","https://jurnal.feb-umi.id/index.php/JER/article/download/1607/1212",""
0,"Oboro Emmanuel David","The impact of yahoo boys on house rental prices in Warri, Delta state, Nigeria",2025,"International Journal of Multidisciplinary Trends","AkiNik Publications","https://doi.org/10.22271/multi.2025.v7.i3a.622","",73,"2026-05-27 21:00:15","journal-article","10.22271/multi.2025.v7.i3a.622","2709-9350",,7,3,8,21,0,0.00,0,1,1,"","",""
0,"Rully Sandy Pratama, Ivan Dwi Fibrian, Mohamad Ali Murtadho","Sistem Informasi Manajemen Rental PS dengan Fitur Reservasi (Studi kasus: Rossy Game House Mojokerto)",2025,"Jurnal Tekno Kompak","Universitas Teknokrat Indonesia","https://doi.org/10.33365/jtk.v19i2.245","",82,"2026-05-27 21:00:15","journal-article","10.33365/jtk.v19i2.245","2656-3525",,19,2,331,342,0,0.00,0,3,1,"Permintaan terhadap layanan rental PlayStation (PS) terus mengalami peningkatan seiring dengan tingginya minat masyarakat terhadap hiburan digital. Rental PS dipilih sebagai objek penelitian karena banyak pelaku usaha di bidang ini masih menggunakan sistem manajemen secara manual, seperti pencatatan pemesanan di buku tulis atau file spreadsheet sederhana, serta konfirmasi reservasi yang dilakukan melalui komunikasi langsung seperti telepon atau pesan singkat. Cara kerja ini rentan terhadap kesalahan pencatatan, duplikasi data, hilangnya data penting, dan menyulitkan dalam pelacakan riwayat transaksi. Penelitian ini bertujuan untuk merancang dan mengembangkan sistem informasi manajemen rental PS berbasis web yang dilengkapi dengan fitur reservasi online. Pengembangan sistem dilakukan dengan metode pengembangan Waterfall yang mencakup tahap analisis kebutuhan, perancangan, implementasi, pengujian, dan pemeliharaan. Sistem yang dibangun menyediakan fitur seperti registrasi dan login pengguna, pemesanan PS secara daring, pengelolaan data oleh admin, serta pemantauan aktivitas reservasi secara real-time. Hasil implementasi menunjukkan bahwa sistem dapat membantu pelaku usaha dalam mengelola data dengan lebih terstruktur, mempercepat proses reservasi, dan memberikan kemudahan bagi pelanggan dalam mengakses layanan. Dengan demikian, sistem ini menjadi solusi digital yang mampu menjawab tantangan pengelolaan rental PS di era teknologi saat ini.","https://publikasi.teknokrat.ac.id/index.php/teknokompak/article/download/245/142",""
0,"Generosa Lukhayu Pritalia, Oktavianus Darren, Priadi Wibisono","Understanding User Adoption Of Indonesia’s Boarding House Rental App Through The Extended Technology Acceptance Model",2025,"Jurnal Teknologi Sistem Informasi dan Aplikasi","Universitas Pamulang","https://doi.org/10.32493/jtsi.v8i3.44988","",90,"2026-05-27 21:00:15","journal-article","10.32493/jtsi.v8i3.44988","2654-4229",,8,3,160,169,0,0.00,0,3,1,"The Mamikos mobile application has become a popular platform for housing seekers in Indonesia. It has garnered a rating of 4.1 on the Play Store and 4.7 on the App Store. However, the factors influencing user acceptance and usage of the Mamikos mobile application remain unclear. This study aims to examine these factors using the extended Technology Acceptance Model (TAM) approach. Data was collected using purposive sampling. The Lemeshow formula was employed to determine the appropriate sample size, resulting in 168 respondents. Data analysis was conducted using the Structural Equation Modeling - Partial Least Squares (SEM-PLS) method. The findings indicate that social trust has a significant positive influence on both perceived usefulness and perceived ease of use. Perceived ease of use, in turn, has a significant positive influence on both perceived usefulness and attitude towards use. Subjective norms exert a significant positive influence on attitude towards use. Perceived usefulness significantly impacts attitude towards use, which in turn significantly affects intention to use. Intention to use has a significant positive influence on actual system usage. However, subjective norms do not significantly influence perceived usefulness.","https://openjournal.unpam.ac.id/index.php/JTSI/article/download/44988/27711",""
0,"Konstantin A. Kholodilin, Sebastian Kohl, Florian Müller","Government-Made House Price Bubbles? Austerity, Homeownership, Rental and Credit Liberalization Policies, and “Irrational Exuberance” on Housing Markets",2025,"The Routledge Handbook of Economic Expectations in Historical Perspective","Routledge","https://doi.org/10.4324/9781003379010-35","",91,"2026-05-27 21:00:15","book-chapter","10.4324/9781003379010-35","",,,,556,577,0,0.00,0,3,1,"","",""
3,"Yoo Ri Kim, Jihwan Yeon","Do short-term rental platforms affect housing markets? Evidence from Airbnb in London",2025,"Tourism Management","Elsevier BV","https://doi.org/10.1016/j.tourman.2025.105204","",99,"2026-05-27 21:00:15","journal-article","10.1016/j.tourman.2025.105204","0261-5177",,111,,105204,105204,3,3.00,2,2,1,"","https://api.elsevier.com/content/article/PII:S0261517725000743",""
0,"Ramya S","Pedals - Rental Bicycle System​",2025,"INTERNATIONAL JOURNAL OF SCIENTIFIC RESEARCH IN ENGINEERING AND MANAGEMENT","Edtech Publishers (OPC) Private Limited","https://doi.org/10.55041/ijsrem49567","",101,"2026-05-27 21:00:15","journal-article","10.55041/ijsrem49567","2582-3930",,,6,1,9,0,0.00,0,1,1,"Abstract—The need for creative mobility solutions has been brought to light in recent years by the rising demand for environmentally friendly and sustainable transportation within educational institutions. This study presents a smart campus bike rental system that uses a web-based application to let students rent and return bicycles. The system uses Firebase as a real-time database to manage user authentication, bicycle availability, and rental status updates, and it uses a React.js-based frontend interface for user interaction. The solution incorporates an RFID-based automated locking mechanism at the hardware level, which is managed by an ESP8266 Wi-Fi module and an Arduino microcontroller.by automating the rental process, guaranteeing safe bicycle access, and providing real-time status monitoring, the project seeks to reduce the amount of human intervention. Students can quickly log in, check out the bikes that are available at specific stands, and unlock loops through their gadgets. Returning the bicycle to any stand after the ride is over activates the RFID-based locking mechanism, which updates the database to mark the bike as available once more. The end-to-end system architecture, implementation process, hardware-software integration, and system performance evaluation using real-world testing scenarios are all described in this paper.The findings show that the system is scalable, dependable, and easy to use; it may find use in other corporate or closed-campus settings. In order to further improve functionality and user experience, future improvements like GPS-based tracking, the creation of mobile applications, and the integration of digital payments are also suggested. In line with the goal of sustainable and digital campuses, this research aids in the creation of intelligent transportation systems. Keywords—component, formatting, style, styling, insert (key words)","",""
0,"Takeru Sugasawa, Kei Harano","Do management responsibilities influence discriminatory behavior toward foreign applicants? Experimental evidence from the Tokyo rental housing market",2025,"","Elsevier BV","https://doi.org/10.2139/ssrn.5560853","",109,"2026-05-27 21:00:15","posted-content","10.2139/ssrn.5560853","",,,,,,0,0.00,0,2,1,"","",""
0,"Tanmay Salwe,","Disk Space Rental System",2025,"INTERNATIONAL JOURNAL OF SCIENTIFIC RESEARCH IN ENGINEERING AND MANAGEMENT","Edtech Publishers (OPC) Private Limited","https://doi.org/10.55041/ijsrem47743","",112,"2026-05-27 21:00:15","journal-article","10.55041/ijsrem47743","2582-3930",,,5,1,9,0,0.00,0,1,1,"Abstract— The increasing demand for affordable and flexible storage solutions has highlighted limitations in traditional cloud services, such as high costs and centralized control. DiskSpace introduces a peer-to-peer (P2P) disk space rental system that enables users to lease unused storage securely. By integrating blockchain for transparency, encryption for data security, and dynamic pricing for fairness, the platform aims to decentralize storage allocation. Key innovations include smart contract-based transactions, file redundancy through erasure coding, and real-time monitoring. This paper outlines the system’s architecture, technical implementation, and potential applications, positioning it as a viable alternative to conventional cloud storage models. Keywords: Cloud Storage, Blockchain, P2P Networks, Encryption, Smart Contracts, Decentralization","https://ijsrem.com/download/disk-space-rental-system/?wpdmdl=52169&refresh=696e31f23f4fd1768829426",""
0,"Jiroj Buranasiri, Marisa Laokulrach","Appropriate Rental Price Prediction for Condominiums in Pattaya, Thailand Using Artificial Neural Network Approach",2025,"","MDPI AG","https://doi.org/10.20944/preprints202504.0737.v1","",114,"2026-05-27 21:00:15","posted-content","10.20944/preprints202504.0737.v1","",,,,,,0,0.00,0,2,1,"There is a high demand for condominiums in Pattaya, Thailand, the tourist destination and business hub. It is an economic and strategic location within the Eastern Economic Corridor (EEC). An accurate rental price estimation is crucial for investors, tenants, real estate developers, and policymakers. The traditional methods such as regression analysis have limitations in terms of requiring linear relationships and capturing the complex data. This study applied Artificial Neural Network (ANN) to predict the condominium rental prices in Pattaya by using factors of distance to the beach, property size, building age, number of bedrooms and bathrooms, floor level, room type, and sea view. A dataset of 983 rental lists was used for ANN model training, validation, and prediction optimization. The study compares prediction from ANN and stepwise multiple regression analysis. The results identify that ANN provides the superior prediction accuracy over the multiple regression analysis, while the regression model offers the relative influence of each factor. This study identifies the effectiveness of ANN in condominium rental price prediction and highlights the importance of combining ANN method and traditional method to enhance the prediction accuracy and performance in Thai real estate market.","",""
0,"Emmanuel Nii-Boye Quarshie, Allan House","Self-management approaches",2025,"Self-Harm","Oxford University PressOxford","https://doi.org/10.1093/med/9780192859532.003.0006","",120,"2026-05-27 21:00:15","book-chapter","10.1093/med/9780192859532.003.0006","",,,,61,72,0,0.00,0,2,1,"Abstract: Self-management can start with basic self-care focusing on eating habits and diet, sleep hygiene and the use of alcohol and recreational drugs. A basic crisis plan can involve a list of coping strategies the individual can try, and of external sources of support. It is worth looking not just at short-term tactics but at longer-term goals and plans—thinking about personal goals and values, key people in longer-term relationships both helpful and harmful, reviewing barriers to change. External resources in all these endeavours can include friends and family, third-sector organizations, and (despite their poor reputation) judicious use of social media. When and how to seek professional help should form part of a self-management plan.","https://academic.oup.com/book/59494/chapter/501503385",""
0,"Rongteng Zhi, Yinfeng Xu, Feifeng Zheng, Fei Xu","Parallel Machine Scheduling Problem with Machine Rental Cost and Shared Service Cost",2025,"","MDPI AG","https://doi.org/10.20944/preprints202502.1852.v1","",128,"2026-05-27 21:00:15","posted-content","10.20944/preprints202502.1852.v1","",,,,,,0,0.00,0,4,1,"An identical parallel machine offline scheduling problem with rental costs and shared service costs of shared machines is studied. In machine renting, manufacturers with a certain number of identical parallel machines will incur fixed rental costs, unit variable rental costs, and shared service costs when renting the shared machines. The objective is to minimize the sum of the makespan and total sharing costs. To address this problem, an integer linear programming model is established, and several properties of the optimal solution are provided. A heuristic algorithm based on the number of rented machines is designed. Finally, numerical simulation experiments are conducted to compare the proposed heuristic algorithm with a genetic algorithm and the longest processing time (LPT) rule. The results demonstrate the effectiveness of the proposed heuristic algorithm in terms of calculation accuracy and efficiency. Additionally, the experimental findings reveal that the renting and scheduling results of the machines are influenced by various factors, such as the manufacturer&rsquo;s production conditions, the characteristics of the jobs to be processed, production objectives, rental costs, and shared service costs.","",""
0,"Mahelda Asri Sudarsono, Yulian Findawati","Classification of Rental Vehicle Units at Permata Transindo Sidoarjo Car Rental Using K-Means Clustering Algorithm",2025,"","Universitas Muhammadiyah Sidoarjo","https://doi.org/10.21070/ups.7420","",144,"2026-05-27 21:00:15","posted-content","10.21070/ups.7420","",,,,,,0,0.00,0,2,1,"","",""
0,"SURABHI K.S","Online Car Rental Management System",2025,"INTERANTIONAL JOURNAL OF SCIENTIFIC RESEARCH IN ENGINEERING AND MANAGEMENT","Edtech Publishers (OPC) Private Limited","https://doi.org/10.55041/ijsrem42114","",146,"2026-05-27 21:00:15","journal-article","10.55041/ijsrem42114","2582-3930",,,3,1,9,0,0.00,0,1,1,"  A web-based tool called the Online Car Rental Management System was created to automate and simplify the car rental procedure. In addition to giving rental firms a strong back-end to handle their fleet, reservations, payments, and customer interactions, this system seeks to give consumers an easy-to-use interface for perusing, scheduling, and effectively managing automobile rentals. To improve the user experience overall, the system incorporates essential elements including dynamic pricing, online payment processing, real-time vehicle availability, and customer assistance. In order to help rental businesses streamline their operations and raise client happiness, the system also includes cutting-edge capabilities like GPS monitoring, automatic notifications, and Analytics. Through the digitization of the car rental process, the Online Car Rental Management System minimizes errors, cuts down on manual labour, and offers a practical and effective solution for both rental businesses and clients. By providing a flexible and adaptable platform that can be tailored to the requirements of small, medium, and large rental firms, this project responds to the growing demand for digital solutions in the automobile rental sector. The system is a dependable and future-proof solution for contemporary vehicle rental management because it was created with security, scalability, and usability in mind.","",""
2,"Katharine  WH Harwood","The Impact of Natural Disasters on Rental Markets: Heterogeneous Effects, Rental Subsidies and Equity in Disaster Recovery",2025,"","Elsevier BV","https://doi.org/10.2139/ssrn.5131720","",150,"2026-05-27 21:00:15","posted-content","10.2139/ssrn.5131720","",,,,,,2,2.00,2,1,1,"","",""
0,"P. P. Nagarnaik, Om Nasre, Saksham Donge, Isha Waghaye","QuickCloud: Lightweight Cloud Infrastructure for VM Rental and Management",2025,"INTERANTIONAL JOURNAL OF SCIENTIFIC RESEARCH IN ENGINEERING AND MANAGEMENT","Edtech Publishers (OPC) Private Limited","https://doi.org/10.55041/ijsrem44274","",151,"2026-05-27 21:00:15","journal-article","10.55041/ijsrem44274","2582-3930",,,4,1,9,0,0.00,0,4,1,"The project, ""QuickCloud,"" is designed to provide users with a web-based platform to rent and manage virtual machines (VMs) with ease. The system enables users to select and configure their desired virtual machines, access them via SSH, and pay for usage through a simple billing mechanism. The platform includes a user-friendly interface developed using Angular for the frontend, while Spring Boot and JPA handle the backend functionalities. Unlike traditional cloud services, this project focuses solely on providing EC2-like services, specifically allowing users to rent VMs with fixed configurations, without the complexities of a full-featured cloud platform. It offers essential functionalities such as user management, instance registration, billing, and instance configuration. The platform ensures efficient resource allocation and management, providing both an intuitive experience and robust technical control. Key Words - SSH, Spring Boot, SSH Key, Virtual Machines","",""
0,"Meri Vikström, Tuure Tuunanen","Peer-to-Peer Rental Platforms – a Three-Level Service Ecosystem View for Strategic Niche Management",2025,"Academy of Management Proceedings","Academy of Management","https://doi.org/10.5465/amproc.2025.15942abstract","",161,"2026-05-27 21:00:15","journal-article","10.5465/amproc.2025.15942abstract","0065-0668",,2025,1,,,0,0.00,0,2,1,"","",""
1,"Rebecca Leshinsky, Sarah Sinclair, Dulani Halvitigala, Judith Callanan, Gideon Kwame Otchere","Property management and nuisance matters in multi-unit short-stay rental accommodation",2025,"Property Management","Emerald","https://doi.org/10.1108/pm-01-2025-0004","",164,"2026-05-27 21:00:15","journal-article","10.1108/pm-01-2025-0004","0263-7472",,43,5,771,788,1,1.00,0,5,1,"Purpose: Global cities have undergone significant growth in multi-unit housing. Like other cities, Melbourne, Australia, is experiencing a housing crisis and, concurrently, strong demand for short-stay rental accommodation (SSRA). This study contributes to the lived experiences of property managers managing multi-unit developments and, as such, has relevance for the increasing higher-density urbanisation patterns observed in cities globally. Design/methodology/approach: The research adopted a mixed-methods approach combining an in-depth review of the report database with an online survey. Findings: The study identified common complaints and disputes in strata properties from strata managers’ perspectives and free-form answers to elicit views on having a possible third-party institution for complaint resolution to address and settle such complaints and disputes. The study found a strong appetite from property managers for an office of strata ombuds/commissioner to manage complaints. Findings from the study contribute to learnings for stakeholders in comparative jurisdictions. Originality/value: From the perspective of multi-unit property managers, the research offers unique observations and findings as well as opportunities for reciprocal learnings for other jurisdictions, with a particular emphasis on reported complaints from SSRA.","https://www.emerald.com/pm/article-pdf/doi/10.1108/PM-01-2025-0004/10408583/pm-01-2025-0004en.pdf",""
0,"Hanny Kanavika Rizky Munawar, Niniet Indah Arvitrida","Risk Management Design For Light Vehicle Unit In Rental Company",2025,"Journal Research of Social Science, Economics, and Management","Publikasi Indonesia","https://doi.org/10.59141/jrssem.v4i12.930","",165,"2026-05-27 21:00:15","journal-article","10.59141/jrssem.v4i12.930","2807-6311",,4,12,2331,2343,0,0.00,0,2,1,"This study aims to design risk management for a vehicle rental company in East Kalimantan using the Enterprise Risk Management (ERM) approach and the House of Risk (HOR) model. The transportation industry, particularly vehicle rentals, faces various risks that can disrupt the company's operations and performance. These risks include vehicle damage, delays in spare parts delivery, and payment issues from customers. This research will design Risk Management by applying Enterprise Risk Management (ERM) using the ISO 31000:2018 approach. In this study, the HOR method is used to identify, analyze, and prioritize risks and risk agents. This research combines the Failure Mode and Effect Analysis (FMEA) and Quality Function Deployment (QFD) methods to provide an integrated framework in risk management analysis. The results of the study indicate that the implementation of structured risk management can improve the company's operational effectiveness and efficiency. The proposed mitigation strategies include enhancing vehicle maintenance, staff training, and developing better monitoring systems. By implementing ERM and HOR, it is expected to manage risks more effectively, reduce the negative impact of occurring risks, and achieve the company's objectives more efficiently.","https://jrssem.publikasiindonesia.id/index.php/jrssem/article/download/930/1575",""
0,"Samruddhi Dongre, Reshma Nair","THE ROLE OF SUPPLY CHAIN MANAGEMENT IN THE RENTAL OF DIESEL GENERATORS",2025,"International Journal of Engineering Technologies and Management Research","Granthaalayah Publications and Printers","https://doi.org/10.29121/ijetmr.v12.i3.2025.1703","",172,"2026-05-27 21:00:15","journal-article","10.29121/ijetmr.v12.i3.2025.1703","2454-1907",,12,3,,,0,0.00,0,2,1,"The rental industry of diesel generators has gained significant prominence due to growing industrialization, infrastructural development, and the need for uninterrupted power supply. Supply Chain Management (SCM) plays a critical role in ensuring the availability, maintenance, and timely deployment of diesel generators, which are essential assets for industries, construction projects, and emergency services. This research paper examines the various components of SCM—procurement, inventory management, logistics, maintenance, and technology integration—in the context of diesel generator rental. It highlights the importance of SCM in enhancing operational efficiency, cost optimization, risk mitigation, and customer satisfaction. The paper also discusses the challenges faced by rental companies and explores emerging trends that can improve supply chain effectiveness in the sector. The study concludes that effective SCM is a strategic enabler for sustainable growth and competitive advantage in diesel generator rentals.","https://www.granthaalayahpublication.org/ijetmr-ojms/ijetmr/article/download/1703/1418",""
12,"Xinrui Gao, Weijie Hu","Making affordable rental housing unaffordable: Evaluating the impacts of the centralized leasing in Shenzhen, China",2025,"Journal of Urban Management","Elsevier BV","https://doi.org/10.1016/j.jum.2024.12.003","",180,"2026-05-27 21:00:15","journal-article","10.1016/j.jum.2024.12.003","2226-5856",,14,3,927,939,12,12.00,6,2,1,"","https://api.elsevier.com/content/article/PII:S2226585624001651",""
0,"Shin Wei Wong","The Effect of Short-Term Rental Regulation on Lowering Rental Price: A Case Study of Three US Cities",2025,"","Elsevier BV","https://doi.org/10.2139/ssrn.5445214","",188,"2026-05-27 21:00:15","posted-content","10.2139/ssrn.5445214","",,,,,,0,0.00,0,1,1,"","",""
0,"Godwin Kavaarpuo, Samuel Swanzy-Impraim, Nafisah Akudbillah","Climate-adaptive housing features in rental housing: Linking Tenant Satisfaction with Rental Premiums for Retrofit Decisions",2025,"","Elsevier BV","https://doi.org/10.2139/ssrn.5870478","",195,"2026-05-27 21:00:15","posted-content","10.2139/ssrn.5870478","",,,,,,0,0.00,0,3,1,"","",""
0,"ARYAN UPADHYAY -, AYYAN SHAIKH -, KARTIK JANE -, MANISH CHAUDHARI -, KARTIK SHAHU -","RentEase: An Intuitive Rental Management Platform",2025,"International Journal on Science and Technology","International Research Publication and Journals","https://doi.org/10.71097/ijsat.v16.i2.5128","",199,"2026-05-27 21:00:15","journal-article","10.71097/ijsat.v16.i2.5128","2229-7677",,16,2,,,0,0.00,0,5,1,"RentEase is an intuitive rental management app designed to simplify the process of finding and managing rental accommodations for both tenants and property owners. It provides comprehensive details on available properties, including pricing, location, amenities, and verified homeowner contact information. Key features like homeowner verification, tenant ratings, and reviews enhance trust and security. The platform also offers efficient communication between tenants and landlords. Built on advanced technologies such as cloud computing and real-time data synchronization, RentEase ensures a seamless user experience. Future enhancements include AI-powered property recommendations, virtual house tours, and automated tenant screening to further improve the rental process.","https://www.ijsat.org/papers/2025/2/5128.pdf",""
0,"Jae-Jin Cho","Structural Changes in Rental House Fraud: Misuse of Intellectual Disability Holders’ Identities",2025,"Korea Association Of Real Estate Law","Korea Association of Real Estate Law","https://doi.org/10.32989/rel.2025.29.4.159","",204,"2026-05-27 21:00:15","journal-article","10.32989/rel.2025.29.4.159","",,29,4,159,189,0,0.00,0,1,1,"This study analyzes cases of house fraud involving the misuse of names of individuals with intellectual disabilities, aiming to identify structural changes in house fraud and propose responsive policy measures. Traditional house fraud has typically involved schemes led by sales agencies, collusion with licensed real estate agents, information asymmetry, and abuse of guarantee insurance systems— primarily driven by market opacity and institutional disconnection. However, the recent misuse of intellectually disabled individuals’ names reflects a new typology that combines structural weaknesses in social welfare, gaps in guardianship systems, and the lack of interagency information sharing. The analysis reveals that persons with disabilities were repeatedly instructed by criminal organizations to sign contracts, transfer residency, and register ownership without understanding the binding nature of such agreements. As a result, they suffered triple-layered victimization—treated simultaneously as landlords, debtors, and criminal suspects. This outcome stems from the limitations of the Special Act on house Fraud, which defines victims narrowly as tenants, and the Housing Lease Protection Act, which does not extend protection to vulnerable name-holders. Furthermore, the absence of data linkage among welfare agencies, local governments, and guarantee institutions prevented early detection of suspicious transactions. In response, this study proposes the introduction of pre-contract risk filters, more rigorous guarantee insurance screening, expansion of explanatory obligations for real estate agents, establishment of an integrated supervisory framework connecting welfare, housing, and guarantee institutions, and inclusion of vulnerable name-holders under legal protection. By redefining house fraud as a complex crime situated at the intersection of institutional, social, and market dynamics, this study emphasizes the need for a protection-oriented policy response for socially vulnerable populations.","",""
0,"Dr Hemachandran Ravikumar, Leela Sengottuvelu","The Rise of Alternative Accommodation: Assessing the Investment Potential of Short-Term Rental Properties in Global Cities",2025,"IJRDO - Journal of Business Management","Green Publication","https://doi.org/10.53555/bm.v11i1.6259","",210,"2026-05-27 21:00:15","journal-article","10.53555/bm.v11i1.6259","",,,,,,0,0.00,0,2,1,"The emergence of short-term rental (STR) platforms such as Airbnb, Vrbo, and Booking.com has triggered a transformative shift in the global lodging and real estate investment sectors. Offering more personalized, flexible, and locally immersive experiences, STRs are increasingly preferred over traditional hotel accommodations. This paradigm shift is reshaping investor strategies in metropolitan real estate markets, prompting a re-evaluation of traditional income models. This study explores the investment viability of STRs in prominent global urban centers, with particular emphasis on cities across India, Thailand, and the European Union, which have shown dynamic STR market behavior and regulatory evolution. The objective of this research is to assess the financial, regulatory, and social dimensions of STR investments through a mixed-methods approach. Quantitative data was obtained from platforms like AirDNA, Airbtics, and OECD housing reports, while qualitative insights were derived from interviews with STR investors and regional industry stakeholders. Metrics such as occupancy rate, revenue per available rental (RevPAR), operational costs, and legal compliance frameworks were analyzed to identify key factors influencing profitability and sustainability of STRs in different urban contexts. In India, cities like Mumbai, Goa, Bengaluru, Delhi, Jaipur, and Kochi are experiencing a domestic travel boom and rising middle-class spending power, translating into heightened STR demand. Regulatory control remains fragmented, with limited government registration and tax clarity, though emerging collaborations between platforms and government bodies suggest impending formalization. Thailand’s market is characterized by strong seasonal demand in tourism hotspots like Phuket, Chiang Mai, and Krabi. While earlier regulations prohibited STR operations under hotel laws, recent legislative amendments now permit small-scale operators, indicating a gradual shift towards regulated growth. In the European Union, STR dynamics are highly localized. Cities like Lisbon and Prague continue to attract investor interest due to favorable returns and lighter enforcement. Conversely, Berlin and Paris enforce stringent STR regulations, including rental caps and short-term occupancy limits, reflecting concerns over housing affordability and urban gentrification. Athens offers a middle-ground regulatory environment with capped property ownership and simplified tax regimes. Despite the diverse policy landscape, a common trend is emerging toward greater transparency, accountability, and host registration. The research further highlights several operational challenges, including high running costs (up to 50% of revenue in some regions), seasonality-induced occupancy fluctuations, and legal risks associated with non-compliance. However, stress-testing models using conservative assumptions indicate that, even under low occupancy scenarios (~50%) and high operational costs, certain STR markets remain financially viable. Strategic recommendations for investors include diversifying portfolios across cities with differing risk profiles, considering hybrid rental models (e.g., mid-term rentals), and maintaining strict legal compliance to avoid penalties and long-term disruptions. The study concludes that STRs represent a compelling investment opportunity in many global urban environments, especially where tourism demand aligns with supportive or evolving regulation. Successful STR investment depends on a multidimensional approach that blends real estate insight with hospitality management and legal diligence. As cities across the world continue to redefine their regulatory stance on alternative accommodations, early-stage adaptability and regulatory foresight will determine long-term investor success. This paper contributes to the growing body of literature on real estate innovation and STR markets by offering updated comparative insights across diverse geographies. It also serves as a practical guide for new and existing investors seeking to navigate the complex, evolving landscape of global short-term rental property investment.","",""
0,"Tarushi Vasishth, Shruti Jain, Varsha Sharma, Anuradha Bhasin, Arunima Kumari","Predicting the Optimal House Rental Prices Using Regression",2025,"Lecture Notes in Networks and Systems","Springer Nature Singapore","https://doi.org/10.1007/978-981-96-3253-4_15","",225,"2026-05-27 21:00:15","book-chapter","10.1007/978-981-96-3253-4_15","2367-3370",,,,211,223,0,0.00,0,5,1,"","https://link.springer.com/content/pdf/10.1007/978-981-96-3253-4_15",""
1,"Mykola Denysenko, Svitlana Breus, Oleksandr Balymov, Yehor Prytula, Oksana Panchenko","DIGITALIZATION OF THE CONSTRUCTION SECTOR IN THE CONTEXT OF DEVELOPING THE RENTAL HOUSING MARKET THROUGH FINANCIAL LEASING MECHANISMS",2025,"ECONOMICS, MANAGEMENT AND SOCIOLOGY: CURRENT PROBLEMS AND WAYS OF THEIR DEVELOPMENT","International Science Group","https://doi.org/10.46299/isg.2025.mono.econ.2.2.2","",227,"2026-05-27 21:00:15","book-chapter","10.46299/isg.2025.mono.econ.2.2.2","",,,,38,44,1,1.00,0,5,1,"","",""
0,"Guillaume Toussaint, Arnaud SIMON","Does rent control increase rental returns? A causal analysis of the French rent control on rents, prices and rental returns",2025,"","Elsevier BV","https://doi.org/10.2139/ssrn.5603186","",228,"2026-05-27 21:00:15","posted-content","10.2139/ssrn.5603186","",,,,,,0,0.00,0,2,1,"","",""
0,"Anbuarasu p, Dr.S. Gnanapriya","Agriculture Equipment Rental and Product Selling System",2025,"INTERNATIONAL JOURNAL OF SCIENTIFIC RESEARCH IN ENGINEERING AND MANAGEMENT","Edtech Publishers (OPC) Private Limited","https://doi.org/10.55041/ijsrem53372","",229,"2026-05-27 21:00:15","journal-article","10.55041/ijsrem53372","2582-3930",,,10,1,9,0,0.00,0,2,1,"Abstract: Farmers are facing lot of problems, They will cultivate crops and other agricultural products (fruits, flowers, vegetables),They want to sell their products according to the market price but lack of knowledge they will sell their huge amount of products for small amount of money to the brokers available in the local and customers will directly approach to the brokers because of this formers are losing lot of money, they are getting cheated ,Farmers know that they are selling products to broker for small amount of money, but lack of knowledge to the farmer we thought of doing an application that can help farmers can directly sell their own products to customer with no brokers. Customers can directly contact to farmers , Farmers can sell their own products retail or wholesale according to their quantity of production in the farming to the customer directly, To get aware of all these problems and to get knowledge to the farmers this application is needed and, To bring the choice to any kind of farmer to create an environment that will let them buy or sell their agricultural products, Languages used Java, Language available Hindi, English, Technologies using Android Application. Mobile internet will help the farmers to sell their products directly to consumer. This paper provides market information to a farmer using its easy interface on the mobile application. The mobile application is intended to be used for fast and updated information delivering system for farmers. Also, it has native language support to make the transaction easy for farmers. The mobile application treats farmers as a seller and a buyer. The intention behind this paper is to help farmers so they buy or sell their agriculture goods and products. Market prices provided by data.gov.in lets the system to keep the selling and buying prices in control. As the products are to be browsed and there may be plenty of products for the user. To make browsing easy many filters can provide. Farmers face many problems while selling their goods and products, this system promises to provide an easy and recreational way to sell the products. The system lets the farmers to sell goods at a reasonable price and makes business even fair and transparent. Consumers are the opposite side of the same coin. This system lets consumer to choose from a wide variety of products, select the product as per their requirement and also to apply price filters. Location is a one of parameter for consumer and producer while selling or buying their product it will helps the user to get the product nearby their location. The basic Agriculture Equipment Rental & Product Selling System objective of the system is to considers every one need and full fills their requirement with fair and transparent agriculture business. Keywords: Android App, Users, Market, Rental, Agriculture, Android application","",""
1,"Brian E. Roe, Sarah S. Ganbat, Mallika Malhotra","The value of food wasted by U.S. short-term rental lodgers",2025,"Waste Management","Elsevier BV","https://doi.org/10.1016/j.wasman.2025.114972","",236,"2026-05-27 21:00:15","journal-article","10.1016/j.wasman.2025.114972","0956-053X",,205,,114972,114972,1,1.00,0,3,1,"","https://api.elsevier.com/content/article/PII:S0956053X25003836",""
0,"Abigail Knowles, Randy Hield","Revitalising the Rental Market in New Providence, The Bahamas: A Preliminary Exploration into Affordable Rental Housing",2025,"SSRN Electronic Journal","Elsevier BV","https://doi.org/10.2139/ssrn.5276122","",239,"2026-05-27 21:00:15","journal-article","10.2139/ssrn.5276122","1556-5068",,,,,,0,0.00,0,2,1,"","",""
0,"Xinyu Shuai","A Study of Airbnb Rental Prices Based on Linear Regression Models",2025,"Advances in Economics, Management and Political Sciences","EWA Publishing","https://doi.org/10.54254/2754-1169/2025.bl30924","",247,"2026-05-27 21:00:15","journal-article","10.54254/2754-1169/2025.bl30924","2754-1169",,249,1,191,201,0,0.00,0,1,1,"Finding the best rental prices for Airbnbs is very tricky because of all the differences between houses, how cancellations work, and different services, which makes it hard for owners to get the most money and for places like Airbnb to make things better. In order to solve the problem, this paper uses multiple Linear regression models to predict Airbnb rental prices using the publicly available Airbnb list, so as to achieve the goal of predicting performance and interpretability. Price normalization using logarithm, filling missing values with median, and handling of multicollinearity through the application of the VIF test and variable selection, are all part of data preprocessing. Experimental results show that the model performs solidly, with a Mean Squared Error (MSE) of 0.2896, Root Mean Squared Error (RMSE) of 0.5382, and Mean Absolute Percentage Error (MAPE) of 8.69%, indicating relatively low deviation in both absolute and relative terms. the model's R² value is as high as 0.4941 (adjusted R²: 0.4937), which suggests that the model can explain about 49.4% of the variation in the logarithm of the rental price. This study has demonstrated the application of linear regression in quantifying price determinants in short-term rentals, which can provide transparent and actionable insights for both hosts to improve their listing settings and for platforms to improve the matching efficiency of users. Model’s interpretability is also good at regulating because it can make clear how the pricing mechanism works, so this kind of model is quite helpful to improve a clearer and healthier short-term rental ecosystem.","",""
0,"Riska Iva Riana, Taufiq Immawan, Yan Herdianzah","Supply Chain Risk Management for Waste Management Strategy Using House of Risk",2025,"Metode : Jurnal Teknik Industri","Lembaga Riset dan Inovasi, Universitas Muhammadiyah Sorong","https://doi.org/10.33506/mt.v11i1.4149","",249,"2026-05-27 21:00:15","journal-article","10.33506/mt.v11i1.4149","2614-4301",,11,1,138,147,0,0.00,0,3,1,"Currently, the waste section of Manggala District, Makassar City, still encounters many risks that commonly occur in the waste management supply chain from the waste source to the Temporary Disposal Site (TPS) and then to the Final Disposal Site (TPA). This causes the volume of waste to increase every day due to the lack of segregation of waste from waste sources so that waste in the TPS is scattered due to the fact that the trash cans are no longer able to accommodate it and finally the TPA is over capacity without any effective handling to reduce the volume of waste. Therefore it is necessary to handle the risks that occur. This study aims to provide recommendations for sustainable mitigation strategies to reduce the impact of risks on waste management using the Delphi method to identify potential risks. Using the House of Risk (HOR) in the risk analysis and evaluation stages to determine mitigation strategies. Research data collection was carried out by observation, interviews, questionnaires, brainstorming, and focus group discussions (FGD). Based on the research results it is known that there are 18 risk events and 65 identified risk agents. Furthermore, a mitigation strategy for risk agents is carried out using 16 preventive actions that have been designed using HOR phase II, for further research it is hoped that it will be able to develop waste management in other sub-districts in Makassar City.","https://ejournal.um-sorong.ac.id/index.php/metode/article/download/4149/2159",""
0,"Huihui Zhang, Simone Bianco, Florian J. Zach, Zheng Xiang","Survival of the fittest: Standardization by professional short-term rental hosts under severe uncertainty",2025,"Tourism Management","Elsevier BV","https://doi.org/10.1016/j.tourman.2025.105249","",250,"2026-05-27 21:00:15","journal-article","10.1016/j.tourman.2025.105249","0261-5177",,111,,105249,105249,0,0.00,0,4,1,"","https://api.elsevier.com/content/article/PII:S0261517725001190",""
0,"Matthew Dilak Geoffrey, Siti Sarah Sulaiman, Saiful Azmi Samad","Regulatory frameworks for short-term rental accommodation in Malaysia and Australia",2025,"International Journal of Law and Management","Emerald","https://doi.org/10.1108/ijlma-08-2025-0339","",251,"2026-05-27 21:00:15","journal-article","10.1108/ijlma-08-2025-0339","1754-243X",,,,,,0,0.00,0,3,1,"Purpose: The proliferation of short-term rental accommodation (STRA), or short-term letting (STL), in Malaysia marks a paradigmatic shift in the landscape of tourism and urban space. STRA has not only redefined the contours of consumer choice offering personalised and economically accessible alternatives to conventional lodging but also challenged established notions of residential stability, community integrity and the socio-legal function of property. STRA offers travellers a wide variety of accommodation options that serve as alternatives to traditional lodging, appealing especially to cost-conscious consumers seeking flexible and personalised stays. However, the growth of STRA has also given rise to tensions, particularly among permanent residents and property owners who report disturbances and disruptions linked to such rentals. Despite these developments, Malaysia currently lacks a specific, centralised legal framework to regulate STRA activities. Instead, relevant provisions are scattered across various legislative instruments, and their interpretation and enforcement vary between states and local authorities. This fragmented approach has led to legal uncertainty and inconsistent regulation. In light of these issues, this study aims to critically evaluate the current legal landscape governing STRA in Malaysia by analysing applicable statutes, subsidiary legislation and judicial decisions. By examining the legal challenges and policy gaps, the research underscores the pressing need for a cohesive national regulatory framework tailored specifically for STRA. Comparative insights from countries such as Australia which has implemented more structured and localised STRA regulations was incorporated to highlight potential pathways for reform and regulatory harmonisation in the Malaysian context. Design/methodology/approach: This paper uses a qualitative research method. The important characteristic of qualitative research is that it involves observation and document analysis that value depth over quantity. It focused on understanding human experiences, behaviours, meanings and social phenomena through non-numerical data. Instead of measuring things with numbers, qualitative research explores how and why people think, feel or act in certain ways. Thus, report of disturbances and disruptions linked to STRA by the property owners is analysed to determine the gaps in the law. In line with this, relevant legislations and subsidiary legislations were analysed. To gain a comprehensive understanding of the technical and legal aspect governing STRA, a review of relevant previous literature was conducted. Sources from journal articles and books which can be accessed from online databases including LexisNexis, CLJ Law, Emerald and other online platforms such as Google Scholar and ResearchGate were referred to. In addition, comparative insights will be drawn from the regulatory practices of New South Wales and Western Australia, offering a broader perspective on how similar legal issues are addressed in the Australian context. Findings: In Malaysia, local planning authority (LPA) is the responsible agency to regulate land use and development activities within its local jurisdiction. It is the LPA which issued planning permission under the Town and Country Planning Act 1976 to project proponent to build strata property or landed property. However, once the owner changes the use of their property for STRA, there is no specific law regulating the practice. Penang being one of the first state to introduce a clear guideline to address the legal concerns and requirements surrounding STRA. The absence of a coherent, centralised statutory framework has resulted in a patchwork of regulatory responses, often inconsistent across states and local authorities. Despite its economic benefits, STRA raises social concerns like neighbour conflicts, housing insecurity and unclear laws that need deeper legal analysis. Furthermore, the Federal Court decision in Innab Salil and Ors v. Verve Suites Mont’ Kiara Management Corporation [2020] 10 CLJ 285 is referred to in discussing the conflict between Management Corporation (MC) of the strata property with owner of STRA. Accordingly, the house rule which explicitly prohibits all forms of short-term rentals within the property, particularly those advertised through online platforms and booking websites is a valid and bind the other owners. The laws governing STRA in Australia is also fragmented based on its specific state and territory. However, across Australia, NSW has the most comprehensive and uniform STRA regulatory framework. Originality/value: The novelty of this paper lies in its analysis of the Federal Court’s decision in Innab Salil and Ors v. Verve Suites Mont’ Kiara Management Corporation which critically engages with the legal validity of house rules restricting owners from engaging in STRA activities. This decision will determine the future development of STRA in every strata property and prepare the LPA with another house rules passed by the MC. Consequently, this research will contribute to the body of knowledge and discussion relating to the legal position of STRA in Malaysia.","https://www.emerald.com/ijlma/article-pdf/doi/10.1108/IJLMA-08-2025-0339/10337893/ijlma-08-2025-0339en.pdf",""
0,"Sanjay Gundu","Smart Bike Sharing and Rental Management Service",2025,"INTERANTIONAL JOURNAL OF SCIENTIFIC RESEARCH IN ENGINEERING AND MANAGEMENT","Edtech Publishers (OPC) Private Limited","https://doi.org/10.55041/ijsrem43137","",254,"2026-05-27 21:00:15","journal-article","10.55041/ijsrem43137","2582-3930",,,3,1,9,0,0.00,0,1,1,"As smart cities are on the rise and the demand for smooth job and internship opportunities increases, career advancement is now a necessity facilitated by digital platforms. This project introduces Career Connect – An Interactive Job and Internship Platform, a web application to fill the gap between recruiters and job seekers. Developed on React.js, HTML, CSS, and SQL for backend support, the website enables recruiters to list job vacancies while making it easy for applicants to search, filter, and apply for jobs. It includes secure login sites, a user-friendly interface, and dynamic features like job listing management, live application tracking, and user profile personalization. With the use of technology to automate the recruitment process, this system hopes to promote employment accessibility, increase candidate-employer interaction, and respond to the growing need for a centralized, easy-to-use career hub. Keywords—flask, HTML, CSS, JavaScript, RFID, Jinja2, LSTM, MySQL","",""
0,"Xaverius Ferry, Sulaiman Helmi","Analysis of the Effectiveness of Marketing Strategies in Construction Equipment Rental",2025,"Proceedings International Conference on Business, Economics &amp; Management","Training & Research Institute Jeramba Ilmu Sukses","https://doi.org/10.47747/icbem.v2i2.2667","",257,"2026-05-27 21:00:15","journal-article","10.47747/icbem.v2i2.2667","3021-7784",,,2,247,252,0,0.00,0,2,1,"The construction equipment rental industry plays an important role in supporting the efficiency of construction projects, especially for companies that do not have the financial capacity to purchase their own heavy equipment. This study aims to analyze the effectiveness of marketing strategies in the construction equipment rental business using a qualitative approach through a case study of a construction equipment rental company. Data were collected through in-depth interviews, observations, and document analysis related to the marketing strategies implemented. The results of the study indicate that the effectiveness of marketing strategies is influenced by five main factors, namely product availability and quality, competitive pricing strategies, utilization of digital marketing , service quality, and the implementation of sustainability trends. Optimal marketing strategies in these five aspects can increase competitiveness and customer loyalty. However, this study has limitations in the scope of the case study, a subjective qualitative approach, and market dynamics that can change over time. Therefore, further research with a quantitative approach and wider coverage is needed to confirm these findings.","https://www.journal.jis-institute.org/index.php/icbem/article/download/2667/1887",""
0,"Mingyang Sun, Cuo Zhang, Jing Qiu, Gang Lei, Xin Lu, Jianguo Zhu","Coordination of Community Energy Storage System and Prosumers for FCAS via Battery Modular Management and Capacity Rental",2025,"","Elsevier BV","https://doi.org/10.2139/ssrn.5801867","",265,"2026-05-27 21:00:15","posted-content","10.2139/ssrn.5801867","",,,,,,0,0.00,0,6,1,"","",""
0,"Chia-Fan Lee, Te-Hsing Ku","Innovation to intention: Drivers of fashion rental platform adoption in the circular economy",2025,"South African Journal of Business Management","AOSIS","https://doi.org/10.4102/sajbm.v56i1.4961","",268,"2026-05-27 21:00:15","journal-article","10.4102/sajbm.v56i1.4961","2078-5585",,56,1,,,0,0.00,0,2,1,"Purpose: In the circular economy era, where fashion rental platforms are crucial for promoting sustainable consumption, this research contributes by identifying the primary factors influencing consumer behaviour. Specifically, we investigate how sustainable fashion drivers and attitudes towards technology influence consumers’ intention to use fashion rental platforms. Design/methodology/approach: The conceptual model focuses on how fashion innovation (FI) and the perception of the sharing and circular economy (PSCE) affect task–service fit (TSF), enjoyment (ENJ) and the intention to use the platform. A survey and partial least squares structural equation modeling were employed to test the proposed hypotheses. Data from 192 participants with an academic background in fashion were empirically analysed. Findings/results: The results indicate that both FI and the PSCE have a significant and positive impact on TSF and ENJ, which in turn significantly influences platform use intention. This finding underscores the importance of sustainable fashion concepts as key drivers of consumer attitudes and behaviour within this emerging platform and service model. Practical implications: This study provides strategic insights that can empower fashion rental platforms. By emphasising innovative design and environmental values, platforms can attract and retain consumers interested in FI and the circular economy. Originality/value: This study expands the understanding of consumer behaviour on fashion rental platforms by highlighting the key role of FI and the PSCE in influencing user intentions. By integrating these innovative constructs, the study provides new insights and empirical support for developing the fashion rental industry.","",""
0,"Achmad Adi Setiawan, Noor Fatimah Mediawati","Legal Analysis of Tenants Who Refuse to Take Responsibility for Car Damage in the Rental Agreement: A Case Study of Mas Joko Rental",2025,"","Universitas Muhammadiyah Sidoarjo","https://doi.org/10.21070/ups.9518","",275,"2026-05-27 21:00:15","posted-content","10.21070/ups.9518","",,,,,,0,0.00,0,2,1,"","",""
0,"Utkarsh Agarwal","Predictive Analytics for Sustainable Real Estate: Enhancing Rental Property Evaluation using Machine Learning",2025,"INTERNATIONAL JOURNAL OF SCIENTIFIC RESEARCH IN ENGINEERING AND MANAGEMENT","Edtech Publishers (OPC) Private Limited","https://doi.org/10.55041/ijsrem49544","",276,"2026-05-27 21:00:15","journal-article","10.55041/ijsrem49544","2582-3930",,,6,1,9,0,0.00,0,1,1,"Abstract This research investigates the integration of predictive analytics and machine learning techniques for evaluating rental properties within a sustainable real estate framework. The study demonstrates how advanced data-driven approaches can enhance decision-making processes for investors, property managers, and tenants while promoting environmental sustainability. By leveraging diverse datasets including property characteristics, environmental features, market trends, and sustainability metrics, machine learning models achieve superior accuracy in rental price prediction compared to traditional valuation methods.","",""
0,"Zerihun Gadisa Obse","Addis Ababa online home rental management system, Ethiopia",2025,"Journal of Electrical Systems and Information Technology","Springer Science and Business Media LLC","https://doi.org/10.1186/s43067-025-00220-1","",278,"2026-05-27 21:00:15","journal-article","10.1186/s43067-025-00220-1","2314-7172",,12,1,,,0,0.00,0,1,1,"Abstract: The purpose of this project is to plan and create an online home rental management system in Ethiopia’s capital, Addis Ababa. This system aims to streamline all tasks associated with the proper administration of rental properties through an online platform. Its primary objective is to reduce the time required to complete rental-related tasks. The current manual record-keeping system is slated for replacement to enhance efficiency in calculations and data storage. The system’s database backend operates on MySQL server, with C# and PHP serving as the front-end programming languages. Periodic purging of the database is scheduled, ensuring the system’s ability to handle daily operations effectively. This approach aims to minimize manual calculations and labor-intensive tasks while maintaining regularity in operations. Managing data related to various aspects such as products, employees, managers, and clients is a key component of this system. Furthermore, this newly implemented system boasts an excellent database structure that facilitates collaboration among geographically dispersed users. It features a flexible and user-friendly interface for quick record retrieval and enables tenants to view available properties within the system.","https://link.springer.com/content/pdf/10.1186/s43067-025-00220-1.pdf",""
0,"Aruna Nair","Cobbe v Yeoman’s Row Management Ltd [2008] UKHL 55, House of Lords",2025,"Essential Cases: Land Law","Oxford University Press","https://doi.org/10.1093/he/9780198979920.003.0011","",283,"2026-05-27 21:00:15","book-chapter","10.1093/he/9780198979920.003.0011","",,,,,,0,0.00,0,1,1,"<p> <italic>Essential Cases: Land Law</italic> provides a bridge between course textbooks and key case judgments. This case document summarizes the facts and decision in <italic>Cobbe v Yeoman’s Row Management Ltd</italic> [2008] UKHL 55, House of Lords. The document also includes supporting commentary from author Aruna Nair.</p>","https://www.oxfordlawtrove.com/display/10.1093/he/9780198979920.001.0001/he-9780198979920-chapter-11",""
0,"Emmanuel Nii-Boye Quarshie, Allan House","Definition and terminology",2025,"Self-Harm","Oxford University PressOxford","https://doi.org/10.1093/med/9780192859532.003.0001","",289,"2026-05-27 21:00:15","book-chapter","10.1093/med/9780192859532.003.0001","",,,,3,12,0,0.00,0,2,1,"Abstract: In this chapter we define self-harm and the main terms used to describe it. We discuss the relation between self-harm and suicide, the meaning of suicidal intent and considerations in assessing suicidal intent. In more detail, the definition of self-harm used in this book refers to an act with a non-fatal outcome in which a person does something with the intention of causing harm to themselves. What people do is divided broadly into self-poisoning or self-injury, and occasionally both at the same time. Not everybody agrees how to define or describe self-harm and the terms used have changed over time. We outline the common methods used in self-harm and the question of lethality of method.","https://academic.oup.com/book/59494/chapter/501502607",""
0,"Arkadiusz J. Derkacz","The Paradox of Rental Possibility. Availability or Affordability from the Tenant’s Perspective",2025,"Real Estate Management and Valuation","Walter de Gruyter GmbH","https://doi.org/10.2478/remav-2025-0025","",290,"2026-05-27 21:00:15","journal-article","10.2478/remav-2025-0025","2300-5289",,33,3,49,59,0,0.00,0,1,1,"Abstract: The research problem addressed concerns regarding the possibility of studying the true rentability of housing. Previous research most often simplifies this phenomenon to availability or affordability. This makes the results reveal only a part of reality that remains covered for the economic, cognitive process. The goal was therefore to create an indicator that would reveal the actual ability to rent housing. The proposed method does not reject the existing knowledge in this area. Based on defining rentability, it remains anchored in the aspect of availability and affordability. What is novel, however, is the approach to the study of housing tenancy capacity, which is to view the phenomenon. We can venture to say that the results of the study confirmed the thesis. The availability of housing and its affordability are not always factors in renting. The most important conclusion may be that the possibility of renting housing is the ability to carry out a rental transaction that will ensure habitation that coincides with human needs, anchored by supply availability and affordability, determined by a broad stream of institutional factors.","https://www.sciendo.com/pdf/10.2478/remav-2025-0025",""
0,"Mohd. Anas Khan","RENTEASE: A MERN Stack-Based Web Application for Rental Property Management",2025,"International Journal for Research in Applied Science and Engineering Technology","International Journal for Research in Applied Science and Engineering Technology (IJRASET)","https://doi.org/10.22214/ijraset.2025.70796","",299,"2026-05-27 21:00:15","journal-article","10.22214/ijraset.2025.70796","2321-9653",,13,5,2840,2848,0,0.00,0,1,1,"The digital transformation of traditional industries has now extended to the real estate sector, where rental property management continues to face inefficiencies. Many processes remain fragmented, relying on outdated manual paperwork, inconsistent communication, and limited accessibility, resulting in delays, mismanagement, and frustration for landlords and tenants alike. This research introduces RENTEASE, a comprehensive web-based application developed using the MERN stack (MongoDB, Express.js, React.js, Node.js) to address these challenges. Designed as a user-centric platform, RENTEASE digitizes the entire lifecycle of rental property management, including listing properties, streamlining tenant discovery, managing lease agreements, and tracking rent payments. The platform is built with usability, security, and scalability in mind, ensuring seamless interactions between stakeholders while reducing dependence on intermediaries. In addition to simplifying rental operations, RENTEASE provides a centralized property listing system, AI-driven tenant matching, automated lease agreement management, secure rent payment tracking, and robust security measures to protect user data. This paper delves into the problem space, system architecture, implementation strategy, testing methodologies, and prospective future enhancements. By leveraging fullstack web development, RENTEASE demonstrates how technology can improve rental management efficiency and user experience, bridging industry gaps. Future developments may incorporate advanced features such as blockchain integration for smart contracts, AI-driven predictive analytics for pricing strategies, and IoT connectivity for smart home automation, further revolutionizing the sector. Through RENTEASE, rental management evolves from traditional inefficiencies into a streamlined, tech-driven ecosystem that fosters transparency, reliability, and enhanced trust among landlords and tenants.","",""
0,"Shahriar Hossain, Kazi Abdur Rahim, Mehzabin Mahmud","Transparency-Oriented Digital Rental Ecosystem (T-ODRE Model) for Economical Equity and Sustainability",2025,"Proceedings of the International Conference on Industrial Engineering and Operations Management","IEOM Society International","https://doi.org/10.46254/ba08.20250235","",313,"2026-05-27 21:00:15","proceedings-article","10.46254/ba08.20250235","",,,,,,0,0.00,0,3,1,"","",""
0,"Emmanuel Nii-Boye Quarshie, Allan House","Looking to the future",2025,"Self-Harm","Oxford University PressOxford","https://doi.org/10.1093/med/9780192859532.003.0008","",315,"2026-05-27 21:00:15","book-chapter","10.1093/med/9780192859532.003.0008","",,,,83,88,0,0.00,0,2,1,"Abstract: Despite more than half a century’s experience with self-harm there are still substantial gaps in our knowledge. We do not fully understand self-harm as a social phenomenon—for example why it has emerged so strongly as a socially understood response to distress and how it is related to age and gender. The relation between self-harm and suicide is complex. While a history of self-harm is by far the biggest known risk for suicide, the absolute risk is small. That is, the great majority of people who self-harm do not go on to take their own lives at a later date. How can we work to find new ways to understand what tips the balance for those who do move from non-fatal self-harm to suicide? Individual-level therapies can be helpful, but they are not universally effective in alleviating distress or removing the risk of further self-harm or suicide.","https://academic.oup.com/book/59494/chapter/501503911",""
0,"Alexander Kiselyov, Roman Voronin","MEANINGFUL LIFE STRATEGIES OF EMPLOYEES OF THE PENAL SYSTE",2025,"Man: crime and punishment","Academy of the FPS of Russia","https://doi.org/10.33463/2687-1238.2024.32(1-4).4.617-627","",316,"2026-05-27 21:00:15","journal-article","10.33463/2687-1238.2024.32(1-4).4.617-627","1999-9917",,32,4,617,627,0,0.00,0,2,1,"The article examines the definitions and directions of meaningful life strategies of employees of the penal system and their importance for professional activity. The analysis of literary sources dealing with the issues of determining the meaning of a person's life strategies has allowed us to expand the understanding of the development and formation of the characteristics of life orientations in the process of professional activity. The results of the study showed that the leading life-meaning strategies of employees of the penal system are the desire for self–realization through the professional and personal sphere of life, the individual orientation of the personality is the desire for personal superiority and prestige.","",""
0,"Wenyan Xian","Analysis on the Commercial Competition Mode of Online Car Rental-Taking Didi and Uber as Examples",2025,"Academic Journal of Management and Social Sciences","Darcy & Roy Press Co. Ltd.","https://doi.org/10.54097/macnat29","",320,"2026-05-27 21:00:15","journal-article","10.54097/macnat29","2958-4396",,13,3,293,299,0,0.00,0,1,1,"In recent years, ride-hailing has reshaped how people move through cities. With the help of mobile technology and algorithm-driven dispatch, platforms like Didi and Uber have grown into integral parts of urban mobility systems. However, their expansion also raises important questions about pricing, regulation, and long-term sustainability. This study takes a close look at Didi and Uber, examining how the structure of their operating markets and the rules they face influence their business choices and performance. Drawing from published research and selected operational indicators, this study compares their approaches across four areas: how they define their markets, the range of services they offer, how they generate revenue, and how they respond to regulatory demands. This study finds that Didi builds depth within a single domestic market, while Uber spreads risk across regions. These strategies lead to different outcomes when dealing with pricing pressure, driver behavior, and policy constraints. The study also shows how pricing tools like surge must be balanced with fairness, and how commission or incentive changes affect supply dynamics. Ultimately, the findings offer insights for both platform managers and regulators trying to navigate complex, fast-moving digital marketplaces.","https://drpress.org/ojs/index.php/ajmss/article/download/32630/31934",""
26,"Bingzi Jin, Xiaojie Xu","Rental price index forecasts of residential properties using Gaussian process regressions",2025,"Journal of Financial Management of Property and Construction","Emerald","https://doi.org/10.1108/jfmpc-02-2024-0011","",321,"2026-05-27 21:00:15","journal-article","10.1108/jfmpc-02-2024-0011","1366-4387",,30,3,416,454,26,26.00,13,2,1,"Purpose: Since the Chinese real estate market has expanded so quickly over the past 10 years, investors and the government are both quite concerned about projecting future property prices. Design/methodology/approach: This work aims to investigate monthly rental price index forecasts of residential properties for ten major Chinese cities from 3M2012 to 5M2020 by using Gaussian process regressions with a diverse variety of kernels and basis functions. The authors conduct forecast exercises through use of Bayesian optimizations and cross-validation. Findings: With relative root mean square errors spanning the range of 0.0370%–0.8953%, the constructed models successfully forecast the ten price indices from 6M2019 to 5M2020 out of sample. Originality/value: The findings might be used independently or in combination with other projections to create theories about the trends in the rental price index of the residential property and carry out additional policy analysis.","https://www.emerald.com/jfmpc/article-pdf/30/3/416/10575908/jfmpc-02-2024-0011en.pdf",""
0,"Santhosh N S, DR.K. Anandan","Tools and Workers Rental Application Using Flutter and Firebase",2025,"INTERNATIONAL JOURNAL OF SCIENTIFIC RESEARCH IN ENGINEERING AND MANAGEMENT","Edtech Publishers (OPC) Private Limited","https://doi.org/10.55041/ijsrem53210","",329,"2026-05-27 21:00:15","journal-article","10.55041/ijsrem53210","2582-3930",,,10,1,9,0,0.00,0,2,1,"Abstract The growing need for efficiency and accessibility within the rental sector has underscored the shortcomings of conventional methods that depend on manual booking, communication, and record- keeping. These antiquated systems frequently result in scheduling conflicts, data discrepancies, and inadequate transparency between clients and service providers. To tackle these challenges, this paper introduces the Tools and Workers Rental Application, a comprehensive mobile platform aimed at optimizing the process of tool rental and skilled labor hiring. Created with Flutter for a cross-platform user interface and Firebase for real-time backend management, the application guarantees secure authentication, immediate synchronization, and dependable data storage. Furthermore, the integration of SQLite facilitates offline access to crucial data, thereby improving usability in regions with limited internet access. The system encompasses features such as automated notifications, booking management, and real-time updates, which collectively enhance operational efficiency and user satisfaction. Experimental evaluations demonstrate that the proposed solution markedly improves reliability, minimizes manual errors, and fosters digital transformation within the rental service industry. Keywords: Flutter, Firebase, SQLite, Tool Rental, Worker Hiring, Mobile Application","",""
0,"Sokyna Alqatawnah, Muhammad Tayyib","Advanced Car Rental System: Integrating Blockchain, AI, and Real-Time Inventory Management for Enhanced User Experience",2025,"2025 11th International Conference on Engineering, Applied Sciences, and Technology (ICEAST)","IEEE","https://doi.org/10.1109/iceast64767.2025.11088190","",332,"2026-05-27 21:00:15","proceedings-article","10.1109/iceast64767.2025.11088190","",,,,103,105,0,0.00,0,2,1,"","http://xplorestaging.ieee.org/ielx8/11088118/11088145/11088190.pdf?arnumber=11088190",""
0,"Zeyu He, Ying Yu, Yiheng Wu, Zhetao Xu","Exploratory Analysis and Predictive Modeling of Airbnb Rental Rates",2025,"Advances in Economics, Management and Political Sciences","EWA Publishing","https://doi.org/10.54254/2754-1169/2025.bl30767","",333,"2026-05-27 21:00:15","journal-article","10.54254/2754-1169/2025.bl30767","2754-1169",,249,1,95,106,0,0.00,0,4,1,"This study investigates the determinants of Airbnb rental prices by analyzing a dataset of 54,117 listings. Focusing exclusively on non-geographic attributes — such as structural features, booking policies, and review scores —the research applies multiple machine learning models—linear regression, decision trees, and XGBoost—to predict log-transformed prices. Data preprocessing involved outlier treatment, encoding, and stratified train-test splitting. The results show that XGBoost achieved the best performance, with the lowest RMSE and the highest R², highlighting the importance of cancellation policies and structural characteristics in determining prices. The findings have practical implications for hosts and platforms, enabling them to optimize pricing strategies and improve occupancy rates.","",""
5,"J. F. Perles-Ribes, A. Ramón-Rodríguez, Teresa Torregrosa-Martí, J. Ivars-Baidal","The relationship among short-term rentals, house prices and rental prices in consolidated tourism destinations",2025,"Journal of Policy Research in Tourism, Leisure and Events","Informa UK Limited","https://doi.org/10.1080/19407963.2025.2490245","",339,"2026-05-27 21:00:15","journal-article","10.1080/19407963.2025.2490245","1940-7963",,,,1,16,5,5.00,1,4,1,"","https://www.tandfonline.com/doi/pdf/10.1080/19407963.2025.2490245",""
0,"Lin Yu","Application of ABS Financing Model in the Construction of Public Rental Housing in China",2025,"Advances in Economics, Management and Political Sciences","EWA Publishing","https://doi.org/10.54254/2754-1169/2025.21717","",344,"2026-05-27 21:00:15","journal-article","10.54254/2754-1169/2025.21717","2754-1169",,165,1,154,167,0,0.00,0,1,1,"Housing is a fundamental issue affecting residents' lives. With the rapid acceleration of urbanization, low- and middle-income families in urban areas face significant housing pressure. The construction of public rental housing (PRH) aims to provide affordable housing below market prices for groups whose income exceeds the threshold for low-rent housing but who cannot afford to purchase commercial housing or economically affordable housing. However, relying solely on government fiscal investment to fund affordable housing not only leads to an unreasonable allocation of national finances but also hinders the sustainable development and construction of PRH. By introducing market mechanisms into the affordable housing system and utilizing the ABS (Asset-Backed Securities) financing model for PRH construction, a solid foundation is established for the sustainable development of this type of affordable housing. This paper examines the current status and challenges of PRH construction, analyzing the contradiction between high demand and insufficient supply, as well as the sources of funding for PRH. Furthermore, it explores the ABS financing model, its feasibility, and its advantages in PRH development. Through a case study of the Yueyanglou District Gulin Community Railway Block Urban Lowland Waterlogging Area Redevelopment Public Rental Housing Project in Yueyang City, this paper analyzes the application of ABS financing in PRH construction.","",""
1,"Ming-Te Chen, YuChe Tsai","A Decentralized Car Rental Transaction Management System Using Blockchain and IPFS",2025,"International Journal on Semantic Web and Information Systems","IGI Global","https://doi.org/10.4018/ijswis.367282","",349,"2026-05-27 21:00:15","journal-article","10.4018/ijswis.367282","1552-6283",,21,1,1,37,1,1.00,1,2,1,"<p>As the tourism, car rental and car-sharing market rapidly expand, after the recovery from the epidemic, consumer demand for car rental services is increasing. When many consumers need to rent a car, they hope to use it conveniently and quickly. They also need to book parking spaces along the way and have corresponding insurance services. However, there is a lack of effective integration between the existing car rental system and reserved parking spaces. As a result, users often need to spend extra time and energy looking for parking spaces when using car rental services, and the insurance policies generated by temporary insurance services are difficult to cover at the same time. To address these issues, this study proposed an integrated car rental service platform based on blockchain technology and the Interplanetary File System. This platform consolidates transaction information among various stakeholders in the car rental service. It also preserves the consumer's complete rental order information and status, uses the Elliptic Curve Diffie-Hellman to privately generate a shared key.</p>","https://www.igi-global.com/viewtitle.aspx?TitleId=367282",""
0,"Thanusak Loogsorn","CAUSAL FACTORS AFFECTING BUSINESS MODEL INNOVATION AND SUSTAINABLE PERFORMANCE OF MONTHLY RENTAL APARTMENTS IN THAILAND",2025,"PEOPLE: International Journal of Social Sciences","Global Research & Development Services","https://doi.org/10.20319/icssh.2025.4142","",362,"2026-05-27 21:00:15","proceedings-article","10.20319/icssh.2025.4142","",,,,41,42,0,0.00,0,1,1,"This dissertation investigates the causal factors influencing business innovation models and sustainable performance in Thai apartments. The research aims to explore the impact of key factors, including green leadership, digital service transformation, and internal capabilities, on business innovation and sustainability. A comprehensive theoretical framework integrates these components using a systemic analysis that highlights the interconnections between each variable. Findings reveal that green leadership significantly enhances environmentally friendly practices and green innovation, while digital transformation improves operational efficiency and competitive advantage. Internal capabilities foster ongoing innovation and sustainability, contributing to a business model responsive to market and environmental demands, leading to long-term sustainability. This study provides valuable insights for apartment entrepreneurs, academics, and researchers, supporting sustainable business practices in Thailand's real estate sector.","https://grdspublishing.org/index.php/people/article/view/2612/2396",""
0,"Emmanuel Nii-Boye Quarshie, Allan House","The personal encounter with self-harm",2025,"Self-Harm","Oxford University PressOxford","https://doi.org/10.1093/med/9780192859532.003.0007","",363,"2026-05-27 21:00:15","book-chapter","10.1093/med/9780192859532.003.0007","",,,,73,82,0,0.00,0,2,1,"Abstract: In this chapter we outline the framework for a comprehensive approach to the encounter with somebody who has self-harmed. First there is inevitably a requirement for some sort of evaluation including of physical state, mental state, and social circumstances. How long this might take and which element predominates will depend upon the immediate circumstances, such as the need for immediate physical treatment or evidence of active suicide risk. A wider and more detailed review can follow. This review includes identifying past and present coping strategies. All of these elements can then be incorporated into a formulation and associated personal plan. In all stages of the encounter, the nature of the personal interaction is as important as its content. Care is required to ensure that what happens can be experienced as far as possible as supportive, non-judgemental, respectful, sensitive to cultural context, and as far as possible confidential.","https://academic.oup.com/book/59494/chapter/501503637",""
0,"Nataliia Riabokon, Mykola Lebedko","THE ESSENCE AND CONTENT OF THE EFFICIENCY OF THE HOUSING RENTAL MARKET",2025,"International Humanitarian University Herald. Economics and Management","Publishing House Helvetica (Publications)","https://doi.org/10.32782/2413-2675/2025-65-20","",364,"2026-05-27 21:00:15","journal-article","10.32782/2413-2675/2025-65-20","2413-2675",,,65,,,0,0.00,0,2,1,"The article provides a theoretical and methodological substantiation of the concept of economic efficiency of the residential rental market under conditions of contemporary socio-economic transformations. The relevance of the study is determined by the growing role of the rental housing sector in ensuring territorial mobility of the population, supporting local labor markets, and maintaining regional economic stability. The problem statement emphasizes the need to clarify the categorical framework of “efficiency” as a core analytical concept, since traditional interpretations limited to the ratio of outputs and costs are insufficient for explaining the functioning of the residential rental market. The purpose of the article is to systematize and further develop scientific approaches to defining the essence and content of efficiency in the residential rental market and to form a conceptual basis for its comprehensive assessment. The research methodology relies on general scientific methods of analysis and synthesis, comparative and structural approaches, as well as the integration of allocation, institutional, and socio-economic perspectives. The main body of the paper examines the evolution of theoretical approaches to market efficiency, from the classical allocation paradigm focused on equilibrium and price signals to modern interpretations that incorporate institutional quality, transaction costs, social accessibility of housing, and adaptability to structural shocks. Particular attention is paid to the specific features of housing as an economic and social good, which predetermine the multidimensional nature of rental market efficiency. The study substantiates the role of public authorities, especially at the regional level, in forming a transparent institutional environment, stimulating investment in the rental sector, and integrating social components into housing policy. It is argued that the efficiency of the residential rental market depends not only on price equilibrium and supply-demand balance but also on the level of formalization of rental relations, financial sustainability, legal protection of stakeholders, and the capacity to generate positive socio-economic effects. As a result, the author proposes an integrated definition of the efficiency of the residential rental market as a multidimensional and dynamic systemic characteristic reflecting the market’s ability to ensure rational allocation of housing resources, institutional coherence, social accessibility, and long-term sustainability of the housing sector and regional development. The findings create a conceptual foundation for the further development of methodological tools and indicators for assessing the economic efficiency of the residential rental market.","",""
0,"Emmanuel Nii-Boye Quarshie, Allan House","Understanding the reasons for self-harm",2025,"Self-Harm","Oxford University PressOxford","https://doi.org/10.1093/med/9780192859532.003.0003","",373,"2026-05-27 21:00:15","book-chapter","10.1093/med/9780192859532.003.0003","",,,,25,34,0,0.00,0,2,1,"Abstract: In this chapter we start with a review of the risk factors for self-harm, which can be summarized as: membership in a vulnerable group; problematic current circumstances; individual characteristics and recent stressful experiences. We discuss the individual reasons for which people self-harm—as a way of responding to or managing unpleasant emotions, communicating with others, or generating positive feelings. Putting information about these factors together into a formulation allows for a fuller understanding of the reasons for an episode of self-harm. Many of the same considerations are important in estimating the likelihood of repetition of self-harm or of subsequent suicide.","https://academic.oup.com/book/59494/chapter/501502819",""
0,"Emmanuel Nii-Boye Quarshie, Allan House","Intervention in clinical and non-clinical contexts",2025,"Self-Harm","Oxford University PressOxford","https://doi.org/10.1093/med/9780192859532.003.0005","",386,"2026-05-27 21:00:15","book-chapter","10.1093/med/9780192859532.003.0005","",,,,47,58,0,0.00,0,2,1,"Abstract: This chapter outlines the common therapeutic approaches adopted with individuals seen after self-harm, categorized by their duration and the expertise required to deliver them. First, very brief interventions include safety planning and problem-solving approaches. Second, brief focused therapies typically involve 4–6 sessions and include cognitive behavioural therapy (CBT), acceptance and commitment therapy (ACT), and interpersonal therapies. Third, more extensive therapies may be suitable for people with a history of repeated self-harm and include dialectical behaviour therapy (DBT) and psychodynamic therapies. Therapies are likely to need to be modified for use in special settings such as schools and in the criminal justice system, and for high-risk groups such as sexual and gender minorities, those with severe physical illness and those with a learning disability and/or autism. There is a particular challenge in delivering therapies in low-income settings.","https://academic.oup.com/book/59494/chapter/501503120",""
0,"Anna Gdakowicz, Ewa Putek-Szeląg","Analyzing rental time and pricing trends before, during, and after the COVID-19 pandemic",2025,"International Journal of Strategic Property Management","Vilnius Gediminas Technical University","https://doi.org/10.3846/ijspm.2025.25141","",390,"2026-05-27 21:00:15","journal-article","10.3846/ijspm.2025.25141","1648-9179",,29,6,409,420,0,0.00,0,2,1,"This study examines the dynamics of rental time on market (TOM) for residential properties in Szczecin, Poland, from 2016 to 2023. Using data from the regional MLS system administered by the West Pomeranian Association of Realtors (ZSPON), the analysis spans four distinct periods: pre-pandemic (2016–2019), pandemic onset (2020), transitional recovery (2021), and post-pandemic normalization (2022–2023). The study investigates two primary hypotheses: (H1) TOM differs significantly across pandemic phases; and (H2) TOM is correlated with rental price levels. Employing Kaplan-Meier survival analysis and General Linear Modeling (GLM), the results confirm both hypotheses. TOM increased sharply during early pandemic phases and decreased in subsequent years, though not returning to pre-pandemic levels. Additionally, listings with mid-range prices consistently showed the shortest TOM, while overpriced and underpriced listings were associated with longer market exposure. The findings contribute to the understanding of how external shocks, such as the COVID-19 pandemic, induce both temporary and persistent changes in rental market behavior. The study also offers practical implications for real estate professionals, suggesting that TOM-based modeling can enhance pricing and listing strategies, particularly during periods of uncertainty or recovery.","https://journals.vilniustech.lt/index.php/IJSPM/article/download/25141/13147",""
0,"Emmanuel Nii-Boye Quarshie, Allan House","Self-harm: The nature of the problem",2025,"Self-Harm","Oxford University PressOxford","https://doi.org/10.1093/med/9780192859532.003.0002","",392,"2026-05-27 21:00:15","book-chapter","10.1093/med/9780192859532.003.0002","",,,,13,24,0,0.00,0,2,1,"Abstract: In introducing the epidemiology of self-harm, the chapter opens with a consideration of sources of data and the strengths and weaknesses of each. The authors review evidence of the frequency of self-harm across the lifespan and the relation between self-harm rates and gender—discussing reasons for age and gender-related differences. Minority groups are more at risk, including for example, the disabled, prisoners, gender and sexual minorities. Self-harm occurs in all countries, albeit with very different reported rates—one reason for which there may be differences in reporting and recording, especially in countries where there are legal, religious, or cultural prohibitions.","https://academic.oup.com/book/59494/chapter/501502692",""
1,"Fredrik Ralf Nilsson, Benjamin Hazen","Designing logistics processes to support sustainable business-to-consumer rental models",2025,"The International Journal of Logistics Management","Emerald","https://doi.org/10.1108/ijlm-06-2024-0372","",395,"2026-05-27 21:00:15","journal-article","10.1108/ijlm-06-2024-0372","0957-4093",,36,7,364,390,1,1.00,1,2,1,"Purpose: This research explores logistics challenges and opportunities in circular business-to-consumer (B2C) rental models to develop new theory on how rental companies and their partners can co-create sustainable outcomes via new logistics processes. Design/methodology/approach: We employed a design science research approach consisting of field tests, interviews and active researcher participation. Data were collected from managers and employees at rental companies and logistics service providers, as well as from customers and other stakeholders. Findings: This research proposes a framework that explains and classifies four critical logistics processes to consider when designing and executing logistics in support of consumer rental models. Research limitations/implications: This research is limited by the nature of the chosen methodology, which might not generalize beyond B2C rental models. Future research should validate and assess the reliability of the proposed framework in additional contexts. Practical implications: Logistics and supply chain managers can utilize the proposed framework to inform the development and management of circular and sustainable business concepts. Originality/value: This research develops a framework for further logistics theory development to inform sustainable, circular B2C rental models. We provide empirical evidence specifying how organizations can increase value derived from finite resources.","https://www.emerald.com/ijlm/article-pdf/36/7/364/10572847/ijlm-06-2024-0372en.pdf",""
0,"Leïla LOUSSAIEF, Amélie CLAUZEL","A Critical Stakeholder Perspective for Examining Sustainability of Peer-to-Peer Rental Platforms: An Illustration in the French Context",2025,"Management international","HEC Montréal","https://doi.org/10.59876/a-c19d-s9yr","",397,"2026-05-27 21:00:15","journal-article","10.59876/a-c19d-s9yr","1206-1697",,29,4,45,57,0,0.00,0,2,1,"Using a stakeholder approach, this research challenges the sustainability claim of the sharing economy practice of peer-to-peer rental. The discourses are compared using Natural Language Processing in relation to different French stakeholders (public institutions, press, platforms, consumers). Divergences emerge around the issue of sustainability and ownership. At the macro and meso levels, the discourse is centered on a neoliberal, economic approach to the phenomenon. Sustainability is scarcely mentioned, and greater emphasis is placed on economic benefits and gains for the individual. While ownership is also neglected at the macro-meso level, the discourse at the micro level shows a willingness to consume differently (depending on the product category and individual status), while still giving a central role to ownership.","",""
0,"Man Tsun Wong, Yik Wa Law","“What has become a burden in rental housing? Workplace location, neighbourhood and housing environment on household rental burden”",2025,"Habitat International","Elsevier BV","https://doi.org/10.1016/j.habitatint.2025.103576","",399,"2026-05-27 21:00:15","journal-article","10.1016/j.habitatint.2025.103576","0197-3975",,166,,103576,103576,0,0.00,0,2,1,"","https://api.elsevier.com/content/article/PII:S0197397525002929",""
0,"Jingxin Hu, Tao Li","Expectation Management through Private Interactions: Evidence from In-House Meetings",2025,"","Elsevier BV","https://doi.org/10.2139/ssrn.5735908","",406,"2026-05-27 21:00:15","posted-content","10.2139/ssrn.5735908","",,,,,,0,0.00,0,2,1,"","",""
0,"Manda Putra Hutabarat, Zakiyah Putri","Enhancing Employee Loyalty Through Management Support and Work-Life Balance: Evidence from Heavy Equipment Rental Companies",2025,"Talent: Journal of Economics and Business","PT Lentera Ilmu Nusantara","https://doi.org/10.59422/jeb.v3i01.780","",407,"2026-05-27 21:00:15","journal-article","10.59422/jeb.v3i01.780","3031-6383",,3,1,42,48,0,0.00,0,2,1,"This study aims to analyze the effect of management support and work-life balance on employee loyalty in a heavy equipment rental company in Cikarang. In the context of increasingly competitive industrial competition, employee loyalty is an important element in improving organizational performance and reducing turnover. This study use quantitative approach. The results of the study indicate that management support that includes effective communication, performance rewards, and structured career development has a positive impact on employee loyalty. In addition, a good work-life balance helps employees cope with work pressure and maintain a balance between personal life and work, which ultimately increases employee engagement with the company. Analysis using the SmartPLS method confirms the validity and high reliability of the research model. These findings provide practical implications for companies to design policies that support employee welfare, such as work flexibility and managerial training, in order to increase loyalty and business sustainability.","https://jurnal.lenteranusa.id/index.php/JEB/article/download/780/538",""
3,"Young Sook Eom, SoEun Ahn, Ron Shadbegian","Willingness to pay to reduce mortality risks from particulate matter and value of statistical life: Evidence from stated air purifier rental choices in South Korea",2025,"Journal of Environmental Management","Elsevier BV","https://doi.org/10.1016/j.jenvman.2024.123407","",409,"2026-05-27 21:00:15","journal-article","10.1016/j.jenvman.2024.123407","0301-4797",,373,,123407,123407,3,3.00,1,3,1,"","https://api.elsevier.com/content/article/PII:S0301479724033930",""
0,"Leïla LOUSSAIEF, Amélie CLAUZEL","A Critical Stakeholder Perspective for Examining Sustainability of Peer-to-Peer Rental Platforms: An Illustration in the French Context",2025,"Management international","HEC Montréal","https://doi.org/10.59876/a-c19d-s9yr","",410,"2026-05-27 21:00:15","journal-article","10.59876/a-c19d-s9yr","1206-1697",,29,4,45,57,0,0.00,0,2,1,"Using a stakeholder approach, this research challenges the sustainability claim of the sharing economy practice of peer-to-peer rental. The discourses are compared using Natural Language Processing in relation to different French stakeholders (public institutions, press, platforms, consumers). Divergences emerge around the issue of sustainability and ownership. At the macro and meso levels, the discourse is centered on a neoliberal, economic approach to the phenomenon. Sustainability is scarcely mentioned, and greater emphasis is placed on economic benefits and gains for the individual. While ownership is also neglected at the macro-meso level, the discourse at the micro level shows a willingness to consume differently (depending on the product category and individual status), while still giving a central role to ownership.","",""
0,"Lusiana Egina, Nurjamilah","PENGARUH KUALITAS PRODUK DAN KUALITAS PELAYANAN TERHADAP KEPUTUSAN PENGGUNAAN JASA RENTAL MOBIL DI CV BASTIAN RENTAL",2025,"Indonesian Journal of Social Science and Education (IJOSSE)","PT. Jurnal Center Indonesia Publisher","https://doi.org/10.62567/ijosse.v1i3.1348","",415,"2026-05-27 21:00:15","journal-article","10.62567/ijosse.v1i3.1348","3109-855X",,1,3,669,680,0,0.00,0,2,1,"Kota Bandung merupakan kota wisata yang mendatangkan banyak wisatawan setiap tahunnya dan menjadi wilayah yang paling banyak menggunakan mobil diantara provinsi Jawa Barat lainnya sebagai transportasi darat sejumlah 372.806 unit mobil. CV Bastian Rental memanfaatkan peluang ini untuk menawarkan jasa rental mobil. Dengan adanya hal ini, Bastian Rental Mobil harus mampu untuk bersaing melalui bauran pemasaran Kualitas Produk dan Kualitas Pelayanan. Tujuan penelitian ini adalah untuk mengetahui dan menganalisis kualitas produk dan kualitas pelayanan yang memengaruhi keputusan penggunaan jasa rental mobil pada CV Bastian Rental. Pada penelitian ini menggunakan metode penelitian kuantitatif dengan pendekatan secara deskriptif dan verifikatif, sehingga menggunakan data primer dan data sekunder. Teknik pengumpulan data menggunakan kuesioner melalui google form, dengan menggunakan skala penilaian yaitu skala likert. Populasi yang digunakan sebanyak 6.847 konsumen yang pernah menyewa mobil di Bastian Rental. Teknik sampling menggunakan rumus slovin dengan memperoleh sampel sebesar 100 orang dan dilakukan cluster (pengelompokan) sampel dengan teknik cluster random sampling. Uji data yang dilakukan adalah uji validitas dan reliabilitas, uji normalitas, uji analysis path (jalur) dan uji hipotesis dengan menggunakan bantuan aplikasi pengolah data, yaitu SPSS versi 25. Hasil penelitian menunjukan terdapat hubungan yang sangat kuat dan positif anatara variabel kualitas produk dan kualitas pelayanan, lalu kualitas produk dan kualitas pelayanan berpengaruh secara parsial dan simultan terhadap keputusan penggunaan jasa rental mobil di CV Bastian Rental.  ","https://e-jurnal.jurnalcenter.com/index.php/ijosse/article/download/1348/916",""
0,"Hyeon Jeong YU, Gun Won LEE","Analysis of Factors Influencing Residential Satisfaction in Rental Housing among Young Single-person Households : Focused on Comparisons of Public Rental Housing and Private Rental Housing",2025,"Residential Environment Institute Of Korea","Residential Environment Institute Of Korea","https://doi.org/10.22313/reik.2025.23.2.107","",422,"2026-05-27 21:00:15","journal-article","10.22313/reik.2025.23.2.107","",,23,2,107,123,0,0.00,0,2,1,"","",""
0,"Vishwanath S. Naik","What Management Graduates Expect from Corporate House?",2025,"International Journal of Management, Technology, and Social Sciences","Srinivas University","https://doi.org/10.47992/ijmts.2581.6012.0381","",426,"2026-05-27 21:00:15","journal-article","10.47992/ijmts.2581.6012.0381","2581-6012",,,,183,192,0,0.00,0,1,1,"Base: Demographic dividend is becoming an ardent and exorbitant approach in valuing human beings as resources in the corporate administrative system. The administrative approach of most companies varies with the strategy of key personnel based on market requirements. These strategies may not be universal in fact, are customized. Instant and timely decisions are a matter of experience and efficiency. However, text-enhanced by market-intensive management education will certainly assist these corporates. The tendency of tracking market requirements by B-students is yet to be improved in India since mere dominion of meritocracy is still a yardstick to review a potential employee. Purpose: The paper aims to review the key priority areas of expectations that the management graduates looking for from a corporate house. Design/Methodology/Approach: The research paper is fortified with secondary data by focusing on the qualitative approach to find out the corporate expectations of management graduates. The data has been gathered from a variety of research articles, websites, research reports, and surveys. Findings/Results: The review segment of this paper has explored the current status of research being done on management graduates’ expectations from corporate houses. According to the study conducted while preparing the research article, it is observed that nearly all the management graduates’ expectations from corporates are in line with the expectations of employees with other educational backgrounds. Remuneration, Job Security, Promotion, Recreation, Welfare Measures, Work from Home, Increments, and Work environment are the eight commonly derived priority lists of expectations. However, theevidence suggests thatthere are multiple other aspects like recognition, user-friendly tech, flexible working hours, flexible dress code, and usage of mobile phones at workstations, etc. Originality/Value: The paper identifies and proposes new fields of research to be carried out under empirical mode. A significant amount ofresearch on the topic/area till today is descriptive rather than empirical. Based on the study it is endorsed for further study.","https://www.drillbitplagiarismcheck.com/auth/login",""
0,"Ali Alnasif","The Competitive Advantage in the Car Rental Industry in the United States: A Comparison Study Between the Three Major Car Rental Companies",2025,"JOURNAL OF SOCIAL SCIENCE RESEARCH","CIRWOLRD","https://doi.org/10.24297/jssr.v21i.9808","",431,"2026-05-27 21:00:15","journal-article","10.24297/jssr.v21i.9808","2321-1091",,21,,38,48,0,0.00,0,1,1,"This paper articulates and examines the factors that lead to and sustain the competitive advantage in the US car rental industry. A quantitative approach was adopted to collect data from companies' financial statements. Preliminary data analysis, descriptive analysis, visualization, and ANOVA were used to analyze the competitive advantage variables in the proposed research models. The study indicates that Avis has the highest market share and profit margin, while Enterprise excels in fleet size and research and development investments. Hertz, on the other hand, is struggling to establish a foothold in the competitive market. Continuous adaptation to market changes, technological disruptions, and sustainability trends is essential for these corporations to maintain their competitive edge. Overall, the findings of this research will help corporations re-formulate and implement effective organizational strategies to cope with the brutal competition in the car rental industry and other industries.","https://rajpub.com/index.php/jssr/article/download/9808/8756",""
0,"SAAVAN P. ASODARIA,, AKASH K. SAROJ,, GAURAV KULKARNI","Leveraging Shared Economy Models: A Rental System for Small Enterprises",2025,"INTERANTIONAL JOURNAL OF SCIENTIFIC RESEARCH IN ENGINEERING AND MANAGEMENT","Edtech Publishers (OPC) Private Limited","https://doi.org/10.55041/ijsrem43435","",434,"2026-05-27 21:00:15","journal-article","10.55041/ijsrem43435","2582-3930",,,3,1,9,0,0.00,0,3,1,"The shared economy model has transformed industries such as transportation (Uber) and hospitality (Airbnb) by enabling access to resources without ownership. However, small enterprises often struggle with acquiring essential equipment, workspace, and tools due to financial constraints. This paper explores how shared economy principles can be leveraged to develop a rental system tailored for small businesses, allowing them to access necessary resources at reduced costs. Through a mixed-methods approach involving case studies and financial analysis, this research evaluates the feasibility, benefits, and challenges of implementing a rental-based economy for small enterprises. Findings indicate that adopting a shared economy rental model significantly reduces initial capital investment, enhances operational flexibility, and promotes sustainability. However, challenges such as trust issues, logistics, and regulatory concerns must be addressed for effective implementation. This study contributes to the growing discourse on alternative business models for small enterprises and provides insights into the potential of a structured rental system to boost economic growth and entrepreneurship. Future research should focus on technology-driven rental platforms and policy frameworks to support shared economy adoption in small business ecosystems. Keywords: Shared Economy, Rental Systems, Small Enterprises, Cost Efficiency, Resource Utilization","",""
0,"P.L. Subramanian, T.J.Nithya Dharshini, K.K. Poojashree, S.V.Sri Divya  Dharshini","Vehicle Rental App",2025,"International Journal of Research Publication and Reviews","Genesis Global Publication","https://doi.org/10.55248/gengpi.6.0525.18129","",440,"2026-05-27 21:00:15","journal-article","10.55248/gengpi.6.0525.18129","2582-7421",,6,5,11756,11761,0,0.00,0,4,1,"","",""
0,"Emmanuel Nii-Boye Quarshie, Allan House","Self-harm prevention in clinical and non-clinical contexts",2025,"Self-Harm","Oxford University PressOxford","https://doi.org/10.1093/med/9780192859532.003.0004","",441,"2026-05-27 21:00:15","book-chapter","10.1093/med/9780192859532.003.0004","",,,,37,46,0,0.00,0,2,1,"Abstract: This chapter outlines approaches to primary prevention in the general population and in special settings. The former includes educational programmes, skills training, and fostering support networks as well as use of social media as a resource. The latter includes programmes in schools and prisons. Media policy can be important. The chapter also identifies groups in society whose members are at increased risk of self-harm but where their primary needs are in other spheres—for better access to general medical or mental health services, to education or vocational training to improve employment prospects, or to better social support and protection against stigmatization or discrimination in day-to-day life. The chapter concludes with some recommendations provided by adults and young people interviewed for this purpose.","https://academic.oup.com/book/59494/chapter/501502963",""
0,"Jessica Lasky-Fink, Elizabeth Linos","Evaluating the Impact of Temporary Rental Assistance",2025,"AEA Randomized Controlled Trials","American Economic Association","https://doi.org/10.1257/rct.16111","",449,"2026-05-27 21:00:15","dataset","10.1257/rct.16111","",,,,,,0,0.00,0,2,1,"","",""
0,"Reza Kurniawan","Official Rental Mobil Jakarta — 168 Premium Car",2025,"","Sekolah Tinggi Agama Buddha Nalanda","https://doi.org/10.47861/168premiumcar.rentalmobiljakarta","",450,"2026-05-27 21:00:15","posted-content","10.47861/168premiumcar.rentalmobiljakarta","",,,,,,0,0.00,0,1,1,"Halaman resmi layanan sewa mobil dengan sopir di Jakarta oleh 168 Premium Car. Menyediakan armada mewah seperti Alphard, Vellfire, Hiace, serta pengemudi profesional berpengalaman. Halaman ini memuat informasi tarif, layanan korporat, dan pemesanan resmi untuk pelanggan individu maupun perusahaan.","",""
0,"IDRIS, OLORUNTOBA BIBILARI, ADEOLA, TAIWO OLUSOLA","COMPARATIVE ANALYSIS OF FACTORS INFLUENCING RENTAL VALUES IN PUBLIC AND PRIVATE HOUSING ESTATES IN IBADAN, NIGERIA",2025,"International Journal of Environmental Design and Construction Management","Mediterranean Publications and Research International","https://doi.org/10.70382/hijedcm.v09i4.039","",451,"2026-05-27 21:00:15","journal-article","10.70382/hijedcm.v09i4.039","3027-0170",,,,,,0,0.00,0,2,1,"Housing is a basic need of man but it is so expensive to build. This explains why those who cannot buy or build outright will prefer to rent. In Nigeria, the rental sector is dominated by players from both public and private sector. The study sampled 40 Estate Surveyors and Valuers in Ibadan who had knowledge of rental market. The findings revealed that Public housing rental values are constrained by the target population’s income and by infrastructure deficits, while private housing markets capitalize on the added value of premium amenities and locational advantages. These results align with earlier studies in Nigeria that emphasize the dominance of affordability factors in public estates and hedonic attributes in private estates.  ","https://harvardpublications.com/hijedcm/article/download/459/462",""
0,"Baoming Yang","Carbon Ticket Management System (CTMS)",2025,"The Carbon Emission Liability Mechanism","Springer Nature Singapore","https://doi.org/10.1007/978-981-96-3612-9_7","",454,"2026-05-27 21:00:15","book-chapter","10.1007/978-981-96-3612-9_7","",,,,181,222,0,0.00,0,1,1,"","https://link.springer.com/content/pdf/10.1007/978-981-96-3612-9_7",""
0,"Swanand Sao, Alpesh Khobragade, Tanmay Salwe, Tanmay Dhomne, Dr. S.P. Khandait","A Review on the Disk Space Rental Systems",2025,"INTERANTIONAL JOURNAL OF SCIENTIFIC RESEARCH IN ENGINEERING AND MANAGEMENT","Edtech Publishers (OPC) Private Limited","https://doi.org/10.55041/ijsrem43664","",455,"2026-05-27 21:00:15","journal-article","10.55041/ijsrem43664","2582-3930",,,4,1,9,0,0.00,0,5,1,"This review explores new ways to store files using blockchain instead of traditional cloud services. We examine four systems: one that manages files automatically with smart contracts, another that lets people rent out unused storage space (like Airbnb for hard drives), a third that connects users directly for secure file sharing, and a fourth designed for areas with poor internet. These systems avoid relying on big companies by spreading data across shared networks. They use blockchain to track transactions and smart contracts to enforce rules without middlemen. Users earn rewards for sharing spare storage, while encryption and unique file codes keep data safe. Challenges remain, such as slow speeds, high costs, and the need for simpler tools. New fixes, like AI helpers and faster networks, aim to solve these issues. Together, these systems show how people can control their own data, reducing risks like hacking or outages. This shift could make the internet more open and fair, where privacy and access work together, not against each other. Key Words: decentralized storage, blockchain, smart contracts, file sharing, storage rewards, offline access.","",""
0,"Emmanuel Nii-Boye Quarshie, Allan House","Self-Harm",2025,"","Oxford University PressOxford","https://doi.org/10.1093/med/9780192859532.001.0001","",458,"2026-05-27 21:00:15","book","10.1093/med/9780192859532.001.0001","",,,,,,0,0.00,0,2,1,"Abstract: ‘Self-Harm: A Guide to Management’ describes the main features of self-harm, who is at risk, and what we know about causes, prevention, and management. The book is organized in three parts. The first section introduces the main terms used in the definition of self-harm and its relation to suicide. There follows an outline of the epidemiology of self-harm—how common it is, who is at risk, what methods are used, and how severity is judged, as well as what forms self-harm can take. A final chapter reviews what is known about reasons for self-harm, moving beyond the idea that it is solely a symptom of mental disorder. The second section reviews approaches to prevention of self-harm and its treatment in clinical and non-clinical settings. The third section takes a person-centred approach, reviewing approaches to self-management and to approaching the personal encounter for professionals and others likely to meet self-harm in their working lives. A final chapter considers some of the challenges remaining in understanding and responding to self-harm. There is a list of resources written, as is the rest of the book, with an international readership in mind, including readers from low- and middle-income countries.","",""
0,"Dr. Umesh Chandra","Agricultural Equipment Rental: A Game-Changer for Small and Medium Farmers",2025,"INTERANTIONAL JOURNAL OF SCIENTIFIC RESEARCH IN ENGINEERING AND MANAGEMENT","Edtech Publishers (OPC) Private Limited","https://doi.org/10.55041/ijsrem41750","",462,"2026-05-27 21:00:15","journal-article","10.55041/ijsrem41750","2582-3930",,,2,1,9,0,0.00,0,1,1,"Agricultural mechanization increases productivity, but it remains prohibitively expensive for small producers. The feasibility and impact of an agricultural equipment rental model as a cost- effective alternative are assessed in this study. In surveys and interviews, it was discovered that 84% of farmers would rent equipment if it were available, with seasonal rentals being the preferable option. It is estimated that renting reduces capital costs by 60-80% and enhances farm productivity by 20-30%. Adoption is nevertheless impeded by seasonal demand, logistics, and inadequate awareness. Ensuring sustainable mechanization and rural economic development, the study suggests the implementation of digital platforms, cooperative models, and policy support to enhance accessibility.","",""
0,"Shyam Sundar Meher, Kishor Chandra Meher","Disruptive Urbanism and Discrete Choice of Online Platform for Short-term Rental Accommodation in Sharing Economy",2025,"Innovative Synergies","Routledge","https://doi.org/10.4324/9781003650041-25","",463,"2026-05-27 21:00:15","book-chapter","10.4324/9781003650041-25","",,,,238,253,0,0.00,0,2,1,"","",""
0,"Rian Safrianto","Enterprise Architecture Planning with TOGAF ADM: A Case Study of a Heavy Equipment Rental Service Company",2025,"Applied Information System and Management (AISM)","LP2M Universitas Islam Negeri (UIN) Syarif Hidayatullah Jakarta","https://doi.org/10.15408/mkt7re31","",464,"2026-05-27 21:00:15","journal-article","10.15408/mkt7re31","2621-2544",,8,2,183,194,0,0.00,0,1,1,"Strategic Information Systems (IS) and Information Technology (IT) planning play a vital role in aligning technological initiatives with business objectives, particularly in asset-intensive industries. This study aims to implement the TOGAF ADM framework to design a strategic IS/IT planning model for a heavy equipment rental company, demonstrating how enterprise architecture can align IT initiatives with business goals. PT. XYZ has not yet implemented an information system strategy for the company’s needs in terms of management, leading to inefficiencies in business operations at PT. XYZ. A qualitative approach was used to obtained through in-depth interviews with company’s owners and managers,  observation data of company’s IT asset also collected to describe organization’s current IS/IT landscape and applies the TOGAF ADM phases to design an enterprise architecture that supports business-IT alignment. This study demonstrates how TOGAF ADM can provide a structured methodology for identifying business needs, defining architectural visions, and developing a roadmap for IS/IT improvements. Findings indicate that using EA frameworks such as TOGAF ADM enhances strategic planning capabilities, supports organizational agility, and provides a repeatable model for similar enterprises in the rental or industrial sector. The results offer valuable insights for practitioners and researchers interested in applying enterprise architecture to improve IS/IT strategic planning processes.","https://journal.uinjkt.ac.id/index.php/aism/article/download/46335/17862",""
0,"Mokhammad Thoriq Al Khaq, Lilik Indayani","Analysis of Price, Servce Quality and Promotion on Car Rental Purchase Decisions at CV. MAHKOTA Sidoarjo",2025,"","Universitas Muhammadiyah Sidoarjo","https://doi.org/10.21070/ups.9548","",467,"2026-05-27 21:00:15","posted-content","10.21070/ups.9548","",,,,,,0,0.00,0,2,1,"","",""
0,"Rian Safrianto","Enterprise Architecture Planning with TOGAF ADM: A Case Study of a Heavy Equipment Rental Service Company",2025,"Applied Information System and Management (AISM)","LP2M Universitas Islam Negeri (UIN) Syarif Hidayatullah Jakarta","https://doi.org/10.15408/aism.v8i2.46335","",468,"2026-05-27 21:00:15","journal-article","10.15408/aism.v8i2.46335","2621-2544",,8,2,183,194,0,0.00,0,1,1,"Strategic Information Systems (IS) and Information Technology (IT) planning play a vital role in aligning technological initiatives with business objectives, particularly in asset-intensive industries. This study aims to implement the TOGAF ADM framework to design a strategic IS/IT planning model for a heavy equipment rental company, demonstrating how enterprise architecture can align IT initiatives with business goals. PT. XYZ has not yet implemented an information system strategy for the company’s needs in terms of management, leading to inefficiencies in business operations at PT. XYZ. A qualitative approach was used to obtained through in-depth interviews with company’s owners and managers,  observation data of company’s IT asset also collected to describe organization’s current IS/IT landscape and applies the TOGAF ADM phases to design an enterprise architecture that supports business-IT alignment. This study demonstrates how TOGAF ADM can provide a structured methodology for identifying business needs, defining architectural visions, and developing a roadmap for IS/IT improvements. Findings indicate that using EA frameworks such as TOGAF ADM enhances strategic planning capabilities, supports organizational agility, and provides a repeatable model for similar enterprises in the rental or industrial sector. The results offer valuable insights for practitioners and researchers interested in applying enterprise architecture to improve IS/IT strategic planning processes.","https://journal.uinjkt.ac.id/index.php/aism/article/download/46335/17862",""
0,"Jessica Lasky-Fink, Elizabeth Linos","Evaluating the Impact of Temporary Rental Assistance",2025,"AEA Randomized Controlled Trials","American Economic Association","https://doi.org/10.1257/rct.16111-1.0","",470,"2026-05-27 21:00:15","dataset","10.1257/rct.16111-1.0","",,,,,,0,0.00,0,2,1,"","",""
0,"Yael Elster","Electoral Impact of the Rental Market: Evidence from Israel",2025,"","Elsevier BV","https://doi.org/10.2139/ssrn.5095427","",475,"2026-05-27 21:00:15","posted-content","10.2139/ssrn.5095427","",,,,,,0,0.00,0,1,1,"","",""
0,"Jong Chung Jin, Steward Giman Stephen","Exploring Rental Property Management Best Practices for Private Investors in Malaysia: A Secondary Data Analysis",2025,"Malaysian Journal of Social Sciences and Humanities (MJSSH)","Secholian Publication","https://doi.org/10.47405/mjssh.v10i10.3622","",476,"2026-05-27 21:00:15","journal-article","10.47405/mjssh.v10i10.3622","2504-8562",,10,10,,,0,0.00,0,2,1,"Malaysia’s rental property sector has experienced rapid growth due to increased urbanization, changing lifestyle preferences, and rising housing unaffordability, prompting more individuals to rent rather than buy. Despite this trend, limited empirical research has examined effective management practices for private investors, resulting in operational inefficiencies, inconsistent tenant relations, and untapped investment potential. Addressing this gap, the present study explores best practices in rental property management within the Malaysian context to identify strategies that optimize financial performance and tenant satisfaction. The study aims to (1) analyse current rental property management approaches and (2) develop a synthesized framework of best practices applicable to private investors. A secondary data analysis method was employed, involving a comprehensive review of scholarly literature, industry reports, policy documents, and real estate publications. Thematic analysis was conducted to extract recurring patterns, key strategies, and underlying management principles. Eight major themes emerged: strategic outsourcing, tenant relations, operational efficiency, property maintenance, competitive positioning, market and life-cycle understanding, risk management, and technology integration. The findings reveal that adopting systematic management strategies, cultivating long-term partnerships, emphasizing preventive maintenance, and leveraging digital tools can enhance profitability, tenant retention, and property value. In conclusion, the study underscores the importance of a holistic and data-driven approach to rental property management. It suggests that policymakers establish standardized guidelines and training for property managers, while future researchers should incorporate primary data to validate and expand on these insights. The research thus bridges theoretical understanding and practical application within Malaysia’s evolving property landscape.","https://www.msocialsciences.com/index.php/mjssh/article/download/3622/2359",""
3,"Gunjan Malhotra, Gunjan Dandotiya","Investigating the impact of conspicuous value on luxury rental purchase intention",2025,"Journal of Product &amp; Brand Management","Emerald","https://doi.org/10.1108/jpbm-04-2023-4463","",477,"2026-05-27 21:00:15","journal-article","10.1108/jpbm-04-2023-4463","1061-0421",,34,6,788,801,3,3.00,2,2,1,"Purpose: This study aims to empirically examine consumers’ attitudes and motivations to buy luxury rental products. Specifically, it examines the influence of conspicuous value, environmental concern, luxury symbolism and consumers’ skepticism of luxury rental purchase intention. Design/methodology/approach: The study collected data using an online survey questionnaire from Indian consumers who have experience with luxury rental products. The study analysed the data using structural equation modelling, where both mediation and moderated mediation models were reviewed using SPSS AMOS version 24 and PROCESS SPSS macro. Findings: The results show that increased conspicuous value enhances consumers’ intention to buy luxury rental products. There is also a significant impact of the mediating variables (i.e., environmental concern and luxury symbolism). Consumers’ skepticism moderates the relationship positively via environmental concern and luxury symbolism from low to high levels. Originality/value: This study contributes to the literature on conspicuous value by offering purchase intention for luxury rental products through environmental concern, luxury symbolism and consumer skepticism. It offers practical implications for brand managers who wish to promote luxury rental products.","https://www.emerald.com/insight/content/doi/10.1108/JPBM-04-2023-4463/full/html",""
0,"Kathir K, Lakshmanan K, Deebanchakkarawarthi G, Sathya S, Nithish R, Indravarma K S, Muthupandi T","Online Rental Management System - RentalEaze",2025,"INTERNATIONAL JOURNAL OF SCIENTIFIC RESEARCH IN ENGINEERING AND MANAGEMENT","Edtech Publishers (OPC) Private Limited","https://doi.org/10.55041/ijsrem53388","",478,"2026-05-27 21:00:15","journal-article","10.55041/ijsrem53388","2582-3930",,,11,1,9,0,0.00,0,7,1,"ABSTRACT - Rental Eaze is a full-stack web application designed to simplify the process of renting and lending items online. Inspired by platforms like OLX, the system enables users to list items for rent, browse available products, and communicate securely with other users. The traditional renting process often requires manual interactions, phone calls, and physical visits, leading to inconvenience and limited reach. Rental Eaze introduces a digital alternative through an intuitive web interface where users can register, post items with details and images, and handle requests directly. The platform supports item categorization, price-per-day/week configuration, and secure authentication for both renters and lenders. It integrates a modern MERN (MongoDB, Express.js, React.js, Node.js) stack architecture to ensure responsiveness and scalability. Through automation and centralized data handling, Rental Eaze provides an efficient, transparent, and user-friendly renting experience for individuals and small businesses. Key Words: Rental System, Full Stack Development, AI Recommendation, Online Marketplace, Web Application, MongoDB, React.js","",""
0,"Rizani Candra Sirait, Tantri Yanuar Rahmat Syah, Dimas Angga Negoro, Muhammad Dafi Iskandar","FINANCIAL FEASIBILITY OF PROPERTY TECHNOLOGY BUSINESS PLANNING (PROPTECH) AS AN ONLINE PROPERTY RENTAL SOLUTION",2025,"Dynamic Management Journal","Universitas Muhammadiyah Tangerang","https://doi.org/10.31000/dmj.v9i1.13362","",482,"2026-05-27 21:00:15","journal-article","10.31000/dmj.v9i1.13362","2580-2127",,9,1,208,208,0,0.00,0,4,1,"This study examines the financial planning strategy of a business in the property technology (PROPTECH) sector through a five-stage approach: financial goal setting, planning elements, financial projections, investment feasibility analysis, and financial performance evaluation. This plan aims to ensure financial sustainability and support the strategic and measurable development of PROPTECH's business. These stages involve managing income, expenses, and investments based on short-, medium-, and long-term projections. Analysis of ROI, NPV, IRR, and PP indicate strong investment feasibility, while evaluation of financial ratios such as liquidity, solvency, and profitability confirm PROPTECH's ability to manage capital effectively. The projection results show significant annual revenue growth, with profitability continuing to increase until the fifth year. Thus, this study provides a comprehensive framework to support business success in the PROPTECH sector through integrated financial management.","https://jurnal.umt.ac.id/index.php/dmj/article/viewFile/13362/5874",""
0,"Phatchaya Mangmesub, Vichit U-on","The Causal Factors of Strategic Management and Operational Performance: An Empirical Study on the Industrial Machinery and Equipment Sales and Rental Business",2025,"Science of Law","Online Science Publishing","https://doi.org/10.55284/0ym5m430","",489,"2026-05-27 21:00:15","journal-article","10.55284/0ym5m430","2995-8717",,2025,4,84,94,0,0.00,0,2,1,"The objective of this research is to investigate the causal factors of strategic management and operational performance development that impact the Industrial Machinery and Equipment Sales and Rental Business. The study focuses on analyzing the role of human resources, internal quality systems, and logistics management and their linkage to creating a competitive advantage and enhancing the organizational capability of firms. This research utilizes Systems Theory and Strategic Management as its analytical framework. Data was collected from entrepreneurs and employees in the industrial machinery sales and rental business through both a quantitative questionnaire survey and qualitative in-depth interviews. The research findings indicate that effective human resource management, a standardized internal quality system, and appropriate logistics management have a positive influence on the organization's operational performance and strategic management, ultimately leading to an elevated competitive potential in the heavy industry to evolve the strategic plan by integrating the management of human resources, internal systems, and machinery/equipment for the purpose of building sustainable growth and long-term competitive advantage.","https://www.legal-science.com/index.php/SoL/article/download/656/287",""
0,"M Sujatha., Baikadi Shashi Kiran","‘A Study on Users Perception and Barriers to Using Self Driven Rental Bikes’",2025,"International Journal of Latest Technology in Engineering Management &amp; Applied Science","RSIS International","https://doi.org/10.51583/ijltemas.2025.140600065","",491,"2026-05-27 21:00:15","journal-article","10.51583/ijltemas.2025.140600065","2278-2540",,14,6,582,588,0,0.00,0,2,1,"Abstract: The rise of shared mobility services has revolutionized urban transportation, with self-driven rental bikes emerging as a popular alternative for daily commuting. This study focuses on understanding the users’ perception and the barriers associated with the use of self-driven rental bikes offered by Rapido. With the growing demand for convenient, affordable, and eco-friendly travel options, Rapido's bike rental service aims to meet the mobility needs of urban populations. However, adoption is influenced by several factors such as user awareness, safety concerns, pricing, app usability, and legal regulations. This research is conducted through a structured questionnaire distributed among existing and potential users of Rapido’s rental bikes. The objective is to analyze key determinants of user perception, including convenience, cost-effectiveness, ease of access, and satisfaction with the app interface. The study also highlights prominent barriers such as lack of parking infrastructure, fear of accidents, limited coverage areas, inadequate promotion, and concerns about vehicle condition and customer service. Findings reveal that while users appreciate the flexibility and affordability of self-driven rental bikes, hesitation persists due to safety issues and lack of awareness. The study suggests that strategic marketing, enhanced safety measures, and improved customer support can significantly increase user trust and adoption. This research provides valuable insights for Rapido and similar platforms to optimize their services, address user concerns, and expand their market reach.","https://www.ijltemas.in/submission/index.php/online/article/download/2257/2061",""
0,"Dr Manjula R","Rent-a-Read: A Secure, Cloud-Powered eBook Rental System with Real-Time Access and Integrated Payments",2025,"INTERNATIONAL JOURNAL OF SCIENTIFIC RESEARCH IN ENGINEERING AND MANAGEMENT","Edtech Publishers (OPC) Private Limited","https://doi.org/10.55041/ijsrem46172","",492,"2026-05-27 21:00:15","journal-article","10.55041/ijsrem46172","2582-3930",,,4,1,9,0,0.00,0,1,1,"Abstract — Rent-a-Read is a cloud-powered eBook rental system that aims to enhance accessibility and affordability of books via a real-time rental platform. This paper introduces a solid web-based solution that enables users to rent eBooks for a specific period, ensuring easy access while blocking downloads. The platform uses Amazon Web Services (AWS) for secure storage, MongoDB for managing data, and Flask with JWT authentication for the backend services. The system uses signed URLs to create fine-grained access control, allowing for time-limited access to rented content. Additionally, MongoDB schemas are enforced to ensure data integrity, and the platform provides role-based access for customers and book owners. Personalized recommendations, access to audio-based books, and voice search really improve the user experience by providing intuitive and customized services. The combination of real-time payment systems, OAuth2 social logins, and detailed profile management makes the transaction process smoother and keeps user authentication secure. This research discusses the architectural design, security features, and real-time functions that contribute to making Rent-a-Read a scalable and user-friendly option for today's readers. Keywords— eBook rental, Flask, JWT & OAuth2 Authentication, Cloud computing, AWS S3, signed URLs, MongoDB, Schema validation, Role-based Access control, Secure content streaming, Real-time payments, Personalized Recommendations, Voice Search","",""
0,"Дмитро Тищенко, Тамара Франчук, Олександр Король","КОМПЛЕКСНИЙ ПІДХІД ДО КІБЕРЗАХИСТУ СИСТЕМ УПРАВЛІННЯ АВТОПАРКАМИ ОРЕНДОВАНИХ АВТО",2025,"Наука і техніка сьогодні","Ukrainian Assembly of Doctors of Science in Public Administration","https://doi.org/10.52058/2786-6025-2025-11(52)-2759-2771","",493,"2026-05-27 21:00:15","journal-article","10.52058/2786-6025-2025-11(52)-2759-2771","2786-6025",,,11,,,0,0.00,0,3,1,"","https://perspectives.pp.ua/index.php/nts/article/download/32564/32517",""
0,"Jingwei Zhu","Regulatory Dilemma of Sharing Economy and Innovation of Collaborative Governance Model: A Case Study of Online Rental Car Industry",2025,"Advances in Economics, Management and Political Sciences","EWA Publishing","https://doi.org/10.54254/2754-1169/2025.bj25507","",501,"2026-05-27 21:00:15","journal-article","10.54254/2754-1169/2025.bj25507","2754-1169",,205,1,94,99,0,0.00,0,1,1,"As a typical representative of the sharing economy, the online taxi industry, with its continuous expansion, has gradually exposed the structural contradiction between the traditional regulatory paradigm and the shape of the digital economy. Based on the analysis of policy tools theory and collaborative governance framework, this paper finds that the root causes of the regulatory dilemma of the net car industry are mainly the structural imbalance of policy tools, the failure of the collaboration of all parties to give full play to their roles, and the system lag triggered by the rapid technological iteration. In this regard, this paper proposes a collaborative governance innovation path centered on ""dynamic adaptive regulation"", constructing a hierarchical policy tool system and adopting diversified modes to reduce enterprise compliance costs; innovating a mesh implementation mechanism to clarify and solidify the responsibility of platforms in algorithmic ethics; and designing a series of supporting safeguard systems, including a gradual transition compensation scheme and a data public ownership check and balance mechanism.","",""
0,"Helena Hauser, Sebastien Houde, Harald Mayr","The Elasticities of Rental Housing",2025,"","Elsevier BV","https://doi.org/10.2139/ssrn.5534222","",502,"2026-05-27 21:00:15","posted-content","10.2139/ssrn.5534222","",,,,,,0,0.00,0,3,1,"","",""
0,"Desi Tri Wahyuningsih, Dwi Suhartini","Effectiveness of the Implementation of Income Tax Reporting Article 4(2) in Port Services (Land Rental Sector)",2025,"International Journal of Economics and Management Research","Politeknik Pratama Purwokerto","https://doi.org/10.55606/ijemr.v4i2.457","",512,"2026-05-27 21:00:15","journal-article","10.55606/ijemr.v4i2.457","2830-2508",,4,2,793,802,0,0.00,0,2,1,"This study aims to evaluate the effectiveness of Income Tax (PPh) Article 4 paragraph (2) reporting on port services, especially in the land rental sector in PT. PELINDO Sub Regional Head Java. This tax is a type of final tax on certain income, including income from land and/or building rentals. This study uses a qualitative approach with phenomenological methods to understand in depth the experiences and reporting practices carried out by companies. The data collection technique was carried out through in-depth interviews with ten informants from the finance division and direct observation in the field. The results of the study show that the application and reporting of Income Tax 4(2) has been carried out according to the applicable procedures, with two options of withholding mechanism: by the company or by service users. Reporting is carried out electronically through e-SPT and e-Filing, with stages including transaction recap, data validation, preparation of tax returns, and tax remittances. Although the implementation went relatively smoothly, there were administrative obstacles such as delays in deposits or data mismatches due to the choice of payment method by service users. To overcome this, the company has made a number of improvements such as the integration of information systems between divisions, routine employee training, and the preparation of more detailed tax reporting SOPs. These findings underscore the importance of cross-sectional coordination and the use of digital technology to improve tax reporting compliance and effectiveness. This research provides practical contributions for business actors in improving tax compliance and recommendations for improving reporting systems in similar sectors.","https://ijemr.asia/index.php/ijemr/article/download/457/434",""
0,"Gita Varina Putri, Muji Gunarto, Sulaiman Helmi","Influence of Post Content and Testimonials on Instagram Social Media Against Rental Interest in GV Kebaya Products",2025,"Proceedings International Conference on Business, Economics &amp; Management","Training & Research Institute Jeramba Ilmu Sukses","https://doi.org/10.47747/icbem.v2i2.2595","",515,"2026-05-27 21:00:15","journal-article","10.47747/icbem.v2i2.2595","3021-7784",,,2,163,177,0,0.00,0,3,1,"This study aims to determine the effect of post content and testimonials on Instagram social media on consumer rental interest in GV Kebaya, a kebaya rental business in Palembang. Using a survey-based quantitative method, data was collected through questionnaires from 100 respondents who are active followers of the Instagram account @sewakebayapalembang. Sample selection was carried out using purposive sampling technique, and data analysis using Smart Partial Least Square (Smart-PLS). The analysis results show that post content has a positive and significant influence on rental interest. Visually appealing, relevant, and credible content can increase consumer interest in the product. In addition, testimonials from customers are also proven to have a significant effect on rental interest by providing additional trust to potential consumers through the real experiences of previous customers. Simultaneously, post content and testimonials explain 59% of the variability in rental interest, while 41% is influenced by other external factors. This study confirms the importance of social media-based marketing strategies in increasing consumer interest, especially through the presentation of quality content and the use of authentic testimonials. The findings provide recommendations for GV Kebaya to continue optimizing Instagram content with engaging visual and storytelling elements and managing customer testimonials to build consumer trust and loyalty.","https://journal.jis-institute.org/index.php/icbem/article/download/2595/1833",""
2,"Antonio Aloisi, Nastazja Potocka-Sionek","House of gigs. Domestic workers, algorithmic management and the Platform Work Directive",2025,"","Elsevier BV","https://doi.org/10.2139/ssrn.5161650","",516,"2026-05-27 21:00:15","posted-content","10.2139/ssrn.5161650","",,,,,,2,2.00,1,2,1,"","",""
1,"Kuanchin Chen, Josip Marić, Ya-Han Hu","Servitization in the service industry – AI-empowered opportunities for innovation in the bike rental business",2025,"Journal of Enterprise Information Management","Emerald","https://doi.org/10.1108/jeim-04-2024-0207","",517,"2026-05-27 21:00:15","journal-article","10.1108/jeim-04-2024-0207","1741-0398",,,,,,1,1.00,0,3,1,"Purpose: This study investigates the application of artificial intelligence (AI) in enhancing the servitization of the YouBike rental service, particularly addressing the challenges of service delivery risks and fostering service innovation. The research is centered around using AI to manage and predict bike rental shortages effectively and to innovate service delivery by adapting to customer needs and environmental conditions. This aims to transform the YouBike service from a product-centric to a service-centric approach, leveraging digital servitization. Design/methodology/approach: The methodology involves analyzing the proximity of rental stations to significant locations, historical demand, environmental factors and regional dynamics to inform the development of AI models. Various machine learning (ML) models were evaluated to identify an optimized model capable of predicting bike rental shortages at different time intervals and pinpointing key factors influencing these shortages. The study uses comparative analysis to determine the most effective AI strategies for operational and service innovation challenges. Findings: The research demonstrates that the optimized ML model can effectively predict bike rental shortages and identify critical variables that influence these events thereby mitigating service risks and optimizing resource allocation. This enables digital service innovation through both basic and add-on servitization in a way that addresses both operational and environmental risks. Our findings suggest that AI significantly enhances resource management and supports digital service innovation DSI through strategies like service bundling and geographic customization. Originality/value: The originality of this research lies in its exploration of AI’s role in both mitigating risks and fostering service innovation to enable the two categories of servitization for the service industry. Additionally, mitigation of operational and environmental risks has received only beginning attention, with most works being theoretical and descriptive. The servitization literature has called for further empirical evidence in this area. Our work not only fills this gap but also extends the discourse on digital servitization by integrating AI with operational strategies, providing a new perspective on enhancing service delivery and creating innovative service solutions in the bike rental industry.","https://www.emerald.com/insight/content/doi/10.1108/JEIM-04-2024-0207/full/html",""
0,"Anna Tembo, Dewin Arona Sikalumbi","An Investigation of Rental Income Tax Compliance Levels among Residential Property Owners. A Case Study of Kabwata Constituency in Zambia",2025,"Journal of Business and Strategic Management","CARI Journals Limited","https://doi.org/10.47941/jbsm.3082","",522,"2026-05-27 21:00:15","journal-article","10.47941/jbsm.3082","2520-0402",,10,12,1,17,0,0.00,0,2,1,"Purpose: This study investigated rental income tax compliance among residential homeowners in Zambia, focusing on Kabwata Constituency as a case study. The research aimed to understand the factors influencing homeowners' compliance with rental income tax obligations. Methodology: A descriptive research design was employed, utilizing a stratified random sampling technique to select a sample of 204 respondents from a target population of 58,000 residential homeowners. Data were collected through an online questionnaire and analyzed using descriptive statistics, including mean, median, mode, and standard deviation, through SPSS version 28. Findings: The findings revealed a moderate level of tax compliance (45.1%) among homeowners, with low perceived rental tax rates (41.2%), minimal penalties (25.5%), and low audit probability (43.1%) being major contributors to non-compliance. Demographic factors such as age, education level, and employment status significantly influenced tax compliance behavior. The regression model indicated that perception, knowledge, and compliance cost accounted for 62.6% of the variance in compliance levels, and the model was statistically significant (p = 0.012). The study concluded that taxpayer perception and knowledge positively influence compliance, while high compliance costs negatively affect filing behavior. Unique Contribution to Theory, Policy and Practice: It was recommended that the Zambia Revenue Authority (ZRA) intensify awareness campaigns to improve taxpayer attitudes and understanding of rental income tax. Additionally, the incorporation of tax education into school curricula and the introduction of online tutorials to reduce filing costs were suggested as measures to enhance voluntary compliance and improve overall tax administration efficiency.     ","https://carijournals.org/journals/index.php/JBSM/article/download/3082/3461",""
0,"Marina Fadilah, Sulaiman Helmi, Muji Gunarto","The Influence of Price and Promotion through Social Media on Consumer Satisfaction (Case Study of Acrylic Flowerbox Rental)",2025,"Proceedings International Conference on Business, Economics &amp; Management","Training & Research Institute Jeramba Ilmu Sukses","https://doi.org/10.47747/icbem.v2i2.2584","",526,"2026-05-27 21:00:15","journal-article","10.47747/icbem.v2i2.2584","3021-7784",,,2,100,108,0,0.00,0,3,1,"This research aims to analyze the influence of price and promotion through social media on consumer satisfaction in the acrylic board flowerbox rental business. The sample of this study consisted of 130 consumers, and the research used a quantitative method with SEM-Smart-PLS analysis techniques. Based on the data analysis results, it was found that price significantly affects consumer satisfaction, price has a significant impact on promotion through social media, promotion through social media significantly affects consumer satisfaction, and price and promotion through social media significantly affect consumer satisfaction.","https://www.journal.jis-institute.org/index.php/icbem/article/download/2584/1824",""
0,"Kenneth Cosgrove","From the White House to (Almost) the Big House and Back to the White House: The Incredible Story of the Trump Brand 2020–24",2025,"Palgrave Studies in Political Marketing and Management","Springer Nature Switzerland","https://doi.org/10.1007/978-3-031-98561-4_4","",527,"2026-05-27 21:00:15","book-chapter","10.1007/978-3-031-98561-4_4","2946-2614",,,,43,60,0,0.00,0,1,1,"","https://link.springer.com/content/pdf/10.1007/978-3-031-98561-4_4",""
0,"Daniel Henrique Pereira","Victoria: Beating the House Using the Principles of Statistics and Randomness",2025,"","MDPI AG","https://doi.org/10.20944/preprints202504.1788.v1","",529,"2026-05-27 21:00:15","posted-content","10.20944/preprints202504.1788.v1","",,,,,,0,0.00,0,1,1,"This study presents the algorithm - Victoria - an approach that demonstrates there are parameters φ, k, j considered optimal that guarantee the player will always have an advantage over the house in sports betting field in the medium and long run with guaranteed satisfactory profits. After n Small Blocks (j n ) and Intermediate Blocks (IBs) containing k independent events with the same probability p, we conclude that the cost-benefit ratio over the value in a sequence of independent events β (success block) &gt; ζ (failure block) is always the case. Taking into account the possible impacts of Victoria on Decision Theory as well as Game Theory, a function η(X t ) called “Predictable Random Component” was also observed and presented. The η(X t ) function (or fv(X t ) in the context of VNAE) refers to the fact that within a game in which the randomness factor in a uniform distribution is crucial to it, any player who has advanced knowledge of randomness added to other additional actions, whether with the support of statistics, mathematical, physical operations and/or other cognitive actions, will be able to determine an optimal strategy whose results of the expected value of the player's payoff will always be positive regardless of what happens after n sequences determined by the player. In addition, the possibility of the existence of a new equilibrium was also observed, thus resulting in the Victoria-Nash Asymmetric Equilibrium (VNAE) theorization. We develop a rigorous statistical foundation, incorporating Markov processes, Brouwer’s fixed-point theorem, and statistics convergence to validate the existence of asymmetrical advantages in structured random systems. And anchored by the Stirling Numbers, the Law of Large Numbers, the Central Limit Theorem, Kelly's Criterion, Renewal Theory, Unified Neutral Theory of Biodiversity, Nash Equilibrium and Monte Carlo simulation itself, for example, the proposed new equilibrium is expected to be a solid mathematical model suitable for modeling games in which one of the players tends to have asymmetric advantages. In this sense, VNAE is an extension of the classic Nash Equilibrium, Stackelberg Equilibrium, and Bayesian Equilibrium. Victoria has shown that by understanding the general behavior of randomness through statistics, we can, in a way, partially “predict” the future and shape it in our favor. Furthermore, in Game Theory, it is hoped that the impact could be relevant to better understanding and adapting concepts such as stochastic games, asymmetric games, zero-sum games, repeated games and imperfect information games, for example. By bridging gaps between theory and real-world applications, this work positions the VNAE as a foundational tool for interdisciplinary advancements in decision-making under uncertainty.","",""
0,"Abid Izaz, Waheed Akhter, Qamar Uz Zaman","Interest Tax Shield, vs Rental Tax Shield and Financial Crises: A Model for Sustainable Finance",2025,"Global Management Sciences Review","Humanity Only - HO","https://doi.org/10.31703/gmsr.2024(ix-iv).14","",531,"2026-05-27 21:00:15","journal-article","10.31703/gmsr.2024(ix-iv).14","2708-2482",,9,,169,181,0,0.00,0,3,1,"Economists and legal experts say, Interest Tax Shield (ITS) available to debt, causes over-indebtedness that ultimately causes financial crisis and financial instability. Many researchers pointed out the necessity to re-frame these subsidizing corporate tax regulations available to debt. We have proposed to abolish (ITS) and introduce, an Islamic corporate tax policy, Rental Tax Shield (RTS) available to Sukuk-al-Ijarah instead of ITS. For data analysis, the study used a simulation technique and drew different experiments to investigate the performance of leveraged and zero-leverage firms and their values with conventional tax policies and proposed tax policies. The findings showed that RTS from Sukuk financing is more beneficial, for a firm's value and cost of capital, as compared to ITS from debt financing. It is expected to mitigate financial distress and bankruptcy and will enhance the overall financial stability of the corporate sector.","",""
0,"Haniifah Octaviani, Wanta Wanta, Dwi Epty Hidayaty","Transportation Cost Analysis for Carton Box Shipments via On-Call Car Rental",2025,"MARGINAL JOURNAL OF MANAGEMENT ACCOUNTING GENERAL FINANCE AND INTERNATIONAL ECONOMIC ISSUES","PT. Transpublika Jaya Abadi","https://doi.org/10.55047/marginal.v4i3.1724","",534,"2026-05-27 21:00:15","journal-article","10.55047/marginal.v4i3.1724","2809-8013",,4,3,609,615,0,0.00,0,3,1,"Transportation costs present a significant challenge in managing company operations, particularly within the goods distribution sector. This study aims to analyze the efficiency of carton box shipping transportation costs during the period 2022 to 2024 by using on-call car rental services. The research method used is descriptive quantitative with the application of mathematical models to calculate the average monthly transportation costs. The data analyzed is secondary data from the company's financial statements that have been systematically processed. The results showed that there were significant fluctuations in transportation costs each year. The year 2023 was recorded as the most efficient period with an average cost of IDR 166,486,233 per month, compared to IDR 177,965,600 in 2022 and IDR 213,813,716 in 2024. The efficiency in 2023 shows the success of the transportation management strategy, while the increase in costs in 2024 is due to a surge in shipment volumes and rising fuel prices. This study concludes that the utilisation of on-call car rental services can serve as an efficient solution, provided it is backed by optimal logistics planning. The implications of these findings highlight the necessity for periodic evaluation of the transportation methods employed to sustain operational cost efficiency amidst fluctuating demand and pricing dynamics.","https://ojs.transpublika.com/index.php/MARGINAL/article/download/1724/1500",""
0,"Tom Nicholas, Christophe Spaenjers","Race, Rental Yields, and Housing Decay in Manhattan",2025,"","Elsevier BV","https://doi.org/10.2139/ssrn.5168640","",539,"2026-05-27 21:00:15","posted-content","10.2139/ssrn.5168640","",,,,,,0,0.00,0,2,1,"","",""
0,"Binit Kumar, Ankit Kumar Singh, Md Mustaqeem Ansari, Mankeshwar Prasad Singh, Bhanu Ray, Dr. Soumitra Roy","Easy Car Rental Management System",2025,"International Journal of Scientific Research in Science and Technology","Technoscience Academy","https://doi.org/10.32628/ijsrst2512243","",540,"2026-05-27 21:00:15","journal-article","10.32628/ijsrst2512243","2395-602X",,,,21,27,0,0.00,0,6,1,"","",""
0,"Emmanuel Nii-Boye Quarshie, Allan House","Preface",2025,"Self-Harm","Oxford University PressOxford","https://doi.org/10.1093/med/9780192859532.002.0006","",545,"2026-05-27 21:00:15","book-section","10.1093/med/9780192859532.002.0006","",,,,,,0,0.00,0,2,1,"","https://academic.oup.com/book/59494/chapter/501502586",""
0,"Dewi Kartika, Muhamad Alda","MOBILE-BASED MANAGEMENT INFORMATION SYSTEM FOR ARAFURU HOUSE MANAGEMENT",2025,"Jurnal Riset Informatika","Kresnamedia Publisher","https://doi.org/10.34288/jri.v8i1.469","",557,"2026-05-27 21:00:15","journal-article","10.34288/jri.v8i1.469","2656-1735",,8,1,171,177,0,0.00,0,2,1,"Pengelolaan wisma secara manual sering kali menimbulkan berbagai permasalahan, seperti ketidaktepatan data pemesanan, kesulitan dalam monitoring kamar dan fasilitas, serta lambatnya proses administrasi. Penelitian ini bertujuan untuk merancang dan membangun sebuah sistem informasi manjemen pengelolaan Wisma Arafuru berbasis mobile guna meningkatkan efesiensi dan efektivitas operasional. Sistem ini mencakup fitur utama seperti manajemen kamar, pemesanan, fasilitas, pelaporan keuangan, serta integrasi metode pembayaran yang sederhana. Metode yang digunakan adalah Waterfall, dimulai dari analisis kebutuhan, perancangan antarmuka, implementasi, hingga pengujian sistem. Aplikasi ini dikembangkan menggunakan framework flutter dan didukung oleh backend Firebase. Hasil pengujian menunjukkan bahwa sistem mampu memberikan kemudahan bagi pengelola dalam memantau dan mengelola seluruh aktivitas operasional wisma secara real-time melalui perangkat mobile. Dengan adanya sistem ini, diharapkan dapat meningkatkan kualitas pelayanan serta meminimalisir kesalahan dalam pengelolaan data dan transaksi di Wisma Arafuru.","https://ejournal.kresnamediapublisher.com/index.php/jri/article/download/469/397",""
0,"Emmanuel Nii-Boye Quarshie, Allan House","Copyright Page",2025,"Self-Harm","Oxford University PressOxford","https://doi.org/10.1093/med/9780192859532.002.0003","",559,"2026-05-27 21:00:15","other","10.1093/med/9780192859532.002.0003","",,,,,,0,0.00,0,2,1,"","https://academic.oup.com/book/59494/chapter/501502527",""
0,"Stephanie  Casey Pierce, Mason Alexander, Matthew Freedman","Can Rapid Rental Assistance Avert Evictions?",2025,"","Elsevier BV","https://doi.org/10.2139/ssrn.5356929","",564,"2026-05-27 21:00:15","posted-content","10.2139/ssrn.5356929","",,,,,,0,0.00,0,3,1,"","",""
0,"Emadaldin Abdelrahman","Old Rental Law Reforms in Egypt: A Law and Economics Analysis",2025,"","Elsevier BV","https://doi.org/10.2139/ssrn.5339002","",566,"2026-05-27 21:00:15","posted-content","10.2139/ssrn.5339002","",,,,,,0,0.00,0,1,1,"","",""
0,"Mr. Sabir Nasir Mujawar","The Affordability Crisis in Mumbai’s Housing Market: Customer Perceptions of Rental Burden and the Search for Sustainable Living Solutions",2025,"International Journal for Novel Research in Economics, Finance and Management","Jaipur Innovative Research Publication Center","https://doi.org/10.61463/ijnrefm.vol.3.issue2.102","",568,"2026-05-27 21:00:15","journal-article","10.61463/ijnrefm.vol.3.issue2.102","3048-7722",,3,2,1,7,0,0.00,0,1,1,"","https://ijnrefm.com/the-affordability-crisis-in-mumbais-housing-market-customer-perceptions-of-rental-burden-and-the-search-for-sustainable-living-solutions/",""
0,"Reza Kurniawan","168 Premium Rent Car — Layanan Rental Mobil di Seluruh Indonesia",2025,"","Sekolah Tinggi Agama Buddha Nalanda","https://doi.org/10.47861/168premiumrentcar.mainpage","",575,"2026-05-27 21:00:15","posted-content","10.47861/168premiumrentcar.mainpage","",,,,,,0,0.00,0,1,1,"168 Premium Rent Car adalah penyedia layanan sewa mobil dan rental mobil premium di Indonesia yang menjangkau lebih dari 50 kota besar. Kami menyediakan armada lengkap mulai dari Innova Reborn, Alphard, Hiace, Mercy, Landcruiser, BMW, hingga mobil premium lainnya untuk menjamin kenyamanan, keamanan, dan fleksibilitas setiap pelanggan.","https://168premiumcar.com/rental-mobil-jakarta/",""
0,"Hector Blanco, Jaehee Song","Discrimination Against Housing Vouchers: Evidence from Online Rental Listings",2025,"","Elsevier BV","https://doi.org/10.2139/ssrn.5291026","",581,"2026-05-27 21:00:15","posted-content","10.2139/ssrn.5291026","",,,,,,0,0.00,0,2,1,"","",""
0,"М.А. ЛАВРЕНТЬЕВ","РАЗВИТИЕ ИНСТРУМЕНТАРИЯ ОЦЕНКИ И ПРОГНОЗИРОВАНИЯ ЭФФЕКТИВНОЙ СТАВКИ АРЕНДЫ ДЛЯ ПРОЕКТОВ ИНСТИТУЦИОНАЛЬНОГО АРЕНДНОГО ЖИЛЬЯ",2025,"Экономика и предпринимательство","INTERECONOM Publishing","https://doi.org/10.34925/eip.2025.179.6.256","",583,"2026-05-27 21:00:15","journal-article","10.34925/eip.2025.179.6.256","1999-2300",,,6,1395,1400,0,0.00,0,1,1,"В статье разрабатываются подходы к оценке и прогнозированию эффективной арендной ставки в проектах институционального арендного жилья (ИАЖ). Сформирована двухэтапная методология: (1) определение рыночной ставки с учетом квартирографии и (2) переход к эффективной ставке с учетом лагов актуализации арендных ставок в экспозиции и стандартного срока индексации в связи с перезаключением договора аренды. Предложенная методика повышает точность инвестиционной оценки и способствует развитию рынка ИАЖ на российском рынке.","",""
0,"Rizky Yanuar Rahmad","ANALISIS KELAYAKAN BISNIS PADA USAHA RENTAL PLAYSTATION DENGAN METODE NET PRESENT VALUE (NPV), RETURN ON INVESTMENT (ROI), BREAK EVEN POINT (BEP) (STUDI KASUS : PS.CO PLAYSTATION RENTAL DI BANJARMASIN)",2025,"Jurnal EEICT (Electric Electronic Instrumentation Control Telecommunication)","Universitas Islam Kalimantan MAB Banjarmasin","https://doi.org/10.31602/piuk.v0i0.21343","",585,"2026-05-27 21:00:15","journal-article","10.31602/piuk.v0i0.21343","2615-2169",,,,,,0,0.00,0,1,1,"Penelitian ini menganalisis kelayakan usaha rental PlayStation yang telah beroperasi selama 22 bulan menggunakan metode Net Present Value (NPV), Return on Investment (ROI), dan Break Even Point (BEP). Hasil menunjukkan bahwa NPV bernilai –Rp51.419.835, menandakan proyek belum memberikan nilai tambah positif pada tingkat diskonto 10%. Namun, ROI sebesar 106,37% menunjukkan tingkat pengembalian investasi yang sangat baik, dan BEP sebesar Rp345.529.000 menunjukkan usaha mampu menutup biaya operasional dengan pendapatan yang diperoleh. Secara keseluruhan, meskipun NPV negatif, nilai ROI dan BEP yang positif menunjukkan bahwa usaha rental PlayStation ini masih layak dijalankan, terutama dengan strategi efisiensi biaya dan optimasi arus kas.","https://ojs.uniska-bjm.ac.id/index.php/PIUOK/article/viewFile/21343/8051",""
0,"Nitish Kumar","A Search and Matching Model of Housing and Rental Market Interactions",2025,"","Elsevier BV","https://doi.org/10.2139/ssrn.5385603","",587,"2026-05-27 21:00:15","posted-content","10.2139/ssrn.5385603","",,,,,,0,0.00,0,1,1,"","",""
0,"Christine Mundiya","Forecasting Short-Term Rental Prices Using Open Data and Artificial Neural Networks",2025,"","Elsevier BV","https://doi.org/10.2139/ssrn.5243654","",591,"2026-05-27 21:00:15","posted-content","10.2139/ssrn.5243654","",,,,,,0,0.00,0,1,1,"","",""
0,"Dimas Prasojo Nur Huda, Mutiawati Mandaka, Adi Sasmito","OFFICE RENTAL DESIGN IN SEMARANG CITY USING A FUTURISTIC ARCHITECTURE APPROACH PERANCANGAN RENTAL OFFICE DI KOTA SEMARANG DENGAN PENDEKATAN ARSITEKTUR FUTURISTIK",2025,"Arsitektur Universitas Pandanaran Jurnal","Prodi Arsitektur Universitas Pandanaran","https://doi.org/10.54325/arsip.v5i2.167","",594,"2026-05-27 21:00:15","journal-article","10.54325/arsip.v5i2.167","2808-0637",,5,2,175,187,0,0.00,0,3,1,"Indonesia, sebagai salah satu negara berkembang dengan ekonomi yang tumbuh pesat, telah menarik minat investor lokal dan internasional. Hal ini menciptakan permintaan tinggi untuk ruang kantor, terutama di kota-kota besar seperti Jakarta, Surabaya, dan Semarang. Sektor perkantoran memerlukan bangunan yang mampu menampung berbagai jenis bisnis, mulai dari start-up hingga perusahaan multinasional. Pasar kantor sewa tidak hanya didominasi oleh perusahaan besar atau korporasi multinasional. Dalam beberapa tahun terakhir, muncul juga perusahaan start-up, e-commerce.  teknologi, serta perusahaan lokal yang lebih kecil yang turut menyewa ruang kantor. Hal ini mendorong keberagaman dalam tipe ruang kantor, mulai dari gedung perkantoran kelas A (premium) hingga coworking space yang fleksibel dan lebih terjangkau. Semarang merupakan pusat ekonomi dan bisnis di Jawa Tengah, dengan sektor perdagangan, jasa, dan industri yang berkembang pesat. Keberadaan pelabuhan Tanjung Emas dan kawasan industri mendorong pertumbuhan ekonomi yang signifikan, sehingga menarik minat investor dan perusahaan dari dalam maupun luar negeri. Kantor sewa menjadi kebutuhan penting bagi perusahaan-perusahaan yang ingin menjalankan operasinya di Semarang tanpa harus berinvestasi dalam pembangunan kantor sendiri.","https://jurnal.arsip.unpand.ac.id/index.php/ARSIP/article/download/167/99",""
0,"Aditi Dahiya, Dr. Ravi Ranjan, Shrish Singh, Vijay Kumar Jain","The Intersection of Fashion and Sustainability: Exploring Consumer Motivations and Behaviour in Fashion Rental Markets for Sustainable Future",2025,"International Journal of Procurement Management","Inderscience Publishers","https://doi.org/10.1504/ijpm.2025.10070166","",606,"2026-05-27 21:00:15","journal-article","10.1504/ijpm.2025.10070166","1753-8432",,1,1,,,0,0.00,0,4,1,"","http://www.inderscienceonline.com/doi/full/10.1504/IJPM.2025.10070166",""
0,"Peleg Ronen Samuels","The Effect of Local Landlords on Rental Housing Prices and Returns",2025,"","Elsevier BV","https://doi.org/10.2139/ssrn.5357399","",608,"2026-05-27 21:00:15","posted-content","10.2139/ssrn.5357399","",,,,,,0,0.00,0,1,1,"","",""
0,"Emmanuel Nii-Boye Quarshie, Allan House","About the authors",2025,"Self-Harm","Oxford University PressOxford","https://doi.org/10.1093/med/9780192859532.002.0004","",621,"2026-05-27 21:00:15","other","10.1093/med/9780192859532.002.0004","",,,,,,0,0.00,0,2,1,"","https://academic.oup.com/book/59494/chapter/501502566",""
1,"Vladimir Avetian, Viktor Veterinarov","Slavs Only: Open Xenophobia and Racial Disparities in Rental Housing",2025,"","Elsevier BV","https://doi.org/10.2139/ssrn.5507183","",622,"2026-05-27 21:00:15","posted-content","10.2139/ssrn.5507183","",,,,,,1,1.00,1,2,1,"","",""
0,"Alan Gilbert","In Search of a Home",2025,"","Routledge","https://doi.org/10.4324/9781003671152","",631,"2026-05-27 21:00:15","monograph","10.4324/9781003671152","",,,,,,0,0.00,0,1,1,"","",""
0,"Morifumi Hirao, Yuta Kittaka","Informative Intermediary: A P2P Product Rental Market with Individual Uncertainty",2025,"","Elsevier BV","https://doi.org/10.2139/ssrn.5338726","",632,"2026-05-27 21:00:15","posted-content","10.2139/ssrn.5338726","",,,,,,0,0.00,0,2,1,"","",""
0,"Piyush Rajesh Meshram, Prof. Bramhadev Wadibhasme","Room Rental Web Application",2025,"International Journal of Scientific Research in Engineering and Management","Edtech Publishers (OPC) Private Limited","https://doi.org/10.55041/ijsrem55097","",643,"2026-05-27 21:00:15","journal-article","10.55041/ijsrem55097","2582-3930",,,12,1,9,0,0.00,0,2,1,"Abstract— In today’s era of digital innovation, the need for online platforms that simplify day-to-day activities has grown rapidly. One of the sectors that still faces significant inefficiencies is the room and property rental market. Traditionally, the process of finding a suitable room or tenant relies heavily on local advertisements, word of mouth, or real estate agents — leading to increased costs, communication gaps, and time delays. To overcome these challenges, the Room Rental Web Application has been developed as a complete web-based solution that connects property owners and tenants directly through an interactive and transparent system. The proposed system allows users to register, list, and search rental properties based on parameters such as location, budget, and accommodation type. It provides a secure login system for both owners and tenants, supports image uploads, and enables direct messaging to facilitate smooth communication. The system is developed using HTML, CSS, JavaScript, PHP, and MySQL, offering a dynamic, scalable, and responsive web interface. An administrator module monitors all user activities, verifies property listings, and removes any fraudulent data to ensure platform integrity and trust. By automating manual rental procedures, this application significantly reduces time and operational costs, providing an efficient and accessible experience for all users. It also promotes transparency and eliminates the dependency on third-party agents. The project not only demonstrates practical implementation of full-stack web development concepts but also showcases how technology can bring real-world impact by solving everyday challenges. Future enhancements may include mobile app integration, artificial intelligence-based property recommendations, and secure online payment gateways to further improve the user experience and system reliability. Keywords — Room Rental System, Web Application, PHP, MySQL, Online Accommodation, Rental Management, Tenant–Landlord Platform, Automation, Smart Housing.","",""
0,"Iis Solihat, Dwi Fitra Areski, Nopi Tikasari","IMPLEMENTATION PSAK 72 AND IFRS 16 IN MANAGEMENT INCOME AND FACILITY RENTAL AT PTNBH",2025,"Proceeding of The International Seminar on Business, Economics, Social Science and Technology (ISBEST)","Universitas Terbuka","https://doi.org/10.33830/isbest.v5i1.7467","",646,"2026-05-27 21:00:15","journal-article","10.33830/isbest.v5i1.7467","2987-0461",,5,1,88,92,0,0.00,0,3,1,"State Universities with Legal Entities (PTNBH) in Indonesia have role strategic in increase Power competition education tall through autonomy management finance and resources power . This status give PTNBH flexibility For more independent in a way financial with optimize source non- government revenue , for example rental or for results management asset in the form of land , the purpose of study This is For analyze about stages of the implementation process , impact implementation , factors driver implementation and implementation based on theory implementation based on theory isomorphism form​ coercive , Research This is study descriptive qualitative . Study This using primary data, primary data is data from results semi- interview structured to source person from manager center business investment , Data collection techniques in the form of interview implemented offline and also online through zoom meeting . The interview was conducted recorded on permission participants For make it easier researchers in make transcript interview . Conclusion impact PSAK 72 and IFRS 16 to presentation report finance among them give principle confession more income​ consistent , transparent , and relevant compared to standard previously (PSAK 23) and IFRS 16 Unified treatment rent in the report finance , delete difference rent operations & financing lease on the lessee side, the aim is for assets & liabilities from contract rent reflected in the balance sheet , increasing transparency .","https://conference.ut.ac.id/index.php/isbest/article/download/7467/2758",""
0,"Ni Putu Ina Trhisnawati Weca","The Critical Consideration of Generation Z Acceptance of The Facial Recognition Technology Future Implementation in the Front Office Department of a Family-Owned Car Rental Company in Bali",2025,"International Journal of Current Science Research and Review","Everant Journals","https://doi.org/10.47191/ijcsrr/v8-i3-47","",647,"2026-05-27 21:00:15","journal-article","10.47191/ijcsrr/v8-i3-47","2581-8341",,,3,,,0,0.00,0,1,1,"This study explores the acceptance of AI in Facial Recognition Technology among Generation Z in the front office department of a family-owned car rental company in Bali. By employing a mixed-methods approach, the study investigates the potential benefits and challenges of implementing this technology, its impact on customer experience, and its role in optimizing business operations. The study utilizes three frameworks, including the Technology Acceptance Model, Balance Scorecard, Hoshin Planning Kanri, and Business Model Canvas, to provide insights into the current behaviors and attitudes of Generation Z consumers towards facial recognition technology. The findings suggest that while there is a moderate level of interest in the implementation of AI technology, there is also a significant financial investment required for small family-owned businesses. Thus, the study provides recommendations for family-owned car rental businesses to carefully weigh the potential benefits and costs of implementing facial recognition technology while meeting the expectations of their customers.","",""
0,"","Data-Mining Algorithms on the Basis of House Prices",2025,"Academic Journal of Business &amp; Management","Francis Academic Press Ltd.","https://doi.org/10.25236/ajbm.2025.070601","",650,"2026-05-27 21:00:15","journal-article","10.25236/ajbm.2025.070601","2616-5902",,7,6,,,0,0.00,0,0,1,"","https://francis-press.com/uploads/papers/CUnsKub58B6UXGjpxwfVEJYCV1dXTGNXVbquQIiM.pdf",""
0,"Floris Jan Blok, Franz Fuerst","All downhill from here? Climate change and house prices in the Swiss Alps",2025,"Climate Risk Management","Elsevier BV","https://doi.org/10.1016/j.crm.2025.100728","",655,"2026-05-27 21:00:15","journal-article","10.1016/j.crm.2025.100728","2212-0963",,49,,100728,100728,0,0.00,0,2,1,"","https://api.elsevier.com/content/article/PII:S2212096325000427",""
0,"Adel Necib, Saddam Khelaifa","The Effect of the Administrative Council, the Calibre of Benefits, the Business's Size, and the Rental Property on the Enterprise's Worth",2025,"International Journal of Finance, Insurance and Risk Management","ISMA SYC INT","https://doi.org/10.35808/ijfirm/416","",656,"2026-05-27 21:00:15","journal-article","10.35808/ijfirm/416","2672-832X",,15,,98,111,0,0.00,0,2,1,"","",""
0,"Precious Carter, Gary Blau, John Deckop, Daniel Goldberg","Improving Employee Turnover Intention: Outsourced Human Resources vs. In-house Human Resources",2025,"Engaged Management ReView","Case Western Reserve University","https://doi.org/10.28953/2375-8643.1155","",660,"2026-05-27 21:00:15","journal-article","10.28953/2375-8643.1155","2375-8643",,8,2,,,0,0.00,0,4,1,"Small business research has neglected comparing employees’ perceptions on variables related to in-house human resources (HRI) vs. outsourced human resources (HRO) in small businesses. We used a mixed methods research design to study this issue. The first study consisted of 11 in-depth interviews. The qualitative insights we gained helped to guide survey construction for the second quantitative survey-based study. For the survey, 101 HRI U.S. employees and 97 HRO U.S. employees filled out a survey. Results from the HRI and HRO samples were equivalent in terms of participants’ years of work experience, work schedule, gender, company size, company age, perceived timely HR response to a concern/issue, average HR response time, and turnover intention. However, the HRO sample had higher perceived employee engagement and organizational culture (OC). Subsequent hierarchical regression analyses comparing the two samples showed that although OC was a common correlate for explaining the outcome of turnover intention in both samples, employee engagement, timely HR response, and average HR response time were significant correlates of turnover intention only for the HRI sample.","",""
0,"Diqiang Chen, Mofei Zhao, xiaowei anon","Land Rental and Occupational Mobility: Evidence from Rural China",2025,"","Elsevier BV","https://doi.org/10.2139/ssrn.5718110","",666,"2026-05-27 21:00:15","posted-content","10.2139/ssrn.5718110","",,,,,,0,0.00,0,3,1,"","",""
0,"Caspar Goedecker","Immigration predictors of wild house mice for potential population management using the t-haplotype",2025,"Book of abstracts","Slovenian Forestry Institute","https://doi.org/10.20315/evmc.2025.055","",668,"2026-05-27 21:00:15","proceedings-article","10.20315/evmc.2025.055","",,,,75,75,0,0.00,0,1,1,"","",""
0,"","Problems Faced by Homeowners Regarding Building Control Regulations for House Renovations",2025,"International Journal of Business and Technology Management","Asian Scholars Network","https://doi.org/10.55057/ijbtm.2025.7.7.27","",673,"2026-05-27 21:00:15","journal-article","10.55057/ijbtm.2025.7.7.27","2682-7646",,,,,,0,0.00,0,0,1,"Renovations among houses are increasingly popular due to high real estate demand. However, homeowners face challenges such as complex building regulations that vary by local authorities, making compliance difficult and confusing; cost constraints, as many renovate because they can't afford new homes, but find approval processes lengthy and expensive; and external impacts like traffic congestion, and overshadowing. These issues create discomfort for surrounding. Hence, this research aimed is to determine the understanding and investigate the problems faced by homeowners regarding Building Control Regulations for house renovations and recommend the strategies to enhance the awareness among homeowners regarding Building Control Regulations for house renovations in Selangor. Research methodology used quantitative through questionnaire form delivered through social media such as Facebook to the respondents. The data were analysed using Statistical Package for Social Science (SPSS) software to perform descriptive analysis to obtain the result. This research focused on the homeowners under Majlis Bandaraya Petaling Jaya. The total number of houses in these areas is 1,315 and the sample size selected for the study was 298. A total of 94 respondents had given feedback in the questionnaires. Frequency analysis was used to analyses the demographic of respondents while Cronbach alpha, mean and rank were used to analyse the data for all objectives. The study analysis showed that respondents aware that their local authority and aware the setback of their house cannot exceed as state in regulation. The problem that homeowners faced is the cost constraint which is the amount of money that needed to pay when submit design to local authority. Finally, the effective way to enhance the awareness is simplifying the permit application process would help homeowners understand and comply with regulation.","",""
0,"Gonçalo Costa","Dynamic Monopoly in the Rental Market: Evidence from New York City Housing",2025,"","Elsevier BV","https://doi.org/10.2139/ssrn.5131722","",683,"2026-05-27 21:00:15","posted-content","10.2139/ssrn.5131722","",,,,,,0,0.00,0,1,1,"","",""
0,"Yulun Guo","Deconstruction, Evaluation, and Optimization of the Allocation Mechanism of Public Rental Housing in Hangzhou from the Perspective of Market Design: Based on Theoretical and Practical Data",2025,"Advances in Economics, Management and Political Sciences","EWA Publishing","https://doi.org/10.54254/2754-1169/2026.ld30311","",687,"2026-05-27 21:00:15","journal-article","10.54254/2754-1169/2026.ld30311","2754-1169",,247,1,21,29,0,0.00,0,1,1,"Public rental housing (PRH) constitutes a core component of China’s social security system, with its allocation mechanism frequently grappling with the balance between fairness and operational efficiency. This study examines Hangzhou’s PRH system, employing a quantitative analytical framework based on unilateral allocation models and sequential dictatorship theory in market design research to systematically evaluate the mechanism’s performance. It concludes by assessing the mechanism’s compatibility with Pareto efficiency and individual rationality, proposing optimization strategies. Findings indicate that Hangzhou’s current allocation mechanism essentially constitutes a “sequential dictatorship system based on priority”, which ensures fundamental fairness. However, there remains room for improvement in resource matching efficiency and the inclusiveness of non-local residents’ welfare coverage. The proposed optimization strategies—including the introduction of an improved Top Trading Cycles(TTC) algorithm and refined tie-breaking rules—provide theoretical support and practical pathways for refining Hangzhou’s public rental housing allocation mechanism. These approaches also offer valuable references for optimizing allocation systems in other cities.","",""
0,"Anastasia Vladimirovna Sedischeva","GEOINFORMATION METHOD AND CARTOGRAPHIC MODELING IN THE ECONOMIC AND GEOGRAPHICAL STUDY OF THE URBAN RENTAL HOUSING MARKET",2025,"GEOINFORMATION METHOD AND CARTOGRAPHIC MODELING IN THE ECONOMIC AND GEOGRAPHICAL STUDY OF THE URBAN RENTAL HOUSING MARKET","ICSP ""NEW SCIENCE""","https://doi.org/10.46916/28052025-4-978-5-00215-799-0","",689,"2026-05-27 21:00:15","book-chapter","10.46916/28052025-4-978-5-00215-799-0","",,,,,,0,0.00,0,1,1,"","",""
0,"Aziret Ramankulov, Ruslan Isaev","RentCarKG: A Car Rental Service Platform for Kyrgyzstan",2025,"","MDPI AG","https://doi.org/10.20944/preprints202505.1428.v1","",692,"2026-05-27 21:00:15","posted-content","10.20944/preprints202505.1428.v1","",,,,,,0,0.00,0,2,1,"This research evaluates the effectiveness of RentCarKG, a localized digital platform developed to address challenges in car rental services in Kyrgyzstan. Informal booking channels dominate the market, often leading to miscommunication, inefficiency, and fraud. RentCarKG introduces structured booking flows, multilingual support, and digital trust mechanisms. We conducted a comparative experiment between manual and digital rental processes, observing booking time, failure rate, and user satisfaction.","",""
0,"Rosangela Aparecida Soares Fernandes, Victor Henrique Lana Pinto, Matheus Tomaz Faria, Arthur Martins Brangioni, José Roberto Fernandes Galindo","Impactos da mineração no mercado de aluguéis residenciais em Ouro Preto, Brasil",2025,"Sustainability in Debate","Editora de Livros IABS","https://doi.org/10.18472/sustdeb.v16n1.2025.57080","",700,"2026-05-27 21:00:15","journal-article","10.18472/sustdeb.v16n1.2025.57080","2179-9067",,16,1,46,74,0,0.00,0,5,1,"O impacto da mineração nos aluguéis residenciais é uma questão importante em regiões mineradoras. Este estudo investigou como as externalidades negativas das mineradoras Vale e Samarco influenciam os preços dos aluguéis em Ouro Preto, Minas Gerais, em 2023. Para alcançar o objetivo proposto, foi estimado um modelo de precificação hedônica. Os resultados mostraram que quanto mais perto das atividades mineradoras, menor o valor dos aluguéis, evidenciando uma desvalorização dos imóveis. As conclusões sugerem que as externalidades da mineração afetam o mercado imobiliário local, oque é relevante para a criação de políticas públicas que equilibrem o desenvolvimento econômico e amitigação dos impactos negativos da mineração.","https://periodicos.unb.br/index.php/sust/article/download/57080/42488",""
0,"Rachel Slaymaker, Conor Banahan, Janez Kren","Understanding trends in property-level rental inflation",2025,"","ESRI","https://doi.org/10.26504/sustat133","",709,"2026-05-27 21:00:15","report","10.26504/sustat133","",,,,,,0,0.00,0,3,1,"This report provides a detailed analysis of rental price developments at the individual property level, using data from the Residential Tenancies Board (RTB) administrative tenancy registers. While rent indices such as the RTB/ESRI Rent Index provide timely insights into (standardised) average rent levels and how these average rents develop over time and across local areas, they are based on a changing sample of properties each period. As a result, these indices reflect market-wide trends, which are also influenced by market churn and property turnover. The indices do not track rent changes for the same individual units over time. This report uses the first three years of annual registrations data from the RTB administrative tenancy registers to construct a property-level dataset that tracks individual rental properties over the period Q2 2022–Q1 2025. Our sample contains more than 375,000 matched property pairs. This enables a more granular analysis of how rents are evolving at the property level. It also allows for distributional insights; for example, regarding how many properties experience rent increases versus no change, and how rent adjustments vary between properties with sitting tenants versus those that experienced tenant turnover, and between Rent Pressure Zone (RPZ) and non-RPZ areas. This report represents the second property-level analysis report using this new data series, building on the work of Slaymaker et al. (2024), with a particular focus on developments in the most recent year (Q2 2024–Q1 2025). It is important to note that our analysis cannot identify whether or not observed rent increases for individual properties are compliant with RPZ regulations. Any assessment of compliance requires full information on the entire property history, including the specific dates of any previous rent adjustments, and is beyond the scope of this research.","",""
1,"Louis Mulotte, Simon Porcher","Comparing Learning-by-Doing Between In-House Provision and External Contracting in Public Service Provision",2025,"Journal of Management","SAGE Publications","https://doi.org/10.1177/01492063251342807","",732,"2026-05-27 21:00:15","journal-article","10.1177/01492063251342807","0149-2063",,,,,,1,1.00,1,2,1,"Studies of organizational learning show that experience enables firms to utilize specific governance structures effectively. Nevertheless, little attention has been given to comparing the effects of learning-by-doing across different structures. In this paper we investigate whether the duration of operation influences performance differently in two structures utilized in public services: in-house provision and external contracting. An analysis of water supply data in France from 1998 to 2008 suggests that the learning advantages are greater in external contracting due to its high-powered incentives, but these benefits decrease as the technological complexity and environmental uncertainty of public services increase. We contribute to organizational learning theory, extend research on governance structures, and provide critical insights into the sustainable management of natural resources.","https://journals.sagepub.com/doi/pdf/10.1177/01492063251342807",""
0,"Emmanuel Nii-Boye Quarshie, Allan House","Useful resources and supportive organizations",2025,"Self-Harm","Oxford University PressOxford","https://doi.org/10.1093/med/9780192859532.005.0001","",739,"2026-05-27 21:00:15","book-section","10.1093/med/9780192859532.005.0001","",,,,89,92,0,0.00,0,2,1,"","https://academic.oup.com/book/59494/chapter/501504101",""
0,"Yuta Kittaka, Morifumi Hirao","Platform Pricing in Peer-to-Peer Rental Markets with Consumer Role Choice",2025,"","Elsevier BV","https://doi.org/10.2139/ssrn.5585731","",741,"2026-05-27 21:00:15","posted-content","10.2139/ssrn.5585731","",,,,,,0,0.00,0,2,1,"","",""
3,"Chiraz El Hog, Raoudha Ben Djemaa, Rania Aldaas, Buthainah Alnaeem, Rand Alageeli, Atheer Almutiri, Hadeel Alharbi","Decentralized Car Rental System: Ensuring Security with Blockchain Smart Contracts",2025,"Proceedings of the 27th International Conference on Enterprise Information Systems","SCITEPRESS - Science and Technology Publications","https://doi.org/10.5220/0013505400003929","",746,"2026-05-27 21:00:15","proceedings-article","10.5220/0013505400003929","",,,,1110,1120,3,3.00,0,7,1,"","",""
0,"Sarsenbaeva Ellada Tengelbayevna","Housing rental agreement in Uzbekistan: conclusion, termination, and key aspects",2025,"American Journal Of Social Sciences And Humanity Research","The USA Journals","https://doi.org/10.37547/ajsshr/volume05issue03-18","",756,"2026-05-27 21:00:15","journal-article","10.37547/ajsshr/volume05issue03-18","2771-2141",,5,3,70,72,0,0.00,0,1,1,"This article provides a detailed analysis of the legal framework of housing rental agreements, including the procedure for conclusion, conditions for termination, and key aspects. It explains the rights and obligations of the parties involved in the lease agreement, as well as methods for preventing disputes and resolving them legally. The necessity of notarial certification, the formalization of rental payments, and the consequences of non-compliance with the contract are also discussed. This article serves as a useful guide for those seeking legal knowledge regarding housing rental in Uzbekistan.","",""
0,"Danish Ammara Azwa, Dewani Azzahra Prasetia Supriadi, Harmon Harmon","Comprehensive Analysis of the Impact of Intrinsic and Extrinsic Motivation on Office Employee Performance in Office Management at a Rental Company",2025,"Majalah Bisnis &amp; IPTEK","Sekolah Tinggi Ilmu Ekonomi Pasundan","https://doi.org/10.55208/bistek.v18i2.389","",757,"2026-05-27 21:00:15","journal-article","10.55208/bistek.v18i2.389","2502-1559",,18,2,214,220,0,0.00,0,3,1,"This study aims to analyze the influence of motivation on employee performance in office management at PT Surya Sudeco (Tunas Rent), a leading vehicle rental and fleet management company in Indonesia. Employee motivation is considered a crucial factor that can enhance productivity and work effectiveness in a dynamic corporate environment like Tunas Rent, which manages a fleet of over 8,000 units and serves a wide range of corporate clients nationwide. The research employs a quantitative approach, collecting data through questionnaires distributed to employees across various office management divisions. Motivation variables are measured based on intrinsic and extrinsic motivation, while employee performance is assessed through indicators such as achievement of work targets, discipline, and quality of administrative services. The analysis results indicate that motivation has a positive and significant effect on employee performance at Tunas Rent. Enhancing motivation through incentives, continuous training, and a supportive work environment has been proven to encourage employees to perform optimally, ultimately supporting the company’s goal of providing efficient and professional fleet management services. This study emphasizes the importance of management’s role in designing effective motivation strategies to improve employee performance, especially in service companies that heavily rely on coordination and customer service. The findings provide practical contributions for human resource policy development at Tunas Rent and serve as a reference for similar companies in effectively managing employee motivation and performance.","https://bistek.stiepas.org/index.php/bistek/article/download/389/863",""
0,"Dr. S. Venkata Achuta Rao, N. Nikhila, D. Yashwanth, G. Deepak, Y.V.V. Vardhan kumar","ENHANCING RENTAL LISTINGS USING MACHINE LEARNING AND NLP",2025,"International Journal of Data Science and IoT Management System","Zestera Publications","https://doi.org/10.64751/ijdim.2025.v4.n3.pp127-133","",758,"2026-05-27 21:00:15","journal-article","10.64751/ijdim.2025.v4.n3.pp127-133","3068-272X",,4,3,127,133,0,0.00,0,5,1,"India’s rental market has grown rapidly due to urbanization and population increases, particularly in cities like Mumbai, Delhi, and Bengaluru, where rental demand has surged by 20–30%. Despite this growth, most property listings lack data-driven insights into customer preferences. Traditionally, landlords relied on newspaper ads, brokers, and intuition to market properties and set prices, with little personalization or analytical feedback. This approach made it difficult to accurately gauge tenant interest and often resulted in inefficient, generic marketing. The proposed system addresses these limitations by integrating Natural Language Processing (NLP) and machine learning to analyze sentiments in property listings and viewer feedback. By processing descriptions and extracting key renter-attracting features, the system uses predictive models to classify sentiment from reviews, inquiries, and social media. This enables landlords to optimize pricing, tailor listings, and improve marketing strategies based on viewer preferences and past trends, ultimately enhancing discoverability, tenant engagement, and rental efficiency","https://ijdim.com/journal/index.php/ijdim/article/download/58/54",""
0,"Ishit Pradhan","Insurance Risk Decision Engine: Automated Insurance Risk Assessment and Dynamic Pricing System for Rental Vehicle Coverage",2025,"","Iowa State University","https://doi.org/10.31274/cc-20260223-13","",773,"2026-05-27 21:00:15","report","10.31274/cc-20260223-13","",,,,,,0,0.00,0,1,1,"","",""
0,"Mustika Widowati, Widodo Widodo, Moch. Zulfa","House of Performance: Maslahah Balance Scorecard",2025,"Journal of Management World","Academia Publishing Group","https://doi.org/10.53935/jomw.v2024i4.1040","",774,"2026-05-27 21:00:15","journal-article","10.53935/jomw.v2024i4.1040","2994-3191",,2025,3,31,40,0,0.00,0,3,1,"This paper presents a conceptual review to formulate a holistic performance measurement model for companies. The model formulation adopts the balanced scorecard, issues competition, sustainability, and maqashid sharia in Islamic thought. This paper uses an integrative literature review approach by analyzing, reviewing, and criticizing previous research regarding indicators of sustainable organizational performance. Using cause-effect analysis thinking, a path shows the input-process-output-outcomes flow of sustainable organizational performance indicators. Focus group discussions were conducted with management experts specializing in finance, strategy, marketing, and Islamic economics experts. The formulation results find a holistic concept of a performance measurement model for companies with several measurement instruments that can be used practically. This new concept is given the name House of Performance: Maslahah Balanced Scorecard. The weakness of this article is that it is still a conceptual paper that needs to be tested empirically. This concept is complicated because it is holistic. Applying a research model to be tested in a particular context becomes challenging. This model is perfect when applied as a basis for measuring organizational performance. The organization will obtain a performance map from input-process-output and outcome, which is crucial for the control process and early detection of the company's operations.","https://managementworld.online/index.php/mw/article/download/1040/562",""
0,"Alan Gilbert","Methodology",2025,"In Search of a Home","Routledge","https://doi.org/10.4324/9781003671152-2","",780,"2026-05-27 21:00:15","book-chapter","10.4324/9781003671152-2","",,,,7,16,0,0.00,0,1,1,"","",""
0,"Evren Ceritoğlu, Müşerref Küçükbayrak, Özlem Sevinç","The Impact of Russian-Ukrainian War on Rental and Housing Prices",2025,"","Elsevier BV","https://doi.org/10.2139/ssrn.5818018","",781,"2026-05-27 21:00:15","posted-content","10.2139/ssrn.5818018","",,,,,,0,0.00,0,3,1,"","",""
1,"SANI JA’AFAR ALIYU, HAFSATU JIDERE BALA, SANI GAMBO SANI, ABUBAKAR ABDULBAKI","ENVIRONMENTAL CHALLENGES OF POOR HANDLING OF END OF LIFE TYRES AND THEIR IMPACT ON PROPERTIES RENTAL VALUES IN MUDA LAWAL BAUCHI METROPOLIS",2025,"Journal of Environmental Management and Construction Research","Mediterranean Publications and Research International","https://doi.org/10.70382/bejemcr.v7i4.011","",790,"2026-05-27 21:00:15","journal-article","10.70382/bejemcr.v7i4.011","3026-8982",,,,,,1,1.00,0,4,1,"The aim of this project is to find out the impact of poor handling on end of life tyres on properties rental values in Muda Lawal Bauchi metropolis. To be able to carry out this study, the research reviewed relevant literature on the issue to form the theoretical base of the subject. The purpose of these study is mainly: To determine an impact of poor handling of end of life tyres (ELTs) on property rental value. The main instrument used in collecting data for the study is questionnaire. The questionnaires consist of 12 items which are administered and analyzed using mean and standard deviation. The population of the study was 1500 the sample size was obtained using the Krejcie & Morgan table 1970 and the sample size is three hundred and six (306), out of which two hundred and ninety-five (295) were retrieved and used for analysis. The Statistical Package for Social Sciences (SPSS) was used for the analysis. This research seeks to reconcile the needs of Nigerians (automobile/vehicle consumption) with the capacity of the environment to cope with the consequences of economic development in Nigeria. The research therefore recommends that +green or eco-friendly measures examined in the work should be locally developed, adopted and implemented for environmental protection, resource conservation and sustainable development.","https://berkeleypublications.com/bjemcr/article/download/442/394",""
0,"","Formulation of Marketing Strategy for Production House Company Philocal Production",2025,"International Research Journal of Economics and Management Studies","Eternal Scientific Publications","https://doi.org/10.56472/25835238/irjems-v4i4p113","",810,"2026-05-27 21:00:15","journal-article","10.56472/25835238/irjems-v4i4p113","2583-5238",,4,4,,,0,0.00,0,0,1,"","https://irjems.org/Volume-4-Issue-4/IRJEMS-V4I4P113.pdf",""
1,"SANI JA’AFAR ALIYU, HAFSATU JIDERE BALA, SANI GAMBO SANI, ABUBAKAR ABDULBAKI","ENVIRONMENTAL CHALLENGES OF POOR HANDLING OF END OF LIFE TYRES AND THEIR IMPACT ON PROPERTIES RENTAL VALUES IN MUDA LAWAL BAUCHI METROPOLIS",2025,"Journal of Environmental Management and Construction Research","Mediterranean Publications and Research International","https://doi.org/10.70382/bejemcr.v7i4.011","",811,"2026-05-27 21:00:15","journal-article","10.70382/bejemcr.v7i4.011","3026-8982",,,,,,1,1.00,0,4,1,"The aim of this project is to find out the impact of poor handling on end of life tyres on properties rental values in Muda Lawal Bauchi metropolis. To be able to carry out this study, the research reviewed relevant literature on the issue to form the theoretical base of the subject. The purpose of these study is mainly: To determine an impact of poor handling of end of life tyres (ELTs) on property rental value. The main instrument used in collecting data for the study is questionnaire. The questionnaires consist of 12 items which are administered and analyzed using mean and standard deviation. The population of the study was 1500 the sample size was obtained using the Krejcie & Morgan table 1970 and the sample size is three hundred and six (306), out of which two hundred and ninety-five (295) were retrieved and used for analysis. The Statistical Package for Social Sciences (SPSS) was used for the analysis. This research seeks to reconcile the needs of Nigerians (automobile/vehicle consumption) with the capacity of the environment to cope with the consequences of economic development in Nigeria. The research therefore recommends that +green or eco-friendly measures examined in the work should be locally developed, adopted and implemented for environmental protection, resource conservation and sustainable development.","https://berkeleypublications.com/bjemcr/article/download/442/394",""
2,"Ruth Dionisia Gicuku Njiru, Changxing Dong, Franziska Appel, Alfons Balmann","Strategic bidding behaviour in agricultural land rental markets: reinforcement learning in an agent-based model",2025,"International Food and Agribusiness Management Review","Walter de Gruyter GmbH","https://doi.org/10.22434/ifamr.1126","",815,"2026-05-27 21:00:15","journal-article","10.22434/ifamr.1126","1559-2448",,28,2,392,422,2,2.00,1,4,1,"Abstract: Agricultural land markets are crucial for efficient land allocation, yet they face complexities arising from land characteristics and the heterogeneous nature of market participants. This study explores how to address heterogeneity in the modelling process for land markets models by integrating Deep Reinforcement Learning (DRL) into the agent-based model AgriPoliS, to model strategic bidding behaviour. The simulations demonstrates that a DRL agent adapts its bidding strategies based on long-term growth objectives, experience, competitive interactions and adaptive decision-making leading to increased land rental and farm growth compared to a standard agent using a fixed bidding strategy. The results reveal how strategic behaviour not only improve individual farm performance but also affect neighbouring farms, emphasizing the dynamic interactions within land markets. By capturing the agent’s strategic behaviour, this work contributes towards more realistic modelling of agricultural land market dynamics and offers insights into the implications of potential land market regulations. Future research will explore multi-agent frameworks to further refine these interactions and address the limitations of static bidding strategies.","https://brill.com/downloadpdf/journals/ifam/28/2/article-p392_9.xml",""
0,"Jessielyn Abordo, Wilfredo Dalugdog","Solid Waste Management Practices of the Community House-holds in the Province of Leyte, Philippines",2025,"","MDPI AG","https://doi.org/10.20944/preprints202504.1551.v1","",823,"2026-05-27 21:00:15","posted-content","10.20944/preprints202504.1551.v1","",,,,,,0,0.00,0,2,1,"This study examines community household practices and the perceived effectiveness of the implementation of R.A. No. 9003, the Ecological Waste Management Act of 2000, in the province of Leyte, Philippines. A survey of 300 households revealed that waste reuse was the most frequently practiced method, while waste reduction was the least prioritized. The perceived effectiveness of the law’s implementation was rated highest for waste disposal, but waste reduction remained the least effective aspect. Correlation analysis indicated significant associations between waste reuse and age, while educational attainment was linked to waste collection, treatment, and disposal. Furthermore, strong positive correlations were found between household waste management practices and the perceived effectiveness of R.A. No. 9003. The findings suggest a need for stronger waste reduction initiatives and increased community education to improve compliance and effectiveness. Strengthening policy enforcement and promoting awareness programs could enhance sustainable waste management practices in Leyte, Philippines.","",""
1,"Rubab Saher, Thomas Ott","Assessing the irrigation water requirement and irrigation water use at a house scale in Las Vegas Valley",2025,"Agricultural Water Management","Elsevier BV","https://doi.org/10.1016/j.agwat.2024.109278","",827,"2026-05-27 21:00:15","journal-article","10.1016/j.agwat.2024.109278","0378-3774",,308,,109278,109278,1,1.00,1,2,1,"","https://api.elsevier.com/content/article/PII:S0378377424006140",""
0,"Hyoung June Kim, Min Hee Kim, Hee Chun Roh","Improving Residential Stability of Rental Housing REITs: Focus on Comprehensive Real Estate Tax Summation Exclusion",2025,"Journal of Korean Society for Quality Management","The Korean Society for Quality Management","https://doi.org/10.7469/jksqm.2025.53.2.185","",832,"2026-05-27 21:00:15","journal-article","10.7469/jksqm.2025.53.2.185","1229-1889",,53,2,185,207,0,0.00,0,3,1,"Purpose: The purpose of this study is to examine the necessity of Exclusion from Comprehensive Real Estate Tax Calculation for Rental Housing REITs to ensure residential stability and estimate the expected effects. Rental Housing REITs are financially sound entities with public interest and transparency, distinct from speculative corporate investors. By utilizing Rental Housing REITs, it becomes possible to maintain long-term rental housing operations under government-regulated procedures, thereby ensuring the residential stability of tenants. Furthermore, Rental Housing REITs can contribute to transforming speculative real estate markets caused by population growth and household increases into a stable investment market, promoting price stability. Additionally, Rental Housing REITs provide investment opportunities to small investors who face difficulties accessing real estate, offering indirect real estate investment opportunities to the general public. Despite supporting the government’s housing supply and residential stability policies, Rental Housing REITs encounter obstacles to expansion due to comprehensive real estate tax burdens.Methods: Accordingly, this study seeks to explore measures to improve the residential stability of tenants by establishing a new regulation that recognizes Rental Housing REITs as eligible for Exclusion from Comprehensive Real Estate Tax Calculation.Results: This study identifies the need for Exclusion from Comprehensive Real Estate Tax Calculation to ensure the residential stability of Rental Housing REITs and explores strategies to address these challenges. First, by implementing Exclusion from Comprehensive Real Estate Tax Calculation for construction-type Rental Housing REITs, the potential for paying real estate taxes due to property value increases during the construction period can be reduced, thereby encouraging the growth of construction-type Rental Housing REITs. Second, Exclusion from Comprehensive Real Estate Tax Calculation can facilitate the supply of various sizes of residential properties, preventing the issue of low-priced, small-sized units being the only ones included in Rental Housing REITs. Third, Exclusion from Comprehensive Real Estate Tax Calculation can enhance opportunities to supply rental housing in preferred areas (such as Seoul or urban centers).Conclusion: To reduce the burden of Exclusion from Comprehensive Real Estate Tax Calculation on Rental Housing REITs, this study proposes the following measures: first, the inclusion of publicly funded private rental REITs, formed through housing finance fund contributions, as eligible for Exclusion from Comprehensive Real Estate Tax Calculation. Second, it is suggested that the threshold for public property valuation used for Exclusion from Comprehensive Real Estate Tax Calculation be raised. These measures are expected to improve the residential stability of tenants.","http://jksqm.org/upload/pdf/jksqm-53-2-185.pdf",""
0,"","Resolutions of the House of Burgesses by lower house of the Virginia General Assembly [Virginia House of Burgesses / Virginia House of Delegates], Monday, 13 May 1765 [fauqfrVH0031239a1d]",2025,"Electronic Enlightenment Scholarly Edition of Correspondence","Bodleian Libraries, University of Oxford","https://doi.org/10.13051/ee:doc/fauqfrvh0031239a1d","",834,"2026-05-27 21:00:15","dataset","10.13051/ee:doc/fauqfrvh0031239a1d","",,,,,,0,0.00,0,0,1,"","",""
0,"Innocent Franklin Makata, Ifeanyi Fidelis Emoh, Chinelo Priscilla Igwe","Urban Infrastructure and Commercial Property Rental Values in South-East Nigeria: A Comparative Analytical Assessment of Their Interrelationship",2025,"International Journal of Civil Engineering, Construction and Estate Management","European Centre for Research Training and Development","https://doi.org/10.37745/ijcecem.2013/vol13n31730","",836,"2026-05-27 21:00:15","journal-article","10.37745/ijcecem.2013/vol13n31730","2055-6578",,13,3,17,30,0,0.00,0,3,1,"Urban infrastructure serves as a crucial foundation for real estate market performance, particularly in rapidly urbanizing regions. This study examines the relationship between urban infrastructural variables and commercial property rental values in South-East Nigeria, focusing on Onitsha (Anambra State) and Aba (Abia State) as representative commercial hubs. Using the Hedonic Pricing Model (HPM), the research identifies and quantifies how key infrastructural factors road networks, drainage systems, water supply, security, parking space, internet connectivity, and digital utilities influence the rental values of shops and offices between 2015 and 2025. Data were collected through structured questionnaires and analyzed using mean responses and econometric estimations. The findings indicate that urban infrastructure significantly and positively influences commercial property rental values in both cities, with stronger effects observed in Onitsha. Specifically, a one-unit improvement in infrastructural quality increases annual rental values by an average of ₦17,000–₦20,000 in Onitsha and ₦14,000–₦16,000 in Aba. Among the infrastructural variables, road networks (₦21,000 in Onitsha; ₦18,500 in Aba), security (₦19,100; ₦16,600), and water supply (₦18,200; ₦16,500) exert the greatest positive impacts on rental growth. Emerging digital infrastructure including internet availability, CCTV cameras, and smart meters also shows a growing contribution to rental appreciation. Comparative analysis reveals that Onitsha’s rental market is 33% higher and more infrastructure-sensitive than Aba’s, reflecting better urban facilities and stronger commercial demand. The study further finds that infrastructural development explains approximately 60% of rental value variation in Onitsha and 56% in Aba. It concludes that sustained investment in both physical and digital infrastructure is essential for fostering stable, high-value commercial real estate markets in South-East Nigeria. Policymakers are therefore urged to prioritize integrated infrastructure planning, especially in transport, utilities, and security, to enhance urban competitiveness and economic sustainability.","",""
0,"Leslie Calderone, Alexandra Lane","Digital asset management at a non-profit: The many layers of the White House Historical Association’s digital library",2025,"Journal of Digital Media Management","Henry Stewart Publications","https://doi.org/10.69554/diqg2762","",848,"2026-05-27 21:00:15","journal-article","10.69554/diqg2762","2047-1319",,13,3,246,246,0,0.00,0,2,1,"This paper provides a case study of the development, launch and expansion of the White House Historical Association’s (WHHA) Digital Library. The Digital Library supports the WHHA’s core mission to protect, preserve and provide a comprehensive history of the White House by storing and displaying materials for users to access. As this paper shows, the digital asset management (DAM) system that powers the Digital Library not only supports WHHA’s internal needs, but also allows team members to control access to assets in order to provide a research tool for a variety of audiences without disrupting the user experience for WHHA staff. The paper also highlights how the DAM system functions as a collaborative workspace for ingesting assets into the Digital Library, and describes the multiple methods of accessing and delivering image files to internal and external users. Finally, this case study demonstrates how organisations of all sizes can best use DAM to support their missions and make their resources accessible to the public on their own terms.","",""
1,"Kunshan Wang, Stephen M. Blackburn, Peter Zhu, Matthew Valentine-House","Reworking Memory Management in CRuby",2025,"Proceedings of the 2025 ACM SIGPLAN International Symposium on Memory Management","ACM","https://doi.org/10.1145/3735950.3735960","",854,"2026-05-27 21:00:15","proceedings-article","10.1145/3735950.3735960","",,,,109,121,1,1.00,0,4,1,"","https://dl.acm.org/doi/pdf/10.1145/3735950.3735960",""
2,"Jennie Gustafsson, Matthieu Vogt","Variegated Experiences of Rental Housing Financialization",2025,"","Malmö University","https://doi.org/10.24834/isbn.9789178776467","",855,"2026-05-27 21:00:15","report","10.24834/isbn.9789178776467","",,,,,,2,2.00,1,2,1,"This working paper contributes to the comparative research on the financialization of rental housing by investigating the private rental sectors in France and Sweden. It examines and discusses the role of institutional investors in each country’s rental market by using a comparative approach and drawing from an economic geographical and heterodox understanding of financialization as a variegated process. The paper uses secondary statistics, real estate transaction data, documents, and interviews to investigate the role of residential property investors in France’s and Sweden’s private rental markets. It finds that the different historical trajectories of the rental sectors have created distinctive opportunities for property investors in each country. The degree of public housing privatization, the level of corporate ownership of private rental housing, and the legal foundations are essential dynamics for why investments have occurred. In turn, Sweden has a high level of institutional investments in rental housing, while France has experienced less investments. Furthermore, institutional investors have expanded beyond metropolitan areas to medium-sized towns and municipalities in Sweden, whereas investments have mainly occurred in the larger cities in France.","https://mau.diva-portal.org/smash/get/diva2:1976181/FULLTEXT01.pdf",""
0,"Ian Kennedy","The Perpetuation of the Racialized Ideology of Neighborhood Quality: Evidence From 16 US Rental Markets",2025,"","Center for Open Science","https://doi.org/10.31235/osf.io/tk2bw_v1","",857,"2026-05-27 21:00:15","posted-content","10.31235/osf.io/tk2bw_v1","",,,,,,0,0.00,0,1,1,"<p>Housing dynamics in the United States were racialized by decades of State-sponsored racist policy. Exposure to particular neighborhoods yields benefits and harms that are vastly different across racialized populations. One outcome of that association is an ideology of racialized space that could both naturalize and perpetuate spatial racial inequality. Using 500k listings from the rental platform Craigslist spanning five years and 16 U.S. metropolitan areas, I show that descriptions of neighborhoods reflect the legacy of more traditional forms of neighborhood racialization, but are also the site of counter-narratives that resist that legacy. Advertisements tend to describe Asian and White neighborhoods more positively than other neighborhoods, while failing to positively describe Latino and Black areas, though that difference is less for Latino neighborhoods when accounting for socioeconomic status. In contrast, even high-income Black neighborhoods are not described as positively as poor White neighborhoods. Black and White neighborhoods are recognized for being historic, but, even accounting for housing stock age, Asian neighborhoods are not, reflecting the ‘permanent foreigner’ stereotype.</p>","",""
0,"Elenwo Ekwuru","The Influence Of Commmercial Activities On Residential Rental Value Dynamics In Rumuokoro, Nigeria: An Empiricle Study.",2025,"International Journal of Research Publication and Reviews","Genesis Global Publication","https://doi.org/10.55248/gengpi.6.0425.1474","",864,"2026-05-27 21:00:15","journal-article","10.55248/gengpi.6.0425.1474","2582-7421",,6,4,4466,4472,0,0.00,0,1,1,"","",""
0,"Zurikanen Iddrisu, Jean-Claude Thill","Determinants of Corporate Investment in Single-Family Rental Housing in Charlotte, North Carolina",2025,"","Elsevier BV","https://doi.org/10.2139/ssrn.5186761","",865,"2026-05-27 21:00:15","posted-content","10.2139/ssrn.5186761","",,,,,,0,0.00,0,2,1,"","",""
2,"","Resolutions of the House of Burgesses by lower house of the Virginia General Assembly [Virginia House of Burgesses / Virginia House of Delegates], Wednesday, 29 May 1765 [fauqfrVH0031252a1d]",2025,"Electronic Enlightenment Scholarly Edition of Correspondence","Bodleian Libraries, University of Oxford","https://doi.org/10.13051/ee:doc/fauqfrvh0031252a1d","",866,"2026-05-27 21:00:15","dataset","10.13051/ee:doc/fauqfrvh0031252a1d","",,,,,,2,2.00,0,0,1,"","",""
0,"Franz Fuerst, Xinyan Huang, Martin Sheppard","The Impact of Minimum Energy Efficiency Standards on the Private Rental Market",2025,"","Elsevier BV","https://doi.org/10.2139/ssrn.5575662","",872,"2026-05-27 21:00:15","posted-content","10.2139/ssrn.5575662","",,,,,,0,0.00,0,3,1,"","",""
0,"Kwang-Won Lee","Factors Influencing Rental Housing Anxiety Among Young Newlywed Couples by Comparing Households in the Capital and Non-Capital Regions",2025,"Korean Journal of Security Convergence Management","Korean Society for the Security Convergence Management","https://doi.org/10.24826/kscs.14.9.5","",876,"2026-05-27 21:00:15","journal-article","10.24826/kscs.14.9.5","2671-7395",,14,9,73,87,0,0.00,0,1,1,"","",""
0,"Faheem Uddin Syed","Management of Servitization 5.0 Through House of Capabilities (HoC)",2025,"The Palgrave Handbook of Global Social Change","Springer Nature Switzerland","https://doi.org/10.1007/978-3-030-87624-1_444-1","",879,"2026-05-27 21:00:15","book-chapter","10.1007/978-3-030-87624-1_444-1","",,,,1,20,0,0.00,0,1,1,"","https://link.springer.com/content/pdf/10.1007/978-3-030-87624-1_444-1",""
0,"Dragomir Stefanov, Yana Stoencheva, Petar Ivanov","DEVELOPING AN EQUILIBRIUM MODEL FOR ASSESSING HOUSE PRICE DEVIATION",2025,"Business Management","D. A. Tsenov Academy of Economics","https://doi.org/10.58861/tae.bm.2025.3.04","",880,"2026-05-27 21:00:15","journal-article","10.58861/tae.bm.2025.3.04","0861-6604",,35,3,,,0,0.00,0,3,1,"This article deals with the problem of developing a reliable diagnostic tool that could help in reducing the unpredictability of house price cycles that cause undesirable reverberations in the economy. Such type of cycles is among the main drivers of price volatility and crises not only in the real estate sector itself but also for the financial system and the whole economy too. The purpose of this study is to introduce a step-bystep methodology for assessing the true deviations of house prices from their long-term equilibrium levels. Factors with a significant impact on house price dynamics are also determined. The result is a ready-to-use econometric model that detects possible formation of house price bubbles early enough, so that policymakers and regulators could take adequate actions against market overheating in due time.","",""
0,"Demelash Belay","Sociological and Institutional Determinants of Rental Income Tax Compliance: Evidence from South West Ethiopia",2025,"","Springer Science and Business Media LLC","https://doi.org/10.21203/rs.3.rs-8242186/v1","",887,"2026-05-27 21:00:15","posted-content","10.21203/rs.3.rs-8242186/v1","",,,,,,0,0.00,0,1,1,"<title>Abstract</title> <p>This study investigates the determinants of rental income tax (RIT) compliance in Bench-Sheko Zone, South West Ethiopia, within the framework of institutional trust theory. Despite the legal obligation for property owners to register and pay taxes, the study finds a significant gap in compliance behaviors. The majority of respondents are reluctant to register with tax authorities or fail to declare rental income accurately, even when they do. Through a regression analysis, the study identifies several key factors influencing compliance, including tax rates, income levels, tax knowledge, audit practices, and the capacity of the tax office. Results show that audit practices have the strongest correlation with RIT compliance, highlighting the importance of trust in tax authority actions. Moreover, while penalties for noncompliance exist, they appear to have limited impact on improving voluntary compliance, suggesting that institutional legitimacy and trust in the tax system are more significant determinants. The study also reveals that respondents perceive the current tax rates as unfair, and the tax office capacity as insufficient, which contributes to noncompliance. The findings underscore the need for building institutional trust by enhancing transparency, fairness, and audit effectiveness within the tax system. The study concludes that fostering trust in the tax authority, addressing institutional capacity gaps, and ensuring fair tax policies are critical to improving voluntary tax compliance and sustainable tax revenue generation in the region.</p>","https://www.researchsquare.com/article/rs-8242186/v1",""
2,"Jennie Gustafsson","<scp>MAINTAINING RENTAL HOUSING AS AN ASSET</scp> : Exploring Institutional Investors in Sweden’s Rental Market",2025,"International Journal of Urban and Regional Research","Wiley","https://doi.org/10.1111/1468-2427.70039","",888,"2026-05-27 21:00:15","journal-article","10.1111/1468-2427.70039","0309-1317",,50,3,712,730,2,2.00,2,1,1,"Abstract: Institutional investors have asserted significant power over rental markets across the transatlantic. However, their stronghold has been contested after rising interest rates in 2022. In this article I address the situated dimensions of the assetization of the built environment by examining the establishment of residential property investors in Sweden’s rental market with the aim to explore the enclosure of rental housing as an asset through reforms and transaction flows, to investigate how rent extraction has been realized via apartment renovations and to critically contextualize the heightened social conflict around rental housing in the post‐zero‐interest‐rate era. Through transaction and market data, annual reports and interviews with property investors and tenants, this article provides novel insights into the transformation of Sweden’s rental market and conceptually furthers the assetization optics by centring on the concept of maintenance. I argue that assetization is a situated and material process in which maintenance is crucial to sustaining financial values. I also contend that the rising cost of capital has exacerbated the social struggle over rental housing as an asset, threatening the maintenance of this asset class.","https://onlinelibrary.wiley.com/doi/pdf/10.1111/1468-2427.70039",""
1,"Peleg Ronen Samuels","Spatial Dispersion in Returns to Rental Housing: A Decomposition of Local Rent-Price Ratios",2025,"","Elsevier BV","https://doi.org/10.2139/ssrn.5072804","",891,"2026-05-27 21:00:15","posted-content","10.2139/ssrn.5072804","",,,,,,1,1.00,1,1,1,"","",""
0,"Dehar Wandi, Yudi Irawan Abi, Iswidana Utama Putra","The Effect Of Location, Price, And Service On The Decision To Use Car Rental Services At PT Dewa Wisata Trans Kota Bengkulu",2025,"Journal of Applied Financial Management","Unived Press","https://doi.org/10.37676/jafm.v1i2.1109","",894,"2026-05-27 21:00:15","journal-article","10.37676/jafm.v1i2.1109","3108-9577",,1,2,39,50,0,0.00,0,3,1,"This study aims to determine the service impact on customer usage decisions. The process of customers using car rental services certainly involves various considerations, taking into account various factors before making a decision to use them, including location, price, and service at PT. Dewa Wisata Trans. Therefore, Bengkulu Car Rental business owners strive to optimize how consumers become interested and become customers. The purpose of this study was to determine the influence of location, price, and service on the decision to use a car rental at PT. Dewa Wisata Trans in Bengkulu City. The data collection method in this study used observation and questionnaire techniques, with a sample of 120 respondents. The results of the study showed that the results of multiple linear regression showed Y = 0.698 + 0.306 (X1) + 0.043 (X2) + 0.627 (X3) + 0.955. This illustrates a positive regression direction, meaning there is a significant influence between the variables of location (X1), price (X2), and service (X3) on the decision to use (Y) Car Rental at PT. Dewa Wisata Trans in Bengkulu City.From the t-test results of the location variable (X1) shows t count 3.057> t table 1.658 and significance 0.003 <0.05, meaning that location (X1) has a positive and significant effect on the decision to use (Y) on Car Rental at Pt. Dewa Wisata Trans Kota Bengkulu. The results of the price test (X2) show t count 3.526> t table 1.658 and significance 0.000 <0.05, meaning that price (X2) has a positive and significant effect on the decision to use (Y) on Car Rental at Pt. Dewa Wisata Trans Kota Bengkulu. The results of the service test (X3) show t count 9.073> t table 1.658 and significance 0.005 <0.05, meaning that service (X3) has a positive and significant effect on the decision to use (Y) Car Rental at Pt. Dewa Wisata Trans Kota Bengkulu.","https://jurnalunived.com/index.php/JAFM/article/download/1109/816",""
0,"Zuyu Lin","Comparison Of Linear and Nonlinear Models in Predicting House Prices",2025,"Highlights in Business, Economics and Management","Darcy & Roy Press Co. Ltd.","https://doi.org/10.54097/cjaf8x11","",903,"2026-05-27 21:00:15","journal-article","10.54097/cjaf8x11","2957-952X",,61,,72,77,0,0.00,0,1,1,"Nowadays, the increase in housing prices has led to a heavier financial burden on ordinary citizens, affecting their quality of life. This research used linear regression, random forest, and Support Vector Machine (SVM) to predict housing prices using the Boston housing price dataset, and compared the advantages and disadvantages of them. The paper compares the performance of linear and nonlinear models in predicting housing prices to reflect the importance and magnitude of various factors that affect housing prices. The overall research demonstrates that nonlinear models have unique advantages over linear models in multi-factor impact problems such as predicting housing prices. This is due to the comprehensive examination of multiple factors by nonlinear models, which linear models do not possess. The project still has many shortcomings in many aspects, such as not tuning the parameters of the SVM. There is also no addition of cross-validation, and a lack of visualization of the results.","https://hbem.org/index.php/OJS/article/download/546/510",""
0,"B. Ayuba, S. Adamu, K. U. Muhammad, M. K. Dauda","Evaluation of the Impact of Impact of Traffic Congestion on Commercial Property Rental Value in Mararaba, Karu LGA, Nasarawa State, Nigeria",2025,"Journal of Applied Sciences and Environmental Management","African Journals Online (AJOL)","https://doi.org/10.4314/jasem.v29i2.19","",906,"2026-05-27 21:00:15","journal-article","10.4314/jasem.v29i2.19","2659-1499",,29,2,489,495,0,0.00,0,4,1,"The objective of this paper was to evaluate the Impact of Traffic Congestion on Commercial Property Rental Value in Mararaba, Karu LGA, Nasarawa State Nigeria using appropriate standard procedure after collecting data from 127 respondents through a structured questioner administration. The study concluded that the traffic congestion has effect on the commercial property rental value in the study area.  The study  further established that: the problems including air pollution, crime activities and waste of productive hours were prevalent issues caused as a results of traffic congestion in the study area; main causes of traffic congestion in the study area are proximity of commercial properties (market) to the highway, early morning and evening hours rushing to and from work, and nonchalant attitude (behavior) of road users; traffic congestion has effect on the rental value of commercial properties in the study area hence business activities were found to increase as a result of traffic congestion and Estate Surveyors charged more rent as a result of this; Therefore, the study concluded that the traffic congestion has an impact on commercial properties value in the study area. The study further recommends ensuring effective and efficient traffic management/planning and Improvement of-street parking space, provision of pedestrian facilities.","https://www.ajol.info/index.php/jasem/article/download/289383/272315",""
0,"Zalak Patel","AI-Powered Document Compliance Analysis for Rental Car Sales: A Hybrid Rule-Based and Language Model Approach",2025,"","Institute of Electrical and Electronics Engineers (IEEE)","https://doi.org/10.36227/techrxiv.175099771.13258046/v1","",909,"2026-05-27 21:00:15","posted-content","10.36227/techrxiv.175099771.13258046/v1","",,,,,,0,0.00,0,1,1,"This paper presents a hybrid AI system that automates document compliance checks for rental car sales. It combines rule-based enforcement with GPT-based semantic analysis to detect missing or inconsistent legal disclosures. The system extracts structured data using OCR and NER, applies configurable rule sets by state, and validates semantic clauses using a language model. We describe its architecture, deployment model, and scalability. Evaluation on 15 mock documents shows this hybrid approach outperforms either layer alone in legal accuracy and explainability.","https://www.techrxiv.org/doi/pdf/10.36227/techrxiv.175099771.13258046/v1",""
0,"Alan Gilbert","Drawing comparisons",2025,"In Search of a Home","Routledge","https://doi.org/10.4324/9781003671152-9","",911,"2026-05-27 21:00:15","book-chapter","10.4324/9781003671152-9","",,,,139,155,0,0.00,0,1,1,"","",""
0,"","Q &amp; A with Charlotte Isidore (Mega House Music Management/poems Publishing)",2025,"Music Industry Internships","Bloomsbury Academic","https://doi.org/10.5040/9798881845209.ch-057","",918,"2026-05-27 21:00:15","other","10.5040/9798881845209.ch-057","",,,,244,245,0,0.00,0,0,1,"","",""
0,"Adrian GHEORGHE","Priorități de acțiune la nivelul Casei Naţionale de Asigurări de Sănătate",2025,"Management in Health","Institutul National de Management al Serviciilor de Sanatate","https://doi.org/10.5233/9evmzh38","",920,"2026-05-27 21:00:15","journal-article","10.5233/9evmzh38","2067-7561",,25,1,4,4,0,0.00,0,1,1,"Interview with Adrian GHEORGHE, President of the NHIH (National Health Insurance House) • 01/2021 - CURRENTLY - President of the National Health Insurance House • 12/11/2018 - PRESENT - London, United Kingdom SENIOR HEALTH ECONOMIST - IMPERIAL COLLEGE LONDON Within the R4HC-MENA (Research for Health in Conflict https://r4hc-mena.org) project in Jordan, Lebanon, Turkey and Palestine: I design and implement capacity building activities in the field of health economics. I provide technical and leadership input to health research with R4HC consortium partners, particularly in the areas of cancer and mental health. At J-IDEA (Abdul Latif Jameel Institute for Disease and Emergency Analysis https://www.imperial.ac.uk/jameelinstitute), I conduct research on international financing of epidemiological emergencies. I lead the specialization ""Financing of health services"" for the health economics module within the Global Master of Public Health.","https://journal.hungrybytes.co/index.php/inmss/article/download/49/92",""
0,"Xinyu Wan, Xinyang Li, Luoying Xiong, Yining Xu, Jiayue Tian","Comparison and Optimization Strategies of Airbnb Rental Prediction Models: An Empirical Study Based on Linear Regression, XGBoost and Random Forest",2025,"Advances in Economics, Management and Political Sciences","EWA Publishing","https://doi.org/10.54254/2754-1169/2025.lh27240","",922,"2026-05-27 21:00:15","journal-article","10.54254/2754-1169/2025.lh27240","2754-1169",,197,1,148,162,0,0.00,0,5,1,"As a leading short-term rental platform in the sharing economy, Airbnb employs dynamic pricing based on multiple factors, posing challenges for accurate rental price prediction. This study aims to improve rental price prediction by comparing and optimizing three machine learning models—linear regression, random forest, and XGBoost—using Airbnb listing data. We develop a multi-model prediction framework that exploits each model’s strengths: linear regression provides interpretability of key features, random forest captures nonlinear interactions, and XGBoost applies gradient-boosting techniques to minimize error. Using standard regression metrics (e.g., RMSE, MAPE) for evaluation, we find that XGBoost delivers the highest predictive accuracy (≈8% error), outperforming the random forest and linear regression models. The results indicate that XGBoost’s enhanced ability to model complex market dynamics yields more reliable price estimates, whereas the baseline linear model and random forest show higher errors and signs of overfitting. In conclusion, our comparative analysis offers practical insights for stakeholders: hosts can leverage the improved model for optimal pricing strategies to maximize revenue and occupancy rates, the Airbnb platform can refine its smart pricing tool for greater market efficiency, and overall data-driven pricing strategies benefit the sharing economy by aligning stakeholder interests.","",""
0,"Obumeneme Ukandu, Olamide Kalesanwo","LEVERAGING ARTIFICIAL INTELLIGENCE FOR CUSTOMER SEGMENTATION AND DEMAND FORECASTING IN THE CAR RENTAL INDUSTRY",2025,"","Wiley","https://doi.org/10.22541/au.173929537.78892680/v1","",932,"2026-05-27 21:00:15","posted-content","10.22541/au.173929537.78892680/v1","",,,,,,0,0.00,0,2,1,"The dynamic car rental industry faces significant challenges in demand forecasting, with about 50% of companies reporting inaccuracies that result in fleet utilization rates of only 70-75% instead of the optimal 85-90%. The study integrates customer segmentation and demand forecasting into a framework using various ML models. The study involved collecting extensive historical rental data from Secured Wheels and performing data preprocessing steps like cleaning, feature selection, and data splitting. The study employs decision trees, random forests, and clustering algorithms such as DBSCAN, Agglomerative clustering, Fuzzy-C-Means, and Affinity Propagation for segmentation. For demand forecasting, it uses ARIMA, regression model, and Holt-Winters. Performance metrics like accuracy, precision, silhouette coefficient, and Mean Absolute Error (MAE) evaluated the models, and the framework’s results were benchmarked against existing methods. Results indicate that the Agglomerative clustering achieved a silhouette coefficient of 0.9238 and a Davies-Bouldin index of 0.0031. At the same time, the HW model recorded a lower Mean Absolute Error (MAE) of 29.3641 and a Mean Squared Error (MSE) of 1183. The HW model was trained with customer segmentation features and the five cluster groups. These enhanced blended models enable more tailored marketing strategies and personalized customer experiences, increasing customer satisfaction and loyalty.","https://www.authorea.com/doi/pdf/10.22541/au.173929537.78892680/v1",""
0,"Frank Zhu, Andrew Fenelon, Penelope Schlesinger, Danya E Keene","Do Rental Assistance Programs Relieve Overcrowding for Children?",2025,"","Springer Science and Business Media LLC","https://doi.org/10.21203/rs.3.rs-5882395/v1","",940,"2026-05-27 21:00:15","posted-content","10.21203/rs.3.rs-5882395/v1","",,,,,,0,0.00,0,4,1,"<title>Abstract</title> <p>Crowded living conditions are associated with negative health outcomes, particularly for children. Federal rental assistance may reduce household crowding by improving access to affordable housing for low-income families. We leveraged NHANES data linked with HUD administrative rental assistance records to examine relationships between different forms of HUD rental assistance and multiple measures of crowding for households with children. We found a statistically significant reduction in the odds of crowding for those currently receiving HUD assistance compared to a control group who entered rental assistance within two years of their NHANES interview (95% CI, 0.39 to 0.93). The specific relationships between rental assistance and crowding and the magnitude of these associations varied by rental assistance type (public housing, multi-family, and vouchers). Fewer than 1 in 4 eligible households receive rental assistance. Our findings suggest that expanding access to this resource can reduce household crowding and its adverse impacts on health and well-being.</p>","https://www.researchsquare.com/article/rs-5882395/v1",""
3,"Beata Seinauskiene, Laura Salciuviene, Aiste Dovaliene, Agne Gadeikiene, Jurate Banyte, Mantas Lukauskas","The role of emotional intelligence and perceived value: predicting consumer online purchase and rental of second-hand clothing",2025,"Journal of Fashion Marketing and Management: An International Journal","Emerald","https://doi.org/10.1108/jfmm-04-2024-0146","",960,"2026-05-27 21:00:15","journal-article","10.1108/jfmm-04-2024-0146","1361-2026",,29,6,1002,1025,3,3.00,1,6,1,"Purpose: This study aims to investigate the role of consumer emotional intelligence in view of perceived value and behavioural intentions for online second-hand clothing renting or purchasing. Design/methodology/approach: Norstat and Amazon MTurk were used to collect data and administer an online survey among European respondents (N = 473) from the UK and LT. Findings: We found that emotional intelligence positively influences the perceived emotional, economic, green, social, and functional value of second-hand clothing transactions online. As hypothesised, we found that emotional, economic, and green perceived values of second-hand clothing transactions online mediate the relationship between emotional intelligence and behavioural intentions. Although emotional intelligence boosts perceived social and functional value, it does not translate into behavioural intentions. Originality/value: Our research utilises the construal level theory to propose novel explanations by looking into the nuanced relationship between emotional intelligence and the value consumers perceive from purchasing or renting second-hand clothing online and their respective behavioural intentions.","https://www.emerald.com/jfmm/article-pdf/29/6/1002/9960014/jfmm-04-2024-0146en.pdf",""
0,"","Resolution of the House of Burgesses by lower house of the Virginia General Assembly [Virginia House of Burgesses / Virginia House of Delegates] for Francis Fauquier, Tuesday, 11 December 1764 [fauqfrVH0031197a1d]",2025,"Electronic Enlightenment Scholarly Edition of Correspondence","Bodleian Libraries, University of Oxford","https://doi.org/10.13051/ee:doc/fauqfrvh0031197a1d","",961,"2026-05-27 21:00:15","dataset","10.13051/ee:doc/fauqfrvh0031197a1d","",,,,,,0,0.00,0,0,1,"","",""
0,"Brian Witzen","An Introduction to the CFPB’s Rental Payment Data and Analysis",2025,"SSRN Electronic Journal","Elsevier BV","https://doi.org/10.2139/ssrn.5117069","",962,"2026-05-27 21:00:15","journal-article","10.2139/ssrn.5117069","1556-5068",,,,,,0,0.00,0,1,1,"","",""
0,"V.V. Alakoz","Private ownership of agricultural land is an economic asset (land capitalization) and rental system of agricultural land use",2025,"Zemleustrojstvo, kadastr i monitoring zemel' (Land management, cadastre and land monitoring)","PANORAMA Publishing House","https://doi.org/10.33920/sel-4-2406-01","",967,"2026-05-27 21:00:15","journal-article","10.33920/sel-4-2406-01","",,,6,330,338,0,0.00,0,1,1,"The Nominal Highest Decree given to the Governing Senate by Emperor Nicholas II on November 9, 1906 regarding peasant land ownership and land use established that every householder who owns allotment of communal land can demand his personal land plot to personal ownership. In 1906-1911, when the government was headed by P.A. Stolypin (1862-1911), a number of laws were issued to impose individual ownership on peasant communal lands. Regarding the reform, P. A. Stolypin in a speech at a meeting of the State Duma on December 5, 1908, said: “The peasant must be given freedom to work, get rich, dispose of his property, he must be given power over the land, he must be freed from the fetters of the obsolete communal system. The law, however, does not break up communities in those places where conditions make the community the best way to use the land.” P.A. Stolypin relied on strong peasants who knew their business, capable of creating highly profi table sustainable economy with their personal labor, while, at the same time, he believed that the destruction of “viable communities” was unnecessary and impossible. The land reform of 1991-1995 set the task of ensuring access to land for all, especially the rural population, on the right of private ownership with the free allocation of each member of collective and state farms with a land share within the limits of the average land share established in the administrative region (privatization of agricultural land), the development of all management forms, paying special attention to the formation of peasant farms, thereby practically repeating the tasks of the Stolypin reform in the current conditions as of the early 90s of the last century, and the results obtained without consistent and scrupulous work on its implementation and land management support. The article examines private ownership of agricultural land as an economic asset.","",""
0,"Yu Hu","Singapore House Price Forecasting Using Machine Learning",2025,"Advances in Economics, Management and Political Sciences","EWA Publishing","https://doi.org/10.54254/2754-1169/2025.bl25997","",969,"2026-05-27 21:00:15","journal-article","10.54254/2754-1169/2025.bl25997","2754-1169",,210,1,20,30,0,0.00,0,1,1,"Real estate valuation, particularly predicting house prices, is a critical aspect of the real estate industry. This paper provides a comprehensive overview of the application of various machine learning models for predicting house expenses. Four distinct models are evaluated: Back Propagation neural network (BP), random forest (RF), seagull optimization algorithm (SOA), and lion swarm optimization-based algorithm (SLSO-BP). This research aims to identify the most effective machine learning algorithm for accurately predicting house prices, utilizing the mean square error (MSE) and R-squared (R2) as the evaluation metric. Through a comparative analysis, our findings reveal that the SLSO-BP algorithm demonstrates superiority over other predictive tools, showcasing the lowest MSE. This study contributes to the advancement of predictive modeling in real estate, offering valuable insights for practitioners, researchers, and policymakers involved in housing market analysis and decision-making.","",""
0,"Alan Gilbert","Housing in Santiago",2025,"In Search of a Home","Routledge","https://doi.org/10.4324/9781003671152-5","",975,"2026-05-27 21:00:15","book-chapter","10.4324/9781003671152-5","",,,,57,81,0,0.00,0,1,1,"","",""
0,"Tatyana G. Maltseva","Agreement for per-minute vehicle rental (car sharing): Features of the agreement conclusion",2025,"Izvestiya of Saratov University. Economics. Management. Law","Saratov State University","https://doi.org/10.18500/1994-2540-2025-25-1-48-55","",979,"2026-05-27 21:00:15","journal-article","10.18500/1994-2540-2025-25-1-48-55","1994-2540",,25,1,48,55,0,0.00,0,1,1,"Introduction. The digital transformation of modern society has predetermined the emergence of new socio-economic phenomena, the legal registration of which occurs remotely, with the help of modern information technologies, most often objectified in the form of mobile applications. Theoretical analysis. In this format, car sharing legal relations arise, the parties to which enter into the appropriate contractual relationship, and also carry out business communication using a mobile application. Despite some digital innovations that ensure the digitalization of civil turnover (including equating the electronic form of a transaction to a written one, positivization of digital rights, smart contracts, etc.), these innovations are not sufficient to create a special legal regulation of a car sharing transaction. Empirical analysis. One of the specific features of such a transaction should be recognized as its conclusion, as well as execution through the use of modern information technologies (mobile application). This study presents a detailed analysis of this feature of a car sharing transaction. Results. In connection with the demand for car sharing services, some general proposals for improving the current legislation in the studied area have been formulated. Special attention should be paid to car sharing legal relations by developing both a special federal law dedicated to this service and a separate civil law contractual structure – per-minute rental of vehicles.","",""
0,"","Second address of the House of Burgesses by lower house of the Virginia General Assembly [Virginia House of Burgesses / Virginia House of Delegates] for Francis Fauquier, Friday, 27 May 1763 [fauqfrVH0020964a1d]",2025,"Electronic Enlightenment Scholarly Edition of Correspondence","Bodleian Libraries, University of Oxford","https://doi.org/10.13051/ee:doc/fauqfrvh0020964a1d","",980,"2026-05-27 21:00:15","dataset","10.13051/ee:doc/fauqfrvh0020964a1d","",,,,,,0,0.00,0,0,1,"","",""
0,"","House of Burgesses Journal, 21, 22 &amp; 30 May 1770, extracts by lower house of the Virginia General Assembly [Virginia House of Burgesses / Virginia House of Delegates], Monday, 21 May 1770 [nelswiVH0010110a1d]",2025,"Electronic Enlightenment Scholarly Edition of Correspondence","Bodleian Libraries, University of Oxford","https://doi.org/10.13051/ee:doc/nelswivh0010110a1d","",983,"2026-05-27 21:00:15","dataset","10.13051/ee:doc/nelswivh0010110a1d","",,,,,,0,0.00,0,0,1,"","",""
0,"Sugianto","Capacity Building Model Regional House of Representatives in Bandung Regency",2025,"Journal of Information Systems Engineering and Management","Science Research Society","https://doi.org/10.52783/jisem.v10i34s.5864","",993,"2026-05-27 21:00:15","journal-article","10.52783/jisem.v10i34s.5864","2468-4376",,10,34,693,702,0,0.00,0,1,1,"Regional House of Representatives (DPRD) is a regional people's representative institution that is positioned as an element of the regional government administration that has a role and responsibility in realizing efficiency, effectiveness, productivity and accountability of the implementation of the Regional Government. The capacity development of the Bandung Regency DPRD requires an effective model to improve the performance of the budgeting function. This study uses a descriptive method with a qualitative approach. Data collection techniques use observation, interviews and documentation. Data validity is carried out using triangulation techniques, checking, rechecking and confirmation between the results of observations, documentation analysis and interview results. The results of the study indicate that the development of organizational capacity through education and training in improving the performance of the budgeting function is not optimal. Viewed from the system, organizational/institutional and individual levels, the level that is not optimal is at the individual level where each individual member of the DPRD is less competent. There are new things that have not been studied by previous researchers, namely from a research gap so that this study gives rise to novelty. Capacity building in improving the performance of the Bandung Regency DPRD is determined by the following dimensions: 1) System, 2) Institution, 3) Individual, 4) Individual competence, 5) Regulation and 6) Sanctions. The substance of this study essentially strengthens the theory and modifies the theory so that the capacity building of the Bandung Regency DPRD in improving the performance of the budgeting function can be implemented effectively.","https://jisem-journal.com/index.php/journal/article/download/5864/2733",""
0,"Jan David Bakker, Nikhil Datta","The Equilibrium Effects of Regulating Junk Fees: Evidence from the Rental Brokerage Market",2025,"","Elsevier BV","https://doi.org/10.2139/ssrn.5200278","",995,"2026-05-27 21:00:15","posted-content","10.2139/ssrn.5200278","",,,,,,0,0.00,0,2,1,"","",""
0,"Dr. P. Sumalatha","Enhancing House Price Prediction Using Hybrid Model Approach",2025,"International Scientific Journal of Engineering and Management","Edtech Publishers (OPC) Private Limited","https://doi.org/10.55041/isjem03420","",999,"2026-05-27 21:00:15","journal-article","10.55041/isjem03420","2583-6129",,4,5,1,7,0,0.00,0,1,1,"Abstract—Accurate prediction of real estate house prices is a difficult task due to the non-linear interactions among different property attributes and market factors. This paper proposes a hybrid model integrating Extreme Gradient Boosting (XG- Boost), Artificial Neural Networks (ANN), and Deep & Cross Networks (DCN) to predict house prices with higher accuracy. All the components contribute differently: XGBoost performs well on structured tabular data, ANN identifies complicated nonlinear patterns, and DCN captures feature interactions well. The ensemble approach combines the best features of these models to reach a prediction accuracy of 96%,which is much better than conventional models. In addition, the model uses SHAP (SHapley Additive exPlanations) to offer interpretable explanations of feature contributions, improving the transparency and credibility of the model. The hybrid model is tested using R-squared, RMSE, MSE, MAPE, and visualizations of actual vs. predicted prices. SHAP summary and dependence plots provide detailed explainability by measuring the effect of each feature on predictions. The improved model can be used as a solid decision- making tool for buyers, investors, and real estate experts. Keywords— House Price Prediction, Machine Learning, XG- Boost, Artificial Neural Network, Deep Cross Network, SHAP, Hybrid model.","",""
0,"","Outline of the Plan of Construction and Outline of a Plan of Management of a Panopticon Pentitentiary House by Jeremy Bentham, c. Sunday, 23 January 1791 [bentjeOU0040225a1d]",2025,"Electronic Enlightenment Scholarly Edition of Correspondence","Bodleian Libraries, University of Oxford","https://doi.org/10.13051/ee:doc/bentjeou0040225a1d","",1000,"2026-05-27 21:00:15","dataset","10.13051/ee:doc/bentjeou0040225a1d","",,,,,,0,0.00,0,0,1,"","",""
0,"Xiaoyang Mao","Research on the Influencing Factors of Rental House Prices",2024,"Transactions on Economics, Business and Management Research","Warwick Evans Publishing","https://doi.org/10.62051/cs0pd728","",7,"2026-05-27 21:00:15","journal-article","10.62051/cs0pd728","2960-2254",,10,,146,151,0,0.00,0,1,2,"Since the 1990s, China's real estate market has gradually recovered, and has developed into a large and mature trading market today, as the housing price increase, the demand of housing rental also increases a lot. Based on this this article aims to identify the factors that have an impact on rental price. The method of multi-linear regression is used to analyze the factors with over 10,000 samples in Guangzhou from May 2020 to June 2020 from the website of LianJia, one of the biggest real estate agencies in China. The dataset contains 10 variables in total, this research uses VIF, Pearson correlation coefficient to narrow the variables down to District, Rent Type, Area, Elevator Flag and Buld Floor these five variables and considered that they have a significant linear relationship with rental price. By focusing on these variables this study provides a view of the relationship of demand and supply of China’s renting market.","http://wepub.org/index.php/TEBMR/article/download/3071/3355",""
0,"Philip Adzanoukpe","Predicting House Rental Prices in Ghana Using Machine Learning",2024,"","MDPI AG","https://doi.org/10.20944/preprints202412.1927.v1","",11,"2026-05-27 21:00:15","posted-content","10.20944/preprints202412.1927.v1","",,,,,,0,0.00,0,1,2,"This study investigates the efficacy of machine learning models for predicting house rental prices in Ghana, addressing the need for accurate and accessible housing market information. Utilising a comprehensive dataset of rental listings, we trained and evaluated various models, including CatBoost, XGBoost, and Random Forest. CatBoost emerged as the best-performing model, achieving an \(R^2\) of 0.876, demonstrating its ability to effectively capture complex relationships within the housing market. Feature importance analysis revealed that location-based features, number of bedrooms, bathrooms, and furnishing status are key drivers of rental prices. Our findings provide valuable insights for stakeholders, including real estate professionals, investors, and policymakers, while also highlighting opportunities for future research, such as incorporating temporal data and exploring regional variations.","",""
4,"K. Cholaraja, Vignesh M, Srinidhi B, Raghu Muthu Vishal S, Rishin Nethaji S","Justrent (A House Rental Management System)",2024,"2024 10th International Conference on Advanced Computing and Communication Systems (ICACCS)","IEEE","https://doi.org/10.1109/icaccs60874.2024.10717280","",12,"2026-05-27 21:00:15","proceedings-article","10.1109/icaccs60874.2024.10717280","",,,,2483,2487,4,2.00,1,5,2,"","http://xplorestaging.ieee.org/ielx8/10716817/10716818/10717280.pdf?arnumber=10717280",""
0,"Santhosh Kumar, Sath ish, Kaar thika","House Rental Application: A MERN Stack-Based Solution for Efficient Property Listings and Management",2024,"DS Journal of Digital Science and Technology","Dream Science","https://doi.org/10.59232/dst-v3i4p105","",15,"2026-05-27 21:00:15","journal-article","10.59232/dst-v3i4p105","2583-5416",,3,4,41,48,0,0.00,0,3,2,"","https://www.dsjournals.com/uploads/DST/volume-3/issue-4/DST-V3I4P105.pdf",""
0,"","The rental of a house by a member of the Malāḫu family from Egibi",2024,"The Rental of Egibi Houses in the Neo-Babylonian Period (VI-V Centuries BC)","Zaphon","https://doi.org/10.2307/jj.19850072.12","",16,"2026-05-27 21:00:15","book-chapter","10.2307/jj.19850072.12","",,,,123,126,0,0.00,0,0,2,"","",""
0,"","The rental of a house by a member of the Sîn-šadûnu family from Egibi",2024,"The Rental of Egibi Houses in the Neo-Babylonian Period (VI-V Centuries BC)","Zaphon","https://doi.org/10.2307/jj.19850072.8","",17,"2026-05-27 21:00:15","book-chapter","10.2307/jj.19850072.8","",,,,59,86,0,0.00,0,0,2,"","",""
1,"Andika Saputra Muharam, Solihin Solihin, Eko Retnaldi, Eti Rahmawati, Lilis Emalia","Website-Based Boarding House Rental Information System: Case Study at Pondok Saluyu Company",2024,"Journal of Economics, Management, and Entrepreneurship","Sekolah Tinggi Ilmu Ekonomi Pasundan","https://doi.org/10.55208/jeme.v2i2.174","",20,"2026-05-27 21:00:15","journal-article","10.55208/jeme.v2i2.174","3026-0906",,2,2,146,163,1,0.50,0,5,2,"A traditional information management system is still in use at Pondok Saluyu, a boarding house in Bandung City. This method is unsuccessful or inefficient, particularly regarding marketing and providing potential tenants with information. This project aims to create and implement a web-based information system to facilitate digital payments, streamline the online room rental procedure, and distribute information more efficiently. Agile development, which enables quick development, adapts to change, and actively incorporates all relevant parties in the process, is the system development methodology employed. The findings of this study should make it easier for boarding house operators to verify room availability, manage boarding rooms, and handle tenant transactions. Additionally, this website will serve as a more contemporary form of advertising. The use of mobile/Android applications for system optimization, payment gateways to enhance payment systems, the creation of more comprehensive applications, and the improvement and development of programs in line with technological advancements are some recommendations for future development.","https://journal.lemlit.org/index.php/jeme/article/download/127/203",""
0,"","The rental of a house by a member of the Paḫḫāru family from Egibi",2024,"The Rental of Egibi Houses in the Neo-Babylonian Period (VI-V Centuries BC)","Zaphon","https://doi.org/10.2307/jj.19850072.10","",21,"2026-05-27 21:00:15","book-chapter","10.2307/jj.19850072.10","",,,,107,116,0,0.00,0,0,2,"","",""
0,"","The rental of a house by a member of the Ša-nāšīšu family from Egibi",2024,"The Rental of Egibi Houses in the Neo-Babylonian Period (VI-V Centuries BC)","Zaphon","https://doi.org/10.2307/jj.19850072.9","",22,"2026-05-27 21:00:15","book-chapter","10.2307/jj.19850072.9","",,,,87,106,0,0.00,0,0,2,"","",""
0,"","The rental of a house by a member of the Nūr-Sîn family from Egibi",2024,"The Rental of Egibi Houses in the Neo-Babylonian Period (VI-V Centuries BC)","Zaphon","https://doi.org/10.2307/jj.19850072.7","",23,"2026-05-27 21:00:15","book-chapter","10.2307/jj.19850072.7","",,,,47,58,0,0.00,0,0,2,"","",""
0,"","The rental of a house by a member of the Rabâ-ša-Ninurta family from Egibi",2024,"The Rental of Egibi Houses in the Neo-Babylonian Period (VI-V Centuries BC)","Zaphon","https://doi.org/10.2307/jj.19850072.11","",24,"2026-05-27 21:00:15","book-chapter","10.2307/jj.19850072.11","",,,,117,122,0,0.00,0,0,2,"","",""
0,"Sam Martin, Thomas Dimopoulos, Martha Katafygiotou","Factors Influencing Rental Investments in Paphos, Cyprus: Comparing Short and Long-Term Rental Strategies",2024,"","MDPI AG","https://doi.org/10.20944/preprints202404.0187.v1","",29,"2026-05-27 21:00:15","posted-content","10.20944/preprints202404.0187.v1","",,,,,,0,0.00,0,3,2,"Understanding the optimal strategy for a real estate investment and how performance changes based on characteristics is crucial for optimising the achievable return. This is prominent in tourist areas such as Paphos where there is no clear distinction as to whether short or long-term approaches are optimal. The study aimed to develop a model for predicting the optimal rental strategy whilst assessing which model performed best and which property attributes impacted its return the greatest. Short-term data was collected from AirDNA and long-term data was manually collected from real estate agents websites. Furthermore, Random Forest, K-Nearest Neighbour and Multiple Linear Regression models were created to predict the highest and best use for each property. Model accuracy varied between data sets with the best performing model for short-term properties being Random Forest (R-Squared: 0.843), and Distance-Based Multiple Linear Regression for long-term approach (R-Squared: 0.843). The study demonstrated that accurate models could be created to predict the optimal rental strategy with the number of bedrooms being the main driver for rental income, followed by luxury finishes and the presence of a pool. It found that locational characteristics didn&rsquo;t impact the returns significantly assuming that the property was located within a tourist area.","",""
1,"Xiaopeng Zhang","Paris House Rental Price Index Prediction-A Classical Statistical Model Approach",2024,"Highlights in Science, Engineering and Technology","Darcy & Roy Press Co. Ltd.","https://doi.org/10.54097/q6kz2d72","",33,"2026-05-27 21:00:15","journal-article","10.54097/q6kz2d72","2791-0210",,88,,294,299,1,0.50,1,1,2,"The study focuses on predicting rental prices in Paris and aims to contribute to urban economics and data analytics. It analyzes a wide range of data sources, including historical rental prices, economic indicators, demographics, and regulations. The goal is to compare classical statistical models' prediction accuracy of these three models: ARIMA, dynamic regression, and random forest. The results reveal that the ARIMA model performs best, offering more accurate predictions. ARIMA relies on time series analysis, capturing complex patterns in rental prices, making it well-suited for dynamic real estate markets. The study also examines the impact of external factors like rent reference indices, house price indices, and unemployment rates on prediction accuracy. While these factors seem promising, the further analysis suggests they can introduce noise into predictions if not chosen carefully. In conclusion, this research contributes valuable insights for rental market stakeholders. The ARIMA model proves effective for rental price forecasting in Paris, emphasizing the importance of understanding intrinsic time series patterns. This study can guide decision-making for renters, landlords, and investors in Paris and similar urban areas, providing a better understanding of predictive modeling in housing markets.","https://drpress.org/ojs/index.php/HSET/article/download/18869/18425",""
0,"","Examining Influence of User Experience Factors on Satisfaction with Mamikos Boarding House Rental App in Indonesia",2024,"Journal of Logistics, Informatics and Service Science","Hong Kong Success Culture Press","https://doi.org/10.33168/jliss.2024.0518","",34,"2026-05-27 21:00:15","journal-article","10.33168/jliss.2024.0518","2409-2665",,,,,,0,0.00,0,0,2,"","",""
0,"Rahmia Rachman","The Validity of Boarding House Rental Agreements from Civil Law Perspectives",2024,"Alauddin Law Development Journal","Universitas Islam Negeri Alauddin Makassar","https://doi.org/10.24252/aldev.v6i3.51228","",35,"2026-05-27 21:00:15","journal-article","10.24252/aldev.v6i3.51228","2686-3782",,6,3,433,444,0,0.00,0,1,2,"Tenants of boarding houses generally make rental agreements informally; in fact, the situation tends to be weak, so legal protection is needed. The purpose of the research is to determine the validity of the room rental agreement and to understand the legal protection for tenants of boarding houses. The research method used in this study is normative juridical. The results of the study indicate that the validity of the room rental agreement is valid and binding on the parties if the agreement meets the requirements for a valid contract based on Article 1320 of the Civil Code, even if it is in an unwritten form. Legal protection for tenants of boarding houses includes preventive legal protection, paying the rental price and returning the room in good condition. Repressive legal protection applies if there is loss or damage in the boarding room caused by the negligence of the tenant.","https://journal.uin-alauddin.ac.id/index.php/aldev/article/download/51228/20900",""
0,"Amina S, Harikrishnan S R","Auto Generated Agreement Based House Rental System",2024,"International Journal of Advanced Research in Science, Communication and Technology","Naksh Solutions","https://doi.org/10.48175/ijarsct-19335","",36,"2026-05-27 21:00:15","journal-article","10.48175/ijarsct-19335","2581-9429",,,,250,257,0,0.00,0,2,2,"The housing rental market faces several challenges, including numerous landlords, arbitrary charges, and false rental information, making it difficult for the government to monitor and regulate the rental situation effectively. To address these issues, this project proposes the creation of a housing leasing alliance chain using blockchain technology based on encryption algorithms. In this system, landlords and tenants sign lease agreements through smart contracts, which establish the lease relationship, automate the regular payment and collection of rent, and return rental rights when due. The alliance chain network incorporates certification department nodes and record management nodes to verify the authenticity of property listings and personal identity information, back up lease contract information, register housing rental situations, and ensure safe leasing practices. This method eliminates the need for intermediaries, reduces costs, and provides clear housing rental information, benefiting government market supervision. The client application system is designed for the public rental market. Landlords can register, log in, and post available rental information, while tenants can search for matching housing resources based on their needs and send requests to the alliance chain network once they have expressed interest. The alliance chain network is responsible for recording transaction information, authenticating property listings and personal identity information, and maintaining on-chain records of leasing situations. The blockchain repository is tamper-proof and traceable, aiding in the resolution of disputes related to housing leases, such as accommodation issues and lease priorities. The Home Rental System is particularly advantageous for property owners as it saves time by only connecting them with eligible tenants, eliminating the need for verbal explanations of room details. It is best suited for urban areas, allowing customers to easily search for suitable properties based on their budget and occupancy limits.","",""
0,"","Prices: Analytical house price indicators (Edition 2023)",2024,"Main Economic Indicators","OECD","https://doi.org/10.1787/8df9cef0-en","",40,"2026-05-27 21:00:15","dataset","10.1787/8df9cef0-en","",,,,,,0,0.00,0,0,2,"","",""
0,"Filiz Şenyüzlüler, Adil Baykasoglu","Development of web based data-driven recommendation system for house rental via hierarchical fuzzy axiomatic design",2024,"Kybernetes","Emerald","https://doi.org/10.1108/k-08-2024-2211","",48,"2026-05-27 21:00:15","journal-article","10.1108/k-08-2024-2211","0368-492X",,55,2,1156,1182,0,0.00,0,2,2,"Purpose: In the real estate business, identifying the ideal property for a user poses a difficult task due to the many factors involved in the decision-making process. Moreover, users often struggle to find platforms that facilitate effective communication of their preferences. To tackle this issue, a web-based data-driven recommendation system has been devised for the real estate business. Design/methodology/approach: The process of identifying the most suitable rental property for a user hinges greatly on how the user prioritizes each criterion and the analysis of unstructured data. In this research, a novel recommendation system for house rentals is developed by utilizing the Weighted Hierarchical Fuzzy Axiomatic Design (WFAD) approach. Techniques for extracting pertinent information from unstructured house descriptions are employed. The user’s preferences are captured through an interactive web application equipped with a map feature to highlight key locations. Findings: Data on various available rental properties are gathered using web scraping techniques. The efficacy of the proposed rental house recommendation system is demonstrated through multiple case studies. It is observed that the developed system provides more informed and reliable decisions. Originality/value: First time in the related literature, we applied the weighted fuzzy axiomatic design procedure (WFAD) to the product recommendation problem and developed a comprehensive web-based system for recommending rental houses based on it in the real estate business.","https://www.emerald.com/k/article-pdf/55/2/1156/11202173/k-08-2024-2211en.pdf",""
0,"","Additional contracts of house rentals of the Egibi family",2024,"The Rental of Egibi Houses in the Neo-Babylonian Period (VI-V Centuries BC)","Zaphon","https://doi.org/10.2307/jj.19850072.14","",60,"2026-05-27 21:00:15","book-chapter","10.2307/jj.19850072.14","",,,,133,158,0,0.00,0,0,2,"","",""
1,"Konstantin A. Kholodilin, Sebastian Kohl, Florian Müller","Government-Made House Price Bubbles? Austerity, Homeownership, Rental, and Credit Liberalization Policies and the “Irrational Exuberance” on Housing Markets",2024,"SSRN Electronic Journal","Elsevier BV","https://doi.org/10.2139/ssrn.4682572","",61,"2026-05-27 21:00:15","journal-article","10.2139/ssrn.4682572","1556-5068",,,,,,1,0.50,0,3,2,"","",""
0,"Mohammad Shohel Rana, Saleh Ibne Omar, Md. Fahim Muntashir Pranta","House Rental Finding System Using Laravel, Vue.Js, And PHP Machine Learning Library",2024,"IOSR Journal of Computer Engineering","International Organization of Scientific Research","https://doi.org/10.9790/0661-2605010812","",65,"2026-05-27 21:00:15","journal-article","10.9790/0661-2605010812","2278-0661",,26,5,8,12,0,0.00,0,3,2,"The use of technology in all parts of our lives has greatly increased in recent years, nowadays, people tend to search for everything online before they make decisions. However, looking for rental houses online is not common in Bangladesh, it is not because people do not want to, but because there are not many online platforms focusing on residential rentals. For the mentioned reason we developed a house rental finding web application using Laravel, Vue.js, and PHP-ML library. Laravel handles the backend whereas Vue.js manages the frontend, we utilized PHP Machine Learning Library’s Linear Regression and K-Nearest Neighbours (KNN) algorithm to build a machine learning model for the search system. The goal is to make it easier to find rental properties. Our system gives personalized suggestions based on user inputs, like location, rental price, property size, and the number of rooms and bathrooms. Our application aims to make searching for rental houses a better experience and more efficient","",""
0,"М.Д. Рябцев","Арендный бизнес: технологии управления недвижимостью",2024,"Journal of Monetary Economics and Management","Center for the Development of Education and Science","https://doi.org/10.26118/2782-4586.2024.66.10.175","",67,"2026-05-27 21:00:15","journal-article","10.26118/2782-4586.2024.66.10.175","2782-4586",,,12,189,194,0,0.00,0,1,2,"В статье рассматриваются современные подходы и технологии управления коммерческой недвижимостью с акцентом на внедрение цифровых решений и оптимизацию процессов. Основное внимание уделяется ключевым принципам управления, включая финансовый контроль, техническое обслуживание, работу с арендаторами, мониторинг рыночной конъюнктуры и учет экологических факторов. Важной частью анализа является исследование роли технологий, таких как автоматизированные системы управления зданиями (Building Management Systems, BMS), Интернет вещей (IoT), аналитические платформы на базе больших данных и решения PropTech. Подробно рассматриваются инновации в сфере коммерческой недвижимости, которые трансформируют управление объектами, позволяя владельцам и управляющим компаниям эффективно управлять объектами с помощью единой цифровой платформы, оптимизировать техническое обслуживание, улучшать взаимодействие с арендаторами и прогнозировать рыночные тенденции. Особое внимание уделяется устойчивому развитию и энергоэффективности как стратегическим направлениям современного арендного бизнеса. Сделан вывод о необходимости дальнейшего развития цифровизации и сотрудничества между участниками рынка для достижения устойчивого роста.","",""
0,"","Online vehicle rental management system",2024,"International Research Journal of Modernization in Engineering Technology and Science","International Research Journal of Modernization in Engineering Technology and Science","https://doi.org/10.56726/irjmets53564","",70,"2026-05-27 21:00:15","journal-article","10.56726/irjmets53564","2582-5208",,,,,,0,0.00,0,0,2,"","",""
1,"Komalavalli D, Naveenkumar Anbalagan, Madhumitha M, Najma N, Kaviyanbu K, Mathiyarasi P","Leveraging Hybrid Machine Learning Technique For Effective House Rental Price Forecasting",2024,"2024 11th International Conference on Advances in Computing and Communications (ICACC)","IEEE","https://doi.org/10.1109/icacc63692.2024.10845250","",79,"2026-05-27 21:00:15","proceedings-article","10.1109/icacc63692.2024.10845250","",,,,1,6,1,0.50,0,6,2,"","http://xplorestaging.ieee.org/ielx8/10845201/10845232/10845250.pdf?arnumber=10845250",""
0,"Mark Anthony T. Golo, Riah Elcullada Encarnacion","Revolutionizing the Rental Services in Siargao Island: Basis for Developing an Online Vehicle Rental Management System",2024,"International Journal of Advanced Research in Science, Communication and Technology","Naksh Solutions","https://doi.org/10.48175/ijarsct-18754","",80,"2026-05-27 21:00:15","journal-article","10.48175/ijarsct-18754","2581-9429",,,,438,447,0,0.00,0,2,2,"The research paper addresses the inefficiencies faced by tourists and local rental service providers in the vehicle rental sector of Siargao Islandin the Philippines. Despite the thriving tourism industry in the island, the current manual processes for vehicle rentals are fraught with challenges such as unreliable service, booking difficulties, and inefficient fleet management. This study aims bridge the gap between these traditional practices and modern technological solutions by proposing an online vehicle rental management system designed to streamline operations and enhance customer experience. Using a mixed-methods approach, the exploration integrates qualitative insights from ethnographic studies and interviews while quantitative data from the surveys targeting tourists, residents, and rental service providers. This methodology enables a thorough understanding of the operational challenges and user needs within the rental ecosystem. The findings revealed significant inadequacies in manual booking thus highlighting a strong demand for an automated and user-friendly online platform. The proposed system incorporates advanced system software to automate bookings, optimize fleet management, and provide real-time updates and notifications by enhancing operational efficiency, reducing errors, and improving service reliability. Additionally, it seeks to empower local rental businesses through provision with tools to manage their operations more effectively and compete in the digital age. The research underscores the potential of the proposed system to revolutionize rental services in Siargao Island by improving accessibility, convenience, and customer satisfaction. The future implementation of this online platform is expected to contribute significantly to the sustainable growth of Siargao's tourism industry, ultimately benefiting tourists, local businesses, and the broader community","",""
0,"Hooreya A. Khunji, Ahmed M. Zeki","Comparing Linear Regression, Random Forest and Support Vector Machine for Rental House Price Forecasting in Bahrain",2024,"2024 5th International Conference on Data Analytics for Business and Industry (ICDABI)","IEEE","https://doi.org/10.1109/icdabi63787.2024.10800514","",83,"2026-05-27 21:00:15","proceedings-article","10.1109/icdabi63787.2024.10800514","",,,,169,172,0,0.00,0,2,2,"","http://xplorestaging.ieee.org/ielx8/10799938/10799981/10800514.pdf?arnumber=10800514",""
0,"Sunday Oluyele, Juwon Akingbade, Victor Akinode, Royal Idoghor","Prediction of Urban House Rental Prices in Lagos - Nigeria: A Machine Learning Approach",2024,"ABUAD Journal of Engineering Research and Development (AJERD)","Afe Babalola University Ado-Ekiti","https://doi.org/10.53982/ajerd.2024.0702.21-j","",86,"2026-05-27 21:00:15","journal-article","10.53982/ajerd.2024.0702.21-j","2645-2685",,7,2,216,228,0,0.00,0,4,2,"Often, prospective tenants need to know the rental price of an apartment, and homeowners need to know how best to price their apartments. This work aims to predict house rental prices in Lagos, Nigeria, using machine learning by examining the relationship between the rental price and features such as the number of bedrooms, bathrooms, toilets, location and house status(newly built, furnished, and/or serviced). Five machine learning models were trained and evaluated using mean absolute error (MAE), root mean squared error (RMSE) and r-square (R2); the random forest regression model outperformed the other four models with the lowest MAE, RMSE and the highest R2. This study also revealed that the number of bedrooms and the apartment's location are the most significant predictors, confirmed using the feature importance analysis. The developed model can be used to estimate the rental price of a property in Lagos, Nigeria.","https://journals.abuad.edu.ng/index.php/ajerd/article/download/696/478",""
5,"Navid Safari, Lei Zhang, Timothy M. Komarek","The impact of short-term rental activity on house prices: evidence from coastal Virginia",2024,"The Annals of Regional Science","Springer Science and Business Media LLC","https://doi.org/10.1007/s00168-024-01328-4","",92,"2026-05-27 21:00:15","journal-article","10.1007/s00168-024-01328-4","0570-1864",,74,1,,,5,2.50,2,3,2,"Abstract: Short-term rentals such as Airbnb have grown substantially in recent years. In this study, we investigated the effect of Airbnb rentals on neighboring house prices in Hampton Roads, Virginia. We focus on three different measures of Airbnb activity to obtain more robust results. Our measures include active Airbnb listings, active listings with at least one reservation, and the sum of reservations over three different periods. Consistent with previous literature, our main results show that prior Airbnb rental activity has a positive impact on the surrounding housing sales prices. Furthermore, the localized impact diminishes over geographic space (i.e., distances greater than 500 m). We also examine how Airbnb rental activity impacts house prices across the price distribution of home sales, using quantile regression. We find that the effect is strongest for higher-priced homes, while lower-priced houses are less impacted by Airbnb rentals.","https://link.springer.com/content/pdf/10.1007/s00168-024-01328-4.pdf",""
0,"Benjamin Preis","Is This a Rental? Comparing Methods for Identifying Rental Units",2024,"","Center for Open Science","https://doi.org/10.31219/osf.io/afzdx","",97,"2026-05-27 21:00:15","posted-content","10.31219/osf.io/afzdx","",,,,,,0,0.00,0,1,2,"<p>Researchers regularly attempt to identify individual housing units as either owner-occupied or renter-occupied. But the data sources available to do so are rarely purpose-built for answering that question. This paper explores the most common approaches used in the literature to identify rental properties in the United States, namely by identifying properties based on characteristics listed within a tax assessment database. This study shows the possible problems associated with the current approaches to identify rental properties based on homestead exemptions or address matching. An underutilized data source — local rental registries — are introduced as a possible alternative in the cities that have them. Differences between rental registries and tax assessment databases are discussed, and the number, count, and type of rental units are compared in five cities. I identify possible sources of disagreement between data sources. This paper cautions researchers who opt to use tax assessment databases, or proprietary data sources, to identify rental units.</p>","",""
0,"","The receipt of payment of house rent by a member of the Bābūtu family to Egibi",2024,"The Rental of Egibi Houses in the Neo-Babylonian Period (VI-V Centuries BC)","Zaphon","https://doi.org/10.2307/jj.19850072.5","",103,"2026-05-27 21:00:15","book-chapter","10.2307/jj.19850072.5","",,,,17,32,0,0.00,0,0,2,"","",""
1,"Stepan Chalupa, Martin Petricek","Application of revenue management practices in short-term rental management",2024,"Journal of Revenue and Pricing Management","Springer Science and Business Media LLC","https://doi.org/10.1057/s41272-024-00516-3","",104,"2026-05-27 21:00:15","journal-article","10.1057/s41272-024-00516-3","1476-6930",,24,4,326,333,1,0.50,1,2,2,"","https://link.springer.com/content/pdf/10.1057/s41272-024-00516-3.pdf",""
0,"","The municipal rental agency in Prague, Czechia",2024,"Country Profiles on Housing and Land Management","United Nations","https://doi.org/10.18356/9789213587935c012","",105,"2026-05-27 21:00:15","book-chapter","10.18356/9789213587935c012","2521-6236",,,,133,134,0,0.00,0,0,2,"","",""
0,"Rofiq Rofiq, Rifdah Abadiyah","Car Rental Business Plan Golden Transport",2024,"","Universitas Muhammadiyah Sidoarjo","https://doi.org/10.21070/ups.6331","",111,"2026-05-27 21:00:15","posted-content","10.21070/ups.6331","",,,,,,0,0.00,0,2,2,"","",""
0,"","The receipt of payment of house rent by a member of the Aqar-ana-Nabû family to Egibi",2024,"The Rental of Egibi Houses in the Neo-Babylonian Period (VI-V Centuries BC)","Zaphon","https://doi.org/10.2307/jj.19850072.13","",115,"2026-05-27 21:00:15","book-chapter","10.2307/jj.19850072.13","",,,,127,132,0,0.00,0,0,2,"","",""
3,"Huihui Zhang, Florian J. Zach, Zheng Xiang","Optimal distinctiveness of short-term rental property design",2024,"International Journal of Hospitality Management","Elsevier BV","https://doi.org/10.1016/j.ijhm.2024.103737","",121,"2026-05-27 21:00:15","journal-article","10.1016/j.ijhm.2024.103737","0278-4319",,120,,103737,103737,3,1.50,1,3,2,"","https://api.elsevier.com/content/article/PII:S0278431924000495",""
0,"","The social rental and employment agency in Warsaw, Poland",2024,"Country Profiles on Housing and Land Management","United Nations","https://doi.org/10.18356/9789213587935c013","",125,"2026-05-27 21:00:15","book-chapter","10.18356/9789213587935c013","2521-6236",,,,135,136,0,0.00,0,0,2,"","",""
0,"","The receipt of payment of house rent by a member of the Ea-ēpeš-ilī family to Egibi",2024,"The Rental of Egibi Houses in the Neo-Babylonian Period (VI-V Centuries BC)","Zaphon","https://doi.org/10.2307/jj.19850072.6","",129,"2026-05-27 21:00:15","book-chapter","10.2307/jj.19850072.6","",,,,33,46,0,0.00,0,0,2,"","",""
0,"Davito Rasendriya Rizqullah Putra Putra, Ika Ratna Indra Astutik Astutik","Car Rental Application (ARMO)",2024,"","Universitas Muhammadiyah Sidoarjo","https://doi.org/10.21070/ups.3872","",133,"2026-05-27 21:00:15","posted-content","10.21070/ups.3872","",,,,,,0,0.00,0,2,2,"","",""
0,"Eko Prasetyo, Dhany Isnaeni Darmawan","The Influence of Car Rental Product Quality, Prices, and Complaint Handling System on Decisions to Use Car Rental Services at Botana Transport Rent Car &amp; Tour Travel",2024,"ePaper Bisnis : International Journal of Entrepreneurship and Management","Asosiasi Riset Ilmu Manajemen dan Bisnis Indonesia","https://doi.org/10.61132/epaperbisnis.v1i3.60","",135,"2026-05-27 21:00:15","journal-article","10.61132/epaperbisnis.v1i3.60","3047-907X",,1,3,17,33,0,0.00,0,2,2,"The aim of this research is to determine the influence of product service quality, price, rental car complaint handling system on the decision to use car rental services at Botana Transport Rent Cars & Tours travel. This research was conducted at Botana Transport Rent Cars & Tours travel located on Jl. Raya Kemang, Cilegon City. The sample in this study consisted of 100 respondents using Accidental Sampling. The data analysis used is multiple linear regression. The results of the research are that product quality and the complaint handling system have a positive influence, while price has a negative influence on the decision to use a rental car at Botana Transport Rent. Cars & Tours travel. Simultaneously or at the same time, product quality, price and car rental handling system at Botana Transport Rent Cars & Tours travel. Meanwhile, the R Square value explains the decision to use car rental services at Botana Transport Rent Cars & Tours Travel is influenced by product quality, price and complaint handling system by 44.2% while the remaining 55.8% is influenced by other variables not used in this research.","https://international.arimbi.or.id/index.php/ePaperBisnis/article/download/60/96",""
0,"Roja' Putri Cintani, Shafa Aurelia Putri, Desti Fitriati","Application of Data Mining Using Methods K-Means Clustering for Clustering Baby Goods Rental Patterns (Case Study: Baby Kha House Store)",2024,"Jurnal Riset Informatika","Kresnamedia Publisher","https://doi.org/10.34288/jri.v6i2.265","",140,"2026-05-27 21:00:15","journal-article","10.34288/jri.v6i2.265","2656-1735",,6,2,85,94,0,0.00,0,3,2,"A baby item rental business is a practical option for parents who want to fulfill their baby's needs without buying them. Babykhahouse is one of the stores that offer rental services for various kinds of mother, baby, and child equipment. As the volume of data related to rental transactions increases, it is also increasingly difficult to know and understand the rental patterns found at the Babykhahouse store. This research aims to get a rental pattern that can later be a consideration for the store in determining promos and adding stock items. In handling these problems, data mining methods, especially clustering, are applied to group data and classify it based on certain groups. The clustering method used in this research is K-Means Clustering, which generates clusters to find similar rental patterns. In this study, 2 (two) types of clusters were formed, where, based on the 2 (two) clusters, it will be known which products have high and low rental rates. Based on the research, the results are 100 data in cluster 0, or the unsold cluster, and 64 in cluster 1, or the sold cluster. Products included in cluster 1 or in-demand clusters are products with a high level of sales.","https://ejournal.kresnamediapublisher.com/index.php/jri/article/download/265/273",""
10,"Huihui Zhang, Florian J. Zach, Zheng Xiang","Multi-level differentiation of short-term rental properties: A deep learning-based analysis of aesthetic design",2024,"Tourism Management","Elsevier BV","https://doi.org/10.1016/j.tourman.2023.104832","",142,"2026-05-27 21:00:15","journal-article","10.1016/j.tourman.2023.104832","0261-5177",,100,,104832,104832,10,5.00,3,3,2,"","https://api.elsevier.com/content/article/PII:S0261517723001140",""
0,"Shiqi Tang","The Investigation of Rental Market Rent Models Based on Machine Learning",2024,"Highlights in Business, Economics and Management","Darcy & Roy Press Co. Ltd.","https://doi.org/10.54097/q8cwsx22","",145,"2026-05-27 21:00:15","journal-article","10.54097/q8cwsx22","2957-952X",,27,,77,90,0,0.00,0,1,2,"In terms of the renting field, landlords often set rental prices subjectively based on market trends, lacking standardized criteria. This can lead to arbitrary pricing and potential market instability. In contrast, machine learning, with its advancements across various industries, offers a solution to model these complex, non-linear relationships. Although numerous studies have investigated the factors that impact rental prices, there is a scarcity of research dedicated to predicting rental prices, in contrast to the extensive body of work centered on forecasting property prices within the real estate sector. Firstly, this study examines key factors influencing rental prices. Utilizing a Kaggle dataset containing statistical information on Italian housing rentals, including architectural and geographical features, this study processes the data, handles missing values, removes outliers, and analyzes feature correlations. Various machine learning models, including Backpropagation (BP) neural networks, decision trees, random forests, gradient boosting regression, and multiple linear regression, are employed for rental price prediction. The study concludes by comparing model performance and discussing their strengths and weaknesses. Key findings reveal that neural networks outperform other methods in rental price prediction, showing the lowest Mean Absolute Error (MAE) and Root Mean Squared Error (RMSE) errors, while decision trees perform the poorest. Furthermore, bathroom count exhibits the highest correlation with rental prices, followed by property size, with villa status ranking third.","https://drpress.org/ojs/index.php/HBEM/article/download/18494/18029",""
0,"John Temitope Ogbiti, William Aaron","Development of a web-based car rental management system",2024,"Science World Journal","African Journals Online (AJOL)","https://doi.org/10.4314/swj.v19i3.27","",149,"2026-05-27 21:00:15","journal-article","10.4314/swj.v19i3.27","1597-6343",,19,3,797,807,0,0.00,0,2,2,"This study presents the development and implementation of a comprehensive car rental management system, aimed at streamlining and  enhancing the rental process for users and administrators. The system was built using robust technology tools, including PHP for  server-side scripting, JavaScript for dynamic client-side interactions, and Bootstrap for responsive design. The development environment  consisted of Visual Studio 2019, Microsoft SQL Server Express for database management, and IIS as the web server. The MSUnit  framework was utilized to execute various test cases, covering key functionalities such as user registration, reservation management, role  assignment, and administrative controls. The testing results demonstrated a 100% pass rate across all test cases, confirming the  reliability and robustness of the system. The test traceability matrix linked specific requirements to corresponding test cases, providing clear documentation of the verification process. This traceability ensured comprehensive coverage of all system functionalities and  facilitated easy identification of any potential issues. A user guide was developed to assist end-users in navigating the system, detailing  all processes and functionalities in an easy-tounderstand format. This guide aimed to enhance user experience and ensure users could  efficiently accomplish their goals using the system. In conclusion, this study showcases the successful development, implementation, and  testing of a car rental management system, highlighting the effective use of modern technologies and methodologies to overcome  implementation challenges and ensure a reliable and user-friendly application. The detailed documentation of the process provides  valuable insights and serves as a reference for future projects in similar domains.   ","https://www.ajol.info/index.php/swj/article/download/280923/264837",""
2,"Aldona Jarašūnienė, Nijolė Batarlienė, Benediktas Šidlauskis","Management of Risk Factors in the Rental Car Market",2024,"Future Transportation","MDPI AG","https://doi.org/10.3390/futuretransp4040070","",159,"2026-05-27 21:00:15","journal-article","10.3390/futuretransp4040070","2673-7590",,4,4,1457,1475,2,1.00,1,3,2,"The car rental sector is a dynamic and rapidly growing business sector, which is important for both the development of the automotive industry and consumer mobility needs. In the rental car market, risk management becomes an essential factor determining the success and long-term growth of business operations. Risk factors inherent in this sector, such as the technical condition of cars, customer behavior, economic conditions and the legal environment, require a structured and efficient management that would allow companies to make the most of the available opportunities and to minimize threats. The purpose of this article is to examine the risk management of car rental and evaluate the impact of a 5–10-year-old car rental model with reverse logistics on risk reduction and business efficiency. The article examines the methods of the risk management process, presenting the methods of risk identification, assessment and reduction, as well as the possibilities of applying reverse logistics in the car rental sector. The results of the applied expert method of quantitative research and the conducted questionnaire survey revealed the factors that are most important for a company that renews its fleet of vehicles. These are the price, operating costs, sustainability, and environmental friendliness, with sustainability being the top priority. Companies can benefit from the research results when making decisions about the renewal and optimization of their vehicle fleet. It was concluded that implementing reverse logistics in the car rental sector will increase company profits and reduce pollution.","https://www.mdpi.com/2673-7590/4/4/70/pdf",""
0,"Patricia Guillante, Natalie Fylak, Kristen Cetin","Potential Factors Influencing Student Rental Housing Participation in Demand-Side Management Strategies",2024,"Construction Research Congress 2024","American Society of Civil Engineers","https://doi.org/10.1061/9780784485279.052","",168,"2026-05-27 21:00:15","proceedings-article","10.1061/9780784485279.052","",,,,515,525,0,0.00,0,3,2,"","https://ascelibrary.org/doi/pdf/10.1061/9780784485279.052",""
0,"","How to Increase Real Estate Agents’ Intention to Use Rental Home Management Websites in Bangkok, Thailand",2024,"Hong Kong Journal of Social Sciences","Science Press","https://doi.org/10.55463/hkjss.issn.1021-3619.64.22","",177,"2026-05-27 21:00:15","journal-article","10.55463/hkjss.issn.1021-3619.64.22","1021-3619",,,64,,,0,0.00,0,0,2,"","",""
0,"","rental, n.",2024,"Oxford English Dictionary","Oxford University Press","https://doi.org/10.1093/oed/6494771251","",182,"2026-05-27 21:00:15","book-chapter","10.1093/oed/6494771251","",,,,,,0,0.00,0,0,2,"","",""
0,"Stephen Ugwuejim, Patience Iruobe, Jonathan Rimamsichi","Economy Contractions and the Rental Housing Affordability Situation in the Lagos Property Market: A Short-Term Outlook",2024,"","MDPI AG","https://doi.org/10.20944/preprints202409.0804.v1","",185,"2026-05-27 21:00:15","posted-content","10.20944/preprints202409.0804.v1","",,,,,,0,0.00,0,3,2,"With real estate cycles being a subset of business cycles, contraction stages are often perceived as short-term, after which a revival of the property market sets in. The worsening Nigerian economy has further complicated the issues of housing supply and affordability in economic nerves like Lagos. This study examined the fundamental and associated factors contributing to rental housing affordability issues between 2019-2023 in Lagos. This article is produced with the intention of providing a market data update on rental housing price movements for both the mainland and island zones of Lagos, as well as comparing their affordability convenience for income-earners or households based on the rent-income ratio. The study adopted a mixed research design and various data sources were consulted in analyzing the fundamentals, rent and affordability trends. The study discovered that affordability convenience ratios for the various income bands had deteriorated further between 2019 and 2023 in Lagos mainland (8%) and island (9%). 67% and 80% of income earners are paying above the optimal 30% of their personal or household income in meeting their rental demand in Lagos mainland and island respectively. The paper suggested the application of fundamental, institutional and environmental strategies to combating the current phenomenon.","",""
0,"I Gede Panji Krisnayana","Risk Management and Service Management Strategies for Car Rental in Improving Vehicle Security Quality for the Company",2024,"Eduvest - Journal of Universal Studies","Green Publisher","https://doi.org/10.59188/eduvest.v4i7.1638","",187,"2026-05-27 21:00:15","journal-article","10.59188/eduvest.v4i7.1638","2775-3727",,4,7,6507,6518,0,0.00,0,1,2,"The shift in tourist interest from initially using transportation services through travel agents to now preferring to rent vehicles themselves has become evident. With the increasing number of consumers requiring car rental services and companies expanding their fleet sizes, it is undeniable that the associated risks also increase each year. Therefore, the purpose of this research is to explore the complex risks to vehicle units in car rental companies in Bali and to determine strategies and steps to improve the security quality of vehicle units in these companies. This study employs a descriptive qualitative method with an enterprise risk management approach, which includes risk identification, risk analysis, risk assessment, risk management, and risk monitoring. The research results, using the likelihood impact matrix technique on five car rental companies in Bali, identified four common risks: operational risk, financial risk, human resources risk, and external risk, with varying levels of risk from low risk, medium risk, to high risk. Strategies for managing these risks include mitigating medium risks and accepting low risks. The policies derived from this study are in the form of risk analysis and risk management strategies for car rental companies in Bali to enhance the security quality of their vehicle units.","https://eduvest.greenvest.co.id/index.php/edv/article/download/1638/2492",""
0,"N. O. Berezovskaia","Risk management in short–term rental properties: methods and strategies for minimizing risks",2024,"Entrepreneur’s Guide","Publishing Agency Science and Education","https://doi.org/10.24182/2073-9885-2023-17-3-39-48","",196,"2026-05-27 21:00:15","journal-article","10.24182/2073-9885-2023-17-3-39-48","2687-136X",,17,3,39,48,0,0.00,0,1,2,"This article aims to identify and analyze effective risk management strategies within the short–term rental market, focusing on enhancing operational efficiency and profitability while ensuring compliance and security. The study utilizes a methodological framework that integrates data–driven risk assessments, optimization of rental strategies through predictive analytics, the implementation of advanced security systems, and rigorous regulatory compliance. Key findings demonstrate that these strategies significantly mitigate financial, operational, and legal risks, contribute to sustainable business practices, and enhance the market reputation of property managers. The conclusion underscores the necessity of incorporating technological advancements and stringent compliance measures as foundational elements of modern property management. The novelty of this work lies in its comprehensive approach to integrating diverse risk management strategies, providing a holistic view that addresses the multifaceted challenges faced by today’s short–term rental businesses.","https://www.pp-mag.ru/jour/article/viewFile/1968/1725",""
0,"Aman singh","Car Rental System Authors:",2024,"INTERANTIONAL JOURNAL OF SCIENTIFIC RESEARCH IN ENGINEERING AND MANAGEMENT","Edtech Publishers (OPC) Private Limited","https://doi.org/10.55041/ijsrem34256","",198,"2026-05-27 21:00:15","journal-article","10.55041/ijsrem34256","2582-3930",,,5,1,5,0,0.00,0,1,2,"The Car Rental System enables customers to reserve vehicles from anywhere globally. By providing personal information, customers can create accounts on the website and proceed to reserve cars according to their preferences. This online system automates manual procedures effectively, aiding customers in filling specific details as per their needs. The goal is to establish a website for customers to book vehicles and request services worldwide KEYWORDS: Car Rental System, Online Booking, PHP, PHPMYADMIN, XAMPP, Database Management, System Analysis, Feasibility Analysis, User Interface Design, Data Flow Diagram, Sequence Diagram, ER Diagram, Database Connectivity","",""
0,"Navinkumar, Dr. S. Nagasundaram","Web-Based Agricultural Machinery Rental Business Management System",2024,"International Journal of Advanced Research in Science, Communication and Technology","Naksh Solutions","https://doi.org/10.48175/ijarsct-18615","",200,"2026-05-27 21:00:15","journal-article","10.48175/ijarsct-18615","2581-9429",,,,79,82,0,0.00,0,2,2,"Nowadays there are many online services which are on trend that give much benefit to user. This application named as tractor hiring application for farmers is a rental service in which the farmer arrives to request a hire of a rental unit. It is more convenient than carrying the cost of owning and maintaining the unit. There are several problems occur on farmer like they are not able to hire a tractor and equipment of agriculture for farming in nominal amount or they do not find tractor easily. In another case, sometimes farmers are unaware about the price of the tractor and other agricultural equipment; such that tractor owner misguide the farmers very easily and cheat them by taking extra money. The solution for solving such various problems occur on farmers regarding to agriculture can be overcome using this application. Therefore with this new method the process will me more efficient and safety of hiring tractor as well as equipment is secure. It is also the best way to increase the quality of agriculture management, productivity and can reduce the time constraints for farmers.","",""
0,"V.A. Kastornova","Methodological specifics of using intellectual software for syste matization of knowledge and academic performance rating",2024,"Pedagogical education and science","International Academy of Sciences of Pedagogical Education","https://doi.org/10.56163/2072-2524-2024-6-65-71","",203,"2026-05-27 21:00:15","journal-article","10.56163/2072-2524-2024-6-65-71","2072-2524",,6,,,,0,0.00,0,1,2,"","",""
0,"SHAUKAT ALI,","Bike Rental System",2024,"INTERANTIONAL JOURNAL OF SCIENTIFIC RESEARCH IN ENGINEERING AND MANAGEMENT","Edtech Publishers (OPC) Private Limited","https://doi.org/10.55041/ijsrem33987","",208,"2026-05-27 21:00:15","journal-article","10.55041/ijsrem33987","2582-3930",,,5,1,5,0,0.00,0,1,2,"facing the growth of urban mobility in the city of Sfax and the problems of traffic, congestion and pollution, the development of active transportation has become an unavoidable solution. In this context, a study on the promotion of the bike use at Sfax City is launched for the first time. The study is based on a survey done with a sample of 500 citizens. The first part of this work is addressed to know the traveling habits of citizens in order to better understand the state of the current use of the bike at Sfax. The second part is dedicated for the identification of factors influencing the choice of bike’s rental through LOGIT model. Keywords— Shared transportation, sustainable urban mobility, active transportation, bike rental system, LOGIT model","",""
0,"","Rental Property Ownership &amp; Racial Wealth Inequality",2024,"","SAGE Publications, Ltd.","https://doi.org/10.4135/9781529692211","",215,"2026-05-27 21:00:15","database","10.4135/9781529692211","",,,,,,0,0.00,0,0,2,"","",""
0,"Mingxuan Xu, Baihe Chen","Intergenerational Transmission and Rental Occupancy Behavior in Family Firms",2024,"Transactions on Economics, Business and Management Research","Warwick Evans Publishing","https://doi.org/10.62051/tea9dk10","",217,"2026-05-27 21:00:15","journal-article","10.62051/tea9dk10","2960-2254",,6,,264,275,0,0.00,0,2,2,"As more and more family firms enter the stage of intergenerational inheritance, the impact of second-generation family successors on business operations at the early stage of succession has attracted widespread attention and heated debate. Based on this, this paper analyzes and examines the changes in corporate rental occupancy behavior from the perspective of intergenerational succession events of family firms by taking Chinese family-held listed companies as the research object from 2010 to 2022. The results find that the rent-taking behavior of family firms is significantly suppressed after the second-generation successors take office. Through the analysis of the influence mechanism, it is found that the influence of intergenerational succession of family firms on the level of rent occupancy has an incentive effect in the way of exacerbating financing constraints and a disincentive effect in the way of lowering the level of risk-taking, with the disincentive effect being dominant. Further, the inhibitory effect of intergenerational inheritance on firms' rent-taking behavior is weakened when there is intense competition in the industry, a high percentage of the chairman's shareholding, and a low level of educational attainment of the successor. The research work in this paper not only enriches the relevant literature, but also the relevant findings have important implications for the monitoring and control of irregularities in family firms.","https://wepub.org/index.php/TEBMR/article/download/1679/1870",""
0,"Sam Martin, Thomas Dimopoulos, Martha Katafygiotou","Factors Influencing Rental Investments in Paphos, Cyprus: Comparing Short and Long-Term Rental Strategies",2024,"","MDPI AG","https://doi.org/10.20944/preprints202404.0187.v2","",221,"2026-05-27 21:00:15","posted-content","10.20944/preprints202404.0187.v2","",,,,,,0,0.00,0,3,2,"Understanding the optimal strategy for a real estate investment and how performance changes based on characteristics is crucial for optimising the achievable return. This is prominent in tourist areas such as Paphos where there is no clear distinction as to whether short or long-term approaches are optimal. The study aimed to develop a model for predicting the optimal rental strategy whilst assessing which model performed best and which property attributes impacted its return the greatest. Short-term data was collected from AirDNA and long-term data was manually collected from real estate agents websites. Furthermore, Random Forest, K-Nearest Neighbour and Multiple Linear Regression models were created to predict the highest and best use for each property. Model accuracy varied between data sets with the best performing model for short-term properties being Random Forest (R-Squared: 0.843), and Distance-Based Multiple Linear Regression for long-term approach (R-Squared: 0.843). The study demonstrated that accurate models could be created to predict the optimal rental strategy with the number of bedrooms being the main driver for rental income, followed by luxury finishes and the presence of a pool. It found that locational characteristics didn’t impact the returns significantly assuming that the property was located within a tourist area.","",""
1,"Janine M. Magno, Ronnie S. Pelayo, Kristine T. Soberano, Ph.D.","Apartment Rental Management System for Real-Time Transaction and Task Organization",2024,"INTERNATIONAL JOURNAL OF MULTIDISCIPLINARY RESEARCH AND ANALYSIS","Everant Journals","https://doi.org/10.47191/ijmra/v7-i07-29","",226,"2026-05-27 21:00:15","journal-article","10.47191/ijmra/v7-i07-29","2643-9840",,7,7,,,1,0.50,0,3,2,"The study focuses mainly on providing Celso with an Apartment Rental Management System for Real-Time Transaction and Task Organization. The system is a solution to the issue of inaccurate and disorganized data management within Celso’s apartment complexes. To address this challenge, the Apartment Rental Management System for Real-Time Transaction and Task Organization is designed to cater specifically to the needs of lessors, offering a comprehensive system. By implementing the Apartment Rental Management System for Real-Time Transaction and Task Organization, this study seeks to alleviate conflicts between lessors and how to manage the properties while concurrently enhancing the efficiency of property management operations. The researchers will use the developmental method of research and the Rapid Application Development Approach Model as the Software Development Life Cycle (SDLC). The implementation of the system was successful and generated a positive outcome. Therefore, the lessors, and property managers of the Celso Apartment, consider and accept the implementation of the developed system as a promising solution to the multifaceted challenges encountered in apartment rental management.","",""
1,"Anna Górska","Affordability of rental apartments in Poland in comparison to selected European Union countries",2024,"Scientific Papers of Silesian University of Technology Organization and Management Series","Politechnika Slaska - Silesian University of Technology","https://doi.org/10.29119/1641-3466.2024.204.5","",231,"2026-05-27 21:00:15","journal-article","10.29119/1641-3466.2024.204.5","",,204,,,,1,0.50,1,1,2,"","",""
0,"Vivek Khemraj Titarmare","Car Maintenance and Rental Service",2024,"INTERNATIONAL JOURNAL OF ADVANCE RESEARCH IN COMPUTER SCIENCE AND MANAGEMENT STUDIES","IJARCSMS Publisher","https://doi.org/10.61161/ijarcsms.v12i7.13","",233,"2026-05-27 21:00:15","journal-article","10.61161/ijarcsms.v12i7.13","2347-1778",,12,7,92,101,0,0.00,0,1,2,"","https://ijarcsms.com/V12I7-0013.htm",""
0,"Peng-Sheng You, Yi-Chih Hsieh","Dynamic Allocation Strategy for the Car Rental Industry with Multiple Rental Channels",2024,"International Journal of Engineering and Technology Innovation","Taiwan Association of Engineering and Technology Innovation","https://doi.org/10.46604/ijeti.2024.13827","",234,"2026-05-27 21:00:15","journal-article","10.46604/ijeti.2024.13827","2226-809X",,15,1,68,84,0,0.00,0,2,2,"This paper addresses the rental car allocation problem in which a car rental company rents its cars through various channels. This study proposes a constrained model based on the nested-allocation structure to allocate the rental cars to the car rental system to maximize the total rental revenues. The nested allocation strategy uses the concept of whether the number of sales accumulated to a certain level exceeds a threshold corresponding to that sharer. This approach allows the quota of low-profit channels to support the leasing demand of high-profit channels at any time, thereby increasing revenue. The proposed model can dynamically adjust the nested strategy as the dynamic programming model. However, it avoids the issues of ample storage space and long calculation time commonly encountered by the dynamic programming model. Computational results show that the proposed nested approach substantially outperforms the traditional exclusive allocation approach.","https://ojs.imeti.org/index.php/IJETI/article/download/13827/1647",""
0,"Ru Wang","Comparative Study on China's Public Rental Housing System and Singapore's HDB System",2024,"Advances in Economics, Management and Political Sciences","EWA Publishing","https://doi.org/10.54254/2754-1169/2024.ga18936","",238,"2026-05-27 21:00:15","journal-article","10.54254/2754-1169/2024.ga18936","2754-1169",,143,1,113,119,0,0.00,0,1,2,"Against the backdrop of rapid global urbanization, housing issues have become an important challenge facing all countries. This paper explores China's public rental housing system and Singapore's public housing system as two core strategies for addressing urban housing challenges. China's public rental housing, which seeks to give security to middle-class and low-income families, has undergone multiple developmental stages since the 1980s and eventually formed a comprehensive system covering basic housing security. In contrast, Singapore's public housing system has emphasized the goal of “Home Ownership for All,” promoted high homeownership rates, and covered a wider range of income groups since its implementation in the 1960s. This paper points out the key differences between the two systems regarding policy objectives, coverage, funding sources, and management efficiency.The paper concludes by examining the achievements and difficulties of Singapore’s public housing scheme and drawing inspiration for improving China's public rental housing system in combination with China's actual situation. It also provides recommendations for addressing China’s housing crisis and looking forward to China’s future.","",""
0,"Taufik Darmawan, Uce Indahyanti","Design of a Web-Based Car Rental Application Using the Agile Scrum Method",2024,"","Universitas Muhammadiyah Sidoarjo","https://doi.org/10.21070/ups.6605","",240,"2026-05-27 21:00:15","posted-content","10.21070/ups.6605","",,,,,,0,0.00,0,2,2,"","",""
0,"Arvind Nair -, Aryan Sadvelkar -, Sarvesh Damle -, Neha Kudu -","Revolutionizing Student Accommodation: A MERN-Based Rental System For Seamless Property Management",2024,"International Journal For Multidisciplinary Research","International Journal for Multidisciplinary Research (IJFMR)","https://doi.org/10.36948/ijfmr.2024.v06i03.19547","",241,"2026-05-27 21:00:15","journal-article","10.36948/ijfmr.2024.v06i03.19547","2582-2160",,6,3,,,0,0.00,0,4,2,"This web application facilitates the registration of individual homes or apartments to streamline the process of finding ideal rental properties. Users can conveniently search for their next rental in targeted areas through a user-friendly interface. The platform is designed to cater to diverse real estate needs in India, including property buying, selling, and leasing. It serves as a valuable tool for investment by maintaining a comprehensive database of various properties and agent information. Not only does it assist users in accessing updated property information globally, but it also enables agents to manage and update their listings. The platform alleviates the complexities associated with traditional property search methods by offering a simplified online form, minimizing the need for individual agent communication, appointment scheduling, and time coordination","https://www.ijfmr.com/papers/2024/3/19547.pdf",""
0,"Junhao Zhang","Predicting Rental Prices in India: A Machine Learning Approach with Hyperparameter Optimization",2024,"Advances in Economics, Management and Political Sciences","EWA Publishing","https://doi.org/10.54254/2754-1169/2024.18726","",246,"2026-05-27 21:00:15","journal-article","10.54254/2754-1169/2024.18726","2754-1169",,137,1,160,166,0,0.00,0,1,2,"This paper presents a comprehensive analysis and predictive modeling approach for rental prices in India. Utilizing a dataset of house rents from Kaggle, this study employs a range of machine learning algorithms to analyze and forecast rental prices. The methodology begins with establishing baselines using simple regression techniques. It then advances to more sophisticated models, including Gradient Boosting (GB) and Extreme GB (XGBoost), to enhance prediction accuracy. Hyperparameter tuning is conducted using the OPTUNA framework to identify the most effective algorithm. In cases of potential overfitting, the study shifts to ensemble methods, such as voting and bagging models, to improve robustness and generalizability. The paper aims to cover exploratory data analysis, data preprocessing, model training, and performance evaluation. By systematically comparing different algorithms and optimizing their parameters, this research provides a detailed framework for predicting rental prices with greater accuracy. The findings offer valuable insights for making informed decisions in real estate investments and rental management in India.","",""
0,"Vítor Ferreira Santos","Short-Term Rental Management in the Algarve",2024,"Advances in Hospitality, Tourism, and the Services Industry","IGI Global","https://doi.org/10.4018/979-8-3693-6050-7.ch011","",248,"2026-05-27 21:00:15","book-chapter","10.4018/979-8-3693-6050-7.ch011","2475-6547",,,,333,362,0,0.00,0,1,2,"This chapter discusses the impact of Cozy Days, a short-term rental management company in the Algarve, on the tourism and economic dynamics of the destination. Cozy Days' operations optimise property profitability during the peak season and provide additional revenue during off-peak periods, particularly by attracting digital nomads and senior tourists. Many accommodations would remain closed during the off-season; however, the company's strategy has been crucial in mitigating this seasonality, favouring more balanced and sustainable financial management throughout the year. The chapter emphasises the importance of separately analysing the performance of high and off-season periods. This approach allows for an understanding of fluctuations in consumption patterns and visitor preferences, enabling Cozy Days to tailor its offerings to the specific needs of each season. Thus, an analysis of the tourist profile is presented. This strategic segmentation is fundamental to maximising operational efficiency and increasing profitability by enhancing amenities and services.","https://www.igi-global.com/viewtitle.aspx?TitleId=362908",""
0,"Guanbo Wang","Analysis of spatiotemporal changes in bicycle rental demand: Taking New York as an example",2024,"Journal of Computing and Electronic Information Management","Darcy & Roy Press Co. Ltd.","https://doi.org/10.54097/dnb6q122","",255,"2026-05-27 21:00:15","journal-article","10.54097/dnb6q122","2413-1660",,15,3,42,45,0,0.00,0,1,2," In order to optimize the rental patterns of public bicycles and the allocation plan, the temporal and spatial movement laws of public bicycles should be obtained. Propose a distribution model and time trend model for public bicycles at different time points and rental locations. Take New York city as an example, based on the public bicycle travel data in New York City, a reference plan for the allocation of rental points was proposed using the moving average time model, kernel density method, and decision tree regression model.","https://drpress.org/ojs/index.php/jceim/article/download/28257/27748",""
0,"Marco Orias, Hery Kurniawan Zaenal","Linguistic Forensic Analysis On Car Rental Agreement At Private Car Rental Agency",2024,"JATISWARA","Universitas Mataram","https://doi.org/10.29303/jtsw.v39i1.591","",256,"2026-05-27 21:00:15","journal-article","10.29303/jtsw.v39i1.591","2579-3071",,39,1,17,25,0,0.00,0,2,2,"Linguistic forensics can be seen as an applied linguistic science because forensic linguistics uses the application of language analysis that can include phonetics, phonology, lexigramatika, semantic discourse, and other linguistic elements for the benefit of legal processes. In its increasingly dynamic development, language analysis in forensic linguistics has a unique dimension that requires special study. This research aims to discuss aspects in the dimension of language analysis used for forensic linguistics with the main variety of writing. The discussion of the variety is associated with the language used in the lease agreement as well as the context implied in it. The discussion is also enriched with references to several studies to display the potential that can be explored more deeply. The method used in this study is the qualitative descriptive method because this research focuses on the dimensions of language analysis that are typical in forensic linguistics i.e. comparative dimension, differentiator, and gauge. It is expected that this article can contribute insight into the development of forensic linguistics research.","http://jatiswara.unram.ac.id/index.php/js/article/download/591/320",""
0,"Daeun Lee, Wonseok Seo","Comparing Determinants of Below the Minimum Housing Standard among Rental Housing Types: Focusing on Private Rental Housing and Public Rental Housing",2024,"SH Urban Research &amp; Insight","SH Urban Research Institute","https://doi.org/10.26700/shuri.2024.4.14.1.1","",258,"2026-05-27 21:00:15","journal-article","10.26700/shuri.2024.4.14.1.1","2234-0505",,14,1,1,21,0,0.00,0,2,2,"","",""
0,"Brian An, Rachel Drew, Andrew Jakabovics, Jennifer Moody, Anthony W. Orlando, Seva Rodnyansky","Community Development Block Grant-Disaster Recovery (CDBG-DR), Rental Requirements, and Rental Market Impacts",2024,"","Elsevier BV","https://doi.org/10.2139/ssrn.4899351","",260,"2026-05-27 21:00:15","posted-content","10.2139/ssrn.4899351","",,,,,,0,0.00,0,6,2,"","",""
0,"Payam Karim","The Car Rental Contract -An Analytical Legal Study on Car Rental Contract Models in Iraq",2024,"الرافدین للحقوق","University of Mosul","https://doi.org/10.33899/arlj.2023.144243.1295","",261,"2026-05-27 21:00:15","journal-article","10.33899/arlj.2023.144243.1295","2664-2778",,26,87,43,74,0,0.00,0,1,2,"","https://alaw.uomosul.edu.iq/index.php/alaw/article/download/48955/48692",""
0,"Devon Cullen","Seasonal Price Adjustments in Winter Tourism: Impact on the Car Rental Market in Canada (2015-2022)",2024,"Frontiers in Management Science","Paradigm Academic Press Limited","https://doi.org/10.56397/fms.2024.02.02","",264,"2026-05-27 21:00:15","journal-article","10.56397/fms.2024.02.02","2788-8592",,3,1,6,11,0,0.00,0,1,2,"This research explored seasonal price adjustments within the car rental market, offering a comprehensive analysis contextualized within the sphere of winter tourism in Canada from 2015 to 2022. Through an exploration of historical trends, consumer behavior, and market forecasts, the study uncovers the cyclical pattern of price fluctuations closely tied to the peaks and troughs of winter tourism demand. Noteworthy transformations within the winter tourism industry during this period, coupled with the increased reliance on car rentals for accessing remote winter destinations, underscore the pivotal role of seasonal price adjustments in shaping the accessibility and affordability of winter experiences. The implications extend across stakeholders, prompting car rental companies to balance profitability and competitiveness, while policymakers are urged to craft adaptable regulatory frameworks. Industry stakeholders are guided by insights to develop customer-centric strategies, embracing technology and sustainability for enhanced resilience. The study serves as a stepping stone for understanding the symbiotic relationship between winter tourism and the car rental market in Canada, providing valuable insights for industry adaptation and innovation.","",""
0,"Mykola Denysenko, Svitlana Breus, Volodymyr Panchenko, Yehor Prytula","INNOVATION AS AN IMPORTANT COMPONENT OF THE DEVELOPMENT OF THE RENTAL HOUSING MARKET IN UKRAINE THROUGH THE PRISM OF MANAGING THE STATE ECONOMIC SECURITY",2024,"ECONOMY, FINANCE, MANAGEMENT: WORLD PROBLEMS AND DEVELOPMENT PROSPECTS","International Science Group","https://doi.org/10.46299/isg.2024.mono.econ.1.4.1","",267,"2026-05-27 21:00:15","book-chapter","10.46299/isg.2024.mono.econ.1.4.1","",,,,145,152,0,0.00,0,4,2,"","",""
0,"Yifei Yang","COVID-19 and the Rental Market: A Global and Hong Kong Perspect",2024,"Advances in Economics, Management and Political Sciences","EWA Publishing","https://doi.org/10.54254/2754-1169/86/20240974","",280,"2026-05-27 21:00:15","journal-article","10.54254/2754-1169/86/20240974","2754-1169",,86,1,183,190,0,0.00,0,1,2,"This study aims to provide an in-depth analysis of the challenges faced by the global rental market during the COVID-19 outbreak, with a particular focus on the rental market in Hong Kong, an Asian financial center. By comparing market data before and after the outbreak, this study reveals the impact of rising rents and housing affordability shortages on renters globally, particularly the disproportionate impact on Black and Hispanic communities. The outbreak not only exacerbated these problems but also led to mass unemployment, particularly among households of color, further revealing the instability and vulnerability of the wage structure. This study employs both quantitative and qualitative research methods to analyze the rental market in Hong Kong thoroughly. The findings suggest that the rental market in Hong Kong faces multiple challenges, such as rising rents, unstable tenancy contracts, and inadequate housing supply. These challenges were exacerbated during the COVID-19 outbreak, posing a severe threat to the livelihood security of low-income households. This paper proposes a series of policy recommendations to address the specific conditions of Hong Kong's rental market.","",""
0,"Sri Indarti, Sinta Permata Sari","Implementation Of Management Policy Of Rental Flats (RUSUNAWA) In Bengkulu City",2024,"Journal of Social Science and Humanities","Gayaku Publisher","https://doi.org/10.58222/jossh.v3i2.1096","",281,"2026-05-27 21:00:15","journal-article","10.58222/jossh.v3i2.1096","2962-6021",,3,2,55,60,0,0.00,0,2,2,"Rumah susun sewa (Rusunawa) is a multi-storey building built to address housing needs in an area. Rusunawa Bengkulu is the first flat in Bengkulu City built by the Ministry of PUPR through the Bengkulu City government, and managed by the Bengkulu City Housing and Settlement Office (Perkimtan). This flat is intended for the low-income Bengkulu community or MBR. The purpose of this research is to find out how the implementation of policies in the management of Rusunawa Bengkulu. The research method is descriptive with a qualitative approach. Data obtained through the process of observation, interviews and documentation. The overall research results show that the management of Rusunawa Bengkulu is not running well, because there is still a lot of damage to the flat that is not repaired, it is due to the absence of a budget given by the City Government to the Perkimtan Office to repair the damage in Rusunawa Bengkulu.","https://journal.bengkuluinstitute.com/index.php/JoSSH/article/download/1096/604",""
1,"Levent Sümer","The impacts of refugees and immigrants on Turkish housing sales and rental prices",2024,"Journal of Construction Engineering, Management &amp; Innovation","Golden Light Publishing","https://doi.org/10.31462/jcemi.2024.04266280","",284,"2026-05-27 21:00:15","journal-article","10.31462/jcemi.2024.04266280","2630-5771",,7,4,266,280,1,0.50,1,1,2,"","",""
0,"Mykola Denysenko, Svitlana Breus, Oleksandr Levchenko, Yehor Prytula, Oleksandr Balymov","PARADIGMATIC ASPECTS OF MODERN MANAGEMENT: THE DEVELOPMENT OF THE RENTAL HOUSING MARKET IN THE PERSPECTIVE OF THE IMPACT ON IT OF THE PROCESS OF DIGITALIZATION OF THE CONSTRUCTION SECTOR",2024,"STRUCTURAL CHANGES, UNCERTAINTY, WAYS OF DEVELOPMENT OF THE ECONOMY, MANAGEMENT AND TOURISM","International Science Group","https://doi.org/10.46299/isg.2024.mono.econ.3.2.1","",285,"2026-05-27 21:00:15","book-chapter","10.46299/isg.2024.mono.econ.3.2.1","",,,,18,25,0,0.00,0,5,2,"","",""
0,"Pallavi Kandanur","Dynamic Pricing for Auto Rental Insurance",2024,"","Iowa State University","https://doi.org/10.31274/cc-20250502-24","",291,"2026-05-27 21:00:15","report","10.31274/cc-20250502-24","",,,,,,0,0.00,0,1,2,"","",""
0,"Zhenbo Tian, Xianghua Wu, Xiaomu Zhang","Risk Management of Affordable Rental Housing REITs: A Case Study of CICC Xiamen Anju",2024,"Advances in Economics, Business and Management Research","Atlantis Press International BV","https://doi.org/10.2991/978-94-6463-570-6_30","",295,"2026-05-27 21:00:15","book-chapter","10.2991/978-94-6463-570-6_30","2731-7854",,,,281,296,0,0.00,0,3,2,"","",""
0,"Dr. Anandan K, Abishek B","Bike Rental System Using PHP",2024,"INTERANTIONAL JOURNAL OF SCIENTIFIC RESEARCH IN ENGINEERING AND MANAGEMENT","Edtech Publishers (OPC) Private Limited","https://doi.org/10.55041/ijsrem37636","",301,"2026-05-27 21:00:15","journal-article","10.55041/ijsrem37636","2582-3930",,,,1,8,0,0.00,0,2,2,"This project is simple to sign up for the user and customer have logged in to the website for bookings by entering their user’s name and password. Every bike has information available. Details provided by clients, such as the booking dates, for reservations. Features and an overview are also included in the bike information. One more feature Simple to pre- return and return for the bicycle. The reservation's return date has passed Give a daily fine of 200 rupees each day. All control is with the admin. The admin has the ability to add bikes and view their details. Administrators can easily operate and comprehend it. When an administrator views the bike's details and detects a problem, the vehicle is deactivated. Check out the booking details and report any issues (such as a misaligned mob name or a customer license image). An admin cancelled a reservation. The user won't have any trouble understanding, using, or navigating the relatively straightforward design. Keywords: Bike rental system, Urban mobility, System implementation, Project management, Sustainability, Smart transportation","",""
0,"Priti Ray","Analysis of PG/Flat Rental Website Developed Using PHP/Xampp with Existing PG/Flat Business/Rental Websites",2024,"Journal of Electrical Systems","Science Research Society","https://doi.org/10.52783/jes.3970","",302,"2026-05-27 21:00:15","journal-article","10.52783/jes.3970","1112-5209",,20,7,2341,2348,0,0.00,0,1,2,"This research paper is like a guide on how to build a website to help people find flats or apartments to rent in big cities.  The paper talks about different tools and methods for website creation. It focuses on a tool called Xampp, which helps you set up a website on your own computer.  The paper explains the concept of a website's life cycle, which basically means the different stages a website goes through from planning to launch and updates.  It also talks about frameworks, which are like pre-made building blocks that can help you develop websites faster. The website this paper discusses is specifically designed to help people find apartments or flats to rent in big cities. The paper dives into a specific technology called PHP, which is like a special coding language used to build websites. It also explains how Xampp helps with using PHP for this website.","https://journal.esrgroups.org/jes/article/download/3970/3064",""
0,"Youngdeok Lee, Heejin Lim","EFFECTS OF VISUAL RHETORIC VIA CUSTOMER PHOTO REVIEWS AND NOVELTY-SEEKING IN APPAREL RENTAL SERVICES",2024,"Global Fashion Management Conference","Global Alliance of Marketing and Management Associations","https://doi.org/10.15444/gfmc2024.03.04.04","",306,"2026-05-27 21:00:15","journal-article","10.15444/gfmc2024.03.04.04","2288-825X",,,,234,234,0,0.00,0,2,2,"","",""
0,"Mykola Denysenko, Svitlana Breus, Yehor Prytula","DEVELOPMENT OF THE RENTAL HOUSING MARKET: INVESTMENT AS A TOOL OF ADAPTATION FROM THE PERSPECTIVE OF THE STATE ECONOMIC SECURITY",2024,"BUDGET, FINANCE, ECONOMY AND MANAGEMENT: THE LATEST TRENDS IN BUSINESS AND STARTUP DEVELOPMENT","International Science Group","https://doi.org/10.46299/isg.2024.mono.econ.2.4.1","",307,"2026-05-27 21:00:15","book-chapter","10.46299/isg.2024.mono.econ.2.4.1","",,,,106,113,0,0.00,0,3,2,"","",""
0,"Mykola Denysenko, Svitlana Breus, Volodymyr Panchenko, Yehor Prytula","INNOVATION AS AN IMPORTANT COMPONENT OF THE DEVELOPMENT OF THE RENTAL HOUSING MARKET IN UKRAINE THROUGH THE PRISM OF MANAGING THE STATE ECONOMIC SECURITY",2024,"ECONOMY, FINANCE, MANAGEMENT: WORLD PROBLEMS AND DEVELOPMENT PROSPECTS","International Science Group","https://doi.org/10.46299/isg.2024.mono.econ.1.4.1","",308,"2026-05-27 21:00:15","book-chapter","10.46299/isg.2024.mono.econ.1.4.1","",,,,145,152,0,0.00,0,4,2,"","",""
0,"Ishtiaque Ahmed Toke, Md Fahad Monir, Md Zoheb Hassan, Tarem Ahmed","Blockchain-Enabled Rental System for Agricultural Asset Management Using Hyperledger Fabric",2024,"2024 IEEE 100th Vehicular Technology Conference (VTC2024-Fall)","IEEE","https://doi.org/10.1109/vtc2024-fall63153.2024.10757865","",318,"2026-05-27 21:00:15","proceedings-article","10.1109/vtc2024-fall63153.2024.10757865","",,,,1,5,0,0.00,0,4,2,"","http://xplorestaging.ieee.org/ielx8/10756810/10756800/10757865.pdf?arnumber=10757865",""
0,"Sam Martin, Thomas Dimopoulos, Martha Katafygiotou","Factors Influencing Rental Investments in Paphos, Cyprus: Comparing Short- and Long-Term Rental Strategies",2024,"Real Estate","MDPI AG","https://doi.org/10.3390/realestate1010007","",324,"2026-05-27 21:00:15","journal-article","10.3390/realestate1010007","2813-8090",,1,1,136,157,0,0.00,0,3,2,"Understanding the optimal strategy for a real-estate investment and how performance changes based on characteristics is crucial for optimising the achievable return. This is prominent in touristic areas such as Paphos, Cyprus, where there is no clear distinction as to whether short- or long-term approaches are optimal. This study aimed to develop a model for predicting the optimal rental strategy whilst assessing which model performed best and which property attributes impacted its return the greatest. Short-term data were collected from AirDNA and long-term data were manually collected from real-estate agents’ websites. Furthermore, Random Forest, K-Nearest Neighbour, and Multiple Linear Regression models were created to predict the highest and best use for each property. Model accuracy varied between datasets, with the best-performing model for short-term properties being the Random Forest model (R-squared: 0.843), and the distance-based Multiple Linear Regression approach being the best for long-term properties (R-squared: 0.843). The study demonstrated that accurate models could be created to predict the optimal rental strategy with the number of bedrooms being the main driver for rental income, followed by luxury finishes and the presence of a pool. It was found that locational characteristics did not impact the returns significantly when assuming that the property was located within a touristic area.","https://www.mdpi.com/2813-8090/1/1/7/pdf",""
0,"Boshen Wu","The Linkage Mechanism of Integrating the Planning, Construction, Management and Service of Indemnificatory Rental Housing in Shanghai",2024,"Australia and China Perspectives on Urban Regeneration and Rural Revitalization","Routledge","https://doi.org/10.4324/9781003414186-16","",326,"2026-05-27 21:00:15","book-chapter","10.4324/9781003414186-16","",,,,274,289,0,0.00,0,1,2,"","",""
0,"Mykola Denysenko, Svitlana Breus, Oleksandr Levchenko, Yehor Prytula, Oleksandr Balymov","PARADIGMATIC ASPECTS OF MODERN MANAGEMENT: THE DEVELOPMENT OF THE RENTAL HOUSING MARKET IN THE PERSPECTIVE OF THE IMPACT ON IT OF THE PROCESS OF DIGITALIZATION OF THE CONSTRUCTION SECTOR",2024,"STRUCTURAL CHANGES, UNCERTAINTY, WAYS OF DEVELOPMENT OF THE ECONOMY, MANAGEMENT AND TOURISM","International Science Group","https://doi.org/10.46299/isg.2024.mono.econ.3.2.1","",331,"2026-05-27 21:00:15","book-chapter","10.46299/isg.2024.mono.econ.3.2.1","",,,,18,25,0,0.00,0,5,2,"","",""
0,"Satyam Chauhan","AI-Driven Cloud Platform for Optimizing Short-Term Rental Property Furnishings",2024,"INTERANTIONAL JOURNAL OF SCIENTIFIC RESEARCH IN ENGINEERING AND MANAGEMENT","Edtech Publishers (OPC) Private Limited","https://doi.org/10.55041/ijsrem29601","",336,"2026-05-27 21:00:15","journal-article","10.55041/ijsrem29601","2582-3930",,,12,1,6,0,0.00,0,1,2,"Abstract—Short-term rental platforms like Airbnb and VRBO have revolutionized the hospitality industry, creating a pressing need for efficient property setup tools tailored to diverse rental audiences. This paper introduces Hostly, an innovative AI-powered cloud platform that provides personalized recommendations for furnishing short- term rental properties. Built on Amazon Web Services (AWS), Hostly incorporates AI recommendation systems, real-time vendor integration, cost-ROI analytics, and secure payment processing. The platform simplifies property setup by curating tailored furnishing solutions, maximizing aesthetic appeal, functionality, and return on investment (ROI). Technical details of the AI architecture, cloud infrastructure, and payment processing pipelines are discussed. The paper also evaluates business impacts and future scalability Keywords—AI recommendation systems, AWS cloud services, Analytics dashboards, Cloud infrastructure, E- commerce, PCI DSS compliance, Payment processing, Short-term rental optimization, Vendor API integration.","",""
0,"","Fragmentarily preserved contracts for the rental of houses",2024,"The Rental of Egibi Houses in the Neo-Babylonian Period (VI-V Centuries BC)","Zaphon","https://doi.org/10.2307/jj.19850072.15","",342,"2026-05-27 21:00:15","book-chapter","10.2307/jj.19850072.15","",,,,159,160,0,0.00,0,0,2,"","",""
0,"Sri Wana, Adi Candra, Juniarti Iryani","WEB-BASED CAR RENTAL INFORMATION SYSTEM USING WHATSAPP GATEWAY AT SASHA CAR RENTAL",2024,"Journal Informatika, Multimedia, and Infomation","Universitas Ichsan Sidenreng Rappang","https://doi.org/10.61912/lajutek.v2i2.106","",343,"2026-05-27 21:00:15","journal-article","10.61912/lajutek.v2i2.106","2987-7377",,2,2,41,55,0,0.00,0,3,2,"This research aims to: (1) Design a Web-based car rental information system using Whatsapp gateway at Sasha Car Rental. (2) Implement a web-based car rental information system using Whatsapp gateway at Sasha Car Rental. (3) Knowing the response of Sasha car rental owners and tenants to the car rental website that has been designed. This research uses the Waterfall method, which is a development model that describes a systematic and sequential approach to software development. The stages used in the Waterfall model include: (1) Requirement Analysis (2) System Design (3) Implementation (4) Integration & Testing (5) Operating & Maintenance. Based on the results of the discussion of the Web-based car rental information system using Whatsapp Gateway at Sasha Car Rental, it can be concluded (1) This website-based system uses the Waterfall method, which in its design uses the PHP programming language with the Codeigniter 3 Framework, MySQL Database Management System, Sublime software as a text editor, and Chrome / Mozilla FireFox as a browser. And using Whatsapp Gateway as a sender of notification messages to customers. In this system there are 2 users, namely admins and customers who want to rent a car at Sasha Car Rental. (2) Web-based car rental information system using Whatsapp Gateway at Sasha Car Rental which has been created to be used to facilitate customers in terms of car rental and facilitate owners in managing their car rental. Based on the results of its implementation, it is obtained that this system is running well where the output is in accordance with what is desired by users and rental owners. (3)The response of car rental owners to the Sasha Car Rental Website, namely giving a ""positive"" response which can be seen in the total average percentage of 84.93%. From these results, it can be interpreted that the Sasha Car Rental Website has a good response and high attractiveness, and with the Sasha Car Rental Website can help and facilitate rental owners and their customers.","https://journal.lajagoe.com/index.php/Lajutek/article/download/106/105",""
0,"Yunci Cai","Decolonising collection management in an indigenous ritual house in Malaysia",2024,"Collections Management as Critical Museum Practice","UCL Press","https://doi.org/10.2307/jj.19551243.24","",346,"2026-05-27 21:00:15","book-chapter","10.2307/jj.19551243.24","",,,,325,338,0,0.00,0,1,2,"","",""
0,"Kimon Irvin Co, Janet Gasis","Correlation of Green Human Resource Management (GHRM) and Organizational Excellence in a Vacation Rental Company (VRC)",2024,"Bedan Research Journal","San Beda University","https://doi.org/10.58870/berj.v9i1.73","",348,"2026-05-27 21:00:15","journal-article","10.58870/berj.v9i1.73","2799-094X",,9,1,276,303,0,0.00,0,2,2,"This study aimed to analyze the correlation between green human resource management (GHRM) and organizational excellence through a postpositivist worldview. Respondents covered were employees of a Vacation Rental Company (VRC) with at least six months experience within the organization. GHRM Scale by Malik, Hayat Mughal, Azam, Cao, Wan, Zhu, and Thurasamy (2021) and Organizational Excellence Scale by Shakhour, Obeidat, Jaradat, and Alshurideh (2021) were used for the online survey. Thirty-five (35) eligible respondents have participated. Mean, standard deviation, and Spearman rank correlation coefficient were employed. Results showed that GHRM was displayed in the VRC to a rather high degree, while organizational excellence was exhibited to a high degree. There was a linear, positive, and significant correlation between GHRM and organizational excellence. Each aspect of the organizational excellence was positively and significantly correlated with GHRM.","https://bedanjournal.org/index.php/berj/article/download/73/67",""
0,"","Additional receipts for the rental of houses",2024,"The Rental of Egibi Houses in the Neo-Babylonian Period (VI-V Centuries BC)","Zaphon","https://doi.org/10.2307/jj.19850072.16","",351,"2026-05-27 21:00:15","book-chapter","10.2307/jj.19850072.16","",,,,161,184,0,0.00,0,0,2,"","",""
0,"","",2024,"House of Management and Business (HOMBIS) Journal","Universitas Muhammadiyah Gombong","https://doi.org/10.26753/hombis.v3i1","",352,"2026-05-27 21:00:15","journal-issue","10.26753/hombis.v3i1","2829-7997",,3,1,,,0,0.00,0,0,2,"","",""
5,"João F. Santos, Miguel P. Correia, Tiago R. Dias","Blockchain-based Rental Documentation Management with Audit Support",2024,"2024 6th Conference on Blockchain Research &amp; Applications for Innovative Networks and Services (BRAINS)","IEEE","https://doi.org/10.1109/brains63024.2024.10732316","",355,"2026-05-27 21:00:15","proceedings-article","10.1109/brains63024.2024.10732316","",,,,1,10,5,2.50,2,3,2,"","http://xplorestaging.ieee.org/ielx8/10732025/10732044/10732316.pdf?arnumber=10732316",""
0,"K. Yu. Zhigalov, P. N. Pyleva","Experience in the development and implementation of Russian-made thermoregulatory devices into clinical practice",2024,"Upravlenie kachestvom (Quality management)","PANORAMA Publishing House","https://doi.org/10.33920/pro-01-2401-06","",356,"2026-05-27 21:00:15","journal-article","10.33920/pro-01-2401-06","",,,1,35,42,0,0.00,0,2,2,"The article presents the experience of the Russian manufacturer of medical equipment, Trading House MedMos, in import substitution of high-tech devices for controlled therapeutic thermoregulation.","",""
0,"Ch Teja Sriya A","Agriculture Rental Machinery Using React JS",2024,"International Journal of Science and Research (IJSR)","International Journal of Science and Research","https://doi.org/10.21275/sr24315205349","",358,"2026-05-27 21:00:15","journal-article","10.21275/sr24315205349","2319-7064",,13,3,1124,1126,0,0.00,0,1,2,"","",""
0,"","Fragmentarily preserved receipts for the rental of houses",2024,"The Rental of Egibi Houses in the Neo-Babylonian Period (VI-V Centuries BC)","Zaphon","https://doi.org/10.2307/jj.19850072.17","",360,"2026-05-27 21:00:15","book-chapter","10.2307/jj.19850072.17","",,,,185,186,0,0.00,0,0,2,"","",""
0,"","",2024,"House of Management and Business (HOMBIS) Journal","Universitas Muhammadiyah Gombong","https://doi.org/10.26753/hombis.v2i2","",361,"2026-05-27 21:00:15","journal-issue","10.26753/hombis.v2i2","2829-7997",,2,2,,,0,0.00,0,0,2,"","",""
0,"Pelon Wetapo, Herlina Trisnawati","Aplikasi Rental Mobil Berbasis Web Studi Kasus pada Adiba Trans Rental menggunakan PHP MySQ",2024,"Saturnus : Jurnal Teknologi dan Sistem Informasi","Asosiasi Riset Ilmu Manajemen dan Bisnis Indonesia","https://doi.org/10.61132/saturnus.v2i4.348","",365,"2026-05-27 21:00:15","journal-article","10.61132/saturnus.v2i4.348","3031-9943",,2,4,188,206,0,0.00,0,2,2,"The high demand for car rental services in Ciputat, South Tangerang, especially at certain times, has encouraged the growth of many car rental businesses. The presence of many car rental operators in Ciputat certainly creates fierce competition between them. Therefore, it is important for these businesses to carry out continuous evaluation and development in order to remain competitive with competitors. Success in providing satisfactory service to customers will make them remain loyal to using their favorite rental services. Conclusions and recommendations from the study conducted related to Web-Based Car Rental Applications in the Adiba Trans Rental Case, which was built using PHP and MySQL. The results of this study indicate that the development of a web-based application for car rental in the Adiba Trans Rental case using PHP and MySQL has succeeded in meeting the expected objectives. This application offers an effective solution for managing car rentals with ease of use via the web. The effectiveness of this application can be seen from its complete functional capabilities, easy-to-use user interface, and smooth integration between PHP as a programming language and MySQL as a database management system.","https://journal.arteii.or.id/index.php/Saturnus/article/download/348/591",""
0,"Anggita Pangaribuan, Mona Romaito, Kevin Heston","Analisis Risiko Jasa Rental Mobil Pada CV. Mawar Rental Car",2024,"Maeswara : Jurnal Riset Ilmu Manajemen dan Kewirausahaan","Asosiasi Riset Ilmu Manajemen dan Bisnis Indonesia","https://doi.org/10.61132/maeswara.v2i3.961","",374,"2026-05-27 21:00:15","journal-article","10.61132/maeswara.v2i3.961","2988-5000",,2,3,277,286,0,0.00,0,3,2,"The purpose of this research is to analyze and determine possible risks that occur in car rental services, making it easier for companies to take action to prevent risks that can occur at CV Mawar Rental Car. The risks that arise come from internal factors that cause this company to experience losses. This research uses a quantitative research approach. The research location is on Jalan Setia Budi No. 12, Medan, North Sumatra. The data collection techniques used in this research were kuesioner. from the results of research at CV. Mawar Rental Car, the first thing to do is identify risks originating from operational risk, financial risk, external risk.","https://journal.arimbi.or.id/index.php/Maeswara/article/download/961/1008",""
0,"Craig Seidelson","Rental Equipment",2024,"Handling Reverse Logistics","SAGE Publications, Inc.","https://doi.org/10.4135/9781071953235","",381,"2026-05-27 21:00:15","other","10.4135/9781071953235","",,,,,,0,0.00,0,1,2,"","",""
0,"Н.О. БЕРЕЗОВСКАЯ","DEVELOPMENT OF A TECHNOLOGICAL PLATFORM FOR THE MANAGEMENT OF SHORT-TERM RENTAL REAL ESTATE",2024,"Экономика и предпринимательство","INTERECONOM Publishing","https://doi.org/10.34925/eip.2024.168.7.209","",382,"2026-05-27 21:00:15","journal-article","10.34925/eip.2024.168.7.209","1999-2300",,,7,1049,1054,0,0.00,0,1,2,"В этой статье исследуется влияние цифровых технологий на управление недвижимостью, сдаваемой в краткосрочную аренду, с особым акцентом на новую технологическую платформу, разработанную для решения конкретных проблем сектора. Целью исследования является анализ интеграции и эффективности существующих цифровых инструментов, а также подробное описание процесса разработки, функциональности и преимуществ собственной платформы автора, предназначенной для оптимизации управления краткосрочной арендой. Благодаря подробному обзору текущих технологических решений и эмпирическому исследованию новой платформы, исследование подчеркивает ее способность оптимизировать операции, улучшать финансовую отчетность и улучшать интеграцию с системами онлайн-турагентств (OTA) и управления взаимоотношениями с клиентами (CRM). Ключевые результаты демонстрируют значительное повышение операционной эффективности платформы и точности отчетности для инвесторов, сокращение человеческих ошибок и времени, затрачиваемого на решение административных задач. В статье делается вывод, что эта инновационная платформа не только отвечает растущим потребностям рынка краткосрочной аренды, но и устанавливает новый стандарт технологических достижений в управлении недвижимостью.","",""
0,"Carmen Julia Nab, Davi Mignac, Jack Landy, Matthew Martin, Julienne Stroeve, Michel Tsamados","Sensitivity of short-range forecasts to sea ice thickness data assimilation parameters in a coupled ice-ocean syste",2024,"","Wiley","https://doi.org/10.22541/essoar.170914535.56554923/v1","",384,"2026-05-27 21:00:15","posted-content","10.22541/essoar.170914535.56554923/v1","",,,,,,0,0.00,0,6,2,"Sea ice thickness (SIT) estimates derived from CryoSat-2 radar freeboard measurements are assimilated into the Met Office's global ocean–sea ice forecasting system, FOAM. We test the sensitivity of short-range forecasts to the snow depth, radar freeboard product and assumed radar penetration through the snowpack in the freeboard-to-thickness conversion. We find that modifying the snow depth has the biggest impact on the modelled SIT, changing it by up to 0.88 m (48%), compared to 0.65 m (33%) when modifying the assumed radar penetration through the snowpack and 0.55 m (30%) when modifying the freeboard product. We find a doubling in the thermodynamic volume change over the winter season when assimilating SIT data, with the largest changes seen in the congelation ice growth. Next, we determine that the method used to calculate the observation uncertainties of the assimilated data products can change the mean daily model SIT by up to 36%. Compared to measurements collected at upward-looking sonar moorings and during the Operation IceBridge campaign, we find an improvement in the SIT forecasts’ variability representation when assuming partial radar penetration through the snowpack and when improving the method used to calculate the CryoSat-2 observation uncertainties. This paper highlights a concern for future SIT data assimilation and forecasting, with the chosen parameterisation of the freeboard-to-thickness conversion having a substantial impact on model results.","https://essopenarchive.org/doi/pdf/10.22541/essoar.170914535.56554923/v1",""
0,"Melise  Dantas Machado BOUROULLEC, Amanda  Ferreira Guimarães, Marie Dervillé, Marie-Benoit Magrini","How Niche-Regime Contractual Arrangements Foster Agri-Food Transition? An In-Depth Case Study in the French Dairy Syste",2024,"","Elsevier BV","https://doi.org/10.2139/ssrn.4932791","",385,"2026-05-27 21:00:15","posted-content","10.2139/ssrn.4932791","",,,,,,0,0.00,0,4,2,"","",""
0,"Abetranda Saputra Defa Saputra, Moh Muhtarom, Afu Ichsan Pradana","Pengembangan Sistem Informasi Rental Dan Travel Berbasis Web Menggunakan Metode Prototype Pada Rental Sinorowedi",2024,"JEKIN - Jurnal Teknik Informatika","Yayasan Rahmatan Fiddunya Wal Akhirah","https://doi.org/10.58794/jekin.v4i3.869","",387,"2026-05-27 21:00:15","journal-article","10.58794/jekin.v4i3.869","2809-1353",,4,3,610,624,0,0.00,0,3,2,"Rental Sinorowedi merupakan bisnis yang bergerak dibidang transportasi dengan layanan jasa. Dalam operasionalnya, Rental Sinorowedi mengalami beberapa kendala yang dihadapi. Masalah tersebut berupa pengecekan ketersediaan kendaraan masih manual dengan pelanggan konfirmasi melalui whatsapp, pembuatan laporan administrasi dan pembayarannya pun masih bersifat manual dengan di catat dalam buku setiap bulannya, Proses pencarian data membutuhkan waktu yang lama. Pengembangan sistem informasi rental pada Rental Sinorowedi ini bertujuan untuk membuat pengembangan sistem yang dapat mengatasi permasalahan tersebut, dengan beberapa fitur yang dibutuhkan yaitu kelola data kendaraan, kelola data customer, laporan peminjaman, integrasi data antar pengguna secara real time. Pengembangan sistem menggunakan metode waterfall dan analisa kelemahan sistem menggunakan metode PIECES. Metode perancangan menggunakan UML (Unifield Modeling Language) dengan use case diagram, activity diagram dan class diagram. Pengembangan sistem ini akan dapat membantu dalam pengelolaan rental pada Rental Sinorowedi.","https://rumahjurnal.or.id/index.php/JEKIN/article/download/869/472",""
0,"Didin Halim, Muhammad Guntur, Nur Dzakiyah Dwi Putri, Novayanti Sopia Rukmana","Effectiveness of Rental Apartment Management in Mariso Sub-District, Makassar City",2024,"Jurnal Aktor","Universitas Negeri Makassar","https://doi.org/10.26858/aktor.v3i2.61773","",391,"2026-05-27 21:00:15","journal-article","10.26858/aktor.v3i2.61773","2808-5167",,3,2,20,20,0,0.00,0,4,2,"This research includes descriptive qualitative research with data collection techniques through observation, interviews, and documentation. Data analysis techniques consist of data collection, data condensation, data presentation and conclusions. The results showed that the Effectiveness of Rental Flats Management carried out by the Rusunawa Regional Technical Implementation Unit has not been effective. The management of Rental Flats in Mariso District, Makassar City has not been effective in terms of the dimensions of goal achievement, integration, adaptation and can be seen from the aspects of planning, organizing, implementing and supervising. In the aspect of planning the management of Rusunawa, good management effectiveness is needed so that the objectives of Rusunawa Development are in accordance with the designation of development. Related to the aspect of organizing still requires awareness from the manager regarding their respective duties and functions. The implementation aspect still requires coordination between the management of Rusunawa and residents of Rusunawa related to handling problems and complaints of each occupant unit. The supervision aspect of Rusunawa requires improved management related to security conditions, improving the physical condition of buildings and physical conditions of the environment, so that the purpose of Rusunawa Development is in accordance with the designation of its development.  ","https://ojs.unm.ac.id/Aktor/article/viewFile/61773/26893",""
0,"Arkadiusz J. Derkacz, Viktorija Cohen","The Size of the Rental Housing Segment in Poland and its Main Determinants",2024,"Real Estate Management and Valuation","Walter de Gruyter GmbH","https://doi.org/10.2478/remav-2024-0005","",393,"2026-05-27 21:00:15","journal-article","10.2478/remav-2024-0005","2300-5289",,32,1,49,57,0,0.00,0,2,2,"Abstract: Our research into the fast-growing segment of the rental market fits perfectly with the current wave of excitement. In this research, we attempt to answer a fundamental question: how large is the rental segment in Poland? To our surprise, the answer to this key question remains wrapped in mystery, with an absence of continuous studies disclosing its true size.","https://reference-global.com/pdf/10.2478/remav-2024-0005",""
0,"Justin Al Hakim Nazar, Ryan Rahma Sukana Ishak, Haikal Nurhabibi, Siska Karina, Raden Handiriono","Legal Protection For Car Rental Owners In Rental Agreements",2024,"Jurnal Legisci","Ann Publisher","https://doi.org/10.62885/legisci.v2i3.543","",401,"2026-05-27 21:00:15","journal-article","10.62885/legisci.v2i3.543","3030-9549",,2,3,179,188,0,0.00,0,5,2,"A car rental agreement is a common type of agreement in society. The lease agreement binds the parties involved with their respective rights and obligations. However, these agreements are susceptible to default or negligence in fulfilling commitments, which can lead to injustice and require legal protection. This study focuses on analyzing the legal protection in car rental agreements against rental owners from a civil law perspective. The research method applied is based on normative law by collecting data from literature research and research to a rental place. After the relevant information is collected, analysis is carried out in three steps: searching for data, then presenting data, and finally making conclusions. The study's findings show that the lease agreement's protection is clearly regulated in Article 1320 of the Civil Code.  Civil law regulates the rights and responsibilities of each party. If there is a default, the aggrieved party can send a warning letter called a summons. In addition, civil law also provides a framework for resolving disputes outside the court or through court proceedings. Thus, civil law provides a solid foundation for the implementation and settlement of disputes that may arise from car rental agreements, with the aim of maintaining justice and protecting car rental owners under the provisions that have been set.","https://annpublisher.org/ojs/index.php/legisci/article/download/543/512",""
2,"Sophia Göppinger, Jaime Luque, Gianluca Marcato","Property management technology adoption in the short‐term housing rental market",2024,"Real Estate Economics","Wiley","https://doi.org/10.1111/1540-6229.12504","",403,"2026-05-27 21:00:15","journal-article","10.1111/1540-6229.12504","1080-8620",,52,5,1197,1225,2,1.00,1,3,2,"Abstract: We show evidence of the impact providing information on market conditions (supply growth, demand patterns, pricing trends, and competitor rates) on pricing in the short‐term rental market. Using a sample of 2196 housing units over 18 months available on Airbnb in Madrid, Spain, we observe property managers' adoption of this technology at different points in time for 16% of our observations. Our propensity score matching estimates support the evidence of greater market transparency obtained through the adoption of this technology, with a significant increase in revenues obtained through a reduced average daily price and increased occupancy. Our results are robust to several model selections dealing with a potential endogeneity issue. We also show some preliminary evidence of property managers increasingly engaging in dynamic pricing after adopting this technology. Mainly, revenue growth seems to be generated through a small price drop leading to a rise in occupancy at the top end of the price distribution rather than at the bottom end, where a significant and much higher price drop is not able to generate the necessary occupancy growth to obtain an overall increase in revenues.","https://onlinelibrary.wiley.com/doi/pdf/10.1111/1540-6229.12504",""
3,"Jiseon Ahn","Effects of perceived benefit on online rental service customer behavior",2024,"Total Quality Management &amp; Business Excellence","Informa UK Limited","https://doi.org/10.1080/14783363.2024.2393335","",414,"2026-05-27 21:00:15","journal-article","10.1080/14783363.2024.2393335","1478-3363",,35,13,1659,1670,3,1.50,3,1,2,"","https://www.tandfonline.com/doi/pdf/10.1080/14783363.2024.2393335",""
0,"Yongyu Ma, Yuting Meng, Xiaohan Sheng, Tong Wu","Research on the Implementation Status and Development of the Rental-sales Right Equality in Nanjing",2024,"Highlights in Business, Economics and Management","Darcy & Roy Press Co. Ltd.","https://doi.org/10.54097/22t9dp64","",416,"2026-05-27 21:00:15","journal-article","10.54097/22t9dp64","2957-952X",,39,,950,955,0,0.00,0,4,2,"Since the urban housing systems modify in 1998 has become more profound, China’s real estate has progressively moved towards marketization. This measure has made great contributions to urbanization and has also promoted real estate to become an essential part of the national economy. However, it is followed by problems such as the long-term imbalance of China’s housing system in the development process, under several rounds of regulation the housing price is still rising, and there is a shortage of housing in large cities. The imbalance of housing development makes the investment attribute of housing higher than the residential attribute at the present stage, and it is still difficult for vulnerable groups to achieve “housing”. To solve the issue of uneven and insufficient development of the housing sales market and the rental market, on August 15,2017, the General Office of the Nanjing Municipal Government officially issued the “Nanjing Housing Rental Pilot Work Plan”, which clearly mentioned the rental-sales right equality, indicating that the lessee will have the opportunity to enjoy the same basic public service policy measures as the residents. This paper combs the relevant policies of the Rental-sales Right Equality in Nanjing, comprehensively evaluates the implementation effect of the policy in the past seven years, explores the current issues and makes appropriate recommendations, to provide theoretical and practical basis for further improving the policy of the Rental-sales Right Equality and encouraging the superior growth of the housing rental market.","https://drpress.org/ojs/index.php/HBEM/article/download/23781/23327",""
2,"Anushka Jain, Aparna Gangwar, Chandni Kumari, Pawan Singh Mehra","A Survey on Blockchain for Rental Lease Management",2024,"2024 11th International Conference on Reliability, Infocom Technologies and Optimization (Trends and Future Directions) (ICRITO)","IEEE","https://doi.org/10.1109/icrito61523.2024.10522110","",419,"2026-05-27 21:00:15","proceedings-article","10.1109/icrito61523.2024.10522110","",,,,1,5,2,1.00,1,4,2,"","http://xplorestaging.ieee.org/ielx7/10522096/10522101/10522110.pdf?arnumber=10522110",""
0,"Cara Pacitti","Through the roof: Recent trends in rental-price growth",2024,"","Resolution Foundation","https://doi.org/10.63492/duq5712","",421,"2026-05-27 21:00:15","report","10.63492/duq5712","",,,,,,0,0.00,0,1,2,"With many more families in the UK now renting, and renting for longer, the rising cost of doing so poses a significant challenge to living standards. This briefing note looks at what has been driving the rapid increases in rents over the past two years, and what that means for the future. We find that earnings growth and a post-pandemic re-adjustment are key drivers of the rental price growth we’ve seen in recent years, with popular theories about the rise, including an ‘exodus’ of landlords from the private-rental sector, not supported by the evidence. While rental-price growth for new tenancies is set to continue to ease in the coming months, many renters will still see their housing costs rise over the coming years, as the high market rates we’ve seen filter through the private-rental sector. Against this backdrop, it’s crucial that the Government continues to support low-income renters by ensuring the Local Housing Allowance keeps pace with rents over the coming years.","",""
0,"Gerard Ayuso Virgili, Norbert Lümmen, David Lande-Sudall, Konstantinos Christakos","Measure-Correlate-Predict Methods to Improve the Assessment of Wind and Wave Renewable Energy Availability at a Coastal Recirculating Aquaculture Syste",2024,"","Elsevier BV","https://doi.org/10.2139/ssrn.4796201","",424,"2026-05-27 21:00:15","posted-content","10.2139/ssrn.4796201","",,,,,,0,0.00,0,4,2,"","",""
0,"Chantalle Elisabeth Rietdijk","Adequate housing in Taipei City’s private rental market: a visual content analysis of online rental unit advertisements",2024,"Housing Studies","Informa UK Limited","https://doi.org/10.1080/02673037.2024.2363928","",428,"2026-05-27 21:00:15","journal-article","10.1080/02673037.2024.2363928","0267-3037",,40,6,1281,1306,0,0.00,0,1,2,"","https://www.tandfonline.com/doi/pdf/10.1080/02673037.2024.2363928",""
0,"Mashitoh Halim, Noraliza Basrah, Rohayu Abdul Majid, Noorhalil Ismail","WHO’S CAPTURING THE GREEN VALUE IN KUALA LUMPUR’S OFFICE RENTAL SPACES?",2024,"International Journal of Entrepreneurship and Management Practices","Global Academic Excellence (M) Sdn Bhd","https://doi.org/10.35631/ijemp.728005","",429,"2026-05-27 21:00:15","journal-article","10.35631/ijemp.728005","2600-8750",,7,28,63,82,0,0.00,0,4,2,"This study aims to understanding the dynamics within the green office rental market in Kuala Lumpur by identifying the industries that capture the most value from green office spaces and analyzing tenant preferences in this evolving landscape. The primary objective is to uncover the current nature of businesses occupying green office spaces and their preferences regarding location, building features, certification levels, and green attributes. By employing a quantitative methodology, the research commenced with an extensive literature review to situate the study within the broader context of existing academic work. Primary data was meticulously collected from GreenBuildingIndex Sdn. Bhd. (GBI) and the Valuation and Property Services Department (JPPH), incorporating sample data from 50 green office buildings documented by GBI and 2,707 rental office spaces recorded by JPPH. The analysis utilized the Statistical Package for the Social Sciences (SPSS) to integrate and examine the data collected from these distinct sources. Furthermore, the nature of businesses occupying these green spaces was ascertained through comprehensive verification using company websites and professional platforms. The findings reveal a notable preference among tenants from sectors prioritizing sustainability, innovation, and strategic positioning, such as Energy and Technology, Financial Services, ICT, and Management Services. These sectors demonstrate an acute awareness and commitment to environmental sustainability, opting for green office spaces that align with their corporate ethos of innovation and responsibility. Moreover, the study delineates tenant preferences in selecting green office spaces, highlighting a clear inclination towards buildings that not only offer prestigious locations and advanced green features but also possess recognized green certifications, indicating a mature and discerning tenant base within the market. In conclusion, the research provides insightful revelations about the commercial dynamics of Kuala Lumpur’s green office rental market, showcasing a significant shift towards sustainability across diverse sectors. The preferences regarding location, certification, and building attributes reflect a complex interplay of economic, environmental, and social factors, driving the demand for green office spaces in Kuala Lumpur. This study contributes to the understanding of how businesses are aligning with sustainability trends, offering a valuable perspective on the green value captured in the office rental market of Kuala Lumpur.","",""
0,"Minghao Sun","Dynamic Pricing Prediction for Short-Term Auto Rental Insurance",2024,"","Iowa State University","https://doi.org/10.31274/cc-20250502-27","",437,"2026-05-27 21:00:15","report","10.31274/cc-20250502-27","",,,,,,0,0.00,0,1,2,"","",""
0,"Shokhista Ergasheva","DEVELOPMENT OF MEMORIAL AND HOUSE MUSEUMS IN UZBEKISTAN: TAMARAKHONYM HOUSE MUSEUM",2024,"International Journal Of History And Political Sciences","The USA Journals","https://doi.org/10.37547/ijhps/volume04issue05-06","",439,"2026-05-27 21:00:15","journal-article","10.37547/ijhps/volume04issue05-06","2771-2222",,4,5,40,44,0,0.00,0,1,2,"This article discusses the development of memorial and home museums in Uzbekistan: the activities of the Tamarakhonim home museum. Information about exhibitions , events, and exhibits held in the museum is covered.","",""
0,"Ayush Sahu, Avani Katlana, Arpita Sharma, Maya Yadav Baniya, Sumitra Sureliya, Shubhrata Kanungo","Vehicle Rental Management System: OnDemand Vehicle Ride",2024,"2024 International Conference on Advances in Computing Research on Science Engineering and Technology (ACROSET)","IEEE","https://doi.org/10.1109/acroset62108.2024.10743592","",444,"2026-05-27 21:00:15","proceedings-article","10.1109/acroset62108.2024.10743592","",,,,1,11,0,0.00,0,6,2,"","http://xplorestaging.ieee.org/ielx8/10743179/10743196/10743592.pdf?arnumber=10743592",""
0,"Prabhi Raj,","Innovation in PG Accommodations: An Online Rental Service",2024,"INTERANTIONAL JOURNAL OF SCIENTIFIC RESEARCH IN ENGINEERING AND MANAGEMENT","Edtech Publishers (OPC) Private Limited","https://doi.org/10.55041/ijsrem35102","",446,"2026-05-27 21:00:15","journal-article","10.55041/ijsrem35102","2582-3930",,,5,1,5,0,0.00,0,1,2,"This web application is designed to streamline the process of finding and booking paying guest (PG) accommodations in selected cities. Aimed at students and professionals seeking convenient housing options, the platform provides a comprehensive solution for PG availability, booking, and management. The application offers an extensive property listing with detailed information, including amenities and facilities available at each location. Users can browse properties filtered by city, ensuring they find the most suitable accommodations quickly and efficiently. To enhance user experience, the platform supports user authentication through robust signup and login functionalities, ensuring secure and personalized access to the services. By integrating these features, the web app addresses common challenges faced by PG seekers, such as limited availability, lack of detailed information, and complicated booking processes. It simplifies the search and booking process, making it more accessible and user-friendly. The platform's design focuses on providing a seamless experience, enabling users to make informed decisions about their housing options. In summary, this web application serves as a comprehensive tool for finding and booking PG accommodations in selected cities. It combines essential functionalities like real-time availability, detailed property listings, secure user authentication, and personalized room assignments to meet the diverse needs of its users. This project aims to enhance the efficiency and convenience of the PG booking process, contributing significantly to the ease of finding suitable housing for students and professionals. Keywords: HTML, CSS, Bootstrap, DBMS, JavaScript, PHP.","",""
2,"Apriani Riyanti, Taryana T, Guruh Putro Dirgantoro, I Made Agus Oka Gunawan","Development of Rental Application using Prototyping Method",2024,"TECHNOVATE: Journal of Information Technology and Strategic Innovation Management","Global Researcher Network","https://doi.org/10.52432/technovate.1.2.2024.69-80","",456,"2026-05-27 21:00:15","journal-article","10.52432/technovate.1.2.2024.69-80","3047-2466",,1,2,69,80,2,1.00,1,4,2,"In the modern era of technology, it is crucial to have access to the most up-to-date technical advancements. However, not everyone has the means to regularly upgrade their gadgets to keep pace with these improvements. This phenomenon can be attributed to the exorbitant expenses and transitory demand for technology, particularly in emerging nations like Indonesia, where the rental sector remains inadequately developed. This research proposes the construction of a mobile phone and camera rental application named Quick-Rent. The application is created using the Prototyping method, which is a system development approach. The prototyping method was selected due to its ability to enable developers to evaluate and enhance features depending on user feedback right from the outset of the design process. This application is specifically intended to enhance the efficiency of the leasing process by adapting system features based on user needs analysis. The findings indicated that certain system features were modified based on the user needs analysis. The system implementation process and the 7 scenario of blackbox testing confirmed the validity and usability of these features.","https://globalresearcher.net/index.php/technovate/article/download/35/29",""
1,"Michał Hebdzyński","Are Hedonic Models Really Quality-Adjusted? The Role of Apartment Quality in Hedonic Models of Housing Rental Market",2024,"Real Estate Management and Valuation","Walter de Gruyter GmbH","https://doi.org/10.2478/remav-2024-0014","",457,"2026-05-27 21:00:15","journal-article","10.2478/remav-2024-0014","2300-5289",,32,2,46,57,1,0.50,1,1,2,"Abstract: In micro-level data concerning the housing market, the apartment quality may be signaled via textual statements or the attached descriptions/photos. It may be done using hard information related to the easier-to-measure structural characteristics or soft information related to the apartment condition and design -","https://reference-global.com/pdf/10.2478/remav-2024-0014",""
1,"Sufia Aulia Salsabilah, Harsya, Karenia Mentari, Shyndy Monicasari, Hadi Wijaya","RENTALIN APPS: Development of a Motorbike Rental Application Using Design Thinking for a Digital Rental Solution",2024,"Jurnal Bisnis dan Komunikasi Digital","Indonesian Journal Publisher","https://doi.org/10.47134/jbkd.v1i4.3171","",460,"2026-05-27 21:00:15","journal-article","10.47134/jbkd.v1i4.3171","3026-5886",,1,4,,,1,0.50,0,5,2,"The motorbike rental industry in Indonesia is characterized by significant challenges, including security risks, inefficient operations, and difficulty for customers in finding reliable rental services. This study aims to develop a comprehensive digital solution through the RENTALIN application, which addresses these challenges using a Design Thinking approach. The objective of this research was to create an application that enhances both the operational efficiency for rental owners and the user experience for customers. Data was collected from 13 motorbike rental owners, reported issues such as theft, fraud, and difficulties in tracking motorbikes. Additionally, surveyed customers indicated challenges in finding trustworthy rental services. Based on these findings, the RENTALIN application was designed with features such as GPS-based motorbike tracking, secure data verification systems, and an intuitive user interface. These solutions aim to improve security, expand market reach, and simplify the rental process. Testing of the prototype showed that the application effectively increases the efficiency and safety of the rental process, providing a more seamless experience for both rental owners and customers. RENTALIN demonstrates significant potential to become a leading platform in the Indonesian motorbike rental industry, offering targeted solutions to the sector’s critical issues.","https://journal.pubmedia.id/index.php/jbkd/article/download/3171/3163",""
0,"Suryanto Suryanto, Rhian Indradewa, Edi Hamdi, Ketut Sunaryanto","Risk Management Strategy Implementation for Business Plan at Material Handling Rental Services Startup LogisMe",2024,"Jurnal Ekonomi Manajemen Sistem Informasi","Yayasan Dharma Indonesia Tercinta (Dinasti)","https://doi.org/10.38035/jemsi.v6i1.2941","",469,"2026-05-27 21:00:15","journal-article","10.38035/jemsi.v6i1.2941","2686-5238",,6,1,341,349,0,0.00,0,4,2,"PT. LogisMe Berkat Bersama (LBB) is a Limited Liability Company (PT) engaged in the business of providing Business-to-Business (B2B) warehousing and logistics solutions. LogisMe has the tagline ""One Stop Logistics Solutions"" with end-to-end solution coverage starting from the provision of warehousing and logistics operational equipment such as forklifts, material handling and cleaning equipment, provision of spare parts and technicians in order to meet the maintenance needs of these operational equipment, warehouse racking design, warehouse and logistics operational consultant services to the provision of a digital platform for monitoring units rented by customers in real-time. This document outlines the implementation of a risk management strategy for the business plan of LogisMe, a Material Handling Rental Services startup company. The framework adopted is based on the ISO 31000:2018 standard and focuses on integrating risk manage.  the report is returned to the risk mitigation supervisor to be checked that it has met the requirements and stored in the company's cloud repository, disseminated to all employees and company stakeholders. Monitoring is carried out to understand and prevent risks that occur as a strategy to gain a competitive advantage for the company.","https://dinastirev.org/JEMSI/article/download/2941/1710",""
0,"Goran Kos","Car Rental",2024,"Encyclopedia of Tourism","Springer Nature Switzerland","https://doi.org/10.1007/978-3-030-74923-1_825","",473,"2026-05-27 21:00:15","book-chapter","10.1007/978-3-030-74923-1_825","",,,,134,135,0,0.00,0,1,2,"","https://link.springer.com/content/pdf/10.1007/978-3-030-74923-1_825",""
0,"","EFFICIENCY IMPROVEMENT IN REVERSE LOGISTICS ON CLOTHING RENTAL MODEL",2024,"Vibration Engineering","Influential Scholarly Research Publication","https://doi.org/10.57030/jve.370301.3","",481,"2026-05-27 21:00:15","journal-article","10.57030/jve.370301.3","",,,,,,0,0.00,0,0,2,"","",""
0,"Muhammad Mukhlis, Rhian Indradewa, Edi Hamdi, Ketut Sunaryanto","Human Capital Strategy Implementation for Business Plan at Material Handling Rental Services Startup LogisMe",2024,"Journal of Accounting and Finance Management","Yayasan Dharma Indonesia Tercinta (Dinasti)","https://doi.org/10.38035/jafm.v5i4.825","",494,"2026-05-27 21:00:15","journal-article","10.38035/jafm.v5i4.825","2721-3013",,5,4,902,914,0,0.00,0,4,2,"Efficient logistics and warehousing operations heavily rely on effective material handling and cleaning processes. The utilization of equipment like lifting scissors, hand stackers, and forklifts is crucial for the safe and smooth movement of raw materials, finished products, and heavy cargo within these facilities. Nevertheless, the substantial financial outlay for such equipment presents a significant hurdle for businesses in this industry. Despite this capital-intensive challenge, the logistics and warehousing sector has witnessed substantial growth, primarily driven by the e-commerce surge ignited by the COVID-19 pandemic. The escalating demand for online shopping has exerted considerable pressure on supply chains, necessitating expanded warehousing and transportation infrastructure. Human Resource Planning (HRP) involves strategically allocating and optimizing human capital within an organization. This process aligns with short, medium, and long-term objectives by determining the necessary workforce to meet operational requirements. HR planning translates organizational goals into specific human resource targets, ensuring the availability of skilled personnel to support business operations. LogisMe has a flexibility of working style and hours which combines both offline and online / remote working styles empowered with virtual office and Employee Self Service (ESS). The company also supports for employees work-life balance and rewards.","https://dinastires.org/JAFM/article/download/825/629",""
4,"Heng Zhang, Xiangyu Guo","Farmland Rental Market, Outsourcing Services Market and Agricultural Green Productivity: Implications for Multiple Forms of Large-Scale Management",2024,"Land","MDPI AG","https://doi.org/10.3390/land13050676","",495,"2026-05-27 21:00:15","journal-article","10.3390/land13050676","2073-445X",,13,5,676,676,4,2.00,2,2,2,"Large-scale management is the key to realizing long-term agricultural growth in smallholder countries. Land-scale management and service-scale management are two forms of agricultural large-scale management. The former is committed to changing the small-scale management pattern, but the latter tends to maintain it. There has been a lack of discussion and controversy about the relationship between the two. From the perspective of market maturity, this paper explores whether the two are complementary or mutually exclusive and how their complementary or mutually exclusive relationship affects agricultural green productivity. The results show the following: Land-scale management and service-scale management are complementary, not superficially contradictory. The benign interaction between the two has a consistent improvement effect on green productivity in both the short and long term, which has spatial spillovers appearing in the long term. The reasons are as follows: The farmland rental market can reverse the inhibitory effect of the current low-maturity outsourcing services market on green productivity. The outsourcing services market can delay the arrival of the inflection point beyond which expansion of farmland rental transactions reduces green productivity, and amplify the positive effect of farmland rental on it. Although the degree of benign interaction between the two forms of large-scale management has gradually increased in recent years, it is still low overall. Agricultural large-scale management in China is still in the stage driven by land-scale management. Smallholder countries such as China need not worry prematurely about which large-scale management path to take, and they should treat both forms of large-scale management with an equal perspective to accelerate the high-level interaction between them.","https://www.mdpi.com/2073-445X/13/5/676/pdf",""
0,"E.P. Rivkin","Hostile behavior of the manager",2024,"Upravlenie kachestvom (Quality management)","PANORAMA Publishing House","https://doi.org/10.33920/pro-01-2411-07","",497,"2026-05-27 21:00:15","journal-article","10.33920/pro-01-2411-07","",,,11,44,49,0,0.00,0,1,2,"The article examines the problem of hostile behavior of the manager, which is especially relevant for small businesses. The main attention is paid to the reasons for such behavior, its consequences and ways to minimize it. Hostile behavior is often associated with improper management and ineff ective communication, which is what we discuss in this article. To solve this problem, the following measures are proposed: a detailed description of processes and tasks, demonstration of task completion, control and adjustment of employee work.","",""
0,"Brady Hislop, Ara Mercer, Alexandria Whitley, Erik Myers, Chelsea Heveran, Ron June","Osteochondral fluid transport in an ex vivo syste",2024,"Osteoarthritis and Cartilage","Elsevier BV","https://doi.org/10.1016/j.joca.2024.02.592","",506,"2026-05-27 21:00:15","journal-article","10.1016/j.joca.2024.02.592","1063-4584",,32,,,,0,0.00,0,6,2,"","https://api.elsevier.com/content/article/PII:S106345842400637X",""
0,"Ratna Nabillah, M. Rijal Amirulloh, Rizki Hegia Sampurna","Policy Evaluation of Cikudul Simple Rental Flat (RUSUNAWA) Program in Sukabumi City",2024,"Dinasti International Journal of Education Management And Social Science","Yayasan Dharma Indonesia Tercinta (Dinasti)","https://doi.org/10.38035/dijemss.v5i6.3143","",509,"2026-05-27 21:00:15","journal-article","10.38035/dijemss.v5i6.3143","2686-6331",,5,6,2515,2524,0,0.00,0,3,2,"The phenomenon of rapid urbanization in Sukabumi triggers the need for decent housing for low-income people (MBR). This study aims to evaluate the policy of the Cikudul Simple Rental Flat (RUSUNAWA) Program in Sukabumi City. The research method used is qualitative with data collection techniques through observation, interviews, and documentation. The results showed that although RUSUNAWA was available, there were still obstacles in physical and financial accessibility for MBR. The policy evaluation revealed that apparatus resources, institutions, infrastructure and technology, finance, and regulations play an important role in the management of RUSUNAWA. Key findings include the need to improve the skills and knowledge of officials, improve public facilities, and provide social assistance to ease the financial burden of residents. With continuous evaluation, it is expected that the RUSUNAWA program can be more effective in improving the quality of life of low-income people in Sukabumi.","https://dinastipub.org/DIJEMSS/article/download/3143/2118",""
1,"Konhee Chang","Diversifying the suburbs: Rental supply and spatial inequality&amp;nbsp;",2024,"","Elsevier BV","https://doi.org/10.2139/ssrn.5011422","",510,"2026-05-27 21:00:15","posted-content","10.2139/ssrn.5011422","",,,,,,1,0.50,1,1,2,"","",""
0,"","Organizing an “In‐House” Union?",2024,"Management Report for Nonunion Organizations","Wiley","https://doi.org/10.1002/mare.31128","",511,"2026-05-27 21:00:15","journal-article","10.1002/mare.31128","0745-4880",,47,11,8,8,0,0.00,0,0,2,"","https://onlinelibrary.wiley.com/doi/pdf/10.1002/mare.31128",""
0,"Amirah Nur Sabrina, Hella Rizwa Nabila","Annuity in Advance for Rental Properties: Profit and Risk Analysis for Owners of Student Rental Homes Near Campus",2024,"International Journal of Quantitative Research and Modeling","Research Collaboration Community (RCC)","https://doi.org/10.46336/ijqrm.v5i4.830","",514,"2026-05-27 21:00:15","journal-article","10.46336/ijqrm.v5i4.830","2721-477X",,5,4,432,440,0,0.00,0,2,2,"Nowadays, the rental homes business in the area around the campus offers significant profits for its owners, this is due to the large number of students who migrate so they choose to live in rental homess, but on the other hand this can also cause various risks, including fluctuations. Maintenance costs and high occupancy rates. This can make rental homes owners' income unpredictable and make it difficult to create long-term financial goals. Using an upfront annuity model, where the owner receives rental payments at the start of the period, is one way to lower this risk. rental homes owners can guarantee more consistent cash flow and make more accurate income predictions by applying this concept. The aim of this research is to examine how the application of the advance annuity model affects the income and risks of rental homes owners. This study will assess how advance annuities contribute to income stability and reduce the uncertainty that often occurs in rental homes operations by using comprehensive financial techniques. Apart from that, this analysis will also consider various external factors that can influence occupancy levels, such as campus policies and economic conditions. It is hoped that the findings from this research will provide useful insights for rental homes owners in maximizing profits while managing risks more effectively, so that they can adapt to ever-changing market dynamics. Therefore, this strategy can be a smart alternative for rental homes owners in optimizing their business performance around campus.","https://journal.rescollacomm.com/index.php/ijqrm/article/viewFile/830/647",""
0,"Saniel Chand","Exploring Tax Relief Programs: A Path for Rental Housing in Canada",2024,"","Ryerson University Library and Archives","https://doi.org/10.32920/25417387","",518,"2026-05-27 21:00:15","posted-content","10.32920/25417387","",,,,,,0,0.00,0,1,2,"To date, Canada’s housing policies have been attuned to a housing system in which most Canadian households obtain their housing from the private market. A small portion of households live in non-market social housing, including public housing, nonprofit housing and non-profit co-operatives. This has resulted in a system that relies on market mechanisms to deliver housing, and therefore housing policies which primarily focus on home ownership, leaving renting households lagging behind in housing security. The federal government’s National Housing Strategy (NHS) provides limited progress to alleviate stress on low-income rental housing, and this research paper seeks to propose policy and tax tools to improve the progress on objectives of the NHS. Specifically, this research explores using tax relief programs to reposition NHS initiatives to provide housing with meaningful measures of affordability, and housing directed to low-income earners.","",""
0,"Kyung-Chul Kim","Analysis of Current Status and Importance of Component Factors in Public Rental Housing Management Services",2024,"Journal of the Korean Housing Association","The Korean Housing Association","https://doi.org/10.6107/jkha.2024.35.6.093","",524,"2026-05-27 21:00:15","journal-article","10.6107/jkha.2024.35.6.093","2234-3571",,35,6,93,104,0,0.00,0,1,2,"","https://journal.khousing.or.kr/articles/pdf/doi/10.6107/JKHA.2024.35.6.093.pdf",""
0,"Saniel Chand","Exploring Tax Relief Programs: A Path for Rental Housing in Canada",2024,"","Ryerson University Library and Archives","https://doi.org/10.32920/25417387.v1","",528,"2026-05-27 21:00:15","posted-content","10.32920/25417387.v1","",,,,,,0,0.00,0,1,2,"To date, Canada’s housing policies have been attuned to a housing system in which most Canadian households obtain their housing from the private market. A small portion of households live in non-market social housing, including public housing, nonprofit housing and non-profit co-operatives. This has resulted in a system that relies on market mechanisms to deliver housing, and therefore housing policies which primarily focus on home ownership, leaving renting households lagging behind in housing security. The federal government’s National Housing Strategy (NHS) provides limited progress to alleviate stress on low-income rental housing, and this research paper seeks to propose policy and tax tools to improve the progress on objectives of the NHS. Specifically, this research explores using tax relief programs to reposition NHS initiatives to provide housing with meaningful measures of affordability, and housing directed to low-income earners.","",""
0,"Michael McDonald","Airfactors – Examining Priced Risk Factors in Short Term Rental Investments1",2024,"","Elsevier BV","https://doi.org/10.2139/ssrn.4924893","",537,"2026-05-27 21:00:15","posted-content","10.2139/ssrn.4924893","",,,,,,0,0.00,0,1,2,"","",""
0,"Hamisu Ismail AYAGI","Performance estimation of parallel Syste under online and offline preventive maintenance",2024,"Sigma Journal of Engineering and Natural Sciences – Sigma Mühendislik ve Fen Bilimleri Dergisi","Kare Publishing","https://doi.org/10.14744/sigma.2024.00090","",551,"2026-05-27 21:00:15","journal-article","10.14744/sigma.2024.00090","1304-7205",,,,1088,1100,0,0.00,0,1,2,"","https://sigma.yildiz.edu.tr/storage/upload/pdfs/1722520881-en.pdf",""
0,"Pathmanaban J, Sangeetha S, Prabahar Godwin James T, Sibisurya S, Sakthi Arunachalam S, Abiram R","Agritool -A Farm Log Rental Service Platform with Crop Management",2024,"2024 International Conference on Smart Technologies for Sustainable Development Goals (ICSTSDG)","IEEE","https://doi.org/10.1109/icstsdg61998.2024.11026212","",552,"2026-05-27 21:00:15","proceedings-article","10.1109/icstsdg61998.2024.11026212","",,,,1,4,0,0.00,0,6,2,"","http://xplorestaging.ieee.org/ielx8/11026116/11026063/11026212.pdf?arnumber=11026212",""
0,"John F. McDonald","How a house is sold",2024,"The Business &amp; Management Collection","Henry Stewart Talks","https://doi.org/10.69645/kqrp7297","",555,"2026-05-27 21:00:15","journal-article","10.69645/kqrp7297","2059-7177",,2024,7,,,0,0.00,0,1,2,"","",""
0,"Joginder Goet, Kiran Kharel","Employee Motivation of The Burger House and Crunchy Fried Chicken in Kathmandu Valley",2024,"Management Dynamics","Nepal Journals Online (JOL)","https://doi.org/10.3126/md.v27i1.80794","",556,"2026-05-27 21:00:15","journal-article","10.3126/md.v27i1.80794","2091-0460",,27,1,94,103,0,0.00,0,2,2,"The aim of the study is to investigate the impact of employee motivation on retention in the restaurant business in Kathmandu Valley. The study employs a descriptive and causal-comparative research design, which is well-suited for exploring the challenges associated with high turnover rates and employee dissatisfaction in the restaurant business. The population for this study comprises 923 employees working in the restaurant business across Nepal, with a specific focus on 385 employees at The Burger House and Crunchy Fried Chicken. A purposive sampling technique is used to select participants from different job roles, including restaurant business agents, supervisors, and managers, ensuring a diverse and representative sample. Data collection involves Questionnaire sources, primarily through surveys conducted with the selected participants in the restaurant business. The study’s findings reveal significant relationships between employee motivations and various factors, including rewards, workload, career development opportunities, and work culture. Workload, while statistically significant, has a more modest effect on retention compared to the other variables. Additionally, the study emphasizes the importance of a positive work culture. Employees are more inclined to stay with an organization that promotes a supportive and inclusive work environment.","https://www.nepjol.info/index.php/md/article/download/80794/61908",""
0,"Abhiroop Biswas","Rentez: A Simplified Rental App Experience Designed to Promote Transparency and Verification",2024,"","Ryerson University Library and Archives","https://doi.org/10.32920/26052562","",576,"2026-05-27 21:00:15","posted-content","10.32920/26052562","",,,,,,0,0.00,0,1,2,"Each year many international students arrive in Canada with dreams of outstanding academic and professional careers but are met with a sad reality: the time-consuming and inconvenient process of finding suitable accommodation. There are currently a large number of unverified rental posts on platforms such as Facebook Marketplace and Kijiji, where renters are frequently confused by listings that lack adequate information/details or are outright fraudulent. This project aims to design an optimized rental app that will allow renters to find legitimate sources of rental properties. Most importantly, it will ensure communication between the renter and the listing/ad owner. This Major Research Project will investigate the ways in which user experience design might be utilized to address the issues that users face in the real world. This incorporates both research and analytical work. Additionally, wireframing and prototyping, as well as other types of design thinking, were investigated throughout the course of this paper. Methods pertaining to the user experience and the user interface were implemented in this project to create an interactive and seamless experience.","",""
0,"Yuhong Xu","House Price Prediction Based on Machine Learning --Taking Beijing House Price Data as an Example",2024,"Proceedings of the 5th International Conference on Economic Management and Model Engineering, ICEMME 2023, November 17–19, 2023, Beijing, China","EAI","https://doi.org/10.4108/eai.17-11-2023.2342672","",579,"2026-05-27 21:00:15","proceedings-article","10.4108/eai.17-11-2023.2342672","",,,,,,0,0.00,0,1,2,"","",""
0,"Kadek Risna Puspita Giri, Ni Kadek Yuni Utami, Ni Made Sri Wahyuni Trisna, Bethovent Molo","Pendekatan Modular Pada Interior Rental Office Di Denpasar",2024,"DIVAGATRA - Jurnal Penelitian Mahasiswa Desain","Universitas Komputer Indonesia","https://doi.org/10.34010/divagatra.v4i2.14272","",598,"2026-05-27 21:00:15","journal-article","10.34010/divagatra.v4i2.14272","2776-656X",,4,2,251,265,0,0.00,0,4,2,"As development progresses, urban land is becoming increasingly scarce. From these problems, land prices in areas that are considered strategic have increased. One of them is Denpasar City, which is experiencing an increase in population due to urbanization and an increase in the economic sector, resulting in high occupancy demand for office facilities, but cannot be fulfilled due to several factors and the concept of the available offices is still conventional. Meanwhile, office activities today tend to be dynamic and do not require extensive office facilities. Through the design of Rental Office in Denpasar with a modular concept, flexible office needs can be met. The application of the space module system will facilitate the optimization of space that can be adjusted according to the activity needs of users, and is equipped with shared facilities. The method used is the programmatic method, which determines a theme and concept from the existing problems and how to solve the problem itself, resulting in the theme and concept of industrial-modular. The expected result with the presence of this design is that it can help entrepreneurs who want to have an office with affordable rent. For a greater impact, it is expected to trigger a trend of entrepreneurship for the younger generation so that it affects the increase in the people's economy.","https://ojs.unikom.ac.id/index.php/divagatra/article/download/14272/4868",""
1,"Marty Bortz","New development: In-house consulting—a critical appraisal",2024,"Public Money &amp; Management","Informa UK Limited","https://doi.org/10.1080/09540962.2024.2357170","",604,"2026-05-27 21:00:15","journal-article","10.1080/09540962.2024.2357170","0954-0962",,46,2,227,231,1,0.50,1,1,2,"","https://www.tandfonline.com/doi/pdf/10.1080/09540962.2024.2357170",""
1,"Shruti Shinde","BIKE RENTAL SYSTEM",2024,"Gurukul International Multidisciplinary Research Journal","Continuing Professional Development Events New Mumbai","https://doi.org/10.69758/gimrj2406i8v12p043","",605,"2026-05-27 21:00:15","journal-article","10.69758/gimrj2406i8v12p043","2394-8426",,,,354,362,1,0.50,1,1,2,"Abstract The Bike Rental Management System is an innovative web application designed to revolutionize the rental process of bicycles for short-term urban use. It offers a comprehensive solution that caters to both customers and administrators, ensuring a seamless experience for all users.At its core, the system boasts a user-friendly interface that simplifies the process of searching for available bikes, selecting preferred options, and completing rentals. Real-time availability information is provided, empowering customers to make informed decisions. The secure payment processing feature guarantees a safe and convenient transaction experience, instilling trust and reliability in the system.For administrators, the system includes a robust admin panel that allows for efficient management of bikes, user accounts, and rentals. This panel provides a comprehensive overview of the rental operations, enabling administrators to make informed decisions and optimize the rental process for better efficiency.The technology stack behind the system is equally impressive, utilizing Java Servlet for backend logic, JDBC for database connectivity, JavaScript for client-side interactivity, and Bootstrap for responsive design. This ensures a smooth and seamless user experience across different devices and platforms.One of the key advantages of the Bike Rental Management System is its contribution to promoting eco-friendly urban mobility. By encouraging the use of bicycles for short-distance travel, the system helps reduce traffic congestion and carbon emissions, ultimately leading to a cleaner and greener environment. Additionally, the system promotes healthier lifestyles by encouraging physical activity through cycling.In conclusion, the Bike Rental Management System is a comprehensive and innovative solution that offers a wide range of benefits for both users and the environment. Its user-friendly interface, secure payment processing, efficient admin panel, and eco-friendly initiatives make it a standout choice for urban mobility solutions. Index Terms – Bike Rental, JDBC, User Authentication, Product Management, Admin Panel, Payment Processing, Scalability, Rental Process.","",""
1,"Vladimir Avetian, Viktor Veterinarov","Slavs Only: Open Xenophobia and Racial Disparities in Rental Housing",2024,"","Elsevier BV","https://doi.org/10.2139/ssrn.4983808","",609,"2026-05-27 21:00:15","posted-content","10.2139/ssrn.4983808","",,,,,,1,0.50,1,2,2,"","",""
0,"Seongjin Park","Adaptable Rent Pricing and Rental Income",2024,"SSRN Electronic Journal","Elsevier BV","https://doi.org/10.2139/ssrn.4794685","",610,"2026-05-27 21:00:15","journal-article","10.2139/ssrn.4794685","1556-5068",,,,,,0,0.00,0,1,2,"","",""
0,"Abhiroop Biswas","Rentez: A Simplified Rental App Experience Designed to Promote Transparency and Verification",2024,"","Ryerson University Library and Archives","https://doi.org/10.32920/26052562.v1","",616,"2026-05-27 21:00:15","posted-content","10.32920/26052562.v1","",,,,,,0,0.00,0,1,2,"Each year many international students arrive in Canada with dreams of outstanding academic and professional careers but are met with a sad reality: the time-consuming and inconvenient process of finding suitable accommodation. There are currently a large number of unverified rental posts on platforms such as Facebook Marketplace and Kijiji, where renters are frequently confused by listings that lack adequate information/details or are outright fraudulent. This project aims to design an optimized rental app that will allow renters to find legitimate sources of rental properties. Most importantly, it will ensure communication between the renter and the listing/ad owner. This Major Research Project will investigate the ways in which user experience design might be utilized to address the issues that users face in the real world. This incorporates both research and analytical work. Additionally, wireframing and prototyping, as well as other types of design thinking, were investigated throughout the course of this paper. Methods pertaining to the user experience and the user interface were implemented in this project to create an interactive and seamless experience.","",""
1,"Jaybee G. Coronel","Responsive Knowledge Management Framework in the Philippine House of Representatives for Policy Development",2024,"International Journal of Social Science and Human Research","Everant Journals","https://doi.org/10.47191/ijsshr/v7-i08-08","",618,"2026-05-27 21:00:15","journal-article","10.47191/ijsshr/v7-i08-08","2644-0679",,7,,,,1,0.50,1,1,2,"This study formulated a Knowledge Management Framework for the Philippine House of Representatives Secretariat- the organizational arm of the House of Representatives (HRep) to improve the technical and administrative support services to the House Members. The researcher interviewed employees from the Committee Affairs Department to describe their required features of a technology-based system, practices, and initiatives for the implementation of a framework as a basis for the development of a KM system. The developed KM framework integrated the models of Alshamsi and Othman, 2021 and the Input-Process-Output (IPO) model Galais et. al (2021), illustrated the cyclical nature of knowledge creation, sharing, and utilization within the organization, and the researcher included an outcome as the framework should reflect the long term development goals of the HRep. The framework will be the basis of the HRep in assessing the current systems in the HRep, evaluating the proposed systems, and developing indicators for monitoring and evaluation in case a certain system is already implemented.","",""
0,"","House Building Project",2024,"Advances in Logistics, Operations, and Management Science","IGI Global","https://doi.org/10.4018/979-8-3693-2818-7.ch008","",620,"2026-05-27 21:00:15","book-chapter","10.4018/979-8-3693-2818-7.ch008","2327-350X",,,,143,150,0,0.00,0,0,2,"This chapter illustrates a project consisting of building a house. Resources have been assigned to the tasks in the project. The task durations are all modeled with Pert distributions, using the parameters in the model. If the decreases in the model sheet are 0, as they are now, the project is completed in the “normal” way. The simulation with these values should find that the mean project duration is about 133 days, and the mean cost is about $58,000. However, the project duration can be significantly longer because of the uncertainty. The contractor is under pressure to complete the house quickly. The model resulted in a penalty cost for expediting. In addition, there are bonuses for the contractor if they finish the project. The contractor completes the project if allowed (1) the decreases and (2) the penalty costs. Both of these assumptions could be relaxed with straightforward modifications of the model.","https://www.igi-global.com/viewtitle.aspx?TitleId=346111",""
0,"Ruiwen Wang","Impact of COVID-19 on U.S. Travel Agencies: Evidence from Producer Price Index of Hotel and Car Rental Bookings",2024,"Advances in Economics, Business and Management Research","Atlantis Press International BV","https://doi.org/10.2991/978-94-6463-598-0_23","",624,"2026-05-27 21:00:15","book-chapter","10.2991/978-94-6463-598-0_23","2731-7854",,,,224,232,0,0.00,0,1,2,"","",""
0,"Abhiraj Malia, Biswajit Das, Aurodeep Kamal, Bhubaneswari Bisoyi, Ipseeta Satpathy","Factors Affecting House-prices: A Study of House-owners in Bhubaneswar Using the Hedonic Pricing Model",2024,"South Asian Journal of Management","Association of Management Development Institutions in South Asia","https://doi.org/10.62206/sajm.31.1.2024.60-82","",628,"2026-05-27 21:00:15","journal-article","10.62206/sajm.31.1.2024.60-82","0971-5428",,31,1,60,82,0,0.00,0,5,2,"","",""
0,"Yiyu Chen, Matt Haugen","How Pandemic-Era Emergency Rental Assistance Helped Families With Food Insufficiency",2024,"","Child Trends, Inc.","https://doi.org/10.56417/6125k1517r","",630,"2026-05-27 21:00:15","report","10.56417/6125k1517r","",,,,,,0,0.00,0,2,2,"","",""
0,"Subhan Effendy, Muhammad Fajri, Fitriani, Nurjannah Bando","Profit Analysis of Broiler Chicken Business in Semi Closed House and Closed House in Marrang District, Pangkajene Islands Regency",2024,"Indonesian Journal of Economic &amp; Management Sciences","PT Formosa Cendekia Global","https://doi.org/10.55927/ijems.v2i5.12098","",639,"2026-05-27 21:00:15","journal-article","10.55927/ijems.v2i5.12098","2986-2795",,2,5,839,846,0,0.00,0,4,2,"Competition in the business world is getting tighter, nowadays entrepreneurs are required to be able to develop their business in order to develop, progress, grow and become successful entrepreneurs. The purpose of this study was to determine how the income of broiler farmers compares in Semi Closed House and Closed House in Attangsalo Village, Ma'rang Kecamatam, Pangkep Regency. The research was conducted in June 2024. The method used is descriptive method with observation, interview, survey and documentation techniques. The profit obtained in the first period amounted to Rp.95,182,489 in the second period of Rp.85,110,261, the third period amounted to Rp.80,248,972, in the fourth period amounted to Rp.166,780,136, in the fifth period Rp.125,964,691, in the sixth period Rp.87,759,266, in the seventh period Rp.74,914,884, in the eighth period Rp.39,188,492. Comparison of farmer profits over the past 2 years with a population of 14,000 heads in close house cages that do not apply technology, the income earned decreases in each period while cages with a population of 24,000 heads in close house cages by applying technology increases in each period. This shows that farmers who use technology are much better.","https://journal.formosapublisher.org/index.php/ijems/article/download/12098/11750",""
0,"Fengyuan Tian","Advancing House Price Forecasting: Linear Regression and Deep Learning Models Analysis",2024,"Proceedings of the 1st International Conference on Engineering Management, Information Technology and Intelligence","SCITEPRESS - Science and Technology Publications","https://doi.org/10.5220/0012973500004508","",640,"2026-05-27 21:00:15","proceedings-article","10.5220/0012973500004508","",,,,794,798,0,0.00,0,1,2,"","",""
0,"","HOUSE OF GRACE, HOUSE OF BLOOD",2024,"House of Grace, House of Blood","University of Arizona Press","https://doi.org/10.2307/jj.18108227.4","",642,"2026-05-27 21:00:15","book-chapter","10.2307/jj.18108227.4","",,,,5,5,0,0.00,0,0,2,"","",""
0,"Nourin Kadir, Aidan Brookson, Alan S. Fung","Feasibility Study of Residential House Energy Management Systems Withrenewables and Battery Energy Storage",2024,"","Elsevier BV","https://doi.org/10.2139/ssrn.4937865","",649,"2026-05-27 21:00:15","posted-content","10.2139/ssrn.4937865","",,,,,,0,0.00,0,3,2,"","",""
0,"Kamal Acharya","Online Vehicle Rental System Project Report",2024,"SSRN Electronic Journal","Elsevier BV","https://doi.org/10.2139/ssrn.4839429","",651,"2026-05-27 21:00:15","journal-article","10.2139/ssrn.4839429","1556-5068",,,,,,0,0.00,0,1,2,"","",""
0,"Ni Made Dara Gina Pratiwi, Ni Kadek Vanya Juliuntari, Putu Windi Agustin, Sindy Aprilia","Prototyping Approach for User Interface Optimization of ""Gowes"" Bicycle Rental Mobile Application",2024,"TECHNOVATE: Journal of Information Technology and Strategic Innovation Management","Global Researcher Network","https://doi.org/10.52432/technovate.1.3.2024.127-140","",653,"2026-05-27 21:00:15","journal-article","10.52432/technovate.1.3.2024.127-140","3047-2466",,1,3,127,140,0,0.00,0,4,2,"Bali, as one of the world's leading tourist destinations, offers various tourist activities including cycling along the beach. To support these activities, an efficient and user-friendly bicycle rental system is needed. In this research, we developed and optimized the user interface (UI) of the ""Gowes"" bicycle rental mobile application using a prototyping method approach. The prototyping method was chosen because of its ability to create an initial model of the interface which is then tested and refined based on user feedback. The stages in this approach include requirements gathering, initial prototyping, user evaluation and testing, prototype refinement, and final implementation. By involving users in each iteration, developers can ensure that the resulting interface truly matches their needs and preferences. The results show that this approach not only increases user convenience and satisfaction but also reduces the risk of project failure. The implementation of the system using Level 0 Data Flow Diagram (DFD) provides an overview of the data flow and main processes in the application, ensuring that all features and functions run as planned. The ""Gowes"" application is expected to improve tourists' experience in renting bicycles and enjoying the beauty of Bali.","https://www.globalresearcher.net/index.php/technovate/article/download/44/35",""
0,"Akhmad Gumono, Nanik Dara Senjawati, Wulandari Dwi Etikarini","RISK MANAGEMENT OF RAW MATERIAL PROCUREMENT IN MADUKISMO SUGAR FACTORY WITH THE HOUSE OF RISK METHOD",2024,"Agrisocionomics: Jurnal Sosial Ekonomi Pertanian","Institute of Research and Community Services Diponegoro University (LPPM UNDIP)","https://doi.org/10.14710/agrisocionomics.v8i3.21007","",669,"2026-05-27 21:00:15","journal-article","10.14710/agrisocionomics.v8i3.21007","2621-9778",,8,3,725,739,0,0.00,0,3,2,"Procurement of raw materials and sugarcane processing into sugar is an important part of the supply chain, which has the potential for various risks. Therefore, efforts are needed to gradually and continuously improve supply chain performance to overcome and prevent various risks. This research aims to (1) identify risk events and risk agents, (2) analyze risk agents that need to be prioritized for preventive action and (3) determine risk mitigation priorities in the procurement of sugar raw materials at the Madukismo Sugar Factory. The research method used is a descriptive case study method. Determining the criteria for risk events in the business process uses the Supply Chain Operation Reference (SCOR) dimensions. Risk agents and risk mitigation are analyzed using the House of Risk (HOR) method which consists of two phases. Based on the research results, 14 priority risk agents were found. Risk mitigation to address priority risk agents ranked 1-5 is: reformulating the SOP for cultivating seed sugarcane and milled sugarcane specific on Madukismo Sugar Factory, carrying out HR training, providing funds and production facilities on time, disciplining the implementation of SOPs through reward and punishment, and increasing supervision by each Plant Section personnel.","https://ejournal2.undip.ac.id/index.php/agrisocionomics/article/viewFile/21007/11781",""
0,"Erdal Aydin, Huseyin Bedir Demirtas","Energy Efficiency Gap in Rental Markets: Evidence from Turkey",2024,"","Elsevier BV","https://doi.org/10.2139/ssrn.5051954","",672,"2026-05-27 21:00:15","posted-content","10.2139/ssrn.5051954","",,,,,,0,0.00,0,2,2,"","",""
4,"Seyit Uguz","Photobioreactor systems for mitigating ammonia and carbon dioxide from a broiler house",2024,"Journal of Environmental Management","Elsevier BV","https://doi.org/10.1016/j.jenvman.2024.123216","",674,"2026-05-27 21:00:15","journal-article","10.1016/j.jenvman.2024.123216","0301-4797",,371,,123216,123216,4,2.00,4,1,2,"","https://api.elsevier.com/content/article/PII:S030147972403202X",""
0,"Jinhe Liu","Significance Level of Factors Effecting House Price",2024,"Highlights in Business, Economics and Management","Darcy & Roy Press Co. Ltd.","https://doi.org/10.54097/gfxf8r63","",675,"2026-05-27 21:00:15","journal-article","10.54097/gfxf8r63","2957-952X",,45,,165,171,0,0.00,0,1,2,"This paper is about analyzing dataset recorded between 1975 and 2021 about the house prices in United State and uses multiple linear regression to plot linear equation to help to predict the future house prices. The data includes some essential factors, population for example, that influences house prices index both directly and indirectly and did a further analysis to find the correlation between these factors and house prices index, and the correlation between each influencing factors. These factors all have difference significance level comparing to house price index, making it worth to find out even deeper the most influencing factors that affect house price index so the most important factors can be deduced. In the result, real disposable income is being concluded as the most important factors effecting the house price index among all other factors. In addition, the author also uses determinant coefficient to further confirm the accuracy of the multiple linear regression, making sure linear regression is a valid method to analyze the significance of all influencing factors.","https://drpress.org/ojs/index.php/HBEM/article/download/27430/26969",""
8,"Cristina Miguel, Ivana Načinović Braje, Maria Hadjielia Drotarova, Kosjenka Dumančić, Berna Kirkulak-Uludag, Carlo Giglio","The effects of the professionalization of hosting on service quality: Towards quality standards and certifications within the short-term rental market",2024,"International Journal of Hospitality Management","Elsevier BV","https://doi.org/10.1016/j.ijhm.2024.103796","",676,"2026-05-27 21:00:15","journal-article","10.1016/j.ijhm.2024.103796","0278-4319",,122,,103796,103796,8,4.00,1,6,2,"","https://api.elsevier.com/content/article/PII:S0278431924001087",""
0,"Sabrina Testaguzza","Increasing the Construction of Multi-Family Rental Housing: Toronto, Vancouver, and New York City",2024,"","Ryerson University Library and Archives","https://doi.org/10.32920/26866477","",682,"2026-05-27 21:00:15","posted-content","10.32920/26866477","",,,,,,0,0.00,0,1,2,"<p>Toronto has increasingly become an unaffordable rental city in recent decades. The following analysis explores recent programs implemented in Toronto, Vancouver, and New York City, aimed at increasing the construction of multi-family rental housing. Policy from the Federal, Provincial, and Municipal level of each city are investigated due to the highly connected nature of affordable housing provision in these jurisdictions. All the programs are analysed under a consistent methodology to examine which programs are the most effective. Based on the analysis, recommendations are provided for increasing the construction of affordable rental housing specifically in the Toronto context.</p>","",""
0,"Ying Fan, Yuqi Fu, Zan Yang","Tour Detour: Intermediaries’ Search Diversion in Rental Markets",2024,"","Elsevier BV","https://doi.org/10.2139/ssrn.5073894","",684,"2026-05-27 21:00:15","posted-content","10.2139/ssrn.5073894","",,,,,,0,0.00,0,3,2,"","",""
23,"Dallas Rogers, Sophia Maalsen, Peta Wolifson, Desiree Fields","Proptech and the private rental sector: New forms of extraction at the intersection of rental properties and platform rentierisation",2024,"Urban Studies","SAGE Publications","https://doi.org/10.1177/00420980241262916","",685,"2026-05-27 21:00:15","journal-article","10.1177/00420980241262916","0042-0980",,61,14,2778,2794,23,11.50,6,4,2,"Private renting increasingly comprises a complex ecosystem of actors who assemble housing within the market, and collect rental income and data from tenants, and data on the material assets themselves. Our analysis – at the intersection of rentier and platform capitalism – focuses on landed (material real estate) and technological (digital infrastructure and data) property in Australia’s private rental system. Drawing out relationships between the various actors – landlords, rental property managers and real estate agencies, software developers and providers, property developers and investors – and both their properties and their uses of Proptech (property technology), we show how housing and technology are being leveraged for profit in new ways. In Australia, landed property retains its precedence for established (individual and institutional) landlords, whose interest in Proptech relates to enhancing or value-adding to rental housing assets. For Proptech and institutional real estate players seeking to consolidate both landed and technology property, capturing the tech landscape is increasingly important; indeed, securing control and/or consolidation of technology property is a key motivation for building and/or using Proptech among the largest property developers. Our findings show how rent extraction operates across and between different types and scales of property and market actors, and in new ways that differentiate the figure of the rentier while upholding the dynamics of the rentier model.","https://journals.sagepub.com/doi/pdf/10.1177/00420980241262916",""
0,"Zelei Jiang, Puchao Li, Huanhuan Ren, Bin Xu, Wei Peng","Economic Research on Passenger Vehicle Battery Rental Mode Based on System Dynamics Model",2024,"Proceedings of the 4th International Conference on Economic Management and Big Data Applications, ICEMBDA 2023, October 27–29, 2023, Tianjin, China","EAI","https://doi.org/10.4108/eai.27-10-2023.2341956","",686,"2026-05-27 21:00:15","proceedings-article","10.4108/eai.27-10-2023.2341956","",,,,,,0,0.00,0,5,2,"","",""
0,"John Wrench","Iowa Rental Inspections Brief (IA Supreme Court)",2024,"SSRN Electronic Journal","Elsevier BV","https://doi.org/10.2139/ssrn.4830980","",695,"2026-05-27 21:00:15","journal-article","10.2139/ssrn.4830980","1556-5068",,,,,,0,0.00,0,1,2,"","",""
0,"Kinjal Lanjewar","KARWAAN CAR RENTAL SYSTEM",2024,"Gurukul International Multidisciplinary Research Journal","Continuing Professional Development Events New Mumbai","https://doi.org/10.69758/gimrj2406i8v12p010","",698,"2026-05-27 21:00:15","journal-article","10.69758/gimrj2406i8v12p010","2394-8426",,,,67,75,0,0.00,0,1,2,"Abstract: Our Aim is to style and build a information for you-drive Application. this permits admin rents a car and additionally the person can rent his/her car in our application that may be employed by a client. By paying the money throughout a such as amount of time. this method will increase customer retention and modify vehicle and workers Management in an economical way. you-drive System Application is predicated on a plan to book car online. Here initially the user should login or check in to urge access. Then the user can list, seek for cars according to their needs, check every automobile’s description, booking costs and book simply with help of varied payment methods. All the accessible cars may be rated by the users too. the appliance also displays reserved car’s list. With the assistance of this application, the net car booking has become easier for the customers. It can be utilized in many mechanical man gadgets akin to smartphones, tablets, television. mechanical man is an open supply in order that developer realize it easy to determine and expand new features. This project is straightforward to work and understood by the user. the shoppers also can use the system to get automobile rent. The client ought to produce a replacement account before work in or he / she will log into the System with his/her created account. Then he/she can read the accessible cars in a very branch and create a reservation for a Car. this method will useful to the admin in addition on the customer also. Keywords:- :- Web-based Application, Online carbooking Processing, and Online Transaction System","",""
0,"Henry Rose","Federal Rental Housing Assistance Should Be An Entitlement",2024,"SSRN Electronic Journal","Elsevier BV","https://doi.org/10.2139/ssrn.4723309","",711,"2026-05-27 21:00:15","journal-article","10.2139/ssrn.4723309","1556-5068",,,,,,0,0.00,0,1,2,"","",""
0,"Pengchao Wang, Xianghua Wu","Research on the economic sustainability of affordable rental housing——Based on autoregressive integrated moving average and real option valuation model",2024,"Advances in Economics, Business and Management Research","Atlantis Press SARL","https://doi.org/10.2991/978-2-38476-257-6_17","",713,"2026-05-27 21:00:15","book-chapter","10.2991/978-2-38476-257-6_17","2731-7854",,,,128,141,0,0.00,0,2,2,"","",""
0,"Alok Kumar Verma, Dr Saranya V","Rent-a-Read: A Secure, Cloud-Powered eBook Rental",2024,"INTERANTIONAL JOURNAL OF SCIENTIFIC RESEARCH IN ENGINEERING AND MANAGEMENT","Edtech Publishers (OPC) Private Limited","https://doi.org/10.55041/ijsrem40279","",721,"2026-05-27 21:00:15","journal-article","10.55041/ijsrem40279","2582-3930",,,12,1,9,0,0.00,0,2,2,"Rent-a-Read is a secure, cloud-based eBook rental system designed to make books more accessible and affordable through a real-time rental platform. This paper presents a robust web-based solution that allows users to rent eBooks for a limited time, ensuring seamless access while preventing downloads. The platform is powered by Amazon Web Services (AWS) for secure storage, MongoDB for data management, and Flask with JWT authentication for backend services. The system implements fine-grained access control using signed URLs to provide time-limited access to rented content. Furthermore, MongoDB schemas are enforced to maintain data integrity, and the platform supports role-based access for customers and book owners. The integration of real-time payment system ensures a streamlined transaction process. This research outlines the architectural design, security implementations, and real-time functionalities that make Rent-a-Read a scalable and user-friendly solution for modern readers. Key Words: eBook rental, Cloud computing, MongoDB, AWS S3, Flask, JWT authentication, signed URLs, Role-based Access control, Secure content streaming, Real-time payments, Schema validation","",""
0,"Nathan D. DeLay, Nathanael M. Thompson, James R. Mintert, Todd Kuethe, Jayson L. Lusk","Value of Farm Data in Farmland Rental Markets: Management versus Signaling Value",2024,"Land Economics","University of Wisconsin Press","https://doi.org/10.3368/le.100.4.041023-0032r1","",722,"2026-05-27 21:00:15","journal-article","10.3368/le.100.4.041023-0032r1","0023-7639",,100,4,690,708,0,0.00,0,5,2,"","https://syndication.highwire.org/content/doi/10.3368/le.100.4.041023-0032R1",""
0,"Rachel Slaymaker, Janez Kren, Kate Devane","An assessment of property level rental price growth in Ireland",2024,"","ESRI","https://doi.org/10.26504/jr10","",726,"2026-05-27 21:00:15","report","10.26504/jr10","",,,,,,0,0.00,0,3,2,"This report uses the first two years of newly collected annual registrations data from the RTB administrative tenancy registers to track individual rental properties over the period Q2 2022–Q1 2024. Using a large sample of 182,250 matched property pairs, for the first time, this report is able to examine how property level rents changed in Ireland over this period. This property level analysis provides complementary insights to those from the RTB/ESRI Rent Index indicators. While Rent Index measures provide the most accurate picture of how average rents are changing for new and existing tenancies, they are broad, market level indicators and do not track individual properties over time. They are designed to capture the impacts of both individual property rent changes and churn in the market. The focus of this report is solely on property level rent changes. The report addresses key research questions such as the magnitude of the average rental growth at the property level; the proportion of properties that saw no change in the rent; how rent changes differ between properties with ongoing tenancies (of at least one year in duration) compared to those that saw a change in tenants, i.e. where one lease ended and another began; and whether the patterns differ in areas designated as Rent Pressure Zones (RPZ) compared to non-RPZ areas.","",""
0,"И.А. Сергеев","Online platforms in the field of transactions on short-term rental and rental of real estate: the legal aspect",2024,"International Law Journal","Sole Proprietor Company Klyueva M.M.","https://doi.org/10.58224/2658-5693-2024-7-4-148-153","",728,"2026-05-27 21:00:15","journal-article","10.58224/2658-5693-2024-7-4-148-153","2658-5693",,7,4,148,153,0,0.00,0,1,2,"в рамках настоящей статьи рассматриваются вопросы регулирования цифровых платформ, на которых совершаются сделки с недвижимостью. В частности, автор рассматривает особенности заключения таких сделок, как договоры краткосрочной аренды недвижимого имущества (хоумшеринг, коворкинг). Автором анализируются подходы исследователей к понятию цифровой платформы, рассматриваются общие вопросы регулирования цифровых платформ в России и за рубежом, исследуются особенности условий пользовательских соглашений цифровых платформ краткосрочной аренды и найма недвижимого имущества. Кроме того, рассматриваются подходы судебной практики к рассмотрению правового статуса цифровых платформ аренды и найма недвижимого имущества.","",""
0,"","Implementation of Leadership in Empowering Human Resource Management in Production House Companies",2024,"Journal of Hunan University Natural Sciences","Science Press","https://doi.org/10.55463/issn.1674-2974.51.8.3","",731,"2026-05-27 21:00:15","journal-article","10.55463/issn.1674-2974.51.8.3","1674-2974",,51,8,,,0,0.00,0,0,2,"","",""
0,"Stuart Pennebaker","Rental Units",2024,"After Dinner Conversation","Philosophy Documentation Center","https://doi.org/10.5840/adc2024515","",737,"2026-05-27 21:00:15","journal-article","10.5840/adc2024515","2693-8359",,5,1,52,62,0,0.00,0,1,2,"Should everyone be a parent, at least for a summer? In this work of philosophical short story fiction, the narrator lives in a dystopian future where climate change has made it illegal to have children without government permission. This has given rise to super realistic robot children that can be purchased or, for those that can’t afford to purchase, rented. The narrator has a strong desire to be a mother and has, for the last 10 years, rented the same seven- and five-year-old robot girls each summer to parent. It’s an expensive habit, but she loves her summers taking her “children” to the local swimming pool. She loves reading them stories at bedtime, and tucking them in. As the summer winds down, trauma hits as one of her girls shuts down. She has reached the end of her service cycle. The narrator is devastated by the loss of her child, even though her younger daughter hardly seems to notice the loss at all.","",""
0,"Sabrina Testaguzza","Increasing the Construction of Multi-Family Rental Housing: Toronto, Vancouver, and New York City",2024,"","Ryerson University Library and Archives","https://doi.org/10.32920/26866477.v1","",740,"2026-05-27 21:00:15","posted-content","10.32920/26866477.v1","",,,,,,0,0.00,0,1,2,"<p>Toronto has increasingly become an unaffordable rental city in recent decades. The following analysis explores recent programs implemented in Toronto, Vancouver, and New York City, aimed at increasing the construction of multi-family rental housing. Policy from the Federal, Provincial, and Municipal level of each city are investigated due to the highly connected nature of affordable housing provision in these jurisdictions. All the programs are analysed under a consistent methodology to examine which programs are the most effective. Based on the analysis, recommendations are provided for increasing the construction of affordable rental housing specifically in the Toronto context.</p>","",""
0,"yang haishan","Jue Insight: Disaster and Disparity: The Impact of Hurricanes on Rental and Housing Prices",2024,"","Elsevier BV","https://doi.org/10.2139/ssrn.4863020","",747,"2026-05-27 21:00:15","posted-content","10.2139/ssrn.4863020","",,,,,,0,0.00,0,1,2,"","",""
0,"Muhammad Ilham Alhari Alhari","ANALISIS MANAJEMEN LAYANAN DOMAIN SERVICE OPERATION ITIL V3: PADA PERUSAHAAN SOFTWARE HOUSE",2024,"Jurnal Sistem Informasi dan Bisnis Cerdas","University of Pembangunan Nasional Veteran Jawa Timur","https://doi.org/10.33005/sibc.v17i1.235","",755,"2026-05-27 21:00:15","journal-article","10.33005/sibc.v17i1.235","2686-0775",,17,1,50,58,0,0.00,0,1,2,"Penelitian ini bertujuan untuk menganalisis implementasi dan manajemen layanan dalam domain Service Operation sesuai dengan kerangka kerja ITIL V3 di lingkungan perusahaan Software House. ITIL V3 adalah suatu rangkaian praktik manajemen layanan IT yang telah terbukti memberikan panduan terbaik untuk meningkatkan kualitas dan efisiensi layanan IT. Metode penelitian yang digunakan adalah studi kasus di sebuah perusahaan Software House yang telah menerapkan ITIL V3, dengan fokus pada domain Service Operation. Data dikumpulkan melalui wawancara dengan personel terkait, observasi langsung, dan analisis dokumen terkait implementasi layanan IT. Hasil penelitian menunjukkan bahwa penerapan ITIL V3 dalam manajemen layanan di perusahaan Software House telah memberikan kontribusi positif terhadap efektivitas dan efisiensi operasional. Proses-proses seperti Incident Management, Problem Management, dan Request Fulfillment telah diintegrasikan dengan baik dalam lingkup layanan IT. Selain itu, pemantauan kinerja layanan dan pengukuran tingkat layanan (SLA) juga telah diimplementasikan untuk memastikan pemenuhan kebutuhan pelanggan. Meskipun demikian, tantangan dalam mengelola layanan IT di lingkungan perusahaan Software House tetap ada, seperti ketidakpastian permintaan pelanggan yang sering berubah dan kompleksitas aplikasi yang tinggi. Oleh karena itu, penelitian ini juga memberikan rekomendasi untuk meningkatkan manajemen layanan dengan mempertimbangkan fleksibilitas yang lebih besar dalam mengatasi perubahan kebutuhan pelanggan dan pengembangan kapabilitas dalam manajemen kompleksitas aplikasi.","https://sibc.upnjatim.ac.id/index.php/sibc/article/download/235/27",""
0,"Sina Abbasi","Review of: ""Enhancing Supply Chain Management Risk Mitigation: A House of Risk Methodology Applied to Brick Manufacturing in Aceh Besar Regency""",2024,"","Qeios Ltd","https://doi.org/10.32388/91eank","",760,"2026-05-27 21:00:15","peer-review","10.32388/91eank","",,,,,,0,0.00,0,1,2,"","https://www.qeios.com/read/91EANK/pdf",""
0,"Bahareh Kargar","Review of: ""Enhancing Supply Chain Management Risk Mitigation: A House of Risk Methodology Applied to Brick Manufacturing in Aceh Besar Regency""",2024,"","Qeios Ltd","https://doi.org/10.32388/d3vmzb","",761,"2026-05-27 21:00:15","peer-review","10.32388/d3vmzb","",,,,,,0,0.00,0,1,2,"","https://www.qeios.com/read/D3VMZB/pdf",""
0,"Eissa Jabbarzadeh","Review of: ""Enhancing Supply Chain Management Risk Mitigation: A House of Risk Methodology Applied to Brick Manufacturing in Aceh Besar Regency""",2024,"","Qeios Ltd","https://doi.org/10.32388/9aor3w","",763,"2026-05-27 21:00:15","peer-review","10.32388/9aor3w","",,,,,,0,0.00,0,1,2,"","https://www.qeios.com/read/9AOR3W/pdf",""
0,"Maria Richert","Review of: ""Enhancing Supply Chain Management Risk Mitigation: A House of Risk Methodology Applied to Brick Manufacturing in Aceh Besar Regency""",2024,"","Qeios Ltd","https://doi.org/10.32388/514bh1","",765,"2026-05-27 21:00:15","peer-review","10.32388/514bh1","",,,,,,0,0.00,0,1,2,"","https://www.qeios.com/read/514BH1/pdf",""
0,"Hima Gupta","Review of: ""Enhancing Supply Chain Management Risk Mitigation: A House of Risk Methodology Applied to Brick Manufacturing in Aceh Besar Regency""",2024,"","Qeios Ltd","https://doi.org/10.32388/d2lf99","",770,"2026-05-27 21:00:15","peer-review","10.32388/d2lf99","",,,,,,0,0.00,0,1,2,"","https://www.qeios.com/read/D2LF99/pdf",""
0,"Emmanuel Duguet","callback: Computes Statistics from Discrimination Experimental Data",2024,"CRAN: Contributed Packages","The R Foundation","https://doi.org/10.32614/cran.package.callback","",776,"2026-05-27 21:00:15","dataset","10.32614/cran.package.callback","",,,,,,0,0.00,0,1,2,"","",""
0,"","WITHDRAWN - The theory of filtering in expanding affordable rental supply",2024,"AHURI Final Report","Australian Housing and Urban Research Institute (AHURI)","https://doi.org/10.18408/ahuri7124301","",778,"2026-05-27 21:00:15","journal-article","10.18408/ahuri7124301","1834-7223",,,,,,0,0.00,0,0,2,"This report has been withdrawn.","",""
0,"Anastasya Louwbry","Love for Sale: Virtual Lovers Rental Services in Indonesia",2024,"INTERNATIONAL JOURNAL OF SOCIAL SCIENCE AND EDUCATION RESEARCH STUDIES","International Journal of Clinical Science and Medical Research","https://doi.org/10.55677/ijssers/v04i8y2024-08","",786,"2026-05-27 21:00:15","journal-article","10.55677/ijssers/v04i8y2024-08","2770-2782",,4,,,,0,0.00,0,1,2,"The way interpersonal relationships, particularly romantic ones, are formed has gradually transitioned to the virtual realm. Digital communication media now serve as platforms where users can meet and establish relationships without the constraints of physical distance and face-to-face interactions. The phenomenon of Virtual Lovers, originating in China, explains how individuals offer services as virtual partners to accompany clients. This relationship can be understood through the concept of Mediated Relationship, where romantic relationships flourish without contextual limitations, using digital communication as the primary medium. This study aims to explore the virtual communication process and interpersonal relationships of a Virtual Lover in their profession. Using a constructivist paradigm and a qualitative approach, this study aims to examine the experiences and values of Virtual Lovers in situational romantic interactions with their clients. It was found that a Virtual Lover communicates with their client in a situational romantic relationship, engaging in conversations or sharing stories about life’s problems. Virtual Lovers create a self-profile reflecting how they wish to be perceived through virtual communication. This exchange of information builds familiarity and trust as their knowledge of each other deepens. Despite not meeting face-to-face, Virtual Lovers feel their persona as a talent is distinct from their real-life self, where talent must listen attentively and adapt to the needs of their clients. Agencies acting as intermediaries between clients and talents enforce various regulations to protect the privacy and security of all parties involved.","",""
0,"","Boarding House Decision Support System with Simple Additive Weighting",2024,"Journal of System and Management Sciences","Hong Kong Success Culture Press","https://doi.org/10.33168/jsms.2024.0206","",788,"2026-05-27 21:00:15","journal-article","10.33168/jsms.2024.0206","1816-6075",,14,2,,,0,0.00,0,0,2,"","",""
0,"Sandip Roy","Review of: ""Enhancing Supply Chain Management Risk Mitigation: A House of Risk Methodology Applied to Brick Manufacturing in Aceh Besar Regency""",2024,"","Qeios Ltd","https://doi.org/10.32388/h32r2a","",789,"2026-05-27 21:00:15","peer-review","10.32388/h32r2a","",,,,,,0,0.00,0,1,2,"","https://www.qeios.com/read/H32R2A/pdf",""
0,"DEVARAJ Sobya","Review of: ""Enhancing Supply Chain Management Risk Mitigation: A House of Risk Methodology Applied to Brick Manufacturing in Aceh Besar Regency""",2024,"","Qeios Ltd","https://doi.org/10.32388/ddxiyi","",791,"2026-05-27 21:00:15","peer-review","10.32388/ddxiyi","",,,,,,0,0.00,0,1,2,"","https://www.qeios.com/read/DDXIYI/pdf",""
0,"Luisa Mennecke","Review of: ""Enhancing Supply Chain Management Risk Mitigation: A House of Risk Methodology Applied to Brick Manufacturing in Aceh Besar Regency""",2024,"","Qeios Ltd","https://doi.org/10.32388/bkk28a","",792,"2026-05-27 21:00:15","peer-review","10.32388/bkk28a","",,,,,,0,0.00,0,1,2,"","https://www.qeios.com/read/BKK28A/pdf",""
0,"Lucky Setiawan","Review of: ""Enhancing Supply Chain Management Risk Mitigation: A House of Risk Methodology Applied to Brick Manufacturing in Aceh Besar Regency""",2024,"","Qeios Ltd","https://doi.org/10.32388/okxu1g","",793,"2026-05-27 21:00:15","peer-review","10.32388/okxu1g","",,,,,,0,0.00,0,1,2,"","https://www.qeios.com/read/OKXU1G/pdf",""
0,"Wissawa Aunyawong","Review of: ""Enhancing Supply Chain Management Risk Mitigation: A House of Risk Methodology Applied to Brick Manufacturing in Aceh Besar Regency""",2024,"","Qeios Ltd","https://doi.org/10.32388/2bj70s","",794,"2026-05-27 21:00:15","peer-review","10.32388/2bj70s","",,,,,,0,0.00,0,1,2,"","https://www.qeios.com/read/2BJ70S/pdf",""
0,"Sajad Amiriyan","Review of: ""Enhancing Supply Chain Management Risk Mitigation: A House of Risk Methodology Applied to Brick Manufacturing in Aceh Besar Regency""",2024,"","Qeios Ltd","https://doi.org/10.32388/ra9ugg","",798,"2026-05-27 21:00:15","peer-review","10.32388/ra9ugg","",,,,,,0,0.00,0,1,2,"","https://www.qeios.com/read/RA9UGG/pdf",""
0,"Arash Apornak","Review of: ""Enhancing Supply Chain Management Risk Mitigation: A House of Risk Methodology Applied to Brick Manufacturing in Aceh Besar Regency""",2024,"","Qeios Ltd","https://doi.org/10.32388/40ovcu","",802,"2026-05-27 21:00:15","peer-review","10.32388/40ovcu","",,,,,,0,0.00,0,1,2,"","https://www.qeios.com/read/40OVCU/pdf",""
0,"Steve Andele, Nelson Obange","Mortgage Credit and House Price Nexus: Evidence from Kenya",2024,"The International Journal of  Business &amp; Management","International Journal of Innovative Research & Development (GlobeEdu)","https://doi.org/10.24940/theijbm/2023/v11/i10/bm2106-039","",803,"2026-05-27 21:00:15","journal-article","10.24940/theijbm/2023/v11/i10/bm2106-039","2321-8916",,,,,,0,0.00,0,2,2,"The purpose of this study was to examine the effect of mortgage credits on house prices in Kenya. Using correlational research design, the study employed a time series secondary data set for 2004 Q1 to 2017 Q4. This study found out that in the long-run, the mortgage loan (ß3 = 0.133144, p=0.0) has a positive and significant effect on residential house prices in Kenya. 1% increase in mortgage credit will cause a 0.13% increase in residential house prices. This study further established that any deviation from the long-run equilibrium is corrected at a speed of 40% in the next period. Therefore, the government should focus on policies that increase house supply, while to investors, the speed of adjustment does not seem to encourage arbitrage profit.","https://www.internationaljournalcorner.com/index.php/theijbm/article/download/173333/118131",""
0,"Shalini Sanmargaraja","Review of: ""Enhancing Supply Chain Management Risk Mitigation: A House of Risk Methodology Applied to Brick Manufacturing in Aceh Besar Regency""",2024,"","Qeios Ltd","https://doi.org/10.32388/uzzime","",806,"2026-05-27 21:00:15","peer-review","10.32388/uzzime","",,,,,,0,0.00,0,1,2,"","https://www.qeios.com/read/UZZIME/pdf",""
0,"Jia Shi","Analysis of Influential Factors of House Prices in Shenzhen",2024,"Highlights in Business, Economics and Management","Darcy & Roy Press Co. Ltd.","https://doi.org/10.54097/jrag1730","",809,"2026-05-27 21:00:15","journal-article","10.54097/jrag1730","2957-952X",,41,,95,100,0,0.00,0,1,2,"The change of house prices in Shenzhen can reflect the trend of house price changes in China, to a certain extent. This text chose the Factor Analysis Method to Specific analyze influential factors. This text put F1 as a variable, which included Total Floor Space of Residential Buildings Sold, Permanent Population, Total Floor Space under Construction of Commodity Housing, Investment in Real Estate Development, Gross Domestic Product, Local Budgetary Revenue and Expenditure. Through analyzing the data, this text deduced that Longgang, Baoan and Nanshan districts had above average values on F1. This text put F2 as a variable, which included Per Capital Disposable Income of Permanent Households and Growth Rate of Real Estate Investment, etc. Through analyzing the data, this text deduced that Nanshan, Luohu, Futian districts had above average values on F2. This text can conclude that Nanshan, Baoan and Futian Districts had a great influence on house prices in Shenzhen.","https://drpress.org/ojs/index.php/HBEM/article/download/25238/24693",""
0,"Kwabena Krah, Annemie Maertens, Wezi Mhango, Hope Michelson, Vesall Nourani","Village Fairness Norms and Land-Rental Markets",2024,"","Published by Oxford University Press on behalf of the World Bank","https://doi.org/10.1596/42416","",812,"2026-05-27 21:00:15","book","10.1596/42416","",,,,,,0,0.00,0,5,2,"","",""
0,"Nur Muhlisoh Fauziyah, Arnis Budi Susanto, Sri Wahyu Lelly Hana Setyanti","Analysis of Business Development Strategy for Jember Party Equipment Rental Services Using the Business Model Canvas (BMC) Approach",2024,"Digital Innovation : International Journal of Management","Asosiasi Riset Ilmu Manajemen dan Bisnis Indonesia","https://doi.org/10.61132/digitalinnovation.v2i1.160","",813,"2026-05-27 21:00:15","journal-article","10.61132/digitalinnovation.v2i1.160","3047-9053",,2,1,38,48,0,0.00,0,3,2,"This study aims to describe the steps of business development strategies used in the Jember party equipment rental service business and describe, analyze the Business Model Canvas in the Jember party equipment rental service business. This study was conducted with a Business Model Canvas approach using a qualitative case study research type. Data collection using interviews and observations. The results of the study were obtained based on nine BMC elements consisting of customer segments, value propositions, channels, customer relationships, revenue streams, key resources, key activities, key partnerships, and cost structures summarized in one canvas showing that the Jember party equipment rental service business can carry out aggressive strategies. In addition, it also produces a new Business Model Canvas design as a result of improvements as a selected alternative strategy on channels , and customer relationships that can be used for future business development.","https://international.arimbi.or.id/index.php/DigitalInnovation/article/download/160/250",""
0,"Agnieszka MROZIŃSKA","SHORT-TERM RENTAL AS AN ALTERNATIVE TO HOTEL SERVICES IN LARGE POLISH CITIES",2024,"Scientific Papers of Silesian University of Technology. Organization and Management Series","Politechnika Slaska - Silesian University of Technology","https://doi.org/10.29119/1641-3466.2024.193.13","",814,"2026-05-27 21:00:15","journal-article","10.29119/1641-3466.2024.193.13","1641-3466",,2024,193,209,221,0,0.00,0,1,2,"","",""
0,"","DESIGN BY ENVIRONMENTAL MONITORING SYSTEM IN HEN HOUSE BASED ON GSM",2024,"International Journal For Innovative Engineering and Management Research","Institute for Advanced Studies","https://doi.org/10.48047/ijiemr/v13/issue12/81","",825,"2026-05-27 21:00:15","journal-article","10.48047/ijiemr/v13/issue12/81","",,13,12,,,0,0.00,0,0,2,"","",""
0,"Hang Lai, Stanimira Milcheva","Total Returns to Residential Rental Housings",2024,"SSRN Electronic Journal","Elsevier BV","https://doi.org/10.2139/ssrn.4815058","",828,"2026-05-27 21:00:15","journal-article","10.2139/ssrn.4815058","1556-5068",,,,,,0,0.00,0,2,2,"","",""
5,"Ana Julia Grilló-Méndez, Mercedes Marzo-Navarro, Marta Pedraja-Iglesias","Risks associated by consumers with clothing rental: barriers to being adopted",2024,"Journal of Fashion Marketing and Management: An International Journal","Emerald","https://doi.org/10.1108/jfmm-02-2023-0043","",830,"2026-05-27 21:00:15","journal-article","10.1108/jfmm-02-2023-0043","1361-2026",,28,6,1135,1150,5,2.50,2,3,2,"Purpose: To identify the risks associated by consumers with renting clothes. Design/methodology/approach: A descriptive research with a quantitative approach was carried out. First, the measurement models of the variables involved in the proposed model were validated. After verifying the existence of the variables, the resulting model was finally estimated through structural equation modelling. Findings: The results obtained establish the six dimensions that make up the problems associated by consumers with the clothing rental business model. These problems encompass various types of risks: financial, physical, performance, psychosocial, inconsistency with values and lifestyle, as well as lack of trust in the service provider. The results obtained show that only inconsistency, financial risk and physical risk have a significant effect on attitude. These performance risks, together with the consumer's attitude towards renting, have a negative effect on the intention to rent. Originality/value: Factors that have a negative effect on attitude have been studied less than the facilitators of attitude. This is the first study in Spain. Practical implications: The results will help managers to understand the adoption behaviours of these models. Social implications: This study helps understand the social innovation needed to change consumers' relationship to clothing.","https://www.emerald.com/insight/content/doi/10.1108/JFMM-02-2023-0043/full/html",""
0,"Hongbo Zhu, Weilai Ding, Xi Wu","Research on the Temporal and Spatial Differences in the House-Purchase Pressure for Urban Residents in China: Based on the Quadrant Model of House-Purchase Pressure",2024,"Lecture Notes on Data Engineering and Communications Technologies","Springer Nature Singapore","https://doi.org/10.1007/978-981-97-5098-6_43","",831,"2026-05-27 21:00:15","book-chapter","10.1007/978-981-97-5098-6_43","2367-4512",,,,612,632,0,0.00,0,3,2,"","https://link.springer.com/content/pdf/10.1007/978-981-97-5098-6_43",""
0,"Victoria Vysotska","Review of: ""Enhancing Supply Chain Management Risk Mitigation: A House of Risk Methodology Applied to Brick Manufacturing in Aceh Besar Regency""",2024,"","Qeios Ltd","https://doi.org/10.32388/ka2pt6","",833,"2026-05-27 21:00:15","peer-review","10.32388/ka2pt6","",,,,,,0,0.00,0,1,2,"","https://www.qeios.com/read/KA2PT6/pdf",""
0,"Pedram MohajerAnsari","Review of: ""Enhancing Supply Chain Management Risk Mitigation: A House of Risk Methodology Applied to Brick Manufacturing in Aceh Besar Regency""",2024,"","Qeios Ltd","https://doi.org/10.32388/w8u787","",839,"2026-05-27 21:00:15","peer-review","10.32388/w8u787","",,,,,,0,0.00,0,1,2,"","https://www.qeios.com/read/W8U787/pdf",""
0,"Sanjana Sahare, Vansh Bharne, Shreya Bhanse","Car Rental System",2024,"Gurukul International Multidisciplinary Research Journal","Continuing Professional Development Events New Mumbai","https://doi.org/10.69758/vaex7574","",842,"2026-05-27 21:00:15","journal-article","10.69758/vaex7574","",,,,36,42,0,0.00,0,3,2,"Abstract: Car rental systems play a vital role in providing individuals and businesses with a flexible and convenient solution for their transportation needs. Whether it’s for a weekend getaway, a business trip, or simply to meet temporary mobility requirements, car rental services offer a wide range of vehicles and rental options to suit diverse preferences and circumstances. This paper explores the intricacies of car rental systems, including their objectives, operational processes, customer interactions, and the broader impact on the transportation industry. The main objective of a car rental system is to facilitate access to reliable and well-maintained vehicles for customers’ personal or business use. This objective is achieved through a structured process that begins with the reservation of a vehicle. Customers can choose to reserve a car through physical rental agencies or online platforms, providing details such as pick-up and drop-off locations, dates, times, and vehicle preferences. This initial step sets the foundation for a seamless rental experience by ensuring that the desired vehicle is available at the specified time and location. Upon arrival at the rental location, customers are required to provide identification and documentation, such as a valid driver’s license and credit card for payment. These measures help verify the customer’s eligibility to rent a vehicle and mitigate potential risks associated with unauthorized vehicle usage. Additionally, rental agencies may offer insurance options to provide customers with peace of mind and financial protection against unforeseen events during the rental period. Once the necessary documentation is processed, customers receive instructions on operating the vehicle, including safety guidelines and any specific features unique to the rental vehicle. This orientation ensures that customers are equipped with the knowledge and confidence to drive the vehicle safely and responsibly. Throughout the rental period, customers have the freedom to use the vehicle according to their needs while adhering to the terms and conditions outlined in the rental agreement. Key considerations during the rental period include mileage restrictions, fuel policies, and potential charges for damages or violations. Mileage restrictions may vary depending on the rental agreement, with options for unlimited mileage or a predetermined allowance with additional charges for exceeding the limit. Fuel policies typically require customers to return the vehicle with the same level of fuel as when it was rented or pay a refueling fee to cover the cost of replenishing the fuel tank. Any damages or violations incurred during the rental period may result in additional charges, highlighting the importance of responsible vehicle usage. At the end of the rental period, customers return the vehicle to the designated drop-off location. Rental agencies or online platforms conduct a thorough inspection of the vehicle to assess its condition and identify any damages or discrepancies. This inspection process serves to protect the interests of both the rental agency and the customer by ensuring that the vehicle is returned in the same condition as when it was rented, excluding normal wear and tear. Final payment settlement occurs during the vehicle return process, where any additional charges for damages, violations, or optional services are applied to the customer’s payment method on file. Rental agencies may also offer loyalty programs or discounts for repeat customers as a way to incentivize continued patronage and enhance customer satisfaction. In addition to providing a convenient transportation solution for individuals and businesses, car rental systems contribute to the broader transportation industry by promoting mobility, reducing the need for vehicle ownership, and supporting economic activity through rental fees and associated services. Moreover, car rental services play a crucial role in facilitating tourism and travel by offering visitors the flexibility to explore destinations at their own pace and convenience. Keywords: car rental systems, objectives, operational processes, customer interactions, transportation industry, reservation, documentation, insurance options, vehicle orientation, rental agreement, mileage restrictions, fuel policies, damages, violations, vehicle return process, payment settlement, loyalty programs, tourism, travel.","",""
0,"Ginger Zhe Jin, Liad Wagman, Mengyi Zhong","The Effects of Short-Term Rental Regulation: Insights from Chicago",2024,"","National Bureau of Economic Research","https://doi.org/10.3386/w32537","",843,"2026-05-27 21:00:15","report","10.3386/w32537","",,,,,,0,0.00,0,3,2,"","",""
0,"Xinrong Zou, Yuzhe Wu","The Problem of Affordable Rental Housing in China and the Experience of Developed Countries",2024,"Lecture Notes in Operations Research","Springer Nature Singapore","https://doi.org/10.1007/978-981-97-1949-5_90","",846,"2026-05-27 21:00:15","book-chapter","10.1007/978-981-97-1949-5_90","2731-040X",,,,1307,1316,0,0.00,0,2,2,"","https://link.springer.com/content/pdf/10.1007/978-981-97-1949-5_90",""
0,"Hengjia Xu","Research on the Influencing Factors of House Prices in Sydney",2024,"Highlights in Business, Economics and Management","Darcy & Roy Press Co. Ltd.","https://doi.org/10.54097/gcmy5277","",849,"2026-05-27 21:00:15","journal-article","10.54097/gcmy5277","2957-952X",,45,,85,90,0,0.00,0,1,2,"Considering various factors that affect house prices, this study investigates whether housing prices in Sydney can maintain their value or even increase in the future. A multiple linear regression model was applied using a dataset obtained from Kaggle, which includes 11,161 real estate transactions in Sydney from 2016 to 2021. This paper uses it to explore the relationship between housing prices and 12 independent variables (originally 14 but some have to be abandoned), such as the number of bedrooms, property size, median suburban income, and distance to the central business district (CBD). The results indicate that some factors have a positive, negative, or no impact on house prices and that 39.6% of the real estate price is influenced by them, indicating a moderate level of predictability. These findings provide valuable insights for investors and policymakers interested in the dynamics of the Sydney real estate market, emphasizing the importance of geographic location and property attributes in determining housing prices.","https://drpress.org/ojs/index.php/HBEM/article/download/27407/26944",""
0,"Wissawa Aunyawong","Review of: ""Enhancing Supply Chain Management Risk Mitigation: A House of Risk Methodology Applied to Brick Manufacturing in Aceh Besar Regency""",2024,"","Qeios Ltd","https://doi.org/10.32388/2bj70s","",851,"2026-05-27 21:00:15","peer-review","10.32388/2bj70s","",,,,,,0,0.00,0,1,2,"","https://www.qeios.com/read/2BJ70S/pdf",""
0,"Ben Duddy","The Litigator's Guide to Short-Term Rental Opposition",2024,"SSRN Electronic Journal","Elsevier BV","https://doi.org/10.2139/ssrn.4722691","",852,"2026-05-27 21:00:15","journal-article","10.2139/ssrn.4722691","1556-5068",,,,,,0,0.00,0,1,2,"","",""
0,"Jie yurn Kim","The Effect of the Perception of Rental Service for Fashion Products on Consumers’ Intention to Use the Rental Service Platform: Focuse on the Customers Who Have Used Sharing Economy Platforms",2024,"Human Ecology Research","The Korean Home Economics Association","https://doi.org/10.6115/her.2024.049","",858,"2026-05-27 21:00:15","journal-article","10.6115/her.2024.049","2982-5725",,62,4,699,710,0,0.00,0,1,2,"This study attempted to determine the service perception and intention to use the fashion rental platform. An online survey was conducted on 300 female consumers who had experience using the sharing economy service platform, The survey period was from January 20 to January 31, 2024. For the valid response data provided by all 300 participants, factor analysis, reliability analysis, and regression analysis were performed using SPSS 28.0. The were four service perception factors for the fashion rental service platform: expressiveness, sustainability, economy, and sociability. For casual wear, expressiveness, economy, and social factors had a significant positive effect on the intention to use the fashion rental service platform, but for work clothes, expressiveness, sustainability, and economic factors were found to have the largest effect. Depending on the product group, expressiveness and sociality had a significant positive effect on the intention to use the fashion rental service platform for sports and leisure products, While there was a significant negative effect on sustainability. Expression, economy, and sociality were found to have a significant positive effect on the intention to use the fashion rental service platform for accessories and miscellaneous goods such as jewelry and bags.","http://her.re.kr/upload/pdf/her-62-4-699.pdf",""
0,"Wladimir Zanoni, Hugo Hernández, José Gomez, Judith Brito","Unequal Access?: Gender and Sexual Orientation in Ecuador's Rental Market",2024,"","Inter-American Development Bank","https://doi.org/10.18235/0013309","",867,"2026-05-27 21:00:15","report","10.18235/0013309","",,,,,,0,0.00,0,4,2,"This paper investigates housing discrimination in Ecuadors rental market against women- led and gay male and lesbian (WGL) families, compared to male-led and heterosexual families. Discrimination in housing markets is a critical quality-of-life issue because it exacerbates social disparities by limiting access to safe neighborhoods, quality services, and economic opportunities for marginalized groups. Using an artifactual field experiment with real estate agents (REAs) in Ecuador, we examine whether discrimination varies by the gender of REAs and explore the underlying mechanisms driving this behavior. Our analysis disentangles the observed discriminatory practices into taste-based prejudice and statistical discrimination (stereotyping). We find that discrimination against WGL families is predominantly driven by stereotypes rather than explicit prejudices. Women-led families are favored, while gay and lesbian families face varying levels of discrimination, with stereotypes significantly influencing REAs decisions. Our work contributes to the literature by providing new evidence on the dynamics of gender and sexual orientation discrimination in a Latin American housing market, evidence that emphasizes the role of stereotyping. These findings have significant policy implications because they highlight the need for interventions that target and dismantle harmful stereotypes to promote equity in housing access.","",""
0,"","Discussion on the Improvement of Problems in the Work of the House Delivery",2024,"Social Security and Administration Management","Clausius Scientific Press, Inc.","https://doi.org/10.23977/socsam.2024.050114","",869,"2026-05-27 21:00:15","journal-article","10.23977/socsam.2024.050114","2523-5796",,5,1,,,0,0.00,0,0,2,"","https://www.clausiuspress.com/assets/default/article/2024/04/01/article_1712027665.pdf",""
0,"Mohammad Ali Hatefi","Review of: ""Enhancing Supply Chain Management Risk Mitigation: A House of Risk Methodology Applied to Brick Manufacturing in Aceh Besar Regency""",2024,"","Qeios Ltd","https://doi.org/10.32388/r044em","",870,"2026-05-27 21:00:15","peer-review","10.32388/r044em","",,,,,,0,0.00,0,1,2,"","https://www.qeios.com/read/R044EM/pdf",""
0,"Yuri Levin","Methods of Government Regulation of The Affordable Housing Rental Market",2024,"SSRN Electronic Journal","Elsevier BV","https://doi.org/10.2139/ssrn.4643465","",874,"2026-05-27 21:00:15","journal-article","10.2139/ssrn.4643465","1556-5068",,,,,,0,0.00,0,1,2,"","",""
4,"Yasin Kütük","Multidimensional house price prediction with SOTA RNNs",2024,"International Journal of Strategic Property Management","Vilnius Gediminas Technical University","https://doi.org/10.3846/ijspm.2024.22661","",875,"2026-05-27 21:00:15","journal-article","10.3846/ijspm.2024.22661","1648-715X",,28,6,411,423,4,2.00,4,1,2,"This paper introduces insights into the Turkish real estate market, which can be generalized globally. It primarily aims to find the best forecasting algorithms for the housing price index and compare their prediction performance over three, six, nine, and twelve months ahead by using recurrent neural networks (RNN) with a comparison of out-of-sample predicting power of econometrical models. For these purposes, we employ three RNN architectures in twenty-four settings, revealing that certain RNN architectures are the best predictors in forecasting the Turkish real housing price index. The RNN architectures outperform traditional econometric models; however, the more months forecasted, the lower the prediction power. The lagged values of the price-to-rent ratio, real rents, and the lagged USDTRY values contribute more than the other predictors in forecasting the real housing price index. The outcomes suggest that stocks, real estate investment trusts, and gold are neither complementary nor competing financial instruments since housing is an illiquid asset.","https://journals.vilniustech.lt/index.php/IJSPM/article/view/22661/12599",""
3,"Shakuntala Singla, Harshleen Kaur, Deepak Gupta, Jatinder Kaur","No idle flow shop scheduling models with separated set-up times and concept of job weightage to optimize rental cost of machines",2024,"Journal of Project Management","Growing Science","https://doi.org/10.5267/j.jpm.2024.2.001","",877,"2026-05-27 21:00:15","journal-article","10.5267/j.jpm.2024.2.001","2371-8366",,9,2,101,108,3,1.50,1,4,2,"The current paper investigates a two-stage flow shop scheduling model with no idle restriction, in which the time taken by machines to set-up is separately considered from the processing time. Owing to inherent usefulness as well as relevance in real-world situations, jobs' weight has additionally included. To eliminate machine idle time and cutting machine cost of rental, the reason for the conduct of the study is to provide a heuristic algorithm which, once put into practice, processes jobs in an optimal way, guarantees in smallest conceivable make span. Multiple computational examples generated in MATLAB 2019a serve as testament to the efficacy of the proposed strategy. The outcomes are contrasted with the current methods that Johnson, Palmer and NEH have demonstrated.","",""
0,"Woo-Yong Lee, Hee-Soon Jang","Comparison of Surrounding Market Prices for Long-term Rental Housing in Seoul Rental Convenience Ratio Analysis - Focusing on Spatial and Temporal Differences -",2024,"SH Urban Research &amp; Insight","SH Urban Research Institute","https://doi.org/10.26700/shuri.2024.8.14.2.1","",878,"2026-05-27 21:00:15","journal-article","10.26700/shuri.2024.8.14.2.1","2234-0505",,14,2,1,15,0,0.00,0,2,2,"","",""
0,"N. S. Narahari","Review of: ""Enhancing Supply Chain Management Risk Mitigation: A House of Risk Methodology Applied to Brick Manufacturing in Aceh Besar Regency""",2024,"","Qeios Ltd","https://doi.org/10.32388/tmttds","",883,"2026-05-27 21:00:15","peer-review","10.32388/tmttds","",,,,,,0,0.00,0,1,2,"","https://www.qeios.com/read/TMTTDS/pdf",""
0,"Mukesh Kumar Nigam","Review of: ""Enhancing Supply Chain Management Risk Mitigation: A House of Risk Methodology Applied to Brick Manufacturing in Aceh Besar Regency""",2024,"","Qeios Ltd","https://doi.org/10.32388/3t68ov","",890,"2026-05-27 21:00:15","peer-review","10.32388/3t68ov","",,,,,,0,0.00,0,1,2,"","https://www.qeios.com/read/3T68OV/pdf",""
0,"Pansare J. R.","ChArTeR: Pocket-Friendly Filming Equipment Rental Web- App with Voice Companion U.I. with the help of A.I. and M.L.",2024,"INTERANTIONAL JOURNAL OF SCIENTIFIC RESEARCH IN ENGINEERING AND MANAGEMENT","Edtech Publishers (OPC) Private Limited","https://doi.org/10.55041/ijsrem31218","",893,"2026-05-27 21:00:15","journal-article","10.55041/ijsrem31218","2582-3930",,,4,1,5,0,0.00,0,1,2,"Introducing ”Charter”, a web-app, that has revolutionized various groups, including Students (B. F. A.), Young YouTubers, and Construction Workers. Powered by the innovative ”Voice Companion U. I.” executing the role of a ”Salesman”, A ”Chatbot” replacing the traditional Toll-Free No. ”Call-centre systems”, have made it a seamless and user-friendly experience. And ”Order Tracking System” for those who wish to have a Home Delivery. The primary objective is to create an efficient and secure user experience. Key words: V.C.U.I.:Voice Companion User Interface; BFA:Bachelor of Fine Arts; Artificial Intelligence; XAMPP; Blockchain; Two classes of customers.","",""
0,"Michael McDonald","AirFactors – Examining Priced Risk Factors in Short Term Rental Investments",2024,"SSRN Electronic Journal","Elsevier BV","https://doi.org/10.2139/ssrn.4728144","",898,"2026-05-27 21:00:15","journal-article","10.2139/ssrn.4728144","1556-5068",,,,,,0,0.00,0,1,2,"","",""
0,"Zhiyu Yang","Impact of the Russia-Ukraine Conflict on Russian House Prices",2024,"Highlights in Business, Economics and Management","Darcy & Roy Press Co. Ltd.","https://doi.org/10.54097/sq6x6x35","",904,"2026-05-27 21:00:15","journal-article","10.54097/sq6x6x35","2957-952X",,39,,381,388,0,0.00,0,1,2,"With the gradual improvement of Russia's economic form and the gradual tension in geopolitical relations, the contradictions between Russia and Ukraine have gradually intensified and evolved into conflicts. However, in the face of growing Russian-Ukrainian relations, increasing domestic tensions and increasing international tensions, the Russian economy and the housing prices are still growing steadily, so understanding domestic employment, average income and Russia's international cooperation is crucial for both domestic and foreign investors. As a consequence, this paper collects data on housing price, employment rate and per capita income in Russia, and based on the changes of housing price, employment rate and salary level in Russia under the war environment, Through the analysis of macroeconomic, capital flow, international cooperation and other aspects of Russia's future housing price changes to analyze and forecast, and put forward some regulation suggestions for the government and appropriate foreign investors to put forward some investment suggestions.","https://drpress.org/ojs/index.php/HBEM/article/download/23574/23127",""
0,"Shuchang Yu","The Relationship between Income and House Prices on People's Consumption",2024,"Highlights in Business, Economics and Management","Darcy & Roy Press Co. Ltd.","https://doi.org/10.54097/2v133k11","",913,"2026-05-27 21:00:15","journal-article","10.54097/2v133k11","2957-952X",,45,,268,278,0,0.00,0,1,2,"This study aims to explore the factors that influence consumer spending, particularly focusing on the relationship between income levels and housing price fluctuations. Using Univariate regression analysis, the research draws on data samples from three major cities in China, covering the period from 2007 to 2024. According to the assumptions, three variables were selected to symbolize income levels (rate of increase in disposable income), house price volatility (second-hand house sales price index), and consumption expenditure (rate of growth in sales of all consumer retail goods). The study examines the connection between these factors by calculating R^2 and beta values. The findings indicate a clear and consistent connection between disposable income and consumption expenditure, whereas the influence of fluctuations in house prices on consumption expenditure does not reach statistical significance. Generally, the amount of money people earn has a greater influence on their spending habits compared to changes in housing prices.","https://drpress.org/ojs/index.php/HBEM/article/download/27470/27009",""
0,"César Melara Gálvez","Review of: ""Enhancing Supply Chain Management Risk Mitigation: A House of Risk Methodology Applied to Brick Manufacturing in Aceh Besar Regency""",2024,"","Qeios Ltd","https://doi.org/10.32388/6y9fe1","",914,"2026-05-27 21:00:15","peer-review","10.32388/6y9fe1","",,,,,,0,0.00,0,1,2,"","https://www.qeios.com/read/6Y9FE1/pdf",""
0,"Remas Mohammed AL-Hlis, Dana Hamed Alsofyani","Architectural Design for A Summer House",2024,"Proceedings of the International Conference on Industrial Engineering and Operations Management","IEOM Society International","https://doi.org/10.46254/an14.20240469","",923,"2026-05-27 21:00:15","proceedings-article","10.46254/an14.20240469","",,,,,,0,0.00,0,2,2,"","",""
0,"Joaquín A. Martínez Moya","Graphic restitution of the Four Seasons Hall of the Marquis of Benicarló's House",2024,"Proceedings Heritage Digital Technologies and Tourism Management - HEDIT2024","Universitat Politècnica de València","https://doi.org/10.4995/hedit2024.2024.17468","",928,"2026-05-27 21:00:15","proceedings-article","10.4995/hedit2024.2024.17468","",,,,,,0,0.00,0,1,2,"The Marquis of Benicarló’s House is one of the foremost examples of 18th-century civil architecture in the Valencian region. Within its walls, it safeguards ceramic panels from the esteemed Conde de Aranda Factory in Alcora, possessing significant historical and heritage worth. However, akin to many other instances, before its designation as a Cultural Interest Property (BIC) in 2008, the structure underwent the removal of several architecturally valuable components, such as the flooring of the Four Seasons Hall. Thankfully, the original tiles from this flooring have been rediscovered within the collection of the National Museum of Ceramics and Decorative Arts González Martí. This paper presents the graphical restoration efforts applied to the flooring, utilising the pieces sourced from the museum's collection. It also details the process of digitally restoring the flooring to its original location through advanced digitisation techniques. This enables the visualisation of the hall’s authentic state using virtual reality methods, thereby facilitating its appreciation and dissemination as a heritage architectural space. ","http://ocs.editorial.upv.es/index.php/HEDIT/HEDIT2024/paper/viewFile/17468/8869",""
0,"Maria Valentina Clavijo Mesa","Review of: ""Enhancing Supply Chain Management Risk Mitigation: A House of Risk Methodology Applied to Brick Manufacturing in Aceh Besar Regency""",2024,"","Qeios Ltd","https://doi.org/10.32388/mm3hg1","",934,"2026-05-27 21:00:15","peer-review","10.32388/mm3hg1","",,,,,,0,0.00,0,1,2,"","https://www.qeios.com/read/MM3HG1/pdf",""
0,"Weilun Yan, Youchen Zhou","Analysis Of House Price Bubbles and Macroeconomic Policy Regulation",2024,"Highlights in Business, Economics and Management","Darcy & Roy Press Co. Ltd.","https://doi.org/10.54097/a2e23654","",935,"2026-05-27 21:00:15","journal-article","10.54097/a2e23654","2957-952X",,24,,1448,1454,0,0.00,0,2,2,"House prices are a reflection of a country's economic growth and a city's overall competitiveness, and are determined by supply and demand after integrating various factors. Real estate is an important pillar industry all over the world, and almost everyone sees property as an important reflection of economic property. Real estate includes residential and commercial property. In 2023 real estate will remain an important and large industry. House prices are something that is closely watched in people's lives. When there is a change in house prices it can have an impact on the whole society and economy. This study focuses on the impact of macroeconomic policies on the house price bubble economy and the causes of the house price bubble economy. The study will adopt an objective perspective and a formulaic approach to analyze the house price bubble economy. This study will use the example of Japan during the bubble economy to explain this. It is found that different macroeconomic policies will lead to different economic effects that will trigger the strength of the house price bubble, such as macroeconomic policies that lead to inflation and then lead to the strengthening of the house price bubble.","https://drpress.org/ojs/index.php/HBEM/article/download/16491/16015",""
0,"Dhaifina Idznitia Apriyani Naimi, Dina Lusianti","From Crisis to Opportunity: Innovation Strategies for Business Survival and Growth in MSMEs Post COVID-19 – A Case Study of Tent Rental in Semarang",2024,"International Journal of Current Science Research and Review","Everant Journals","https://doi.org/10.47191/ijcsrr/v7-i12-22","",937,"2026-05-27 21:00:15","journal-article","10.47191/ijcsrr/v7-i12-22","2581-8341",,7,12,,,0,0.00,0,2,2,"This study examines how Micro, Small, and Medium Enterprises (MSMEs) adapted to the post-COVID-19 landscape to boost sales and ensure business continuity, focusing on Persewaan Tenda dan Alat Pesta Al-Hadi, a tent and party equipment rental business in Semarang, Indonesia. Using a descriptive qualitative case study approach, the research highlights key strategies that enabled the business to overcome pandemic challenges. Specifically, service, process, and product innovations played crucial roles in its recovery. Service innovation included leveraging social media for brand visibility and offering promotions like free shipping. Meanwhile, process innovation involved restructuring the family business for greater efficiency. Additionally, product innovation focused on improving equipment quality to ensure customer satisfaction. Ultimately, these innovations were pivotal in driving growth, underscoring the importance of adaptive strategies and innovation for MSMEs in a post-crisis economy.","",""
0,"Mingyu Bi","House Price Prediction Taking Account of the Influence of COVID-19",2024,"Highlights in Business, Economics and Management","Darcy & Roy Press Co. Ltd.","https://doi.org/10.54097/y4m3bs57","",941,"2026-05-27 21:00:15","journal-article","10.54097/y4m3bs57","2957-952X",,40,,359,363,0,0.00,0,1,2,"Machine learning algorithms are utilized in various practical applications and academic research. Due to the advent of digital technology, there is now a greater availability of massive, organized, and georeferenced datasets. This has simplified the use of algorithms for trend analysis and detection as well as forecasting, which helps users make decisions. The purpose of this study is to determine which Machine Learning (ML) algorithms are most effective in projecting housing price and to assess how the COVID-19 has affected these prices. The method includes the stages of data preprocessing, feature manipulation, hyperparameter tuning, evaluation, selection, and, in the end, interpretation of the model. Another objective is to assess and compare several ensemble learning strategies, comprising bagging techniques like random forest, and boosting techniques like Gradient Boosting Regressor, using a linear regression model. The results of this study confirm that the real estate sector is very resistant to pandemics, as the decline in prices was not as severe as initially anticipated. Among the several models that were examined, extreme gradient boosting demonstrated the highest level of accuracy, albeit with a minimal difference.","https://drpress.org/ojs/index.php/HBEM/article/download/24520/24025",""
0,"Miss. Akanksha Naresh Choudhari","SYSTEM FOR ORGANIZING RENTAL HOUSES.",2024,"Gurukul International Multidisciplinary Research Journal","Continuing Professional Development Events New Mumbai","https://doi.org/10.69758/zpga3106","",944,"2026-05-27 21:00:15","journal-article","10.69758/zpga3106","2394-8426",,,,275,283,0,0.00,0,1,2,"Abstract—An effective and efficient system for managing multiple properties is required due to the Rising demand for rental housing and the intricacy of property management. The comprehensive system described in this abstract is intended to simplify rental property management for real estate companies, landlords, and property managers. The suggested solution makes use of cutting-edge technology to automate and streamline a number of rental home management tasks, such as communication, financial tracking, maintenance scheduling, tenant recruiting, and lease administration.This module makes it easier to screen tenants, handle applications, create lease agreements, and conduct move-in and move-out inspections. It offers a safe portal for tenant interactions and guarantees a smooth on boarding experiencefor new tenants. IndexTerms – Tenant screening, maintaining the property , HTML, CSS, Javascript , Bootsrap , MySQL, PHP.","",""
0,"Cecep Maulana Hidayat, Ruuhwan, Aso Sudiarjo","Sistem Pendukung Keputusan Pemilihan Rental Mobil dengan Metode Analytical Hierarchy Process (AHP) dan Technique For- Order Preference By Similarity To Ideal Solution (TOPSIS)(Studi Kasus : PT Ravogue Sagara Biru Rental Car Ciamis)",2024,"Informatech : Jurnal Ilmiah Informatika dan Komputer","CV Rizania Media Pratama","https://doi.org/10.69533/ng971e23","",948,"2026-05-27 21:00:15","journal-article","10.69533/ng971e23","3047-4752",,1,2,142,151,0,0.00,0,3,2,"Wisatawan dari luar kota atau pun luar negeri sangat membutuhkan jasa driver atau penyewaan mobil untuk melakukan kunjungan selama di Ciamis. Berbagai macam mobil memiliki merk dan teknis yang berbeda, setiap mobil pastinya memiliki kekurangan dan kelebihan. Terdapat kendala yang menjadi penyebab terhadap pemilihan mobil dalam rental mobil yang dimana mobil yang dipilih terkadang tidak sesuai dengan yang konsumen mau. Untuk mengurangi permasalahan ini, maka diperlukan suatu sistem pendukung keputusan untuk membantu konsumen memutuskan mobil yang akan disewa berdasarkan kriteria yang dia inginkan. Pada penelitian ini, menggunakan Sistem Pendukung Keputusan dengan Metode AHP memilih kriteria terbaik berdasarkan bobot yang telah ditentukan. Metode TOPSIS untuk  memilih alternatif terbaik  dengan perangkingan agar lebih  efektif  dan  efisien  tanpa  perlu  melakukan perhitungan  manual.  Dengan  demikian,  penelitian  ini  memberikan  kontribusi  dalam  pengembangan  sistem pendukung keputusan di bidang rental mobil.","https://ejournal.rizaniamedia.com/index.php/informatech/article/download/147/89",""
0,"Shradha Neware","NestMate: Simplifying Relocation with a Student-Friendly Rental System",2024,"Gurukul International Multidisciplinary Research Journal","Continuing Professional Development Events New Mumbai","https://doi.org/10.69758/gimrj2406i8v12p106","",952,"2026-05-27 21:00:15","journal-article","10.69758/gimrj2406i8v12p106","2394-8426",,,,,,0,0.00,0,1,2,"Abstract – Relocating to a new city can be a challenging task, particularly when it comes to finding suitable accommodation. NestMate: Simplifying Relocation with a Student-Friendly Rental System is a web-based platform designed to assist employees and students during this transition by providing an intuitive interface for locating housing that fits their needs. Homeowners can register their properties on the platform and specify facilities, rules, and regulations, making it easier for users to find accommodation that matches their preferences. One of the main features of NestMate: Simplifying Relocation with a Student-Friendly Rental System is its ability to streamline the housing search process, thus reducing the stress and uncertainty of relocating to unfamiliar environments. By offering a centralized platform for property listings, NestMate: Simplifying Relocation with a Student-Friendly Rental System simplifies the housing search process and enhances the overall user experience. Additionally, NestMate: Simplifying Relocation with a Student-Friendly Rental System provides a variety of tools and resources to help users make well-informed decisions about their accommodation. This includes comprehensive property listings, photos, and virtual tours, as well as information about local amenities and neighborhood characteristics. Furthermore, the platform enables users to communicate directly with homeowners, facilitating the booking process and ensuring a seamless transition to their new location. KEYWORDS Node.js, Tailwind CSS, JavaScript, Rental Accommodation, Mess Facilities, Web-Based Platform.","",""
0,"Evgeniy Yanovitskiy","RENTAL HOUSING IN MULTIFUNCTIONAL COMPLEXES. STANDARDIZATION PROPOSALS",2024,"Spatial development","Kyiv National University of Construction and Architecture","https://doi.org/10.32347/2786-7269.2024.7.191-207","",953,"2026-05-27 21:00:15","journal-article","10.32347/2786-7269.2024.7.191-207","2786-7277",,,7,191,207,0,0.00,0,1,2,"The article considers proposals for changes to regulatory documentation in Ukraine, for the introduction of a new typological unit - rental housing. From the point of view of the historical evolution of residential construction, - replenishment of the typological series of residential buildings with the type of ""rental housing"", - the return of the concept of ""income building"", which spread in Europe from the end of the 19th century - the beginning of 20th century. An urgent problem at the moment is the shortage of housing. Including for young families. The war destroyed housing in many cities and towns of Ukraine. As a result, there was a large category of people - temporarily displaced persons. People who, unfortunately, lose their homes every day as a result of rocket and artillery shelling, urgently need to rebuild or build new houses and apartments in the safest possible places. The provision of housing is at the core of human nature as a civilized individual. Thus, according to the model of ""Maslow's pyramid"" - a diagram that hierarchically represents human needs - these needs are based on physiological needs, and the second place is occupied by the safety of health, property and the future of a person. The following social and psychological factors are based precisely on stability in the field of safety and physiology. Therefore, among other things, it is high-quality and safe housing that will give a person psychological confidence and will be able to influence various social factors at the national level, including the demographic situation, which suffered a very significant negative impact during the war.  Providing clear regulatory limits and definitions will allow designers to be armed with clear tools to implement the new typological unit of ""rental housing"". Implementation of the principle of parametric normalization will allow finding innovative design solutions. Current building regulations of Ukraine do not define ""Rental housing"" as a separate typological unit. Similarly, in the new National Classification of Buildings and Structures NK 018:2023 [23], the type ""rental housing"" did not appear, although the Law of Ukraine ""On Rental Housing"" has currently been adopted in the first reading. The functional classification of housing for temporary residence refers to premises such as residential apartments, apart-hotels, hotel apartments and others - to buildings of public purpose. At present, only such type of individual accommodation as dormitories refers to residential buildings. Therefore, the inclusion of such types of buildings as rental residential buildings in the regulatory documentation in Ukraine is an urgent and socially significant task. ","http://spd.knuba.edu.ua/article/download/302452/294497",""
1,"Anna GÓRSKA, Anna MAZURCZAK","MODERN TECHNOLOGIES (PROPTECH) IN RENTAL HOUSING FROM THE PERSPECTIVE OF YOUNG PEOPLE – A CASE STUDY OF THE LOCAL REAL ESTATE MARKET IN POZNAŃ",2024,"Scientific Papers of Silesian University of Technology. Organization and Management Series","Politechnika Slaska - Silesian University of Technology","https://doi.org/10.29119/1641-3466.2024.205.13","",954,"2026-05-27 21:00:15","journal-article","10.29119/1641-3466.2024.205.13","1641-3466",,2024,205,209,227,1,0.50,1,2,2,"","",""
0,"I Romanazzi, A Di Monaco, N Valenti, M Grimaldi","A VENTRICULAR TACHYCARDIA CASE NOT TREATABLE WITH TRANSCATHETER ABLATION DUE TO APICAL THROMBOSIS OF THE LEFT VENTRICLE RESOLVED WITH RADIOTHERAPY BASED ON THE NON–INVASIVE MAPPING SYSTE",2024,"European Heart Journal Supplements","Oxford University Press (OUP)","https://doi.org/10.1093/eurheartjsupp/suae036.119","",956,"2026-05-27 21:00:15","journal-article","10.1093/eurheartjsupp/suae036.119","1520-765X",,26,,,,0,0.00,0,4,2,"Abstract: The clinical case focuses on a 52–year–old man smoker, heavy alcohol consumer. In 2017 he began with sustained ventricular tachycardia (VT) effectively treated with DC–shock. The following ECG showed signs of anterior necrosis. Severe left ventricular (LV) dilatation, apical thrombosis and severe impairment of LV function were found on echocardiogram. Angiography was performed and LAD occlusion was found. Since of 68% necrosis of the LV at myocardial scintigraphy, no revascularization was performed. He underwent to a dual chamber ICD implantation and started oral anticoagulation therapy. In the following years recurrence of arrhythmic episodes, despite the optimization of antiarrhythmic therapy, led the patient to numerous hospitalizations. Unfortunately the persistence of the apical thrombosis, made transcatheter ablation NOT possible. The only chance for the patient remained stereotactic arrhythmia radioablation. But which area of the LV to highlight as responsible for the arrhythmia and how to program the radiotherapy treatment plan was a challenging problem. We proposed in March 2023 non–invasive mapping of arrhythmia using Cardioinsight. The patient performed heart high–resolution computed tomography (CT) for the anatomical reconstruction with precise spatial resolution of all LV aereas and surrounding structures. A 252–electrode vest is applied to the patient’s torso and connected to the system Cardioinsight. A programmed ventricular stimulation was performed using ICD inducing two VT morphologies. Through electroanatomical mapping we identified the mid LV antero–septal and infero–septal sites as target areas. Thanks to multidisciplinary team a personalized treatment plan was created to deliver an effective lesion in the target area and minimize exposure to nearby organs at risk. The treatment was generated, optimized and delivered by TrueBeam, lasted 3 minutes and no complications arose. The patient was quickly discharged in good clinical condition. After 3 months of clinical well–being he was hospitalized for a single episode of VT. Up to now no hospitalizations occurred. This treatment may represent a ""bail–out"" choice in patients with advanced heart failure with arrhythmic storm who have exhausted all other therapeutic options.","https://academic.oup.com/eurheartjsupp/article-pdf/26/Supplement_2/ii53/57681220/suae036.119.pdf",""
0,"","EV Rental Services For Sustainable Urban Mobility",2024,"International Research Journal of Modernization in Engineering Technology and Science","International Research Journal of Modernization in Engineering Technology and Science","https://doi.org/10.56726/irjmets52148","",958,"2026-05-27 21:00:15","journal-article","10.56726/irjmets52148","2582-5208",,,,,,0,0.00,0,0,2,"","",""
5,"Alina Arefeva, Kay Jowers, Qihui Hu, Christopher Timmins","Enforcement Risk and Screening in Rental Markets: Evidence from Eviction Moratoria",2024,"","National Bureau of Economic Research","https://doi.org/10.3386/w32289","",963,"2026-05-27 21:00:15","report","10.3386/w32289","",,,,,,5,2.50,1,4,2,"","",""
0,"Anastasiia Prydius","A Comparative Study on Various Rental Price Prediction Methods: An Analysis of Quantitative and Text Data Techniques",2024,"","Iowa State University","https://doi.org/10.31274/cc-20240624-23","",970,"2026-05-27 21:00:15","report","10.31274/cc-20240624-23","",,,,,,0,0.00,0,1,2,"","",""
1,"Hannah Soong, Guanglun Mu","Our research shows what the rental market is really like for international students",2024,"","The Conversation","https://doi.org/10.64628/aa.xnm6hkagc","",976,"2026-05-27 21:00:15","posted-content","10.64628/aa.xnm6hkagc","",,,,,,1,0.50,1,2,2,"","",""
0,"Kriti Swarup, Durgesh Agnihotri, Anshul Mathur, Pallavi Chaturvedi","Investigating the Determinants of Premium Clothing Rental Intentions Through the Lens of Sustainable Development Goals",2024,"Advances in Human Resources Management and Organizational Development","IGI Global","https://doi.org/10.4018/979-8-3693-6617-2.ch010","",978,"2026-05-27 21:00:15","book-chapter","10.4018/979-8-3693-6617-2.ch010","2327-3372",,,,219,236,0,0.00,0,4,2,"Consumer behaviour shifts in the fashion industry, particularly with the rise of premium clothing rental services, are crucial for promoting sustainable practices that align with Sustainable Development Goal (SDG) 12. Understanding what drives consumers' intentions to rent premium clothing is essential, and the Theory of Planned Behavior (TPB) serves as a useful framework for examining these determinants: attitude (ATT), subjective norms (SN), perceived behavioural control (PBC), and perceived value (PV). Moreover, social media significantly impacts consumer perceptions, with influencers playing a key role in shaping attitudes toward rental services. Yet, the credibility of these influences as moderators between TPB factors and renting intentions remains under-explored in existing research. This study endeavours to provide an understanding of the determinants driving consumers' decisions to engage in premium clothing renting behaviours and offer actionable recommendations for industry and policymakers to promote sustainable consumption practices within the fashion sector.","https://www.igi-global.com/viewtitle.aspx?TitleId=363526",""
0,"Fernando José Gómez Paredes","Review of: ""Enhancing Supply Chain Management Risk Mitigation: A House of Risk Methodology Applied to Brick Manufacturing in Aceh Besar Regency""",2024,"","Qeios Ltd","https://doi.org/10.32388/zx8gb2","",984,"2026-05-27 21:00:15","peer-review","10.32388/zx8gb2","",,,,,,0,0.00,0,1,2,"","https://www.qeios.com/read/ZX8GB2/pdf",""
0,"Lóránt Dénes Dávid","Authenticity in the House of Terror Museum: Tourism Aspects",2024,"Global Journal of Tourism, Leisure and Hospitality Management","Juniper Publishers","https://doi.org/10.19080/gjtlh.2024.01.555573","",986,"2026-05-27 21:00:15","journal-article","10.19080/gjtlh.2024.01.555573","2996-3907",,1,5,,,0,0.00,0,1,2,"","",""
1,"","AGRORENT: AN AGRICULTURAL EQUIPMENT RENTAL SYSTEM",2024,"International Research Journal of Modernization in Engineering Technology and Science","International Research Journal of Modernization in Engineering Technology and Science","https://doi.org/10.56726/irjmets52074","",987,"2026-05-27 21:00:15","journal-article","10.56726/irjmets52074","2582-5208",,,,,,1,0.50,0,0,2,"","",""
1,"Maria Ulfah","Mitigasi Risiko Rantai Pasok Sayur Menggunakan Metode House of Risk",2024,"Journal of Systems Engineering and Management","Universitas Sultan Ageng Tirtayasa (ASCEE)","https://doi.org/10.62870/joseam.v3i2.29424","",998,"2026-05-27 21:00:15","journal-article","10.62870/joseam.v3i2.29424","2964-0040",,3,2,85,85,1,0.50,1,1,2,"","https://jurnal.untirta.ac.id/index.php/JOSEAM/article/viewFile/29424/13664",""
0,"Monica Kalbande, Shushanto Sarkar, Shweta Farkase, Prateek Verma","Design and Development of Smart House Rental Management System",2023,"2023 International Conference on Sustainable Computing and Smart Systems (ICSCSS)","IEEE","https://doi.org/10.1109/icscss57650.2023.10169613","",10,"2026-05-27 21:00:15","proceedings-article","10.1109/icscss57650.2023.10169613","",,,,710,715,0,0.00,0,4,3,"","http://xplorestaging.ieee.org/ielx7/10169129/10169119/10169613.pdf?arnumber=10169613",""
4,"Xian Shi, Yan Jiang","Research on House Rental Recommendation Algorithm Based on Deep Learning",2023,"Advances in Economics, Business and Management Research","Atlantis Press International BV","https://doi.org/10.2991/978-94-6463-124-1_70","",19,"2026-05-27 21:00:15","book-chapter","10.2991/978-94-6463-124-1_70","2731-7854",,,,604,613,4,1.33,2,2,3,"","",""
1,"Wladimir Zanoni, Lina M. Díaz, Emily Díaz, Jorge Paredes, Paloma Acevedo","Nudging the Agents: Does it Reduce Discrimination Against Migrants in the House Rental Market?",2023,"","Inter-American Development Bank","https://doi.org/10.18235/0005242","",31,"2026-05-27 21:00:15","report","10.18235/0005242","",,,,,,1,0.33,0,5,3,"This study examines the impact of a behavioral intervention on reducing discrimination against Venezuelan migrants in the screening of home rental applications conducted by Ecuadorian real estate agents (REAs). Given that Venezuelan migrants represent the second-largest migratory group globally, with over seven million individuals seeking refuge primarily in other Latin American countries, understanding and addressing discrimination against them is of significant importance. Our artifactual field experiment involved providing information to REAs that highlighted the extra efforts Venezuelan migrants must make to achieve the same goals as nonmigrants in host countries. The results demonstrated a meaningful increase of 33.67% in the preference for Venezuelan migrants over native applicants, with this effect mainly driven by changes in male REAs discriminatory behaviors. The findings suggest that challenging the information value of Venezuelan migrant stereotypes, which often underlie assumptions about their qualities, can effectively diminish discrimination during the rental application process. This research contributes valuable insights to the ongoing efforts to identify effective means to deal with discrimination against migrants.","",""
0,"Rebecca Bentley, Tim Law","How do I know if a rental house is mouldy before I sign the lease? 12 things to check",2023,"","The Conversation","https://doi.org/10.64628/aa.mqrgdpuaf","",37,"2026-05-27 21:00:15","posted-content","10.64628/aa.mqrgdpuaf","",,,,,,0,0.00,0,2,3,"","",""
0,"","Prices: Analytical house price indicators (Edition 2022)",2023,"Main Economic Indicators","OECD","https://doi.org/10.1787/7dd476d3-en","",45,"2026-05-27 21:00:15","dataset","10.1787/7dd476d3-en","",,,,,,0,0.00,0,0,3,"","",""
0,"Dr. S. Dhamodaran, Goluguri Venkata Sai Rama Reddy, Gondrala Saivinay, Praveen Kumar Gongada, Dr. J. Refonaa, Dr. S.L. Jany Shabu","House Rental Application System",2023,"Recent Trends in Data Science and its Applications","River Publishers","https://doi.org/10.13052/rp-9788770040723.053","",66,"2026-05-27 21:00:15","proceedings-article","10.13052/rp-9788770040723.053","",,,,272,275,0,0.00,0,6,3,"","",""
0,"Sadhana K","Car Rental Web Application",2023,"International Scientific Journal of Engineering and Management","Edtech Publishers (OPC) Private Limited","https://doi.org/10.55041/isjem00413","",74,"2026-05-27 21:00:15","journal-article","10.55041/isjem00413","2583-6129",,2,4,,,0,0.00,0,1,3,"Moving on, this car rental project system project in PHP focuses mainly on dealing with customers regarding their car rental hours and certain transactions. Also, it displays all the available cars on the home page whereas the users cannot view unavailable cars until and unless the user returns the rental car. The project is divided into two categories: Customer Login and Employee Login. In an overview of this web app, the employee has full control of the system. Talking about the project, a customer can simply log in or register their accounts. He/she can view available cars, select any one and proceed for rental after selecting various conditions, dates, etc. After all, the customer can rent a car by filling up the given forms. The customer can view all his rental records and history once after logging onto the system. In addition, the customer needs to return the cars using the system because all the records are carried throughout the system. At last, the system prints an invoice stating all the information with total costs. Keywords:car, re","",""
0,"亚立 李","Exploration and Practice of Property Rental Management of Tobacco House—Taking WZ Tobacco as an Example",2023,"Frontiers of International Accounting","Hans Publishers","https://doi.org/10.12677/fia.2023.122037","",77,"2026-05-27 21:00:15","journal-article","10.12677/fia.2023.122037","2169-2572",,12,2,270,273,0,0.00,0,1,3,"","",""
6,"You-Hung Lin, Hsin Hsin Chang, Shih-Shuo Yeh, Kit Hong Wong, Ting Yu Tseng","A consumption value evaluation and environmental consciousness of rental preference on Long-term rental YouBikes in Taiwan",2023,"Research in Transportation Business &amp; Management","Elsevier BV","https://doi.org/10.1016/j.rtbm.2023.101063","",78,"2026-05-27 21:00:15","journal-article","10.1016/j.rtbm.2023.101063","2210-5395",,51,,101063,101063,6,2.00,1,5,3,"","https://api.elsevier.com/content/article/PII:S2210539523001219",""
0,"TRAN THI THU THUY","REVAMPING FOR BETTER INDOOR AIR QUALITY IN HOUSING: A RENTAL HOUSE RENOVATION IN HO CHI MINH CITY, VIETNAM",2023,"Journal of Science and Technology - IUH","Industrial University of Ho Chi Minh City (IUH)","https://doi.org/10.46242/jstiuh.v64i04.4887","",84,"2026-05-27 21:00:15","journal-article","10.46242/jstiuh.v64i04.4887","2525-2267",,64,4,,,0,0.00,0,1,3,"Over the past decade, the population of Ho Chi Minh City (HCMC) has doubled, resulting in a rise in low-income hostels. Rental homes for low-income families are usually small, ranging from 12 to 15 square meters, serving as a multi-purpose space. This type of accommodation is the most suitable option for those who cannot afford larger housing. This article aims to assess the effect of ventilation-related renovations on indoor air quality through a case study of a rental house in HCMC. Fieldwork was conducted to collect information on the house's original state, followed by renovations. Air pollutants, such as CO2, CO, PM2.5, and TVOC, were measured before and after renovation. Further analysis was conducted to identify factors that could enhance ventilation conditions in the house. The findings indicated that using exhaust fans with louvers and frequently opening doors and windows significantly improved indoor air quality. Therefore, mechanical ventilation is a simple and effective intervention to improve indoor air quality in tiny homes, especially near areas where residents sleep and have at least one motorbike.","https://jst.iuh.edu.vn/index.php/jst-iuh/article/download/4887/763",""
1,"DEBANJANA DEY, Geoffrey K. Turnbull","Third-Party vs Owner Management in the Vacation Rental Market: Evidence from Airbnb",2023,"","Elsevier BV","https://doi.org/10.2139/ssrn.4656138","",85,"2026-05-27 21:00:15","posted-content","10.2139/ssrn.4656138","",,,,,,1,0.33,1,2,3,"","",""
0,"Lisfiyah Puspita Handayani, Lilik Indayani","Influence of Customer Relationship Management (CRM), Service Quality, and Price on Consumer Satisfaction (Study on Consumers of Wedding And Rental Sound System Onde - Onde Audio Kemuning)",2023,"","Universitas Muhammadiyah Sidoarjo","https://doi.org/10.21070/ups.1580","",88,"2026-05-27 21:00:15","posted-content","10.21070/ups.1580","",,,,,,0,0.00,0,2,3,"","",""
1,"Jiayi Zhou","The Private Sector in the Rental Housing Market",2023,"BCP Business &amp; Management","Boya Century Publishing","https://doi.org/10.54691/bcpbm.v43i.4631","",89,"2026-05-27 21:00:15","journal-article","10.54691/bcpbm.v43i.4631","2692-6156",,43,,125,129,1,0.33,1,1,3,"Numerous types of literature contend that housing plays a role in both the low-income population's need for public assistance and the comparatively affluent families' need for mortgage financing. Due to the failure of vacant homes, which ultimately resulted in wasted resources since medium-low income groups have curtailed purchasing power, the rental housing market is progressively where social progress is consolidated. Based on the role of rental housing, this paper goes into considerable detail about the private sector in this market. In tandem with the findings of previous studies, the research indicates that private power enhances social development in terms of active trading, achieving wealth, and alleviating the government's financial burden. However, the research discovers that some issues exist widely behind this aspect of the rental market, which not only causes significant life costs for some youngsters but also that the efficiency is constrained by governmental policies, as evidenced by data from some selected economies. Thus, the analysis is followed by some recommendations derived from the paper to use some financial investments such as leveraging and the REITs tool, as well as perspectives on adjusting governmental policies as strategies to strengthen the private rental market.","https://bcpublication.org/index.php/BM/article/download/4631/4503",""
0,"S Kupriyenko","NATURE IN TO IMPROVE THE DESIGN EFFICIENCY OF AUTOMATED CONTROL SYSTE",2023,"SWorld-Ger Conference proceedings","Ukrainian Research and Design Institute of Building Materials and Products","https://doi.org/10.30890/2709-1783.2024-31-00-026","",98,"2026-05-27 21:00:15","journal-article","10.30890/2709-1783.2024-31-00-026","2709-1783",,,,8,21,0,0.00,0,1,3,"","",""
0,"José Luís Bonifácio Ramos","Short-Term Rental and the Condominium",2023,"International Journal of Social Science Humanity &amp; Management Research","IJSSHMR Publication","https://doi.org/10.58806/ijsshmr.2023.v2i2n01","",107,"2026-05-27 21:00:15","journal-article","10.58806/ijsshmr.2023.v2i2n01","2833-2172",,2,2,,,0,0.00,0,1,3,"This study analyses the tensions, even the dichotomy, between Airbnb and short-term rentals and the condominium. Accordingly, we firstly reflect on the evolution, regime and legal nature for short term rentals and condominiums. This then underpins the subsequent assessment of the scope of the restrictions imposed by the statutes of condominiums and the competences attributed to the respective general assembly on exercising short-term rental activities within such properties. This takes particular account of the content of the recent decision and the standardising jurisprudence (AUJ) handed down by the Supreme Court of Justice.","",""
1,"Rohit Rastogi","Examining Rental House Data With MRL Analysis",2023,"International Journal of Cyber Behavior, Psychology and Learning","IGI Global","https://doi.org/10.4018/ijcbpl.333474","",118,"2026-05-27 21:00:15","journal-article","10.4018/ijcbpl.333474","2155-7136",,13,1,1,24,1,0.33,1,1,3,"<p>In today's scenario, we all are surrounded with technologies. As the world is shifting towards technology with great pace, and technology is also showing its efficiency and strength, we must appreciate its power. Now the world is shifting towards digitalization. So, it's also important to think that ideas should lie towards e-business to get full advantage of the system. The housing sector is one of the important fields which must get the support of the technological domains to overcome many challenges. So, there is a requirement to bring a system that can direct the work of renter and customer easier. To bring this idea into the real world, the author's team has come up with the idea of a rental house portal system. This portal is a web application which acts as an e-platform to search flats, apartments, property, etc., with scientific analysis-based data. In this system, the owner provides the details of flats with its features and using ML (machine learning) technology, the price of flat is calculated and the customer can check the availability of flat according to his/her requirement and to provide benefits to both parties. As the details of the flat are available on site, there is no need to explain the features of the house to the owner. Customers also have the benefits of searching for the desired house in less time and at a very reasonable price. Therefore, the rental house system is a very nice step towards the finding of flats online. The present manuscript has new thoughts of prediction of house rent price according to the features provided using statistical techniques and has come as one of the best platforms to search the property at a reasonable price.</p>","https://www.igi-global.com/viewtitle.aspx?TitleId=333474",""
0,"Farhan Ibnu Al Hanif, Romi Bhakti Hartarto, Ibnu Hajar","The Effect of Campus Existence on Boarding House Rental Prices: A Case Study of Universitas Muhammadiyah Yogyakarta",2023,"Journal of Economics Research and Social Sciences","Universitas Muhammadiyah Yogyakarta","https://doi.org/10.18196/jerss.v7i2.19225","",119,"2026-05-27 21:00:15","journal-article","10.18196/jerss.v7i2.19225","2723-5327",,7,2,231,239,0,0.00,0,3,3,"The establishment of the Universitas Muhammadiyah Yogyakarta (UMY) campus has acted as a catalyst for economic expansion in the local neighborhoods, particularly evident in the real estate sector, characterized by the proliferation of boarding houses. This study endeavors to comprehensively examine the impact of the presence of Universitas Muhammadiyah Yogyakarta on the rental rates of boarding houses. The research's primary objective is to make a valuable contribution to the domain of property economics, utilizing secondary data derived from online platforms specializing in boarding house listings, notably Mamikos. A dataset encompassing 200 entries was gathered from the Mamikos website, encompassing variables such as boarding house rental fees, the proximity of the boarding houses to UMY, room dimensions, available facilities, and the categorization of boarding houses based on gender. The analysis of the dataset employs a multiple regression model, applying the Ordinary Least Square (OLS) technique. The findings derived from this study underscore several significant observations. Notably, the distance between the boarding house and the UMY campus displays a significant and, negative correlation with boarding house prices. This indicates that the rental rates of boarding houses tend to be higher the closer they are situated to the UMY campus. Conversely, factors such as room size and provided facilities exhibit a positive and considerable influence on the boarding house rental rates. Additionally, the study ascertains that gender-based differentiation does not lead to a significant variance in the rental charges between male and female boarding houses. In summary, this research effectively elucidates the intricate relationship between the proximity to UMY, room dimensions, facilities, and the rental pricing of boarding houses, thereby contributing valuable insights to the realm of property economics.","https://journal.umy.ac.id/index.php/jerss/article/viewFile/19225/8554",""
0,"S Kupriyenko","SCIENTIFIC EFFECT OF IMPROVE THE DESIGN EFFICIENCY OF AUTOMATED CONTROL SYSTE",2023,"Sworld-Us Conference proceedings","Ukrainian Research and Design Institute of Building Materials and Products","https://doi.org/10.30888/2709-2267.2024-24-00-026","",138,"2026-05-27 21:00:15","journal-article","10.30888/2709-2267.2024-24-00-026","2709-2267",,,,8,21,0,0.00,0,1,3,"","",""
0,"Nur Cahyono, Suprianto Suprianto","Designing a Web-Based Outdoor Equipment Rental Information System Using the Waterfall Method at InOutdoors Rental Sidoarjo",2023,"","Universitas Muhammadiyah Sidoarjo","https://doi.org/10.21070/ups.3402","",141,"2026-05-27 21:00:15","posted-content","10.21070/ups.3402","",,,,,,0,0.00,0,2,3,"","",""
0,"William Wicaksana","Application of Marketing Mix in Rental Company (Case Study of Pt. Asialog)",2023,"International Journal of Current Science Research and Review","Everant Journals","https://doi.org/10.47191/ijcsrr/v6-i7-95","",147,"2026-05-27 21:00:15","journal-article","10.47191/ijcsrr/v6-i7-95","2581-8341",,6,7,,,0,0.00,0,1,3,"Since the change into new century, United nations has promoting several urgent matters for improving humanity as whole. One of the point is the severance of climate change, in which affecting all daily activities including business. The matter has force government to enforce more strict regulation for reducing the cause of climate change, one of the main cause is the reducing of planet earth’s green area. Therefore, it affecting all business operation of forest company. In addition, the matter becoming much worst due to massive illegal logging and other acts of reducing forest without responsibilities to mend the damage. The affected companies including PT. ASIALOG are experiencing in lower revenue, this circumstance push the company to finding alternative business opportunity. It author goal to formulating marketing strategy with finding strong alternative product for the company. nevertheless, there are several critical points to address, the company declare specific request for the alternative business limited to current company’s area of operation. Second, the alternative business should based on company’s tugboat and barge assets. In this research, the method author used is qualitative research through structured interviews with various stakeholders in the industry and framework used is marketing mix 7Ps with preliminary framework of STP (Segmentation, Targeting, and Positioning). The main point is compare target market of current PT. ASIALOG with alternative business of tugboat and barge using Porter’s five forces template. Following the study, author find alternative business of tugboat and barge for PT ASIALOG is competitive sound and profitable in long term. Based on Porter’s five forces analysis, aspects with high threat level of current business is 21 compare to alternative business of tugboat and barge with 5 aspects. Following the target market analysis, author purposing brand positioning using brand concept image management. The brand image divide into two aspects of functional and symbolic to formulating marketing strategy using marketing mix 7Ps. Overall, author conclude that the alternative business for PT. ASIALOG is competitive and profitable in long term.","",""
0,"Yuan Feng","Analysis of the Latest Changes and Development Trends in the International Rental Market",2023,"BCP Business &amp; Management","Boya Century Publishing","https://doi.org/10.54691/bcpbm.v45i.4829","",152,"2026-05-27 21:00:15","journal-article","10.54691/bcpbm.v45i.4829","2692-6156",,45,,15,23,0,0.00,0,1,3,"Due to the impact of the global COVID-19 pandemic, the international rental market has been affected by various degrees of economic and environmental impacts, resulting in large volatility since 2020. Among the several countries and regions, including North America, Asia, and Europe, their developed rental market business sizes all show different downward trends. However, the rental business in China has been on the rise, because the country's epidemic prevention and control efforts have been successful. From 2020 to 2022, the proportion of China's rental business in the world has steadily increased, and China has gradually become an emerging force in the international rental market. However, the landscape of the world's rental industry has not changed and the overall structure and nature of the world's rental market has not fundamentally changed. This paper analyzes the latest changes in the international rental market and puts forward corresponding suggestions based on the data of penetration rate and market share of important countries in the international market in the past three years.","http://bcpublication.org/index.php/BM/article/download/4829/4694",""
0,"Ji Eun Yang, Jae Hwan Kim, Hee Cheol Shim","The Effect of Public Rental Housing on the Price of Neighborhood Apartments - Focusing on LH Happy House in Seoul-",2023,"Asia-pacific Journal of Convergent Research Interchange","Future Convergence Technology Research Society","https://doi.org/10.47116/apjcri.2023.06.35","",154,"2026-05-27 21:00:15","journal-article","10.47116/apjcri.2023.06.35","2508-9080",,9,6,441,450,0,0.00,0,3,3,"","",""
0,"Avegail L Monteverde, Joshua James S Maderazo, Keyleen Christine M Cruz, NIcko A Magnaye","Web-Based Rental House Smart Finder using Rapid Application Development basis for Evaluation of ISO 205010",2023,"International Journal of Metaverse","E-palli","https://doi.org/10.54536/ijm.v1i1.1464","",155,"2026-05-27 21:00:15","journal-article","10.54536/ijm.v1i1.1464","2837-2417",,1,1,1,4,0,0.00,0,4,3,"Businesses including the promotion of rental properties, utilized the advantage of using technologies to attract more clients. Most of them use a website to easily advertised their properties online. Hence, there were lots of existing system developed to find hotels and apartments online, without considering other affordable rental houses, such as boarding houses and bed spacers. Aside from that, people in Bansud and Bongabong Oriental Mindoro, can’t easily find a rental house with the reason of lack of details regarding the location of each rental house and couldn’t find an affordable rental house immediately. From that, A Web-Based Rental House Smart Finder using Rapid Application Development basis for Evaluation of ISO 205010 was developed to assist the clients in finding affordable variations of rental houses such as boarding house, dormitories, hotels and others. The system can also provide necessary information of specific rental house properties and even gave an alternative option by providing near rental property listings using kilometer distance. The system can also accept reservation request from the clients. On the other hand, the Rapid Application Development was used in building the project for quick continuous development and testing during the project’s software development lifecycle. The RAD strategy allows to investigate a working model as in front of schedule as could be normal considering the present situation if the frameworks meet the necessities required, and propose imperative changes. The ISO/IEC 25010 software quality standards were applied in the evaluation to determine the functional suitability, performance efficiency, usability, reliability, security, maintainability and portability of the system. The overall mean of the ISO/IEC 25010 evaluation result was 3.67, which was regarded as very effective, indicating that the evaluators were satisfied by giving positive feedback. Some of the evaluators suggested to have a mobile application for accessibility.","https://journals.e-palli.com/home/index.php/ijm/article/download/1464/624",""
0,"S Kupriyenko","DETERMINATION OF WAYS TO IMPROVE THE DESIGN EFFICIENCY OF AUTOMATED CONTROL SYSTE",2023,"SWorld-Ger Conference proceedings","Ukrainian Research and Design Institute of Building Materials and Products","https://doi.org/10.30890/2709-1783.2023-30-00-026","",156,"2026-05-27 21:00:15","journal-article","10.30890/2709-1783.2023-30-00-026","2709-1783",,,,8,21,0,0.00,0,1,3,"","",""
0,"S Kupriyenko","EFFICIENCY OF IMPROVE THE DESIGN EFFICIENCY OF AUTOMATED CONTROL SYSTE",2023,"Modern engineering and innovative technologies","Ukrainian Research and Design Institute of Building Materials and Products","https://doi.org/10.30890/2567-5273.2023-30-00-026","",160,"2026-05-27 21:00:15","journal-article","10.30890/2567-5273.2023-30-00-026","2567-5273",,,,8,21,0,0.00,0,1,3,"","",""
0,"Xinrui Liu","Human-Computer Interaction Applied in Rental Market",2023,"Advances in Economics, Management and Political Sciences","EWA Publishing","https://doi.org/10.54254/2754-1169/6/20220207","",163,"2026-05-27 21:00:15","journal-article","10.54254/2754-1169/6/20220207","2754-1169",,6,1,202,207,0,0.00,0,1,3,"The development of Human-Computer Interaction (HCI) provides opportunities and chal-lenges for humans. The growing uses of HCI are applied in broad industries, such as the technology industry, medical industry, and commerce industry, etc. This article indicates the importance of HCI in the commerce industry by comparing two rental apps and how these HCI principles can be applied to serve users better.","",""
3,"ELISA ARRIGO","Fashion rental as a new and innovative channel alongside fashion retail",2023,"Sinergie Italian Journal of Management","Fondazione CUEIM","https://doi.org/10.7433/s120.2023.07","",170,"2026-05-27 21:00:15","journal-article","10.7433/s120.2023.07","0393-5108",,41,1,127,145,3,1.00,3,1,3,"","",""
0,"O.V. Subotin","Information security of rental management systems",2023,"MININGMETALTECH 2023 – THE MINING AND METALS SECTOR: INTEGRATION OF BUSINESS, TECHNOLOGY AND EDUCATION. Volume 2","Baltija Publishing","https://doi.org/10.30525/978-9934-26-361-3-102","",175,"2026-05-27 21:00:15","proceedings-article","10.30525/978-9934-26-361-3-102","",,,,68,71,0,0.00,0,1,3,"","",""
1,"Mykola Denysenko, Svitlana Breus, Volodymyr Panchenko, Yehor Prytula","INVESTMENT MANAGEMENT IN THE CONTEXT OF ENSURING THE ECONOMIC SECURITY OF THE STATE AS AN IMPORTANT ASPECT OF THE DEVELOPMENT OF THE RENTAL HOUSING MARKET IN UKRAINE",2023,"DEVELOPMENT OF WORLD ECONOMY, MARKETING AND MANAGEMENT IN MODERN CONDITIONS","International Science Group","https://doi.org/10.46299/isg.2023.mono.econ.4.2.1","",176,"2026-05-27 21:00:15","book-chapter","10.46299/isg.2023.mono.econ.4.2.1","",,,,39,46,1,0.33,0,4,3,"","",""
0,"Prof. Sarika Aundhakar","Survey On “An Agricultural Equipment Rental System”",2023,"INTERANTIONAL JOURNAL OF SCIENTIFIC RESEARCH IN ENGINEERING AND MANAGEMENT","Edtech Publishers (OPC) Private Limited","https://doi.org/10.55041/ijsrem26417","",179,"2026-05-27 21:00:15","journal-article","10.55041/ijsrem26417","2582-3930",,7,10,1,11,0,0.00,0,1,3,"Agricultural equipment rental platforms are digital platforms revolutionizing modern farming. These online services provide a bridge between farmers and advanced agricultural machinery. Farmers can conveniently rent specialized equipment, sparing themselves the substantial costs and responsibilities of ownership. Firstly, they significantly reduce the financial burden on farmers by offering cost-effective alternatives to owning expensive machinery. This democratizes access to technology and empowers small-scale or financially constrained farmers to boost their productivity. It also provides facility to hire workers on demand. Moreover, these platforms promote sustainability by optimizing machinery use, reducing the environmental impact, and encouraging a more efficient approach to farming. Overall agricultural equipment rental platforms are pivotal in modern agriculture. They make advanced equipment accessible, lower costs, promote sustainability, and contribute to a more productive farming. Key Words: Agriculture, Farmer, Equipment, Rental, Cost Effective.","",""
0,"","rental, v.",2023,"Oxford English Dictionary","Oxford University Press","https://doi.org/10.1093/oed/1233643825","",183,"2026-05-27 21:00:15","book-chapter","10.1093/oed/1233643825","",,,,,,0,0.00,0,0,3,"","",""
1,"Frans Sudirjo","Coffee Machine Rental Business Model Analysis: Exploring Market Opportunities and Business Development Strategies",2023,"West Science Business and Management","PT. Sanskara Karya Internasional","https://doi.org/10.58812/wsbm.v1i03.103","",189,"2026-05-27 21:00:15","journal-article","10.58812/wsbm.v1i03.103","2985-816X",,1,3,197,205,1,0.33,1,1,3,"This research paper explores the business model analysis of coffee machine rental services in Bandung City, focusing on market opportunities and business development strategies. The study adopts a mixed-methods approach, incorporating qualitative and quantitative data collection methods. The findings reveal promising market opportunities within Bandung City's vibrant coffee industry, driven by the growing number of entrepreneurs and café owners seeking cost-effective solutions. Customer preferences and behavior analysis highlight the importance of high-quality coffee, consistent taste, efficiency, and convenience. The research identifies key business development strategies, including customer segmentation, value proposition, pricing, marketing, and partnerships. By implementing these strategies, coffee machine rental companies can effectively target customers, differentiate their services, optimize pricing, promote their offerings, and expand through collaborations. The research contributes to understanding the dynamics of the coffee machine rental market in Bandung City and provides valuable insights for industry players aiming to tap into its potential.","https://wsj.westsciences.com/index.php/wsbm/article/download/103/96",""
3,"Dong Li, Zhan Pang, Lixian Qian","Bid price controls for car rental network revenue management",2023,"Production and Operations Management","SAGE Publications","https://doi.org/10.1111/poms.13836","",192,"2026-05-27 21:00:15","journal-article","10.1111/poms.13836","1059-1478",,32,1,261,282,3,1.00,1,3,3,"We consider a car rental network revenue management (RM) problem, accounting for the key operational characteristics of car rental services such as the varying length of rentals and mobility of inventories, which imply the intertemporal and spatial correlations of rental demands for inventories across different locations and days. The problem is formulated as an infinite‐horizon cyclic stochastic dynamic program to account for the time‐varying and cyclic nature of car rental businesses. To tackle the","https://journals.sagepub.com/doi/pdf/10.1111/poms.13836",""
7,"Ziqi Zhou, Yung Yau","Revisiting institutional credibility of informal rental housing in Shenzhen: For dwelling function or exclusion function?",2023,"Journal of Urban Management","Elsevier BV","https://doi.org/10.1016/j.jum.2022.12.002","",194,"2026-05-27 21:00:15","journal-article","10.1016/j.jum.2022.12.002","2226-5856",,12,2,112,128,7,2.33,4,2,3,"","https://api.elsevier.com/content/article/PII:S222658562200098X",""
0,"S Kupriyenko","PROBLEMS OF FORMING THE ENVIRONMENTAL AWARENESS OF TO IMPROVE THE DESIGN EFFICIENCY OF AUTOMATED CONTROL SYSTE",2023,"SWorld-Ger Conference proceedings","Ukrainian Research and Design Institute of Building Materials and Products","https://doi.org/10.30890/2709-1783.2024-34-00-026","",201,"2026-05-27 21:00:15","journal-article","10.30890/2709-1783.2024-34-00-026","2709-1783",,,,8,21,0,0.00,0,1,3,"","",""
0,"","rack-rental, n.",2023,"Oxford English Dictionary","Oxford University Press","https://doi.org/10.1093/oed/4747794470","",218,"2026-05-27 21:00:15","book-chapter","10.1093/oed/4747794470","",,,,,,0,0.00,0,0,3,"","",""
0,"S Kupriyenko","FEATURES OF TEACHING BIOMECHANICS FOR IMPROVE THE DESIGN EFFICIENCY OF AUTOMATED CONTROL SYSTE",2023,"Sworld-Us Conference proceedings","Ukrainian Research and Design Institute of Building Materials and Products","https://doi.org/10.30888/2709-2267.2024-26-00-026","",219,"2026-05-27 21:00:15","journal-article","10.30888/2709-2267.2024-26-00-026","2709-2267",,,,8,21,0,0.00,0,1,3,"","",""
0,"S Kupriyenko","GENDER IDENTITY OF A IMPROVE THE DESIGN EFFICIENCY OF AUTOMATED CONTROL SYSTE",2023,"Sworld-Us Conference proceedings","Ukrainian Research and Design Institute of Building Materials and Products","https://doi.org/10.30888/2709-2267.2024-25-00-026","",223,"2026-05-27 21:00:15","journal-article","10.30888/2709-2267.2024-25-00-026","2709-2267",,,,8,21,0,0.00,0,1,3,"","",""
0,"Iton WANG, Kimitoshi SATO","Pricing Model for Product Rental Services with Option to Buy",2023,"Innovation and Supply Chain Management","Japan Management Training Center","https://doi.org/10.14327/iscm.17.61","",232,"2026-05-27 21:00:15","journal-article","10.14327/iscm.17.61","2187-0969",,17,1,61,67,0,0.00,0,2,3,"","https://www.jstage.jst.go.jp/article/iscm/17/1/17_61/_pdf",""
0,"S Kupriyenko","THEORETICAL ASPECT OF TO IMPROVE THE DESIGN EFFICIENCY OF AUTOMATED CONTROL SYSTE",2023,"SWorld-Ger Conference proceedings","Ukrainian Research and Design Institute of Building Materials and Products","https://doi.org/10.30890/2709-1783.2024-33-00-026","",235,"2026-05-27 21:00:15","journal-article","10.30890/2709-1783.2024-33-00-026","2709-1783",,,,8,21,0,0.00,0,1,3,"","",""
0,"","pew rental, n.",2023,"Oxford English Dictionary","Oxford University Press","https://doi.org/10.1093/oed/2458732746","",242,"2026-05-27 21:00:15","book-chapter","10.1093/oed/2458732746","",,,,,,0,0.00,0,0,3,"","",""
0,"S Kupriyenko","FEATURES OF VOLUNTEER ACTIVITY AS IMPROVE THE DESIGN EFFICIENCY OF AUTOMATED CONTROL SYSTE",2023,"Sworld-Us Conference proceedings","Ukrainian Research and Design Institute of Building Materials and Products","https://doi.org/10.30888/2709-2267.2024-27-00-026","",244,"2026-05-27 21:00:15","journal-article","10.30888/2709-2267.2024-27-00-026","2709-2267",,,,8,21,0,0.00,0,1,3,"","",""
0,"Muhammad Syarif, Husnaini Hasbi, Tasya Littaqwani, Chaliddin Chaliddin","Analysis of Car Rental Practices According to Law No. 22 of 2009 and Sharia Economic Law",2023,"Al-Hiwalah : Journal Syariah Economic Law","Institute Agama Islam Negeri Lhokseumawe","https://doi.org/10.47766/alhiwalah.v2i2.1978","",259,"2026-05-27 21:00:15","journal-article","10.47766/alhiwalah.v2i2.1978","2963-0304",,2,2,224,247,0,0.00,0,4,3,"Leasing is a right commonly exercised by the community and is one form of interaction that is often carried out. The problem in this study is about the practice of Car Rental according to Law Number 22 of 2009 concerning traffic rules and Sharia Economic Law that occurs at CV Galeri Rental in Banda Sakti District, Lhokseumawe City. The formulation of this research problem, namely: 1) How is the practice of car rental at CV Galeri Rental Lhokseumawe City? 2) How is the analysis of sharia economic law and Law 22 of 2009 concerning traffic offences on car rental practices at CV Galeri Rental? This research is field research, using qualitative research methods. The approach method in this research uses empirical-juridical method. The techniques used in collecting data in this research are through observation, interviews and documentation. The results of the research show that the provisions regarding rights and obligations in the implementation of car leases at CV Galeri Rental are contained in a lease agreement in which the terms and conditions including rights and obligations are regulated. Case settlement due to negligence by the tenant in the car rental agreement at CV Galeri Rental in the form of damage or delay, the rental party refers to the agreement letter owned by CV Galeri Rental. In accordance with Law Number 22 Year 2009 Article 234.  According to the view of Sharia Economic Law on the practice of Leasing, the original law is mubah (permissible), as long as it does not conflict with the rules set out in the Quran, Hadith and Ijma'. Likewise, the practice of car rental leasing that occurs at CV Galeri Rental Lhokseumawe City is also permissible, because the lease and the benefits are good for both the tenant and the renting party. But in the practice of renting a car rental, the renting party does not determine the rental time limit, but depends on the car renter how many days he wants to rent out his car.","https://journal.iainlhokseumawe.ac.id/index.php/AlHiwalah/article/download/1978/913",""
0,"Aruna Nair","Cobbe v Yeoman’s Row Management Ltd [2008] UKHL 55, House of Lords",2023,"Essential Cases: Land Law","Oxford University Press","https://doi.org/10.1093/he/9780191995712.003.0004","",263,"2026-05-27 21:00:15","book-chapter","10.1093/he/9780191995712.003.0004","",,,,,,0,0.00,0,1,3,"<p> <italic>Essential Cases: Land Law</italic> provides a bridge between course textbooks and key case judgments. This case document summarizes the facts and decision in <italic>Cobbe v Yeoman’s Row Management Ltd</italic> [2008] UKHL 55, House of Lords. The document also includes supporting commentary from author Aruna Nair.</p>","https://www.oxfordlawtrove.com/display/10.1093/he/9780191995712.001.0001/he-9780191995712-chapter-4",""
0,"Omkar Sheshraoji Kosare, Minal Vinod Sawarkar, Ketaki Dattaraj Sewatkar, Pratik Ladekar","Rental Property Management System",2023,"International Journal of Advanced Research in Science, Communication and Technology","Naksh Solutions","https://doi.org/10.48175/ijarsct-9298","",266,"2026-05-27 21:00:15","journal-article","10.48175/ijarsct-9298","2581-9429",,,,273,275,0,0.00,0,4,3,"This Web Application helps user to register individual home or apartment to assist you in finding the perfect rental home or property. Also we can find your next rental from search view in your targeted area. This website is designed to attend to all our needs from buying property, selling property or renting/leasing of property in India. Here we found the better opportunity to invest our value of entire life. Property helps us to maintain the database of various property & agents information. It not only helps us to maintain the agent information but here we also allow agents to access the portal updated information across the global environment. We know it is a tiring to call individual property agents, arrange appointment, finding better time for appointment and they will assist you. For such complex process we provide a one simple online form which requires your basic information and we will assist in sort time period.","",""
3,"Guangtong Niu","Research on Digital Image Encryption Based on Chaotic Syste",2023,"2023 IEEE 2nd International Conference on Electrical Engineering, Big Data and Algorithms (EEBDA)","IEEE","https://doi.org/10.1109/eebda56825.2023.10090528","",269,"2026-05-27 21:00:15","proceedings-article","10.1109/eebda56825.2023.10090528","",,,,89,93,3,1.00,3,1,3,"","http://xplorestaging.ieee.org/ielx7/10090478/10090479/10090528.pdf?arnumber=10090528",""
0,"","",2023,"House of Management and Business (HOMBIS) Journal","Universitas Muhammadiyah Gombong","https://doi.org/10.26753/hombis.v2i1","",270,"2026-05-27 21:00:15","journal-issue","10.26753/hombis.v2i1","2829-7997",,2,1,,,0,0.00,0,0,3,"","",""
0,"Naufal Fikri Aulia, Feri Candra","Design Android-Based Car Rental Management Application Using Prototype Method",2023,"International Journal of Electrical, Energy and Power System Engineering","Lembaga Penelitian dan Pengabdian kepada Masyarakat Universitas Riau","https://doi.org/10.31258/ijeepse.6.3.176-182","",292,"2026-05-27 21:00:15","journal-article","10.31258/ijeepse.6.3.176-182","2654-4644",,6,3,176,182,0,0.00,0,2,3,"Inayah's car rental is one of the business sectors in the field of transportation services at Pekanbaru, Riau. Inayah car rental carries out management activities for car rental management that can be rented from daily to monthly. Management of rental transactions is currently done manually by recording customer data and storing customer guarantees in the archives that have been provided. Problems arise when the data is lost or damaged while the car is on the customer's side. In addition, other issues arise when a customer cancels suddenly on that day, or the customer's uncertainty about car rental will impact other customers who are serious about renting a car at that time. From these problems, we need a system that can automatically manage, store, and manage car rental transactions using Android. The development method in this study uses the prototype development method. The Prototype is a development method that involves users in system development. Based on the research results, we get a very good interpretation of the standard quality of the ISO 25010 system test, functional, performance, reliability, maintainability, security, usability, and efficiency.","https://ijeepse.id/journal/index.php/ijeepse/article/download/152/110",""
0,"K Pooja, S B Shirsand","Advances of Niosomes as a Targeted Drug Delivery Syste",2023,"Rajiv Gandhi University of Health Sciences Journal of Pharmaceutical Sciences","Rajiv Gandhi University of Health Sciences","https://doi.org/10.26463/rjps.13_3_7","",294,"2026-05-27 21:00:15","journal-article","10.26463/rjps.13_3_7","2249-2208",,13,3,,,0,0.00,0,2,3,"Due to a lack of effective treatment factor or drug delivery systems many diseases go untreated especially when side effects and toxicities are the main cause of concern. Consequently we chose novel drug delivery system. The structure of niosomes is made up of three moieties hydrophilic amphiphilic and lipophilic which can accommodate several drug molecules with a wide range of solubilities. Niosomes are preferred over liposomes because of the non-ionic surfactants higher stability lower cost and ease of storage compared to phospholipids. Surfactants do not require any particular handling or storage conditions. Niosomes act as a controlled and targeted drug delivery system that reduces toxicity and increases drug penetration into target tissues. The review article focused on several ideas including advantages and disadvantages of niosomal preparations niosome characteristics and its application.","",""
7,"Anna Gdakowicz, Ewa Putek-Szeląg, Marcin Bas","Duration of the Rental Offer for Residential Property",2023,"Real Estate Management and Valuation","Walter de Gruyter GmbH","https://doi.org/10.2478/remav-2023-0015","",297,"2026-05-27 21:00:15","journal-article","10.2478/remav-2023-0015","2300-5289",,31,2,82,91,7,2.33,2,3,3,"Abstract: The rental market in Poland is underdeveloped, not subject to any statutory registers, and based primarily on small, private owners. The article estimates the duration of residential rental properties that have been reported to the listing exchange system using duration methods. Duration methods also allow the analysis to include those properties that were not rented at the time the analysis was completed, but their owners continued to report their willingness to rent. The article presents the results of the analysis of how long it takes to rent an apartment over the entire analysis period and in each year separately. The presented study is the first to examine the duration of residential real estate offerings for rent in the Polish market. Considering the entire analysis period, 25% of the reported apartments were rented in 7.3 weeks. The fastest 25% of rental offers were successful (rented) in 2019 – 4.86 weeks. The longest apartment owners waited for a tenant was in 2020 – more than 8 weeks, which was undoubtedly influenced by the lockdown of the entire country, and the change in the organization of work and study (remote work and studies, which did not require being in the city).","https://reference-global.com/pdf/10.2478/remav-2023-0015",""
0,"Lancheng Fei","The Influence That Jeonse Rental System Brought to the Housing Bubble in Korea",2023,"Advances in Economics, Management and Political Sciences","EWA Publishing","https://doi.org/10.54254/2754-1169/56/20231046","",300,"2026-05-27 21:00:15","journal-article","10.54254/2754-1169/56/20231046","2754-1169",,56,1,15,20,0,0.00,0,1,3,"The bubble burst, and the South Korean property market plummeted. Thousands of Koreans should not be able to afford their debts and choose to commit suicide. Prior to this, South Korea’s real estate market soared rapidly, and no one noticed the abnormality and the future direction of the real estate market. That was a miracle, but it only lasted for a while, and one of the most important factors that accelerated its destruction was a rental system called Jeonse. The purpose of this paper is to explore the impact of Jeonse, a unique rental system, on the Korean real estate market. Housing prices in South Korea have soared amidst the global pandemic. By studying macroeconomics, the global capital chain, and policy-related factors that affect the market, it seems necessary for the government to understand the importance of controlling leverage and properly using quantitative easing. Those methods can theoretically prevent the economic crisis, slow down the creation of bubbles, or decrease the influence made by the contagions it creates.","",""
0,"Alessia Breda, Michael Trübestein, Matthias Daniel Aepli","Results Alternative Rental Models",2023,"Investments in Pop-up Stores","Springer Fachmedien Wiesbaden","https://doi.org/10.1007/978-3-658-42834-1_4","",303,"2026-05-27 21:00:15","book-chapter","10.1007/978-3-658-42834-1_4","",,,,37,50,0,0.00,0,3,3,"","https://link.springer.com/content/pdf/10.1007/978-3-658-42834-1_4",""
0,"A.N. Tarasova, N.M. Berezin","Quality control in the production of high-tech SEKIRUS laser systems for welding, cutting, cleaning and surfacing",2023,"Upravlenie kachestvom (Quality management)","PANORAMA Publishing House","https://doi.org/10.33920/pro-01-2305-01","",311,"2026-05-27 21:00:15","journal-article","10.33920/pro-01-2305-01","",,,5,6,9,0,0.00,0,2,3,"In St. Petersburg, since 2019, the assembly of SEKIRUS devices for laser welding, cutting and surfacing based on continuous fiber-optic laser sources with water cooling has been launched. These devices allow to obtain high-quality welded joints 3–4 times faster than traditional welding machines and do not require long-term training and highly qualified operator. The article provides information on how the assembly quality of SEKIRUS devices is ensured at different stages of production.","",""
0,"","Ski-Rental",2023,"Online Algorithms","Cambridge University Press","https://doi.org/10.1017/9781009349178.003","",312,"2026-05-27 21:00:15","other","10.1017/9781009349178.003","",,,,11,26,0,0.00,0,0,3,"","",""
3,"Adamu Sani, Mohammed Ishaq Mohammed, Hamza Usman","Locational, neighbourhood and physical characteristics of residential rental properties: A review",2023,"Journal of Commerce, Management, and Tourism Studies","Yayasan Mitra Persada Nusantara","https://doi.org/10.58881/jcmts.v2i3.121","",317,"2026-05-27 21:00:15","journal-article","10.58881/jcmts.v2i3.121","2964-9927",,2,3,143,154,3,1.00,1,3,3,"The residential rental market plays a crucial role in housing provision, yet our understanding of its locational, neighborhood, and physical characteristics remains limited. This paper presents a comprehensive review of existing literature pertaining to these fundamental aspects of residential rental properties. By synthesizing findings from a wide range of academic studies and reports, we aim to shed light on the key factors that influence the rental property landscape. The study strategically explores the locational attributes that impact rental property preferences and values. This includes proximity to essential amenities such as schools, hospitals, public transportation, and commercial centers. Understanding how these locational factors influence rental demand and pricing patterns can provide valuable insights for both renters and landlords., Investigate the role of neighborhood characteristics in shaping rental markets. Neighborhood safety, accessibility to recreational areas, quality of public services, and social demographics are among the key factors that influence rental property selection. By analyzing these features, we identify potential correlations between neighborhood attributes and rental property performance., the study delves into the physical characteristics of residential rental properties. This aspect involves examining the features of the properties themselves, such as property size, layout, age, and amenities. Understanding how these physical attributes affect rental values and tenant satisfaction can help property owners optimize their investments and improve tenant retention. Moreover, in this study the review addresses the dynamic interplay between locational, neighborhood, and physical factors in shaping rental property markets. By recognizing the complex relationships between these variables, policymakers, real estate developers, and investors can devise informed strategies to create sustainable and inclusive rental housing solutions. The paper concludes with a call for further research in this field, emphasizing the need for empirical studies that capture changing rental market dynamics, especially in the context of evolving urban landscapes and housing preferences. Through this comprehensive review, we aim to contribute to a deeper understanding of locational, neighborhood, and physical characteristics in residential rental properties, thus enabling more effective and evidence-based decision-making within the rental housing sector.","https://ympn.co.id/index.php/JCMTS/article/download/121/235",""
0,"Minxi Han","Under the Post-COVID period: Investigation into Business Performance of the Rental-Equipment Industry -- H&amp;E Equipment",2023,"Highlights in Business, Economics and Management","Darcy & Roy Press Co. Ltd.","https://doi.org/10.54097/hbem.v13i.8827","",319,"2026-05-27 21:00:15","journal-article","10.54097/hbem.v13i.8827","2957-952X",,13,,246,251,0,0.00,0,1,3,"As the economy continuously developing nowadays, industries like rental equipment sector have been continuously growing and developing into a more competitive player in the global market. As the COVID-19 stresses the importance of the supply-chain issue, rental equipment industry is worth to be an industry that investors should have a focus on. As a leading company in the rental equipment industry, H&E Equipment is taking as an example to conduct the SWOT analysis in order to know its internal and external factors that would affect its overall business performance. By conducting the SWOT analysis, we can conclude that H&E Equipment is a healthy company with growing revenues, has a very strong dealership community, is able to attain its vertical integration. Furthermore, by achieving vertical integration through acquisitions of companies, H&E Equipment expands its industrial landscape and obtains a higher bargaining power. However, it also has limitations like its financial performance comparing to its competitors’, and the influence that the COVID-19 has on the rental equipment industry. To be more specific, the COVID-19 would cause supply-chain issue to the rental equipment industry which would lead to longer time lengths of deals, and limitations in transportation The article is to help the audience understand the business model, objectives, advantages, and limitations fully in order to stay objective in the rental equipement market.","https://drpress.org/ojs/index.php/HBEM/article/download/8827/8600",""
1,"Edward Chung Yim Yiu, Ka Shing Cheung","Internal Migration and Rental Crisis after the Pandemic: A Rental Gradient Analysis for Melbourne, Australia (Preprint)",2023,"SSRN Electronic Journal","Elsevier BV","https://doi.org/10.2139/ssrn.4490686","",330,"2026-05-27 21:00:15","journal-article","10.2139/ssrn.4490686","1556-5068",,,,,,1,0.33,1,2,3,"","",""
1,"Byung-Gi Kang, Jae-Koo Park","A Study on Social Housing Welfare Factors That Determine Housing Satisfaction of Residents of National Rental Housing - Focusing on Residents of National Rental Housing in Hanam City -",2023,"Journal of the Korea Real Estate Management Review","Korea Real Estate Management Academy","https://doi.org/10.37642/jkremr.2023.27.8","",334,"2026-05-27 21:00:15","journal-article","10.37642/jkremr.2023.27.8","2288-7393",,27,,173,199,1,0.33,1,2,3,"","",""
0,"Ermengarde Jabir, Thomas LaSalvia, Victor Calanog","Institutional Investors in the Single-Family Rental Market",2023,"The Journal of Portfolio Management","With Intelligence LLC","https://doi.org/10.3905/jpm.2023.1.547","",341,"2026-05-27 21:00:15","journal-article","10.3905/jpm.2023.1.547","0095-4918",,49,10,135,147,0,0.00,0,3,3,"","https://syndication.highwire.org/content/doi/10.3905/jpm.2023.1.547",""
0,"Awang Awang, Tanti Yanuar Rahmad, Rhian Indradewa, Muhammad Dhafi Iskandar","Risk Planning Analysis in Business Continuity Management of Container Villa Rental Companies",2023,"Jurnal Syntax Admiration","Ridwan Institute","https://doi.org/10.46799/jsa.v4i9.702","",366,"2026-05-27 21:00:15","journal-article","10.46799/jsa.v4i9.702","2722-5356",,4,9,1478,1497,0,0.00,0,4,3,"In the villa container rental industry, risk is an integral part of business operations. Container villa rental companies need to ensure smooth and sustainable business continuity in the face of risks that may arise. The purpose of this study was to identify relevant risks in the business of a villa container rental company. This research uses a qualitative approach with a case study approach. Data will be collected through interviews with relevant parties in the villa container rental company, such as managers, employees, and other stakeholders. In addition, data will also be collected from documents related to risk management and business continuity. The collected data will be analyzed qualitatively using a thematic analysis approach. The results show that the rental of container villas in the mountains in Indonesia involves risks arising from uncertainties, such as variations in sales, operating costs, and operating leverage. Financial management can reduce risk by stabilizing these factors. In the container villa rental industry, risks include price, operational, and environmental competition, thus the need for risk management to identify and mitigate potential impacts.","https://jurnalsyntaxadmiration.com/index.php/jurnal/article/download/702/1101",""
0,"V. V. Alakoz","Private ownership of land and rental agricultural land use",2023,"Zemleustrojstvo, kadastr i monitoring zemel' (Land management, cadastre and land monitoring)","PANORAMA Publishing House","https://doi.org/10.33920/sel-04-2302-01","",370,"2026-05-27 21:00:15","journal-article","10.33920/sel-04-2302-01","",,,2,69,74,0,0.00,0,1,3,"The article discusses issues of private property and rent of agricultural land use. Land policy in the field of agricultural land use in the post-reform period of the transition from the state and collective ownership of land to more individualized and sensitive structure of land ownership is not realized, the state ""did not leave the land"" and continues to rent unjustifiably large areas of productive agricultural land for short-term period of 3-5 years, provoking their depleting use, vicious practice of unwise consumption, encourages the excessive concentration of agricultural land for individuals to displace small and medium-sized agricultural business from agricultural production. It also attracts land speculators buying up agricultural land and creating the deficit in abundance; they are re-lease lands at a ten-fold rental payment, appropriating land rent owned by municipalities (rent in the regions of the Central Black Earth Economic Region exceeds the land tax calculated at an unreasonably underestimated tax rate of 0.3% by 60 times). The present-time land policy should focus on existing problems to ensure free access to land, protect the rights of land ownership, develop the land market, ensure environmental sustainability, and combat poverty. It is important to determine the current range of issues with which land policy must deal, highlight priority areas for improving it and organize the relevant activities of the state in the field of regulation of land relations.","",""
0,"Romy, Yunieta A. Nainggolan","Revenue Acceleration by Temporary Rental Pump Option in Plato Platform: Case Study in PT. Prominent Petro",2023,"European Journal of Business and Management Research","European Open Science Publishing","https://doi.org/10.24018/ejbmr.2023.8.3.1967","",380,"2026-05-27 21:00:15","journal-article","10.24018/ejbmr.2023.8.3.1967","2507-1076",,8,3,136,146,0,0.00,0,2,3,"This article explores the financial analysis and risk assessment of a company called PT. Prominent Petro, which is considering accelerating production in one of its production facilities, Plato Platform, by installing a temporary rental pump while waiting for the completion of a new permanent pump installation. The financial analysis used Capital Budgeting Technique with Discounted Cash Flow method. The risk analysis was performed by using Sensitivity Analysis and Monte Carlo analysis covering two timeframe scenarios of permanent pump installation, On Time Scenario and Delay Scenario. In On-Time Scenario, the results of the analysis showed that the temporary rental pump option would provide higher financial returns to the company, with an estimated NPV of 6.998 million USD, 7.7% higher than the baseline (no rental) option. Sensitivity analysis revealed that the most significant factor affecting the company's financial return was the realization of gas production. Monte Carlo analysis demonstrated that both Rental and No Rental investment proposals were low-risk and robust, with the rental option having higher risk and return. In Delay Scenario, without temporary rental pump, project financial return will decrease from 6.496 million USD to 5.907 million USD, with the discounted payback period delayed from 1.17 years to 1.80 years. However, the utilization of temporary rental pump option either for six- or twelve-months duration will improve the financial return to 6.4 million USD, similar with financial return of baseline option without delay. Furthermore, a decision tree analysis was developed to estimate the expected monetary value for the company. The analysis concluded that the rental pump option provided a better financial return, with an expected monetary value of $6.484 Million. Overall, the findings suggest that the temporary rental pump option give better financial result for the company.","https://www.ejbmr.org/index.php/ejbmr/article/download/1967/1145",""
1,"Ahmed Ibrahem Sanna","THE ROLE OF THE RENTAL DISPUTE CENTER ON THE RENTAL SECTOR IN DUBAI AN ANALYTICAL OVERVIEW",2023,"South Asian Journal of Social Sciences and Humanities","ACS Publisher","https://doi.org/10.48165/sajssh.2023.4301","",398,"2026-05-27 21:00:15","journal-article","10.48165/sajssh.2023.4301","2582-7065",,4,3,1,13,1,0.33,1,1,3,"The rental sector in the UAE represents about half of the real estate sector, as it is one of the basics on which the economy is based and one of the essential basic pillars in the economic sector. Due to that, the local legislator intervened in the Emirate of Dubai to achieve transparency in this sector and protect dealers’ rights. Therefore, the government established a Rental Dispute Center Dubai (RDCA) to resolve rental disputes arising between the parties from the rental contract. In this regard, the article examines the extent of the contribution of the RDCA to the development of the real estate sector and the provision of a safe and stable environment for investors on the one hand and for the parties to the rental relationship on the other. The article adopted the social legal research methodology. The data were examined using an analytical and critical approach. It found that the RDCA has been demonstrated to effectively accomplish simplicity, expediency, and efficiency in resolving rental disputes, thereby distinguishing itself from the judicial system. It also has significantly contributed to safeguarding the rights of all involved parties within the rental relationship, thereby augmenting the growth and advancement of the real estate sector. However, the article recommends that certain legal provisions that appear to contradict the principle of judicial independence be revised in order to fully realise the goals for which the RDCA was established.  ","https://acspublisher.com/journals/index.php/sajssh/article/download/6356/6850",""
0,"Wolfgang Karl Härdle","Predictive Analysis of Rental Prices",2023,"","Bucharest University of Economic Studies","https://doi.org/10.24818/ida-cl/2023.192","",400,"2026-05-27 21:00:15","posted-content","10.24818/ida-cl/2023.192","",,,,,,0,0.00,0,1,3,"","",""
0,"Wan Fariza Wan Abdul Rahman, Nur Izzan Nadia Binti Mohd Rusli","Development of a Web-based Car Rental Business Management System",2023,"Journal of Mathematics and Computing Science","UiTM Press, Universiti Teknologi MARA","https://doi.org/10.24191/jmcs.v9i2.513","",405,"2026-05-27 21:00:15","journal-article","10.24191/jmcs.v9i2.513","0128-0767",,9,2,101,108,0,0.00,0,2,3,"   A car rental service is essential, especially in areas with less available public transport. For example, out-campus students need transportation to attend classes in campus areas. Even in a tourism area, car rental service is crucial. Despite relying on public transport, tourists can rent a car and enjoy their trips without being tied to the public transport schedule. However, manual car rental booking is risky for car owners and customers. In case of accidents or a car being stolen, it would be difficult for the car owner to track the customers’ data. On the customers’ side, it is crucial to protect their rights by getting the best-expected service from money spent. This includes their preferred choice of car, price, and the car’s condition. In this article, a one-stop center web-based car rental system is proposed to assist car owners in managing their car rental business while providing customers with an easy booking process. ","https://journal.uitm.edu.my/ojs/index.php/JMCS/article/download/513/123",""
3,"Hyungsub Shin, Yongsoon Kim","A Study on the Importance of Demand Estimation Evaluation Factors in the Integrated Public Rental House Using Analytic Hierarchy Process",2023,"Journal of Real Estate Analysis","Korea Appraisal Board","https://doi.org/10.30902/jrea.2023.9.1.101","",413,"2026-05-27 21:00:15","journal-article","10.30902/jrea.2023.9.1.101","2465-9754",,9,1,101,119,3,1.00,2,2,3,"","http://www.ejrea.org/download/download_pdf?doi=10.30902/jrea.2023.9.1.101",""
1,"Syamsuddin Baco, Nurhayati Sutan Noko'e, Sulwan Pusadan, Suarlan Datupalinge, Darwati Darwati","Measuring The Legal Consistency of Special Rental Transport Licensing",2023,"Journal Research of Social Science, Economics, and Management","Publikasi Indonesia","https://doi.org/10.59141/jrssem.v2i08.413","",417,"2026-05-27 21:00:15","journal-article","10.59141/jrssem.v2i08.413","2807-6311",,2,8,,,1,0.33,0,5,3,"Special Rental Transport Arrangements, as one type of transportation of people with public motor vehicles on the road, are a response to the use of information technology as a medium of liaison between transporters and prospective passengers of public motor vehicles. But the arrangement does not place ASK complementary to other types of public transport services. The results showed that there was a different permit treatment between special rental transportation and transportation of people with public motorized vehicles not on other routes. The difference makes it easier for special rental transportation, compared to other types of transportation services. The difference is, first, the requirements for obtaining a license for a special rental transportation operator company, second, the condition that the vehicle must have proof of passing periodic tests, and third, the driver must have a General Driver's License. The norm of PM 118 of 2018 which provides the convenience (privilege) of licensing, is contrary to the norms of UULLAJ, PP Number 74 of 2014, and PM Number 117 of 2018. So that in fact, the norms of PM 118 of 2018 are void and non-binding because they conflict with legal norms that have a higher position, namely the norms of UULLAJ and PP Number 74 of 2014.","https://jrssem.publikasiindonesia.id/index.php/jrssem/article/download/413/1105",""
0,"Calandra Alencia Haryani, Bryan Liming, Andree E. Widjaja, Hery","Development of Case Base Reasoning Recommendation and Sound and Lighting Rental System",2023,"2023 11th International Conference on Cyber and IT Service Management (CITSM)","IEEE","https://doi.org/10.1109/citsm60085.2023.10455388","",420,"2026-05-27 21:00:15","proceedings-article","10.1109/citsm60085.2023.10455388","",,,,1,5,0,0.00,0,4,3,"","http://xplorestaging.ieee.org/ielx7/10455092/10455104/10455388.pdf?arnumber=10455388",""
0,"Mohseen Sattar Chawhan, Prathmesh Yashwantrao Mehar, Bhakti Nandkishor Mesekar, Prathamesh Sanjay Pattiwar, Prof T. P. Raju","Car Rental Management System",2023,"International Journal of Advanced Research in Science, Communication and Technology","Naksh Solutions","https://doi.org/10.48175/ijarsct-14292","",425,"2026-05-27 21:00:15","journal-article","10.48175/ijarsct-14292","2581-9429",,,,688,690,0,0.00,0,5,3,"A car rental or car hire agency is a company that rents automobiles for short Period of time for a fee whether in a few hours or a few days or week. It is an elaborate form of a rental shop, which have number of cars for rent purpose. user can select car and book for rent. We have developed this project to book a car on rent at the fare charges. In present system all booking work done manually and it takes very hard work to maintain the information of booking and cars. If you want to find which vehicle is available for booking then it takes a lot of time. It only makes the process more difficult and harder. The aim of the project is to automate the work performed in the car rental management system like generating daily bookings, records of car or cab available for booking, record of routes available, rental charges for cars for every route, store record of the customer","",""
0,"","Dataware house - US Healthcare Provider Data Management",2023,"International Journal of Intelligent Systems and Applications in Engineering","Auricle Technologies, Pvt., Ltd.","https://doi.org/10.17762/ijisae.v11i6s.7669","",447,"2026-05-27 21:00:15","journal-article","10.17762/ijisae.v11i6s.7669","",,,,,,0,0.00,0,0,3,"","",""
0,"Zulfikar Hasan, Khozinatul Asrori","Execution of Ijarah Contracts in Rental Houses According to an Islamic Economic Perspective: Case Study of Rental Houses in Bengkalis City",2023,"West Science Islamic Studies","PT. Sanskara Karya Internasional","https://doi.org/10.58812/wsiss.v1i01.257","",448,"2026-05-27 21:00:15","journal-article","10.58812/wsiss.v1i01.257","3026-5606",,1,1,102,110,0,0.00,0,2,3,"The implementation of Ijarah Rental Contracts at Hendrawan's Boys/Girls Boarding House in Islamic Economics is the primary focus of this study. The purpose of this study was to ascertain how the rental of boarding houses would be implemented in Sengoro Village, Bengkalis District. Additionally, determine whether the ijarah contract's execution is hindered. The methodology of this study is qualitative. Qualitative research is the term for this kind of study. Field conditions and descriptions serve as the basis for this type of research, which aims to develop concepts, understandings, and theories. A study that aims to accurately describe the nature of an individual, condition, symptom, or particular group as it is is known as descriptive analysis. An interview or interview is the method used to collect data. An interview is a kind of conversation that uses verbal communication to get information and written documentation. The rent agreement for renting Hendrawan's son and daughter's boarding house is carried out verbally as a result of this research. The rental contract system can be transferred as long as the owner of the boarding house has given prior approval, proof of payment is only recorded via WhatsApp, and the tenant is entirely responsible for the provided boarding facilities. The study came to the conclusion that the rental house's ijarah contract was carried out in accordance with Islamic law. However, the boarding house owner's income decreased as a result of the Covid-19 pandemic's obstacles.","https://wsj.westscience-press.com/index.php/wsiss/article/download/257/352",""
0,"","Environmental Rehabilitation in Waste Management Disposable House-hold Medical Mask",2023,"Nusantara Science and Technology Proceedings","Galaxy Science","https://doi.org/10.11594/nstp.2023.3322","",452,"2026-05-27 21:00:15","proceedings-article","10.11594/nstp.2023.3322","",,,,,,0,0.00,0,0,3,"","https://nstproceeding.com/index.php/nuscientech/article/view/928/882",""
0,"Wenda Li","Regression Models for Bike Rental Prediction Based on External Factors",2023,"Proceedings of the 1st International Conference on Data Analysis and Machine Learning","SCITEPRESS - Science and Technology Publications","https://doi.org/10.5220/0012801900003885","",459,"2026-05-27 21:00:15","proceedings-article","10.5220/0012801900003885","",,,,35,41,0,0.00,0,1,3,"","",""
0,"Mark G. Roberts, Jake Wegmann","ESG Investing: Moderate-Income Rental Housing as a Viable Real Estate Asset Class",2023,"The Journal of Portfolio Management","With Intelligence LLC","https://doi.org/10.3905/jpm.2023.1.530","",461,"2026-05-27 21:00:15","journal-article","10.3905/jpm.2023.1.530","0095-4918",,49,10,103,118,0,0.00,0,2,3,"","https://syndication.highwire.org/content/doi/10.3905/jpm.2023.1.530",""
7,"Ibrahim Rotimi Aliu","Urban property markets and security risk: explaining how neighborhood security shapes housing rental prices in Ojo Lagos, Nigeria",2023,"Property Management","Emerald","https://doi.org/10.1108/pm-09-2022-0070","",465,"2026-05-27 21:00:15","journal-article","10.1108/pm-09-2022-0070","0263-7472",,41,3,404,430,7,2.33,7,1,3,"Purpose: While the declining rate of urban security and its potential effects have been globally acknowledged, the ways urban neighborhood security shapes real estate markets in African cities remain largely unexplained. The purpose of this paper therefore is to present the findings from a study of the nexus between urban neighborhood security and home rental prices in Lagos, Nigeria. Design/methodology/approach: This paper is based on the hedonic price theory, an objectively derived urban neighborhood security index (UNSI) and property rental price data in Ojo, Lagos, Nigeria. This is a quantitative cross-sectional study that employs multistage sampling survey procedure. Data are analyzed using descriptive statistics, nonparametric correlation and hedonic price function with ordinary least squares (OLS). Findings: Results show that nearly 50% of the study area is prone to insecurity and average rental values in Ojo, Lagos range from N151329.41 ($302.66) to N167333.33 ($334.67) per annum. Correlation analysis shows that home rental prices have high, positive and significant correlations (rs = 0.725 and Practical implications: Urban neighborhood security risk threatens residential property values, creates unintended residential mobility and destabilizes families. Findings from this study point to the facts that security is a key component of urban housing values and developers, and real estate investors must ensure that this component is well factored into property design, construction and valuation. Originality/value: This is perhaps the first study that uses an objectively derived UNSI to study home rental price dynamics in Nigeria. The study extends knowledge on urban housing price determinants and contributes to literature on the crucial place of security in property management.","https://www.emerald.com/insight/content/doi/10.1108/PM-09-2022-0070/full/html",""
1,"Maria Hełdak, Ewelina Pieszko, Lesia Kucher","Apartment Rental Market in Rzeszów and Lublin at the Turn of 2021-2022",2023,"Real Estate Management and Valuation","Walter de Gruyter GmbH","https://doi.org/10.2478/remav-2023-0029","",472,"2026-05-27 21:00:15","journal-article","10.2478/remav-2023-0029","2300-5289",,31,4,45,56,1,0.33,0,3,3,"Abstract: The paper presents the impact of market characteristics on the rental rate of apartments and compares the levels of the offered rental rate in two selected cities: Rzeszów and Lublin. The analyses were conducted before and during Russia's aggression against Ukraine, based on residential rental offers. Data on the offer of residential premises for rent, posted on online portals in the period from November 2021, to April 2022, was used. The analyses showed an increase in rental prices in March 2022, mainly in Rzeszów, and similar correlations of the impact of characteristics on the market rental rate in both cities in relation to the area of the unit, the number of rooms, the location on the floor, the condition of the flat and the age of the building.","https://reference-global.com/pdf/10.2478/remav-2023-0029",""
8,"Pieter-Paul Verhaeghe, Billie Martiniello, Marek Endrich, Lisa Van Landschoot","Ethnic discrimination on the shared short-term rental market of Airbnb: evidence from a correspondence study in Belgium",2023,"International Journal of Hospitality Management","Elsevier BV","https://doi.org/10.1016/j.ijhm.2022.103423","",474,"2026-05-27 21:00:15","journal-article","10.1016/j.ijhm.2022.103423","0278-4319",,109,,103423,103423,8,2.67,2,4,3,"","https://api.elsevier.com/content/article/PII:S0278431922002894",""
0,"Bingxue Song","Analysis of Operation Mode of Government-subsidized Rental Housing-The example of Company A in the Lin’gang New Area",2023,"Frontiers in Business, Economics and Management","Darcy & Roy Press Co. Ltd.","https://doi.org/10.54097/fbem.v8i2.6369","",479,"2026-05-27 21:00:15","journal-article","10.54097/fbem.v8i2.6369","3080-1753",,8,2,18,24,0,0.00,0,1,3,"At the end of 2015, after the State first proposed ""both housing purchase and renting"" at the Central Economic Work Conference, the construction of the rental housing system has continued to improve. At the end of 2015, after the country first proposed "" both housing purchase and renting"" in the Central Economic Work Conference, the construction of the government-subsidized rental housing system has been continuously improved, and in 2021, under the background of the successive implementation of supportive policies for government-subsidized rental housing and the continuous regulation of the market industry, government-subsidized rental housing operating enterprises have evolved from a single operating mode to Open composite model. This paper takes the experience of Company A in the Lin’gang New Area in the process of operating government-subsidized rental housing as an example to provide reference for enterprises involved in the construction and operation of government-subsidized rental housing. This will help younger and citizens better lived and resided.","https://drpress.org/ojs/index.php/fbem/article/download/6369/6165",""
3,"Kenechi Peter Ifeanacho, Idu Robert Egbenta","Application of income capitalization approach for emerging rental income cash flow in Enugu metropolis property market",2023,"Property Management","Emerald","https://doi.org/10.1108/pm-05-2022-0037","",485,"2026-05-27 21:00:15","journal-article","10.1108/pm-05-2022-0037","0263-7472",,41,3,454,471,3,1.00,2,2,3,"Purpose: The purpose of this research is to ascertain the extent to which the income capitalization approach reflects the pattern of emerging rental income in Enugu property market. Design/methodology/approach: The survey research design was used in this study. Data from the field was gathered through a data collection pro forma administered to 40 valuers in Enugu metropolis in the manner of conducting interviews. This study used key valuation details of 54 sampled income generating properties valued by the respondent valuers between 2015 and 2022 using the income capitalization approach. The same sampled properties were then revalued by the researchers using annuity due assumption/formulas of the income capitalization approach. Descriptive and inferential statistics were used to analyze the data. Findings: The study revealed that the income capitalization approach used by most valuers in Enugu does not reflect the property rental income pattern prevailing in Enugu property market where rents are paid in advance. The study further shows that the application of the income capitalization approach for valuation of annually in-advance property rental income cash flow results in a higher capital value of 3.49% in Enugu property market. Research limitations/implications: The limitations to this study are that past valuation done by valuers were used in the analysis instead of actual property sales and a relatively small number of sampled valuers and properties are used in the study The implication of the study is that ordinary annuity assumptions or formulas is inaccurate and not suitable for valuation of income generating property in an emerging market like Nigerian where timing of cash flow is annually in advance. Based on the result of this study it seems that ordinary annuity approach negate the principle of estimating value using income capitalization method by converting future cash flow from income generating property into an estimate of property value. Practical implications: The study advocates the adoption of the use of annuity due formulas in the valuation of income generating properties in Nigeria as its practice standard to avoid undervaluation as this assumption is logical and provides more accurate value due to prevailing lease structure and rent payments patterns in the country. The implication of the study is that the use of ordinary annuity assumptions or formulas is inaccurate and not suitable for the valuation of income generating property in an emerging market like Nigerian where timing of cash flow is annually in advance. Originality/value: This is one of the very few empirical studies carried out in Nigeria to ascertain the extent to which the income capitalization approach used by valuers reflects the rental income pattern that prevails in the Nigeria property market.","https://www.emerald.com/insight/content/doi/10.1108/PM-05-2022-0037/full/html",""
0,"Yoga Faruncha, Uswatun Hasanah, Sherly Nelsa Fitri, Desy Maryani","Implementation Of Heavy Equipment Rental Agreements Between The Renter And CV. Yoga Rental In Bengkulu City",2023,"JURNAL HUKUM SEHASEN","Unived Press","https://doi.org/10.37676/jhs.v9i2.4927","",486,"2026-05-27 21:00:15","journal-article","10.37676/jhs.v9i2.4927","2746-6485",,9,2,,,0,0.00,0,4,3,"CV. Yoga Rental in Bengkulu City is one of the CVs engaged in heavy equipment rental. Often there are problems in the lease agreement between tenants and CV. Yoga Rental In Bengkulu City. One of them is the late payment by the lessee. The problem to be discussed in this study is whether the implementation of the heavy equipment rental agreement between the lessee and CV. Yoga Rental in Bengkulu City is in accordance with the Civil Code and is the settlement of default on the heavy equipment rental agreement between the tenant and CV. Yoga Rental in Bengkulu City is in accordance with the Civil Code. In this study the authors use the type of empirical legal research. The sample in this research is 1 (one) owner of CV. Yoga Rental In Bengkulu City, 3 (three) employees of CV. Yoga Rental in Bengkulu City and 3 (three) heavy equipment renters at CV. Yoga Rental In Bengkulu City. To answer the formulation of the problem, it can be concluded that: 1. That the implementation of the heavy equipment rental agreement between the tenant and CV. Yoga Rental in Bengkulu City has been carried out in accordance with the applicable provisions where the agreement uses a written rental agreement because it provides certainty about the rights and obligations of the parties who make it. Settlement of the occurrence of Default in the implementation of the heavy equipment rental agreement at CV. Yoga Rental is based on what was conveyed by the owner of CV. Yoga Rental, namely tenants who delay paying rent will result in the withdrawal of heavy equipment, but all problems will still be discussed in deliberation to get the best solution","https://jurnal.unived.ac.id/index.php/jhs/article/download/4927/3620",""
0,"Jin-Hyeong Seo, Jae-Koo Park","A study on the Differentiation in Housing Satisfaction with Respect to Social Housing Welfare Factors of Residents of Permanent Rental Housing and National Rental Housing - Focusing on Residents of Misa13 Complex in Hanam City -",2023,"Journal of the Korea Real Estate Management Review","Korea Real Estate Management Academy","https://doi.org/10.37642/jkremr.2023.28.3","",500,"2026-05-27 21:00:15","journal-article","10.37642/jkremr.2023.28.3","2288-7393",,28,,47,76,0,0.00,0,2,3,"","",""
0,"Mardhiyah Dwi Ilhami, Yusan Feri","The Effect of Price and Location on Boarding Room Rental Decisions (Case Study on Students Who Rent Boarding Rooms In Adam Malik Km. 9)",2023,"Journal of Indonesian Management","Indonesian Journal Publisher","https://doi.org/10.53697/jim.v3i2.1299","",536,"2026-05-27 21:00:15","journal-article","10.53697/jim.v3i2.1299","2807-212X",,3,2,,,0,0.00,0,2,3,"The purpose of this study was to determine the effect of price on the decision to choose to rent a boarding room in the Adam Malik area km.9, to determine the effect of location on the decision to choose to rent a boarding room in the Adam Malik area km.9 and to determine the effect of price and location on the decision to choose a rental. boarding house in the adam malik area km.9. This research is a type of quantitative research. Data collection techniques using a questionnaire. Data analysis techniques used descriptive analysis, multiple regression analysis, coefficient of determination (R2) and hypothesis testing. Based on the results of the study it can be concluded that: Price (X1) has a positive and significant effect on rental decisions (Y) in boarding rooms in the Adam Malik Km area. 9. Location (X2) influences the decision to rent (Y) in boarding rooms in the Adam Malik Km area. 9. Price (X1) and location (X2) affect the decision to rent (Y) in boarding rooms in the Adam Malik Km area. 9.","https://penerbitadm.pubmedia.id/index.php/JIM/article/download/1299/1717",""
0,"Goran Kos","Car Rental – Tourism",2023,"Encyclopedia of Tourism","Springer International Publishing","https://doi.org/10.1007/978-3-319-01669-6_825-1","",542,"2026-05-27 21:00:15","book-chapter","10.1007/978-3-319-01669-6_825-1","",,,,1,2,0,0.00,0,1,3,"","https://link.springer.com/content/pdf/10.1007/978-3-319-01669-6_825-1",""
0,"T. Laine Scales","Settlement house",2023,"Elgar Encyclopedia of Nonprofit Management, Leadership and Governance","Edward Elgar Publishing","https://doi.org/10.4337/9781800880092.ch162","",546,"2026-05-27 21:00:15","book-chapter","10.4337/9781800880092.ch162","",,,,520,522,0,0.00,0,1,3,"","https://www.elgaronline.com/view/book/9781800880092/9781800880092.xml",""
0,"Jimadin Hasan, Ellys Rachman, Lisda Van Gobel","Financial Management Accountability the Secretariat of the Regional House of Representatives Boalemo Regency",2023,"International Journal of Research Publication and Reviews","Genesis Global Publication","https://doi.org/10.55248/gengpi.4.1123.113022","",577,"2026-05-27 21:00:15","journal-article","10.55248/gengpi.4.1123.113022","2582-7421",,4,11,1060,1065,0,0.00,0,3,3,"","",""
52,"Jacqueline Doyle, Felicity Kelliher","Bringing the past to life: Co-creating tourism experiences in historic house tourist attractions",2023,"Tourism Management","Elsevier BV","https://doi.org/10.1016/j.tourman.2022.104656","",582,"2026-05-27 21:00:15","journal-article","10.1016/j.tourman.2022.104656","0261-5177",,94,,104656,104656,52,17.33,26,2,3,"","https://api.elsevier.com/content/article/PII:S0261517722001698",""
0,"V.A. Kalugin","A house with a mind: the past, present and future of smart home technology",2023,"Upravlenie kachestvom (Quality management)","PANORAMA Publishing House","https://doi.org/10.33920/pro-01-2304-06","",584,"2026-05-27 21:00:15","journal-article","10.33920/pro-01-2304-06","",,,4,36,39,0,0.00,0,1,3,"Smart home technologies are becoming more and more accessible to a wide number of consumers and are becoming the norm of comfortable housing. Modern smart homes allow you to control various functions and devices using a smartphone, tablet, remote control or voice assistant, for example. Each system is configured individually for the needs of the owner. In addition to the fact that such systems improve the lives of owners, they increase the level of security, reduce bills, reduce electricity and heating costs, free up time for caring for loved ones, recreation, sports and work.","",""
0,"JAYEETA DAS","TURNAROUND TIME OF IN-HOUSE HEALTH REIMBURSEMENT CLAIMS",2023,"HEALTHCARE ISSUES: THROUGH THE LENS OF HEALTH MANAGEMENT","KAAV PUBLICATIONS","https://doi.org/10.52458/9788196897413.2023.eb.ch-12","",589,"2026-05-27 21:00:15","book-chapter","10.52458/9788196897413.2023.eb.ch-12","",,,,,,0,0.00,0,1,3,"JAYEETA DAS, Dr. GOUTAM SADHU","",""
0,"Cameron Murray","Submission to “The worsening rental crisis in Australia” Senate Inquiry",2023,"","Center for Open Science","https://doi.org/10.31219/osf.io/6mctg","",593,"2026-05-27 21:00:15","posted-content","10.31219/osf.io/6mctg","",,,,,,0,0.00,0,1,3,"<p>•After eight years of rents rising slower than other consumer prices, rents have now begun rising more quickly. •If this is a rental crisis today, then almost every year for the past two centuries has been a rental crisis. •The rental price adjustments being observed in Australia and globally in 2022 and 2023 reflect the normal operation of housing markets. •Cheaper housing is usually achieved by public provision of subsidised rental or ownership options, as it was historically in Australia, and is today in many places.•Outside of these effective options, outcomes in private rental markets can be marginally improved by smoothing out sudden changes in rents. •This can be done by regulating how quickly rents can be increased in a period, usually at a rate linked to a local price index, such as CPI inflation plus 3% points.•To avoid tenants being evicted in order to raise rents above this limit, protections can be enacted to enable tenants to stay, even at the end of a fixed-term lease, by limiting evictions to only being allowed for three reasons:1. The landlord selling2. The landlord moving into the home3. Major renovations being undertaken.•Claims that supply will fix rents, or stories about landlords selling if rents are regulated in any way, should be ignored. These stories are told by groups whose financial interests align with higher rents, not lower rents.</p>","",""
52,"Jacqueline Doyle, Felicity Kelliher","Bringing the past to life: Co-creating tourism experiences in historic house tourist attractions",2023,"Tourism Management","Elsevier BV","https://doi.org/10.1016/j.tourman.2022.104656","",601,"2026-05-27 21:00:15","journal-article","10.1016/j.tourman.2022.104656","0261-5177",,94,,104656,104656,52,17.33,26,2,3,"","https://api.elsevier.com/content/article/PII:S0261517722001698",""
2,"Jia Guo","Feature Selection in House Price Prediction",2023,"Highlights in Business, Economics and Management","Darcy & Roy Press Co. Ltd.","https://doi.org/10.54097/hbem.v21i.14755","",612,"2026-05-27 21:00:15","journal-article","10.54097/hbem.v21i.14755","2957-952X",,21,,746,752,2,0.67,2,1,3,"This study aims to construct a model to choose effective features and use them to predict the market price of an exact house, which can help people with house pricing and property evaluating. This paper preliminarily constructs several machine learning models like Linear Regression, SVM, KNN and compares their accuracy on this problem to choose the best-fit one for improving. After using parameter tuning to optimize this model, this study tries to use and recursive feature elimination and genetic algorithm to select features to improve simple SVM model. After feature selection, this study re-evaluated the accuracy of the model and compared which features had a greater impact on the predictions. After comparison, this study found that in this particular case, features have closer connections with living condition, traffic condition and sale condition will have a huge impact on the house price.","https://drpress.org/ojs/index.php/HBEM/article/download/14755/14302",""
0,"Mingzhe Yin","Model For Predicting London House Prices",2023,"Highlights in Business, Economics and Management","Darcy & Roy Press Co. Ltd.","https://doi.org/10.54097/hbem.v5i.5039","",614,"2026-05-27 21:00:15","journal-article","10.54097/hbem.v5i.5039","2957-952X",,5,,124,133,0,0.00,0,1,3,"With the growth of population, housing prices have become one of the important indicators to reflect the economic performance. Forecasting prices around the world will be part of social and economic development. Through the analysis of various factors affecting the market housing price, it is helpful to make a more accurate assessment of the future housing price trend. In a broad sense, accurate housing price forecast is helpful to the country's macro-control of the market housing price trend, and the prediction of future housing price is part of the strategic planning of enterprises. For consumers, the housing price forecast has a positive effect on the rational planning of individual economy. Since house prices are related to many factors, and there is a linear relationship between house prices and some factors that affect house prices, there are many linear graphs to study this problem. The research direction of this paper is to obtain data from Kaggle and conduct exploratory analysis on these data sets. The main method used in this article is linear regression, and no other forecasting methods will be added. What this work needs to do is use the right machine learning methods to predict home values to create a complex property model under generally stable conditions, which is this work aims to do in this study. Through many data sets show that the multiple linear regression model does achieve a relatively excellent housing price prediction effect.","https://drpress.org/ojs/index.php/HBEM/article/download/5039/4882",""
0,"HyunChul Kim, Hocheol Kim","Analysis of Development Surplus Determinants of Rental Housing Converted to Sale Using the Appraisal Data",2023,"Journal of the Korean Urban Management Association","Korean Urban Management Association","https://doi.org/10.36700/kruma.2023.9.36.3.89","",615,"2026-05-27 21:00:15","journal-article","10.36700/kruma.2023.9.36.3.89","1598-8686",,36,3,89,108,0,0.00,0,2,3,"","",""
1,"Nizam Haqqizar, Tri Wahyu Widyaningsih, Meta Amalya Dewi","Agile Scrum Model for Development of e-Customer Relationship Management to Support Warehouse Rental Services",2023,"Jurnal SISKOM-KB (Sistem Komputer dan Kecerdasan Buatan)","Tanri Abeng University","https://doi.org/10.47970/siskom-kb.v6i2.374","",617,"2026-05-27 21:00:15","journal-article","10.47970/siskom-kb.v6i2.374","2621-2927",,6,2,118,124,1,0.33,0,3,3,"Abstract— Penggunaan Customer Relationship Management (CRM) sebagai strategi peningkatan layanan, khususnya bagi perusahaan logistik yang berorien-tasi pada pelanggan untuk memberikan kemudahan kepada tim penjualan dalam mengelola data klien dan aktivitas tim penjualan, karena saat ini tidak ada catatan detail klien dan aktivitas penjualan tim, ditambah in-formasi sarana dan prasarana unit yang terbatas sehingga menyulitkan tim penjualan dalam menawarkan produk. Makalah ini disajikan sebagai analisis kebutuhan pengembangan CRM berbasis web dengan menggunakan pendekatan Scrum. Scum dipilih karena mudah beradap-tasi dengan perubahan. Pembangunan aplikasi ini menggunakan bahasa pemrograman PHP, framework YII 1.1, JavaScript, HTML, CSS, dan MySQL sebagai database, template bootstrap digunakan untuk memper-cantik tampilan. Hasil perancangan ZEUS CRM ini dapat memberikan layanan sewa gudang yang mudah kepada klien.","https://jurnal.tau.ac.id/index.php/siskom-kb/article/download/374/298",""
0,"","Prelims",2023,"Green House Gas Emissions Reporting and Management in Global Top Emitting Countries and Companies","Emerald Publishing Limited","https://doi.org/10.1108/s1479-359820230000011009","",623,"2026-05-27 21:00:15","other","10.1108/s1479-359820230000011009","",,,,,,0,0.00,0,0,3,"","https://www.emerald.com/insight/content/doi/10.1108/S1479-359820230000011009/full/xml",""
0,"Julien Pascal","Rental Housing Market and Directed Search",2023,"SSRN Electronic Journal","Elsevier BV","https://doi.org/10.2139/ssrn.4605026","",625,"2026-05-27 21:00:15","journal-article","10.2139/ssrn.4605026","1556-5068",,,,,,0,0.00,0,1,3,"","",""
0,"","Index",2023,"Green House Gas Emissions Reporting and Management in Global Top Emitting Countries and Companies","Emerald Publishing Limited","https://doi.org/10.1108/s1479-359820230000011008","",636,"2026-05-27 21:00:15","book-chapter","10.1108/s1479-359820230000011008","",,,,159,164,0,0.00,0,0,3,"","https://www.emerald.com/books/edited-volume/chapter-pdf/9083946/s1479-359820230000011008.pdf",""
0,"","Role of Rental Car Market in India: An Empirical Analysis",2023,"PsychologyandEducation","Institute for Advanced Studies","https://doi.org/10.48047/pne.2018.55.1.86","",644,"2026-05-27 21:00:15","journal-article","10.48047/pne.2018.55.1.86","",,55,1,,,0,0.00,0,0,3,"","",""
0,"Wendy Nikel","Welcome to your post-apocalyptic bunker rental!",2023,"Nature","Springer Science and Business Media LLC","https://doi.org/10.1038/d41586-023-03891-w","",645,"2026-05-27 21:00:15","journal-article","10.1038/d41586-023-03891-w","0028-0836",,,,,,0,0.00,0,1,3,"","https://www.nature.com/articles/d41586-023-03891-w.pdf",""
4,"Hugues Annicet N’Da, Charles Konan Kouakou, Achi Laurent N’Cho","Gestion post-récolte du maïs (Zea mays L.) au Nord de la Côte d’Ivoire : pratique paysanne et typologie des systèmes de stockage",2023,"International Journal of Biological and Chemical Sciences","African Journals Online (AJOL)","https://doi.org/10.4314/ijbcs.v16i6.16","",648,"2026-05-27 21:00:15","journal-article","10.4314/ijbcs.v16i6.16","1997-342X",,16,6,2658,2672,4,1.33,1,3,3,"Le système alimentaire du Nord de la Côte d’Ivoire est basé sur les céréales principalement le maïs. Malgré son intérêt et ses avantages dans l’alimentation des populations ivoiriennes, cette céréale souffre encore de plusieurs problèmes majeurs parmi lesquels le stockage et la conservation post-récolte. La présente étude avait pour objectif de faire un inventaire des systèmes de stockage traditionnel, des techniques de protection et des déprédateurs (insectes, maladies) inféodés aux stocks du maïs. Pour ce faire, une enquête auprès des producteurs a été réalisée dans la zone agro écologique Nord de la Côte d’Ivoire, principale zone de production du maïs en Côte d’Ivoire. Cette enquête a été suivie d’un prélèvement d’échantillons dans les stocks pour identifier les différents insectes déprédateurs. Les résultats ont montré que le grenier est la principale structure de stockage utilisée par la majorité des producteurs enquêtés (68,6%). La lutte chimique a été la méthode de protection la plus utilisée pour sauvegarder les stocks de maïs (41,2%). Par ailleurs, l’analyse des échantillons prélevés a permis d’identifier dix espèces, trois ordres et sept familles d’insectes ravageurs. Le charançon, Sitophilus zea mays a été le ravageur le plus abondamment trouvé dans les stocks de maïs et a été à l’origine des dégâts les plus importants. Les moisissures des grains ont constitué les principales maladies des stocks inventoriées. La connaissance des stratégies de conservation post-récolte en milieu rural et les contraintes liées au stockage est une première étape essentielle pour l’optimisation des conditions de stockage et le contrôle de l’attaque par les déprédateurs. The food system in northern Côte d'Ivoire is based on cereals, mainly maize. Despite its interest and advantages in the diet of the Ivorian population, this cereal still suffers from several major problems, including storage and post-harvest conservation. The objective of this study was to make an inventory of traditional storage systems, protection techniques and pests (insects, diseases) affecting maize stocks. To this end, a survey of producers was conducted in the northern agro-ecological zone of Côte d'Ivoire, the main maize production zone in Côte d'Ivoire. This survey was followed by a sampling of the stocks to identify the different insect pests. The results showed that the granary is the main storage structure used by the majority of the producers surveyed (68.6%). Chemical control was the most used protection method to safeguard maize stocks (41.2%). In addition, the analysis of the samples collected identified ten species, three orders and seven families of insect pests. The weevil, Sitophilus zea mays was the most abundant pest found in maize stocks and caused the most damage. Grain molds were the major diseases of inventoried stocks. The knowledge of post-harvest conservation strategies in rural areas and the constraints related to storage is an essential first step for the optimization of storage conditions and the control of attack by pests.  ","https://www.ajol.info/index.php/ijbcs/article/download/243125/229951",""
12,"Heeju Noe, Jonghan Hyun","Why do and why don't consumers use fashion rental services? A consumption value perspective",2023,"Journal of Fashion Marketing and Management: An International Journal","Emerald","https://doi.org/10.1108/jfmm-07-2023-0168","",657,"2026-05-27 21:00:15","journal-article","10.1108/jfmm-07-2023-0168","1361-2026",,28,3,566,580,12,4.00,6,2,3,"Purpose: The study utilized the consumption value theory to explore the motivational factors that define and differentiate the users and nonusers of fashion rental services Design/methodology/approach: A focus group was conducted to generate an initial list of measurement items. These items were refined through a pretest and then used in a self-administered online questionnaire to collect data from a total of 300 users and 300 nonusers. The collected data were analyzed using factor analysis to identify the factors that define users and nonusers. A MANOVA was then conducted to explore the differences in the identified factors between users and nonusers. Findings: Using factor analysis, nine factors were extracted across the five consumption values (functional, social, emotional, conditional and epistemic). MANOVA revealed a significant difference between users and nonusers across all factors. Further analyses suggested that the most differentiating factors are two emotional value factors and one social value factor. Originality: Despite existing studies of fashion rental services, it is debatable whether the phenomenon is fully understood since previous studies primarily focus on consumers who engage in fashion renting services – there is a lack of focus on nonusers. This study provides unique contributions by exploring the phenomenon from both the user's and the nonuser's perspective.","https://www.emerald.com/insight/content/doi/10.1108/JFMM-07-2023-0168/full/html",""
0,"Roy Gundy, Tom House, Wayne Cockerell, Scott Meade","Vulnerability management in manufacturing OT networks—are we playing whack-a-mole?",2023,"","BioPhorum","https://doi.org/10.46220/2023it007","",659,"2026-05-27 21:00:15","report","10.46220/2023it007","",,,,,,0,0.00,0,4,3,"","",""
0,"Roger Staiger","Single-Family Rental (Single Sheet)",2023,"Foundations of Real Estate Financial Modelling","Routledge","https://doi.org/10.1201/9781003378808-7","",662,"2026-05-27 21:00:15","book-chapter","10.1201/9781003378808-7","",,,,173,230,0,0.00,0,1,3,"","",""
0,"Soyeon Park, U-Seok Seo","Artist Housing Support as an Urban Management Strategy: A Case Study on the Expansion of Artist Public Rental Housing in Seoul",2023,"Journal of the Korean Urban Management Association","Korean Urban Management Association","https://doi.org/10.36700/kruma.2023.12.36.4.1","",665,"2026-05-27 21:00:15","journal-article","10.36700/kruma.2023.12.36.4.1","1598-8686",,36,4,1,22,0,0.00,0,2,3,"","",""
2,"Ze Li","Boston House Price Prediction Based on Machine Leaning Methods",2023,"BCP Business &amp; Management","Boya Century Publishing","https://doi.org/10.54691/bcpbm.v38i.4204","",667,"2026-05-27 21:00:15","journal-article","10.54691/bcpbm.v38i.4204","2692-6156",,38,,2883,2887,2,0.67,2,1,3,"A significant part of the U.S. economy is real estate and the housing industry. The level of housing prices influences the market's total price level to some extent. Data from Kaggle website is evaluated by using linear regression, random forest regressor and SVM regressor. There are 505 samples and the relationships between aim price with 13 different features. In terms of accuracy of the prediction, the method random forest is best method to predict house price. However, better model like XGboost could be chosen to improve prediction results.","https://bcpublication.org/index.php/BM/article/download/4204/4095",""
0,"Dolley Srivastava, Richa Sharma","Graph-based technique in rental management system",2023,"Emerging Trends in IoT and Computing Technologies","Routledge","https://doi.org/10.1201/9781003350057-63","",670,"2026-05-27 21:00:15","book-chapter","10.1201/9781003350057-63","",,,,433,436,0,0.00,0,2,3,"","",""
0,"Tharindu Sandaruwan Iddamalgoda Pathiranage","Assessment of Waste Management Related Green House Gas (GHG) Emissions in Textile Sector in Sri Lanka",2023,"","Elsevier BV","https://doi.org/10.2139/ssrn.4542647","",678,"2026-05-27 21:00:15","posted-content","10.2139/ssrn.4542647","",,,,,,0,0.00,0,1,3,"","",""
0,"Xinyu Shi","The Influence of House Prices on Marriage in China",2023,"BCP Business &amp; Management","Boya Century Publishing","https://doi.org/10.54691/bcpbm.v47i.5171","",688,"2026-05-27 21:00:15","journal-article","10.54691/bcpbm.v47i.5171","2692-6156",,47,,70,75,0,0.00,0,1,3,"This Paper studies how house prices influence marriage in China through two perspectives: the age at first marriage and the marriage rate. For the age at first marriage rate, the results indicate that house prices have a significant delay effect on age at first marriage and this effect is also different for males and females, the delay effect will be greater for males. In terms of the marriage rate, house prices have an unexpectedly positive, albeit small, effect on the marriage rate. Examining this effect further by different provinces groups, the house prices have a negative effect on the marriage rate in more developed provinces, while the effect remains positive in developing provinces. Combining these results, this paper clearly shows that house prices are an important factor influencing marriage in China. Hence if the government wants to increase the marriage rate or early marriage age, it would be a good choice to focus on house prices.","https://bcpublication.org/index.php/BM/article/download/5171/5032",""
0,"Saizal Pinjaman, Debbra Toria Nipo, Sarma Aralas","Demystifying the Issue of House Affordability in Malaysia: The Bi-Directional Relationship Between House Prices, Economic Growth, and Income Inequality",2023,"International Journal of Academic Research in Economics and Management Sciences","Human Resources Management Academic Research Society (HRMARS)","https://doi.org/10.6007/ijarems/v12-i2/16383","",701,"2026-05-27 21:00:15","journal-article","10.6007/ijarems/v12-i2/16383","2226-3624",,12,2,,,0,0.00,0,3,3,"","",""
0,"Peter A. Kemp","New trajectories in private rental housing",2023,"Private Renting in the Advanced Economies","Policy Press","https://doi.org/10.1332/policypress/9781447362081.003.0001","",703,"2026-05-27 21:00:15","book-chapter","10.1332/policypress/9781447362081.003.0001","",,,,1,17,0,0.00,0,1,3,"<p>This chapter explores developments in private renting in the advanced economies since the turn of the century. In many advanced economies, the private rental housing sector has either grown, changed in fundamental respects or both. The timing, pace and extent of these developments have varied between countries, but most have experienced some or all of the following: increasing financialisation of rental housing; decline in homeownership and rise in private renting; an increase in landlordism among better-off households and growth in ‘portfolio landlords’; an influx of international property investors; growth of large-scale corporate landlords, including pension funds and residential property companies; emergence of purpose-built student accommodation blocks as a new international investment asset class; the rise of PropTech online letting and management firms; loss of rental homes to the short-stay accommodation market in city centres and tourist localities via online platforms such as Airbnb; and a rental affordability crisis among low and moderate income households. In some jurisdictions, reforms have been implemented to introduce or tighten rent regulation. Taken together, these and related developments reflect profound changes in the ways in which private rental housing is financed, produced, owned, consumed, and perceived in the early 21st century.</p>","",""
0,"Peter A. Kemp","Change and continuity in private rental housing",2023,"Private Renting in the Advanced Economies","Policy Press","https://doi.org/10.1332/policypress/9781447362081.003.0012","",705,"2026-05-27 21:00:15","book-chapter","10.1332/policypress/9781447362081.003.0012","",,,,260,276,0,0.00,0,1,3,"<p>Since the turn of the century, private renting in many advanced economies have been affected by trends and events that have caused transformative change in the nature and role of private rental housing. These trajectories of change have occurred on both the demand and the supply side of the private rental sector; and have been facilitated or affected by the growing financialisation of housing. This recalibration is partial rather than wholesale because much remains unchanged. The chapters in this book underscore the pivotal impact that the global financial crisis (GFC) has had on this recalibration of private renting, either as a catalyst of change or reinforcing changes that began beforehand. The GFC created a ‘critical juncture’ that, to a greater or less extent across the nine countries, helped shift private renting onto a new ‘developmental path’. But the transformation was also the outcome of slow-moving trends that preceded the GFC. The COVID-19 pandemic and subsequent lockdowns created the second major economic shock of the early 21st century. It had a substantial, short-run impact on private renting; but it seems unlikely to substantially alter the trajectories of change examined in this book.</p>","",""
0,"José Torres Remírez, María Concepción Parra-Meroño","Rental Subsidies: Bunching in Spanish Personal Income Tax",2023,"","Elsevier BV","https://doi.org/10.2139/ssrn.4392169","",706,"2026-05-27 21:00:15","posted-content","10.2139/ssrn.4392169","",,,,,,0,0.00,0,2,3,"","",""
0,"Aldias Ibnu Habib, Maryam","Enhancing boarding house management services using CRM: The case of YCMI boarding house",2023,"AIP Conference Proceedings","AIP Publishing","https://doi.org/10.1063/5.0141925","",707,"2026-05-27 21:00:15","proceedings-article","10.1063/5.0141925","0094-243X",,2766,,40009,40009,0,0.00,0,2,3,"","http://aip.scitation.org/doi/pdf/10.1063/5.0141925",""
0,"Olatundun Olanrewaju, Bello Victoria Amietsenwu","Causes of Rental Delinquency in the Residential Property Market in Osogbo, Nigeria",2023,"International Journal of Research Publication and Reviews","Genesis Global Publication","https://doi.org/10.55248/gengpi.4.1023.102839","",712,"2026-05-27 21:00:15","journal-article","10.55248/gengpi.4.1023.102839","2582-7421",,4,10,3334,3341,0,0.00,0,2,3,"","",""
0,"Mahesh A, Neelavathi C, Monika N, Joiceline J, Rubini Priya","A Smart Car Rental Management System using Data Mining",2023,"International Research Journal of Computer Science","AM Publications","https://doi.org/10.26562/irjcs.2023.v1005.10","",714,"2026-05-27 21:00:15","journal-article","10.26562/irjcs.2023.v1005.10","2393-9842",,10,5,162,167,0,0.00,0,5,3,"The car rental management system is a comprehensive software application designed to help car rental companies manage their operations efficiently. It includes features such as vehicle registration, inventory management, pricing management, billing and invoicing, customer management, and reporting. The system provides a user-friendly interface for customers to search for available vehicles, make reservations, and manage their bookings. The CRMS encompasses a comprehensive suite of features aimed at automating and optimizing various aspects of car rental operations. These include customer registration and authentication, vehicle inventory management, reservation handling, rental duration tracking, payment processing, and reporting functionalities. By integrating these components into a unified platform, the CRMS simplifies and streamlines the entire rental process, enabling car rental companies to operate efficiently and deliver a superior customer experience. Key benefits of the CRMS include improved operational efficiency, enhanced accuracy in managing rental bookings, minimized administrative tasks, and reduced paperwork. Customers can conveniently browse vehicle options, make reservations, and complete transactions through user-friendly interfaces, fostering a seamless and hassle-free rental experience. Additionally, the car rental management system provides reporting and analytics features, enabling the company to analyse rental patterns, track revenue, and monitor performance metrics. This information can help in making informed business decisions, optimizing fleet utilization, and enhancing customer satisfaction. Overall, the car rental management system streamlines operations, improves efficiency, and enhances customer service in the car rental industry by automating key processes and providing real-time access to crucial information.","",""
0,"Rex McKenzie","v7 Financialization and the assetization the private rental real estate sectors - the case of Liverpool.pdf",2023,"","SAGE Publications","https://doi.org/10.31124/advance.24518959","",716,"2026-05-27 21:00:15","posted-content","10.31124/advance.24518959","",,,,,,0,0.00,0,1,3,"<p>  </p> <p>This research uses key actor interviews to construct a theoretical model with which we examine the impacts of foreign direct investment (FDI) from secrecy jurisdictions into Liverpool’s private rental real estate sector. We found that the key actors in our interviews were informed to different degrees about the role of secrecy jurisdictions and did not differentiate between the different types of FDI. All of the interviewees identified FDI as a major factor influencing urban regeneration trajectories and their impact on communities and the city. Thus, while we sought to focus attention on offshore financial flows, the key actors focussed our attention on the several regeneration projects that have been undertaken in the city. The model encompasses economic, housing, and community dynamics, highlighting the tensions and concerns raised by different actors. </p>","https://ndownloader.figshare.com/files/43068478",""
0,"Hyunho Ahn, Seungbeom Kang","Who is Precarious in Korean Rental Markets? Using Multidimensional Housing-Related Indicators",2023,"","Elsevier BV","https://doi.org/10.2139/ssrn.4480200","",717,"2026-05-27 21:00:15","posted-content","10.2139/ssrn.4480200","",,,,,,0,0.00,0,2,3,"","",""
0,"","AGRICULTURE EQUIPEMENT’S RENTAL SYSTEM",2023,"International Research Journal of Modernization in Engineering Technology and Science","International Research Journal of Modernization in Engineering Technology and Science","https://doi.org/10.56726/irjmets34591","",723,"2026-05-27 21:00:15","journal-article","10.56726/irjmets34591","2582-5208",,,,,,0,0.00,0,0,3,"","",""
0,"","Rental Society of Australasia Abstracts",2023,"Renal Society of Australasia Journal","Cambridge Media","https://doi.org/10.33235/rsaj.19.1.1-54","",734,"2026-05-27 21:00:15","journal-article","10.33235/rsaj.19.1.1-54","2208-4088",,19,1,,,0,0.00,0,0,3,"","",""
0,"Rex McKenzie","v7 Financialization and the assetization the private rental real estate sectors - the case of Liverpool",2023,"","SAGE Publications","https://doi.org/10.31124/advance.24518959.v1","",736,"2026-05-27 21:00:15","posted-content","10.31124/advance.24518959.v1","",,,,,,0,0.00,0,1,3,"This research uses key actor interviews to construct a theoretical model with which we examine the impacts of foreign direct investment (FDI) from secrecy jurisdictions into Liverpool’s private rental real estate sector. We found that the key actors in our interviews were informed to different degrees about the role of secrecy jurisdictions and did not differentiate between the different types of FDI. All of the interviewees identified FDI as a major factor influencing urban regeneration trajectories and their impact on communities and the city. Thus, while we sought to focus attention on offshore financial flows, the key actors focussed our attention on the several regeneration projects that have been undertaken in the city. The model encompasses economic, housing, and community dynamics, highlighting the tensions and concerns raised by different actors.","https://advance.sagepub.com/doi/pdf/10.31124/advance.24518959.v1",""
1,"Ying Fan, Yuqi Fu, Zan Yang","Door-in-The-Face Heuristics: Intermediaries’ Diversion in Rental Markets",2023,"","Elsevier BV","https://doi.org/10.2139/ssrn.4495267","",742,"2026-05-27 21:00:15","posted-content","10.2139/ssrn.4495267","",,,,,,1,0.33,0,3,3,"","",""
0,"Wenlin Tang","Second-Hand House Valuation Based on Binomial Option Pricing Model",2023,"BCP Business &amp; Management","Boya Century Publishing","https://doi.org/10.54691/bcpbm.v38i.3774","",744,"2026-05-27 21:00:15","journal-article","10.54691/bcpbm.v38i.3774","2692-6156",,38,,783,788,0,0.00,0,1,3,"More and more families choose to buy the second-hand houses as their first house. Due to a high demand in second-hand housing market, there is a continuously rising trend in the price of second-hand houses. This article mainly focus on the valuation of second-hand housing in Chinese market, based on the binomial option pricing model. Besides valuing the second-hand houses as the American-style options, the time value is another important element in the pricing model. Based on the defined pricing model, the result of empirical analysis is that the estimation of current housing price has a difference from the actual transaction prices to some extent. It can be concluded that the current price of second-hand houses in Chinese market is far from reflecting the time value, and the time value of the second-hand houses is unable to be ignored in the future. It is hoped that there will be a more precise way to measure the value of time in the second-hand housing market specifically.","https://bcpublication.org/index.php/BM/article/download/3774/3684",""
0,"Anders  Reenberg Andersen","A Markov Chain for Rental Systems with Time-Dependency and Substitution of Assets",2023,"","Elsevier BV","https://doi.org/10.2139/ssrn.4505615","",748,"2026-05-27 21:00:15","posted-content","10.2139/ssrn.4505615","",,,,,,0,0.00,0,1,3,"","",""
0,"Richa Sharma, Dolley Srivastava, Shailja Pandey","Intelligent rental management system using web semantics",2023,"Emerging Trends in IoT and Computing Technologies","Routledge","https://doi.org/10.1201/9781003350057-78","",751,"2026-05-27 21:00:15","book-chapter","10.1201/9781003350057-78","",,,,534,539,0,0.00,0,3,3,"","",""
36,"Indranil Ghosh, Rabin K. Jana, Mohammad Zoynul Abedin","An ensemble machine learning framework for Airbnb rental price modeling without using amenity-driven features",2023,"International Journal of Contemporary Hospitality Management","Emerald","https://doi.org/10.1108/ijchm-05-2022-0562","",759,"2026-05-27 21:00:15","journal-article","10.1108/ijchm-05-2022-0562","0959-6119",,35,10,3592,3611,36,12.00,12,3,3,"Purpose: The prediction of Airbnb listing prices predominantly uses a set of amenity-driven features. Choosing an appropriate set of features from thousands of available amenity-driven features makes the prediction task difficult. This paper aims to propose a scalable, robust framework to predict listing prices of Airbnb units without using amenity-driven features. Design/methodology/approach: The authors propose an artificial intelligence (AI)-based framework to predict Airbnb listing prices. The authors consider 75 thousand Airbnb listings from the five US cities with more than 1.9 million observations. The proposed framework integrates (i) feature screening, (ii) stacking that combines gradient boosting, bagging, random forest, (iii) particle swarm optimization and (iv) explainable AI to accomplish the research objective. Findings: The key findings have three aspects – prediction accuracy, homogeneity and identification of best and least predictable cities. The proposed framework yields predictions of supreme precision. The predictability of listing prices varies significantly across cities. The listing prices are the best predictable for Boston and the least predictable for Chicago. Practical implications: The framework and findings of the research can be leveraged by the hosts to determine rental prices and augment the service offerings by emphasizing key features, respectively. Originality/value: Although individual components are known, the way they have been integrated into the proposed framework to derive a high-quality forecast of Airbnb listing prices is unique. It is scalable. The Airbnb listing price modeling literature rarely witnesses such a framework.","https://www.emerald.com/insight/content/doi/10.1108/IJCHM-05-2022-0562/full/html",""
0,"Wei Wei","Transformational leadership, green innovation and green human resource management: Inputs to listed house property sustainability framework",2023,"International Journal of Research Studies in Management","Consortia Academia Publishing","https://doi.org/10.5861/ijrsm.2023.1083","",762,"2026-05-27 21:00:15","journal-article","10.5861/ijrsm.2023.1083","2243-7789",,11,7,,,0,0.00,0,1,3,"","",""
0,"Patrick H. Bond, Peter K. Brown","Rental analysis and valuation",2023,"Rating Valuation","Routledge","https://doi.org/10.1201/9781003297369-7","",777,"2026-05-27 21:00:15","book-chapter","10.1201/9781003297369-7","",,,,141,182,0,0.00,0,2,3,"","",""
0,"","Elderly Rental Housing Satisfaction",2023,"Encyclopedia of Quality of Life and Well-Being Research","Springer International Publishing","https://doi.org/10.1007/978-3-031-17299-1_301217","",782,"2026-05-27 21:00:15","book-chapter","10.1007/978-3-031-17299-1_301217","",,,,2059,2059,0,0.00,0,0,3,"","https://link.springer.com/content/pdf/10.1007/978-3-031-17299-1_301217",""
0,"Ameeta Jain","Rent freezes and rent caps will only worsen, not solve Australia’s rental crisis",2023,"","The Conversation","https://doi.org/10.64628/aa.jr4wuhteq","",784,"2026-05-27 21:00:15","posted-content","10.64628/aa.jr4wuhteq","",,,,,,0,0.00,0,1,3,"","",""
0,"Donatas Daugirdas, Laisvūnas Pranciulis, Aidas Čepis","Projection and implementation of a model for a game rental system",2023,"Projection and implementation of a model for a game rental system","Šiaulių valstybinė kolegija / Šiauliai State Higher Education Institution, Lithuania","https://doi.org/10.56131/tmt.2023.2.1.99","",787,"2026-05-27 21:00:15","proceedings-article","10.56131/tmt.2023.2.1.99","",,,,65,73,0,0.00,0,3,3,"Digital games cost a lot of money these days. Not every ordinary person can freely spend 50€ on a game that he has not tried and does not know if he will like it and meet his needs. Once you have bought games from online game stores, you cannot return them. For this reason, the game rental system was invented, where people could rent games for a certain percentage of the price of the game for a selected period of time, with an ability to be extended for an additional fee. At the end of the term, the game would be automatically returned and the person should already have an impression of the game, whether it was worth the price or if it was just a one-off. Keywords: games, information technology, projection.","",""
2,"Eunsoo Baek, Eujin Park, Ga-eun (Grace) Oh","Understanding the relationship between the material self, belief in brand essence and luxury fashion rental",2023,"Journal of Fashion Marketing and Management: An International Journal","Emerald","https://doi.org/10.1108/jfmm-06-2023-0149","",797,"2026-05-27 21:00:15","journal-article","10.1108/jfmm-06-2023-0149","1361-2026",,29,1,1,19,2,0.67,1,3,3,"Purpose: With the growing market for luxury fashion rental, we aim to examine how renting luxury fashion is related to consumers' construction of the material self, based on material self-framework. We propose that consumers adopt luxury fashion rentals to construct and manage the personal and social aspects of the material self and that their belief in brand essence facilitates the mechanism. Design/methodology/approach: A total of 296 responses of US female participants collected from Cloudresearch were analyzed to test the relationships between constructs in the proposed model. Findings: The results, using structural equation modeling analysis, supported the expected relationships. Specifically, whereas the social material self directly increased adoption intention, the personal material self indirectly increased such intention via the belief that rented luxury items preserve brand essence. Originality/value: Our findings advance the literature by showing how the self is constructed and managed in collaborative luxury fashion consumption, from self-identity perspective. The current research reveals the important roles of two aspects of material self that respectively contribute to consumers' adoption of luxury fashion rentals. Research limitations/implications: This study empirically tests the material self theory in the context of luxury fashion rental and demonstrates the processes of how consumers regard a luxury fashion rental as a tool to construct their identity. This study not only validates the two-structure model of material self (social and personal), but also incorporate the role of brand essence in revealing how the two facets of material self differently facilitate luxury fashion rental adoption.","https://www.emerald.com/insight/content/doi/10.1108/JFMM-06-2023-0149/full/html",""
0,"Ameeta Jain","Rent freezes and rent caps will only worsen, not solve Australia’s rental crisis",2023,"","The Conversation","https://doi.org/10.64628/aa.jr4wuhteq","",804,"2026-05-27 21:00:15","posted-content","10.64628/aa.jr4wuhteq","",,,,,,0,0.00,0,1,3,"","",""
0,"","Elderly Rental Housing Satisfaction",2023,"Encyclopedia of Quality of Life and Well-Being Research","Springer International Publishing","https://doi.org/10.1007/978-3-031-17299-1_301217","",816,"2026-05-27 21:00:15","book-chapter","10.1007/978-3-031-17299-1_301217","",,,,2059,2059,0,0.00,0,0,3,"","https://link.springer.com/content/pdf/10.1007/978-3-031-17299-1_301217",""
0,"Ying Fan, Yuqi Fu, Zan Yang, Ming Chen","Search Frictions in Rental Markets: Evidence from Urban China",2023,"","Elsevier BV","https://doi.org/10.2139/ssrn.4479740","",818,"2026-05-27 21:00:15","posted-content","10.2139/ssrn.4479740","",,,,,,0,0.00,0,4,3,"","",""
0,"","CRO-RENTUP, COMPLETE RENTAL SOLUTION",2023,"International Research Journal of Modernization in Engineering Technology and Science","International Research Journal of Modernization in Engineering Technology and Science","https://doi.org/10.56726/irjmets47405","",819,"2026-05-27 21:00:15","journal-article","10.56726/irjmets47405","2582-5208",,,,,,0,0.00,0,0,3,"","",""
0,"Julian Del Bel Belluz","The rebirth of purpose-built rental in Toronto: an exploration of causes and consequences",2023,"","Ryerson University Library and Archives","https://doi.org/10.32920/24084597","",820,"2026-05-27 21:00:15","posted-content","10.32920/24084597","",,,,,,0,0.00,0,1,3,"<p>Purpose-built rental is an integral part of Canada’s housing system because it provides long-term, stable housing to those who cannot afford to own a home or who choose to rent. After two decades of extremely low activity in the sector, Toronto is seeing a marked increase in purpose-built rental construction. This exploratory study uses expert interviews to identify possible factors influencing the current trend, and draws on these findings to provide recommendations on how to support purpose-built rental. The analysis reveals that today’s rental construction is driven by different actors than in the past, namely large-scale institutional investors. These investors represent a novel type of landlord that has not been well studied in the literature, and as such, common assumptions may no longer hold with regard to landlord perspectives on topics such as rent control, necessary profit margins, and housing typologies.</p> <p><br></p> <p>Key words: purpose-built rental, Toronto, finance, housing affordability</p>","",""
0,"Japamani Hepsiba, Vijayalakshmi G","Effectiveness of Teaching Programme on Knowledge Regarding Hospital Waste Management a mong House Keeping Employees",2023,"JOURNAL OF CLINICAL AND BIOMEDICAL SCIENCES","Sri Devaraj Urs Academy of Higher Education and Research","https://doi.org/10.58739/jcbs/v13i3.23.24","",821,"2026-05-27 21:00:15","journal-article","10.58739/jcbs/v13i3.23.24","2319-2453",,13,3,81,84,0,0.00,0,2,3,"Waste generated during medical procedures has a higher risk of infection when compared to other types of waste. Therefore, having a reliable and secure method of handling is very essential. Hospital waste has the potential to harm the environment and the general public's health. Hospital Waste management needs to be integrated into all healthcare services since it is crucial to preserving the health of the environment. Therefore, a study was done to find out the impact of Structured teaching programme on Housekeeping employees on hospital waste management at R.L.J. Hospital and Research Centre, Kolar, Karnataka. “A one-group, Quasi-experimental pre-test and post-test design” was used for the investigation. Eighty housekeeping employees were chosen using a simple random sampling technique with lottery method. Data was gathered using a structured knowledge questionnaire by conducting interview. Followed by that teaching programme was implemented. A post-test was carried out using the same instrument one week later. The study findings revealed that, majority (81.25%) of the housekeeping employees had inadequate knowledge, and only 17.5% of them had moderately adequate knowledge. “The pre-test mean knowledge score was 13.15 with a SD of 3.63, and the post-test mean knowledge score was 21.15 with a SD of 3.46, which was statistically significant at the 0.001 level”. The study result found that a “structured teaching programme” had improved the knowledge level among housekeeping employees, which benefited them in handling healthcare-related waste safely. Keywords: Effectiveness, Teaching Programme, Knowledge, Hospital Waste Management, Housekeeping employees","https://jcbsonline.ac.in/articles/effectiveness-of-teaching-programme-on-knowledge-regarding-hospital-waste-management-a-mong-house-keeping-employees",""
0,"Lynn Hendrix, Mina Weakley","Palliative symptom and disease management",2023,"Animal Hospice and Palliative Medicine for the House Call Veterinarian","Elsevier","https://doi.org/10.1016/b978-0-323-56798-5.00003-5","",826,"2026-05-27 21:00:15","book-chapter","10.1016/b978-0-323-56798-5.00003-5","",,,,71,183,0,0.00,0,2,3,"","https://api.elsevier.com/content/article/PII:B9780323567985000035",""
2,"Eunsoo Baek, Eujin Park, Ga-eun (Grace) Oh","Understanding the relationship between the material self, belief in brand essence and luxury fashion rental",2023,"Journal of Fashion Marketing and Management: An International Journal","Emerald","https://doi.org/10.1108/jfmm-06-2023-0149","",838,"2026-05-27 21:00:15","journal-article","10.1108/jfmm-06-2023-0149","1361-2026",,29,1,1,19,2,0.67,1,3,3,"Purpose: With the growing market for luxury fashion rental, we aim to examine how renting luxury fashion is related to consumers' construction of the material self, based on material self-framework. We propose that consumers adopt luxury fashion rentals to construct and manage the personal and social aspects of the material self and that their belief in brand essence facilitates the mechanism. Design/methodology/approach: A total of 296 responses of US female participants collected from Cloudresearch were analyzed to test the relationships between constructs in the proposed model. Findings: The results, using structural equation modeling analysis, supported the expected relationships. Specifically, whereas the social material self directly increased adoption intention, the personal material self indirectly increased such intention via the belief that rented luxury items preserve brand essence. Originality/value: Our findings advance the literature by showing how the self is constructed and managed in collaborative luxury fashion consumption, from self-identity perspective. The current research reveals the important roles of two aspects of material self that respectively contribute to consumers' adoption of luxury fashion rentals. Research limitations/implications: This study empirically tests the material self theory in the context of luxury fashion rental and demonstrates the processes of how consumers regard a luxury fashion rental as a tool to construct their identity. This study not only validates the two-structure model of material self (social and personal), but also incorporate the role of brand essence in revealing how the two facets of material self differently facilitate luxury fashion rental adoption.","https://www.emerald.com/insight/content/doi/10.1108/JFMM-06-2023-0149/full/html",""
5,"Mark Bradshaw, Michael Drake, Joseph Pacelli, Brady Twedt","Brokerage House Initial Public Offerings and Analyst Forecast Quality",2023,"Management Science","Institute for Operations Research and the Management Sciences (INFORMS)","https://doi.org/10.1287/mnsc.2022.4610","",840,"2026-05-27 21:00:15","journal-article","10.1287/mnsc.2022.4610","0025-1909",,69,11,7079,7094,5,1.67,1,4,3,"We examine how brokerage firm initial public offerings (IPOs) influence the research quality of sell-side analysts employed by the brokerage. Our main results focus on earnings forecast bias and absolute forecast errors as proxies for research quality. Using a staggered difference-in-differences analysis, we document significant decreases in forecast bias and absolute forecast error during the two-year period centered on the analysts’ brokerage house IPO. In additional analyses, we explore several potential explanations for the short-term benefits of brokerage house IPOs. We find some evidence that IPOs delay the departure of more talented analysts and that the effects are more concentrated among analysts and brokers that face more scrutiny.","https://pubsonline.informs.org/doi/pdf/10.1287/mnsc.2022.4610",""
2,"","Online Vehicle Rental System",2023,"International Journal of Computer Applications Technology and Research","Association of Technology and Science","https://doi.org/10.7753/ijcatr1108.1005","",844,"2026-05-27 21:00:15","journal-article","10.7753/ijcatr1108.1005","2319-8656",,,,320,322,2,0.67,0,0,3,"","",""
2,"Venancio Tauringana, Olayinka Moses","Greenhouse Gas Reporting and Management in Top Emitting Countries and Companies",2023,"Green House Gas Emissions Reporting and Management in Global Top Emitting Countries and Companies","Emerald Publishing Limited","https://doi.org/10.1108/s1479-359820230000011001","",850,"2026-05-27 21:00:15","book-chapter","10.1108/s1479-359820230000011001","",,,,1,9,2,0.67,1,2,3,"Abstract: This chapter outlines the need for global actions on mitigating greenhouse gas (GHG) emissions and introduces the six chapters contained in this issue. The impact of GHG emissions on the environment undoubtedly exacerbates the consequence of climate change and is not constrained within the borders of the emitting countries and companies. Emitting countries (and companies) export much of the harm created by GHG emissions given that the earth's atmosphere intermixes globally. GHG top emitters are not necessarily the victims of its consequences, since the extent to which each country is affected by adverse weather such as floods depends on the distribution of climate vulnerability rather than jurisdictional emission. Hence, global collective actions are required to find plausible solutions to reduce GHG emissions. This issue consists of one literature review and five empirical chapters. The insight from the literature review highlights the dearth of studies addressing GHG emissions reporting and management in Africa and the Middle East. The first three empirical chapters examine the efficacy of corporate governance in facilitating GHG disclosures and performance in China, the United States and India. The fifth chapter examines the effect of the Paris Agreement on climate change disclosures in South Africa. There is mixed evidence as to how corporate governance affects GHG disclosure, but it is clear that the Paris Agreement had a positive impact on climate change disclosures in South Africa. The sixth chapter examines the social determinants of GHG in top 100 emitting countries and documents evidence that energy use determines the extent of GHG emissions in both developed and developing countries. However, the results show that other social determinants such as urbanisation, literacy and corruption contribute in varying ways to GHG emissions in developing countries. Taken together, the collection of chapters in this issue provides incremental understanding to the effect of GHG emissions and necessary actions that can help in mitigating them.","https://www.emerald.com/insight/content/doi/10.1108/S1479-359820230000011001/full/xml",""
0,"","The impact of online rental Platforms",2023,"International Research Journal of Modernization in Engineering Technology and Science","International Research Journal of Modernization in Engineering Technology and Science","https://doi.org/10.56726/irjmets45843","",853,"2026-05-27 21:00:15","journal-article","10.56726/irjmets45843","2582-5208",,,,,,0,0.00,0,0,3,"","",""
0,"Nena Meftuh","The Declining Quality of Toronto’s Private Rental Towers and the Impending Risks to Low-Income Families",2023,"","Ryerson University Library and Archives","https://doi.org/10.32920/23257595.v1","",856,"2026-05-27 21:00:15","posted-content","10.32920/23257595.v1","",,,,,,0,0.00,0,1,3,"<p>The overall objective of this Major Research Paper (MRP) is to add to the existing body of literature on the deteriorating quality of Toronto's inner suburban private rental towers and the imminent health and social well-being challenges facing low-income families. The paper begins with a review of existing literature on high-rise rental housing, neighbourhood decline and spatial income polarization in Toronto. A particular focus of this paper is on the challenges that low-income families face in the rental housing market by drawing on data from the Canadian Mortgage and Housing Corporation (CMHC), the Statistic Canada Census, and the National Household Survey (NHS) and ACORN Toronto tenant survey data. This paper aims to examine the current quality of private rental tower stock in Toronto; how housing conditions are linked to the increasing concentration and racialization of poverty; and how effective the City of Toronto Tower Renewal Program is in addressing these challenges. This MRP examines the structural factors that drive today's socio-economic disparities and the challenges of high-rise rental towers in Toronto. The findings provide an opportunity to understand how a bottom-up and innovative strategy that engages the urban environment can contribute to making significant progress on the conditions of declining metropolitan areas. Based on this analysis, this research paper provides a new framework for thinking about city building in the inner suburbs of Toronto and provides insights into the creation of equitable, long-term and effective policy changes. </p>","",""
0,"Syurrahmi Syurrahmi, Ainnur Rahmanti, Luberto Purna","HUBUNGAN LAMA MENGETIK TERHADAP TERJADINYA MYOFASCIAL TRIGGER POINT SYNDROME OTOT UPPER TRAPEZIUS PADA PEKERJA RENTAL",2023,"JURNAL FISIOTERAPI DAN ILMU KESEHATAN SISTHANA","Politeknik Pratama Purwokerto","https://doi.org/10.55606/jufdikes.v5i1.179","",863,"2026-05-27 21:00:15","journal-article","10.55606/jufdikes.v5i1.179","2828-2469",,5,1,20,26,0,0.00,0,3,3,"Abstrak Posisi bekerja saat mengetik berhubungan erat dengan masalah ergonomi atau kenyamanan, terutama di bidang desain, posisi, dan sikap tubuh yang tepat. MTrPs adalah suatu kondisi menggambarkan rasa nyeri deskriptif pada jaringan lunak akut atau kronis, yang terjadi pada otot atau fasia otot. MTrPs menimbulkan kontraksi knot atau node yang dapat terbentuk dalam sebuah taut band otot yang menjadi sumber rasa sakit. Nyeri atau rasa tidak nyaman berupa rasa tertusuk perih, berdenyut, rasa sayatan, dan terbakar pada jaringan ikat longgar yang membungkus otot trapezius dikarenakan adanya trigger point. Data pekerja komputer di wilayah Pedurungan Wetan sebanyak 24 pekerja. Metode penelitian ini adalah pra eksperimen one group pre and post test design dan pengambilan sampel menggunakan teknik purposive sampling. Populasi penelitian ini adalah pekerja rental yang bekerja di Tlogosari Wetan, Pedurungan, Kota Semarang. Instrumen penelitian menggunakan VAS (Vasual Analog Skill). Tahapan penelitian terdiri dari persiapan, pelaksanaan, dan pengolahan data penelitian. Langkah yang dilakukan pada tahap persiapan adalah studi literatur, survey lapangan, sosialisasi kepada pekerja rental. Tahap pelaksanaan dilakukan dengan pengambilan data. Hasil penelitian ini didapatkan adanya hubungan lama mengetik dengan terjadinya kondisi MTrPs Otot Uper Trapezius. Uji hipotesis yang digunakan adalah Chi Square Test untuk menganalisis signifikansi hubungan lama mengetik terhadap terjadinya myofascial trigger point syndrome otot upper trapezius pada pekerja rental. Pada perhitungan analisis data, diperoleh nilai p sebesar 0,000 sehingga p < 0,05. Maka dapat disimpulkan bahwa terdapat hubungan yang signifikan antara lama mengetik terhadap terjadinya myofascial trigger point syndrome otot upper trapezius pada pekerja rental. Kelemahan dari penelitian ini adalah tidak dapat mengontrol responden dalam mengendalikan lama waktu bekerja. Kata kunci : Lama Mengetik, Myoasial Trigger Point, Nyeri Otot Uper Trapezius","https://jurnal.stikeskesdam4dip.ac.id/index.php/JUFDIKES/article/download/179/176",""
2,"Ziyu Cui","House Price Prediction with Big Data",2023,"Advances in Economics, Management and Political Sciences","EWA Publishing","https://doi.org/10.54254/2754-1169/6/20220155","",882,"2026-05-27 21:00:15","journal-article","10.54254/2754-1169/6/20220155","2754-1169",,6,1,85,93,2,0.67,2,1,3,"Many of the current models for house price prediction focus on the house price index itself or include too few factors. In this research, however, different aspects of housing properties (bedrooms, bathrooms, grade, view, etc.) will be incorporated to generate a more accurate prediction model. Doing so not only remedies for a lack of variables in current models but also benefits the consumers by providing an accurate estimation of housing values. This paper examines the estimation methodology of a multiple linear regression model. To get the optimal prediction power and keep the model as simple as possible, different variable combinations will be tested. Through comparing different regression models and analyzing the regression results, the predictive model introduced in this paper has a high house price prediction power. This paper provides a potential solution for the prediction of the house price in the King County, Washington.","",""
0,"Julian Del Bel Belluz","The rebirth of purpose-built rental in Toronto: an exploration of causes and consequences",2023,"","Ryerson University Library and Archives","https://doi.org/10.32920/24084597.v1","",885,"2026-05-27 21:00:15","posted-content","10.32920/24084597.v1","",,,,,,0,0.00,0,1,3,"<p>Purpose-built rental is an integral part of Canada’s housing system because it provides long-term, stable housing to those who cannot afford to own a home or who choose to rent. After two decades of extremely low activity in the sector, Toronto is seeing a marked increase in purpose-built rental construction. This exploratory study uses expert interviews to identify possible factors influencing the current trend, and draws on these findings to provide recommendations on how to support purpose-built rental. The analysis reveals that today’s rental construction is driven by different actors than in the past, namely large-scale institutional investors. These investors represent a novel type of landlord that has not been well studied in the literature, and as such, common assumptions may no longer hold with regard to landlord perspectives on topics such as rent control, necessary profit margins, and housing typologies.</p> <p><br></p> <p>Key words: purpose-built rental, Toronto, finance, housing affordability</p>","",""
12,"Xinyi Luo, Kaiping Xue, Jian Li, Ruidong Li, David S. L. Wei","Make Rental Reliable: Blockchain-Based Network Slice Management Framework with SLA Guarantee",2023,"IEEE Communications Magazine","Institute of Electrical and Electronics Engineers (IEEE)","https://doi.org/10.1109/mcom.001.2200665","",889,"2026-05-27 21:00:15","journal-article","10.1109/mcom.001.2200665","0163-6804",,61,7,142,148,12,4.00,2,5,3,"","http://xplorestaging.ieee.org/ielx7/35/10192267/10192303.pdf?arnumber=10192303",""
1,"Kinjal Sampat, Nidhi Sohane","Rental Housing Arrangements for Domestic Workers: An Assessment of 103 Setups in Jaipur, Rajasthan",2023,"","Indian Institute for Human Settlements","https://doi.org/10.24943/rhadwajr01.2023","",897,"2026-05-27 21:00:15","report","10.24943/rhadwajr01.2023","",,,,,,1,0.33,1,2,3,"How do domestic workers live in our cities? By following them into their homes, this report reflects on issues of adequacy, affordability and viability of low-income rentals in Jaipur. It looks at employment and housing in conjunction, and defines housing as encompassing not just the physical structure of the house but access to amenities, social infrastructure and legal status. It introduces ‘setup’ as a unit of analysis to better understand the everyday reproduction of the domestic life of workers.","",""
3,"Kainuo Wang, Huiyi Zhao, Jingzhong Li","Machine Learning-Based House Rent Prediction Using Stacking Integration Method",2023,"American Journal of Management Science and Engineering","Science Publishing Group","https://doi.org/10.11648/j.ajmse.20230802.12","",905,"2026-05-27 21:00:15","journal-article","10.11648/j.ajmse.20230802.12","",,,,,,3,1.00,1,3,3,"","",""
0,"Yongxuan Zhang","Real Estate Prediction of House Price in Text of Multivariate Linear Regression",2023,"BCP Business &amp; Management","Boya Century Publishing","https://doi.org/10.54691/bcpbm.v38i.3714","",908,"2026-05-27 21:00:15","journal-article","10.54691/bcpbm.v38i.3714","2692-6156",,38,,348,354,0,0.00,0,1,3,"During the recent decades, the estate market of China reflects dramatic increasing speed which shocks the whole world. Among various indicators, house price is one of the important indexes reflecting the fast raising price. In this study, the elements which connect to the house price are investigated. To be specific, this paper picks up the typical indexes to construct the model through the Multifactorial linear regression approach. Based on the method, this research discoveries the relationship between the house price with the other related macro-economic index new housing index, citizen wages, resident population, and currency of country. According to the analysis, there is slightly connection between them, and this connection is varying between different cities. While providing the reference to the following research, it also presents that the different development level for Chinese city have the different route to development. Thus, when enterprise or government make the decision or policy, it is necessary to consider its own conditions, not just copy other’s experience. These results shed light on guiding further exploration of the city development.","https://bcpublication.org/index.php/BM/article/download/3714/3630",""
0,"Kun Wang","Empirical Study on China’s House Prices",2023,"Advances in Economics, Management and Political Sciences","EWA Publishing","https://doi.org/10.54254/2754-1169/6/20220144","",917,"2026-05-27 21:00:15","journal-article","10.54254/2754-1169/6/20220144","2754-1169",,6,1,54,60,0,0.00,0,1,3,"This study aims to empirically study house prices and their relationship with China's critical economic and financial metrics. The key metrics include interest rate, inflation rate, and stock index prices. This study shows that stock index prices do not significantly impact house prices in China. At the same time, long-term interest and inflation rates positively impact house prices in China.Additionally, short-term interest rate possesses a negative im-pact on house prices. This can shed light on policymakers in China when making economic decisions to influence house prices in China. On top of this, this study also compared house prices and real estate stock index prices and concluded that the two differ significantly.","",""
0,"Nena Meftuh","The Declining Quality of Toronto’s Private Rental Towers and the Impending Risks to Low-Income Families",2023,"","Ryerson University Library and Archives","https://doi.org/10.32920/23257595","",921,"2026-05-27 21:00:15","posted-content","10.32920/23257595","",,,,,,0,0.00,0,1,3,"<p>The overall objective of this Major Research Paper (MRP) is to add to the existing body of literature on the deteriorating quality of Toronto's inner suburban private rental towers and the imminent health and social well-being challenges facing low-income families. The paper begins with a review of existing literature on high-rise rental housing, neighbourhood decline and spatial income polarization in Toronto. A particular focus of this paper is on the challenges that low-income families face in the rental housing market by drawing on data from the Canadian Mortgage and Housing Corporation (CMHC), the Statistic Canada Census, and the National Household Survey (NHS) and ACORN Toronto tenant survey data. This paper aims to examine the current quality of private rental tower stock in Toronto; how housing conditions are linked to the increasing concentration and racialization of poverty; and how effective the City of Toronto Tower Renewal Program is in addressing these challenges. This MRP examines the structural factors that drive today's socio-economic disparities and the challenges of high-rise rental towers in Toronto. The findings provide an opportunity to understand how a bottom-up and innovative strategy that engages the urban environment can contribute to making significant progress on the conditions of declining metropolitan areas. Based on this analysis, this research paper provides a new framework for thinking about city building in the inner suburbs of Toronto and provides insights into the creation of equitable, long-term and effective policy changes. </p>","",""
0,"Calvin John Placio, Albert Paytaren","Click Boat: Boat Repair and Rental Management System",2023,"International Journal of Computing Sciences Research","STEP Academic Publisher","https://doi.org/10.25147/ijcsr.2017.001.1.116","",926,"2026-05-27 21:00:15","journal-article","10.25147/ijcsr.2017.001.1.116","2546-0552",,7,,1544,1559,0,0.00,0,2,3,"","",""
0,"Edith Ogechi Chikwendu, Joseph Chukwudi Onyejiaka","Assessment of The Trend of Rental Returns on Private Hostel Investment in Neighbourhoods of Public Tertiary Institutions in Anambra State (2011-2022)",2023,"International Journal of Civil Engineering, Construction and Estate Management","European Centre for Research Training and Development","https://doi.org/10.37745/ijcecem.14/vol11n4114","",936,"2026-05-27 21:00:15","journal-article","10.37745/ijcecem.14/vol11n4114","2055-6578",,11,4,1,14,0,0.00,0,2,3,"The increasing number of students in public tertiary institutions in Anambra state has prompted serious accommodation problems and on-campus hostels can no longer cope with the attendant demand. The high rate of demand for housing by students led to the development of private accommodation known as hostels or lodges around these institutions of higher learning. Establishment of private hostels requires huge capital outlay; hence, investors need to have a fair idea of returns from such investment before committing their resources. This research aims to assess the trend of rental returns from private hostels investment in selected neighbourhoods of public tertiary institutions in Anambra state from 2011 – 2022. The study adopts stratified sampling technique that represents the entire population. Data for the study were elicited Estate Surveyors and Valuers practicing in Anambra state through the use of structured questionnaire, and analyzed using tables, graphs and trend analysis. The study indicated that the trend of rental returns of private hostels shows a steady increase in all locations over the study period. The study recommends that intending investors should consult real estate professionals for investment advice before delving into hostel property development, and they should also consider public private partnership (PPP) contractual arrangements such as Design Build Operate and Transfer (DBOT) in hostel development.","",""
0,"Sin-Tae Park, Hong Bae Kim","Preference and Demand Characteristics for Public Rental Housing in Station Area: Focusing on Long-term Rental Housing in Seoul, Korea",2023,"Korea Real Estate Society","Korea Real Estate Society","https://doi.org/10.37407/kres.2023.41.1.27","",938,"2026-05-27 21:00:15","journal-article","10.37407/kres.2023.41.1.27","1225-1054",,67,,27,49,0,0.00,0,2,3,"The government and the Seoul Metropolitan Government are continuously increasing the supply of public rental housing mainly in large quantities, but vacancies are increasing. The reason is that it was supplied mainly in large quantities without considering the small equilibrium-oriented supply outside the city center and the characteristics of demand for policy targets. Public rental housing to achieve the purpose of stabilizing housing for the common people should be supplied according to the characteristics of consumers, such as location and accessibility. Therefore, this study analyzed the preference and demand characteristics by class for long-term rental houses in the station influence area of Seoul. Classification by stratum was divided into age, income, occupation, and living area. A survey on the preference of policy consumers by stratum was conducted to analyze supply policies suitable for demand characteristics. In addition, the purpose of this study is to analyze customized demand and supply plans based on the analysis of consumers' preferences and characteristics by class according to the location of the station influence area. In order to expand the supply of public rental housing in the station area, policy implications and improvement directions were presented so that customized supply based on demand characteristics by stratum.","",""
0,"Yaotong Liang","Enhancing Neural Network with Particle Swarm: A House Price Prediction Case",2023,"Highlights in Business, Economics and Management","Darcy & Roy Press Co. Ltd.","https://doi.org/10.54097/hbem.v21i.14541","",945,"2026-05-27 21:00:15","journal-article","10.54097/hbem.v21i.14541","2957-952X",,21,,487,496,0,0.00,0,1,3,"This study delves into the utilization of the Particle Swarm Optimization (PSO) algorithm to discover the best parameters of Long Short-Term Memory (LSTM) model with the aim of housing price prediction. Employing the Ames Housing dataset, our investigation underscores the remarkable efficacy of PSO in mitigating prediction errors within the LSTM framework, thereby enhancing overall predictive performance. The symbiotic integration of PSO with LSTM facilitates the discernment of intricate data patterns, particularly in scenarios involving high-dimensional and nonlinear optimization conundrums. The findings illuminate PSO's ability to expediently traverse and identify global optima. The outcomes unequivocally underscore the PSO-LSTM model's superior attributes, characterized by accelerated convergence, diminished errors, and exceptional proficiency. In summation, this investigation underscores PSO's promise as a potent technique for optimizing machine learning models, notably exemplified by its integration with the LSTM framework.","https://drpress.org/ojs/index.php/HBEM/article/download/14541/14095",""
0,"Yue Zong","House Prices Prediction – Advanced Regression Techniques",2023,"Advances in Economics, Management and Political Sciences","EWA Publishing","https://doi.org/10.54254/2754-1169/50/20230580","",947,"2026-05-27 21:00:15","journal-article","10.54254/2754-1169/50/20230580","2754-1169",,50,1,181,189,0,0.00,0,1,3,"In recent years, with the development of the real estate industry, housing prices have continued to rise. The nation, society, and individuals are all concerned about these prices. For commodity housing prices, there are many factors that influence the housing prices. Apart from national regulations, factors such as lighting, layout, and environment of the houses themselves also have a certain impact on the prices, leading to significant fluctuations in the real estate market. Therefore, researching an accurate model for predicting housing prices has practical significance. It can guide residents in housing consumption and provide policy recommendations for government price regulation. Machine learning methods have become a new type of prediction method in this regard. Based on the theories of data analysis and machine learning, a dataset consisting of 2920 data points with 81 attributes was selected from the publicly available Kaggle housing dataset. The data was normalized and analyzed for feature selection. The ranking of attributes most correlated with housing prices was obtained. Subsequently, a neural network model was built, parameters were adjusted, and the trained network was used to predict housing prices. On the Kaggle leaderboard, the RMSE test result stands at 0.1198, positioning our model among the top performers among all machine learning methods.","",""
0,"","cot-house | cote-house, n.",2023,"Oxford English Dictionary","Oxford University Press","https://doi.org/10.1093/oed/8878276416","",950,"2026-05-27 21:00:15","book-chapter","10.1093/oed/8878276416","",,,,,,0,0.00,0,0,3,"","",""
7,"Ashish Rath, R. K. Pateriya, Deepak Tomar, Surendra Singh","Tokenization of rental real estate assets using blockchain technology",2023,"","Research Square Platform LLC","https://doi.org/10.21203/rs.3.rs-3004275/v1","",965,"2026-05-27 21:00:15","posted-content","10.21203/rs.3.rs-3004275/v1","",,,,,,7,2.33,2,4,3,"Abstract: The tokenization of rental real estate assets using blockchain technology has recentlygained attention as a novel way to enhance the liquidity and transparency of the real estate market. Inthis paper, we propose a smart contract-based system for the tokenization of rental estate assets usingthe Solidity programming language along with the framework. The system aims to provide a secureand transparent way to buy and sell a fraction of ownership of rental estate assets by leveraging thedecentralized and immutable nature of blockchain technology. Our study showcases the outcomes ofthe regression analysis conducted on synthetic historical data of rental estate returns and risk factors.The findings revealed a significant positive correlation between rental estate returns or rental yieldand risk-return factors. Additionally, we describe the Analysis of Variance(ANOVA) analysis, whichconfirms the statistical significance of our proposed model. Our findings suggest that tokenizationof rental estate assets using blockchain technology can bring substantial benefits to estate investors,such as increased liquidity and reduced transaction costs. This study contributes to the developmentof the estate industry by proposing a novel model of blockchain technology in the context of rentalestate asset tokenization.","https://www.researchsquare.com/article/rs-3004275/v1",""
0,"Samir K. Panigrahi","An Analytical Study on Green HRM Practice in Indian Corporate House",2023,"DME Journal of Management","Delhi Metropolitan Education (GGSIPU)","https://doi.org/10.53361/dmejm.v4i01.02","",968,"2026-05-27 21:00:15","journal-article","10.53361/dmejm.v4i01.02","2582-9432",,4,1,8,12,0,0.00,0,1,3,"Human Recourse Management is an integral part of business management that consists of the most valuable part of an organization like human capital. In present situation the concept of HRM is based on the sustainability part of industrialization scope. Though the concept Green HRM is not new for us but till now we are incapable to utilize its full potential practicability in our organization. The concept Green HRM combined with the ecological system for business urbanization and industrialization and so on. The prime objective to introduce Green HRM practice is to reduce the carbon impression from each employee’s activity. Here Researchers try to focus on to describe the problems and prospects of Green HRM in Indian industrial scenario.","https://www.dmejournals.com/index.php/DMEJM/article/download/264/116",""
0,"Еvgeniy Yanovitskiy","UPDATE OF REGULATORY DOCUMENTATION FOR RENTAL HOUSING DESIGN",2023,"Spatial development","Kyiv National University of Construction and Architecture","https://doi.org/10.32347/2786-7269.2023.5.129-143","",973,"2026-05-27 21:00:15","journal-article","10.32347/2786-7269.2023.5.129-143","2786-7277",,,5,129,143,0,0.00,0,1,3,"The article considers proposals for making specific changes to regulatory documents that are necessary at the current stage. The rental housing market for temporary residence is a way to solve the problem of providing citizens with housing. Moreover, at this stage, this problem is actualized in connection with the war, destruction and displacement of a large number of citizens. Analysis of the current regulatory framework has shown that there is currently a discrepancy between regulatory requirements and restrictions to the real needs of life. The following regulatory restrictions in the design and operation of rental housing are considered: time of insolation of residential premises; level of building density; the possibility of integrating public infrastructure and creating multifunctional complexes. Currently, the Law of Ukraine ""On Rental Housing"" has been adopted in the first reading. In general, this Law has not yet been adopted. According to the draft Law, rental housing can be located both in separate buildings and in multi-functional complexes. But it is also necessary to bring to public discussion the norm, which is laid down in this draft of the Law ""On Rental Housing"", that residential premises or rental apartments cannot be purchased by residents as their own property. Although, for the development of this type of housing, it would be reasonable to provide the tenant with the opportunity to buy the housing over time, that is, to allow the processes of operational leasing with these apartments - renting housing with purchase. It was this opportunity that could become the impetus for highlighting regulatory requirements for expanding the typological range of housing for temporary residence. The existing regulatory framework of Ukraine does not define ""Rental housing"" as a separate typological unit. At the same time, the functional purpose of housing for temporary residence includes such premises as residential apartments, apart-hotels, hotel apartments and others - public buildings. The class of residential buildings, according to the norms, includes only such type of individual accommodation as dormitories, with the definition of separate regulatory restrictions and requirements for this type. So, the task at the moment is to include in the regulatory framework of Ukraine exactly this type of buildings, such as rental residential buildings. ","http://spd.knuba.edu.ua/article/download/293437/286248",""
0,"Chie Koga, Tami Saito, Masamichi Hanazato, Naoki Kondo, Masashige Saito, Toshiyuki Ojima, Katsunori Kondo","Housing Tenure and the Risk of Mortality among Older Adults in Japan: Are Those Living in Public Rental Housing Healthier than Those Living in Private Rental Housing? A 9-Year Cohort Study from the JAGES",2023,"","Springer Science and Business Media LLC","https://doi.org/10.21203/rs.3.rs-3108430/v1","",990,"2026-05-27 21:00:15","posted-content","10.21203/rs.3.rs-3108430/v1","",,,,,,0,0.00,0,7,3,"<title>Abstract</title> <p>Housing tenure is an important aspect to determine health. However, even though renters tend to have more socioeconomic disadvantages than homeowners, the mortality risk between private and public renters compared with homeowners remains unclear. Japanese public rented housing, such as the Urban Renaissance Agency, has been developed for supplying an adequate living environment since 1950s. This study aimed to examine the mortality risk among older Japanese residents living in private and public rented houses compared with those living in owner-occupied houses using 9-year follow-up data. This study drew upon a 9-year follow-up of participants in the Japan Gerontological Evaluation Study, a population-based cohort study of Japanese independent adults aged ≥65 years. Mortality from 2010 to 2019 was analyzed for 44,007 respondents. Housing tenure was defined by a questionnaire. Cox regression models were used for calculating the hazard ratio for mortality. Bonferroni correction was used to account for multiple testing between rental houses.<bold> </bold> Overall, 10,638 deaths occurred during the follow-up period. Compared with housing owners, all rental housing groups had a significantly higher risk of mortality. Among renters, participants who lived in public rental housing had the lowest risk of mortality even after adjusting for sociodemographic characteristics, health status, social status, and environmental status. Multiple testing among renters with Bonferroni correction showed that public renters had 0.80 times (<italic>p</italic> = 0.0001) lower mortality risk than private renters. Although Japanese older adults living in public rental housing had a higher mortality risk than homeowners, this risk was lower than that among private renters. A positive neighborhood environment based on well-planned urban development may have contributed to this result. The results suggest that planned urban development lowers the risk of mortality in older renters in Japan.</p>","https://www.researchsquare.com/article/rs-3108430/v1",""
5,"Andrew Bibler, Keith Teltser, Mark J. Tremblay","Short-Term Rental Platforms and Homeowner Displacement: Evidence from Airbnb Registration Enforcement",2023,"","Elsevier BV","https://doi.org/10.2139/ssrn.4390232","",996,"2026-05-27 21:00:15","posted-content","10.2139/ssrn.4390232","",,,,,,5,1.67,2,3,3,"","",""
0,"Lynn Hendrix, Eve Harrison","Chronic pain management in the home setting",2023,"Animal Hospice and Palliative Medicine for the House Call Veterinarian","Elsevier","https://doi.org/10.1016/b978-0-323-56798-5.00004-7","",997,"2026-05-27 21:00:15","book-chapter","10.1016/b978-0-323-56798-5.00004-7","",,,,185,237,0,0.00,0,2,3,"","https://api.elsevier.com/content/article/PII:B9780323567985000047",""
0,"Irda Agustin Kustiwi, Hwihanus Hwihanus","CONSTRUCTION ACCOUNTABILITY IN THE RENTAL HOUSE SERVICE BUSINESS",2022,"JEA17: Jurnal Ekonomi Akuntansi","Universitas 17 Agustus 1945 Surabaya","https://doi.org/10.30996/jea17.v7i2.7274","",5,"2026-05-27 21:00:15","journal-article","10.30996/jea17.v7i2.7274","2527-3264",,7,2,16,26,0,0.00,0,2,4,"This study aims to uncover the construction of accountability owned by rental house service business owners domiciled in Surabaya. The approach used the phenomenological paradigm to dig deeper into the value of ever-changing and dynamic phenomena. The results of the study explained that homeowners in running their business are not only profit-oriented which is used as the initial intention in running their business. Instead, it interprets the value of accountability more deeply, namely accountability which is in line with the original intention in doing business with high spirituality. The meaning of accountability is believed to consist of accountability for the tenants of the house, accountability for the environment around the rental house service business, and accountability to God as a reflection of the end of life. Limitations were found from the results of research that focused on rental business owners. So it is hoped that further research can dig deeper into the meaning of accountability that can be practiced by business people in various business fields by prioritizing accounting practices based on the value of local wisdom, culture, social, and religion.","https://jurnal.untag-sby.ac.id/index.php/JEA17/article/download/7274/5255",""
0,"Dequan Xu, Shuangyun Peng, Yuanyuan Du","Design and Implementation of House Rental Management System Based on SSM Framework",2022,"2022 IEEE 5th Advanced Information Management, Communicates, Electronic and Automation Control Conference (IMCEC)","IEEE","https://doi.org/10.1109/imcec55388.2022.10020126","",13,"2026-05-27 21:00:15","proceedings-article","10.1109/imcec55388.2022.10020126","",,,,1711,1714,0,0.00,0,3,4,"","http://xplorestaging.ieee.org/ielx7/10019340/10019341/10020126.pdf?arnumber=10020126",""
0,"Semiyanto Semiyanto, Siti Ummu Adillah, Maryanto Maryanto, Lathifah Hanim","Transfer Juridical Review of Rental Object Function in A Rental Agreement to Rent a Shop House (Ruko) based on the Good Faith Principle",2022,"Sultan Agung Notary Law Review","Universitas Islam Sultan Agung","https://doi.org/10.30659/sanlar.4.1.102-201","",28,"2026-05-27 21:00:15","journal-article","10.30659/sanlar.4.1.102-201","2686-4428",,4,1,102,102,0,0.00,0,4,4,"The purpose of this study was to find out the juridical review regarding the transfer of the function of the object of the shop house rental based on the principle of good faith. The research methodology used is normative juridical with secondary data sources. The results showed that the standard of good faith in the shop house rental agreement (ruko) was carried out before and after the implementation of the agreement. Prior to the implementation of the agreement in the form of honesty and openness, while the objective of good faith in the lease agreement is the fulfillment of achievements in the implementation of the agreement. Regarding the transfer of the function of the object for renting a shop house (ruko) to other than the original purpose, which was legally agreed upon, the Civil Code does not explicitly regulate but the transfer of the function of the object for renting a shop house (ruko) can be seen in the provisions of Article 1560 of the Civil Code where the tenant is obliged to maintain and care for the rented house properly. . Then in Article 1561 of the Civil Code that tenants are prohibited from using the leased object for purposes other than its purpose. These two provisions serve as points for interpreting that the transfer of the object of lease that causes damage is not permitted. 201/Pdt.G/2015/PN Dps regarding the judge's interpretation of the existence of a default in the dispute over the object of the lease from which losses arise due to the use of a shop house (ruko) outside the agreement.","http://jurnal.unissula.ac.id/index.php/SANLaR/article/viewFile/21629/pdf",""
0,"Stefunus Kristianto","Analysis and Rental of Boarding House Information System In Tangerang City",2022,"bit-Tech","Komunitas Dosen Indonesia","https://doi.org/10.32877/bt.v5i1.529","",30,"2026-05-27 21:00:15","journal-article","10.32877/bt.v5i1.529","2622-2728",,5,1,25,36,0,0.00,0,1,4,"For remote workers, overseas students, who have business outside the city, the need for a boarding house is very important to stay for a long time at an affordable cost. Looking for a boarding house can be done by asking friends, owners of nearby boarding houses or visiting adjacent areas from the area visited, so that the information obtained by kostan seekers is less efficient and effective, this results in a lack of information obtained and not fitting according to the ability of the pocket. The purpose of this system can provide data containing kostan information, which is packaged in detail, complete with the location of the boarding house and available facilities. In building this system using PHP and MySQL. Here using the waterfall methodology, this method of logging runs gradually through having to wait for the completion of the previous stage and walks down from the beginning of the development of the system starting from the planning to the final part of the system development is the maintenance stage. The result is a website that contains available boarding house information to make it easier for customers to choose the boarding house they want, and this website can make customers as boarding house owners can promote or add their boarding houses on this website, on this website can also make rental transactions which makes it easier for customers from outside the city to make transactions anywhere and anytime.","https://jurnal.kdi.or.id/index.php/bt/article/download/529/318",""
0,"Elisabeth Oxfeldt","Managing Multicultural Tenants:",2022,"Migration and Multiculturalism in Scandinavia","University of Wisconsin Press","https://doi.org/10.2307/j.ctv27h1p5g.12","",38,"2026-05-27 21:00:15","book-chapter","10.2307/j.ctv27h1p5g.12","",,,,170,190,0,0.00,0,1,4,"","",""
0,"","Prices: Analytical house price indicators (Edition 2021)",2022,"Main Economic Indicators","OECD","https://doi.org/10.1787/1e7703b3-en","",43,"2026-05-27 21:00:15","dataset","10.1787/1e7703b3-en","",,,,,,0,0.00,0,0,4,"","",""
0,"Qingqing Wang","The Way Out of Sustainable Operation Mechanism of Public Rental Houseing in Chongqing: Transforming to Common Property Right House",2022,"Lecture Notes in Operations Research","Springer Nature Singapore","https://doi.org/10.1007/978-981-19-5256-2_52","",51,"2026-05-27 21:00:15","book-chapter","10.1007/978-981-19-5256-2_52","2731-040X",,,,662,674,0,0.00,0,1,4,"","https://link.springer.com/content/pdf/10.1007/978-981-19-5256-2_52",""
5,"Pooja Yadav, Shubham Sharma, Ajit Muzumdar, Chirag Modi, C. Vyjayanthi","Designing a Trustworthy and Secured House Rental System using Blockchain and Smart Contracts",2022,"2022 IEEE 19th India Council International Conference (INDICON)","IEEE","https://doi.org/10.1109/indicon56171.2022.10039764","",57,"2026-05-27 21:00:15","proceedings-article","10.1109/indicon56171.2022.10039764","",,,,1,6,5,1.25,1,5,4,"","http://xplorestaging.ieee.org/ielx7/10038981/10039721/10039764.pdf?arnumber=10039764",""
1,"MTA Wickramasinghe, SHIDN De Silva, D Gunasekera","An Android Application to Manage House Rental and Maintenance in Sri Lanka",2022,"International Journal of Research in Computing","General Sir John Kotelawala Defence University","https://doi.org/10.64701/ijrc/345/5771","",59,"2026-05-27 21:00:15","journal-article","10.64701/ijrc/345/5771","2820-2147",,1,2,32,32,1,0.25,0,3,4,"ABSTRACT The impact of COVID-19 outbreak was felt across all real estate management. A slowdown in the house rental and maintenance management system can be anticipated, as a result of the lock-down and limitations in financing. There is a severe impact on handling the relationship between the house owners, tenants, and the handymen. Property management is a crucial component of being a landlord, but it is far from straightforward. An appropriate methodology was carried out by the researchers to identify all the problems regarding real state property management through quantitative and qualitative data gathering procedures such as semi-structured interviews, face-to-face interviews, questionnaires, and direct observation of the selected sample. After analyzing, the house owner must screen tenants, collect rental fees, handle complaints, and keep tenants satisfied, among other things. In this pandemic situation, tenants faced more difficulties s uch a s d ifficulty in fin ding a b et ter hou se, pay ing mon thly pay ments, paying utility bills, loss of connection with house owners, and finding the nearest h a ndymen. Handymen suffered a lot mainly because of the inability to find works. Researchers’ main aim is to give an appropriate solution for Sri Lankans. By examining the responses this investigation shows that a mobile application would be a better solution than implementing a web application. Iterative waterfall methodology was used for implementing this application. The researchers decided to develop this application using android studio and to enhance the effectiveness of the system by using 360 VR photography, Machine learning (ML)-based technologies, OTP/Fingerprint for User Verification and Geo location, and Geo-tagging. KEYWORDS: House Rental Maintenance Management, 360 VR Photography, Machine Learning","",""
0,"","Tenant Rental System Using CodeIgniter and Bulma",2022,"International Journal of Business and Technology Management","Asian Scholars Network","https://doi.org/10.55057/ijbtm.2022.4.3.29","",62,"2026-05-27 21:00:15","journal-article","10.55057/ijbtm.2022.4.3.29","2682-7646",,,,,,0,0.00,0,0,4,"Along with the rapid and advanced development of technology pushes towards the paperless. The habit of the system or the access process which is implemented manually, has been changed to become more systematic, fast and organized by using the system. Before the proposed system were developed, the room and workspace rental monitoring process only used manual methods such as key in the data using Microsoft Office Excel. This causes the data access process to be slow and also causes data duplication. A manual approach is no longer relevant with today's rapid technological progress. The purpose of this research paper is to study the development of Tenant Rental System by using CodeIgniter and Bulma framework which will simplify the management process between admin, staff and tenant and will also make it easier for tenants to check the amount of current rental that needs to be paid. The agile model has been chosen as a methodology that will help the development process of this system. In conclusion, this project will be able to help the management in monitoring the rental management process. In addition, this project can also help tenants monitor their rental payments online.","",""
0,"","ONLINE CAR RENTAL MANAGEMENT SYSTEM",2022,"International Research Journal of Modernization in Engineering Technology and Science","International Research Journal of Modernization in Engineering Technology and Science","https://doi.org/10.56726/irjmets31824","",68,"2026-05-27 21:00:15","journal-article","10.56726/irjmets31824","2582-5208",,,,,,0,0.00,0,0,4,"","",""
2,"Mthobisi Nhlabathi, Freddy Marilahimbilu Mgiba, Neo Ligaraba","Social Media Marketing Attributes, Sandton’s Rental Market Brand Image, and the Millennials’ Rental Preference: An Empirical Study",2022,"Real Estate Management and Valuation","Walter de Gruyter GmbH","https://doi.org/10.2478/remav-2022-0004","",76,"2026-05-27 21:00:15","journal-article","10.2478/remav-2022-0004","2300-5289",,30,1,34,52,2,0.50,1,3,4,"Abstract: A good image of millennials’ residential rental space is an important issue. This image can be impacted by the available telecommunication technology. Social media marketing can, therefore, be an important marketing tool to achieve it. Many studies have shown that a good brand image positively impacts brand preference. This study quantitatively investigated the impact of social media attributes of trendiness, entertainment, customization, information, interaction on Sandton’s rental market’s brand image, and the relationship between this image and millennials’ rental preference. Data were collected from millennials who have lived, live or intend to live in Sandton. Structural equation modeling was employed for data analysis. The findings of the study are that entertainment, customization, and information positively impact Sandton’s image and that trendiness and interactions do not. Also, the image of Sandton’s rental market has a positive influence on the millennials’ preferences as to rental housing. The outcomes will find application for both academics and management practice as will be shown below.","https://reference-global.com/pdf/10.2478/remav-2022-0004",""
4,"Sergio Gárate Alvarez, Anthony Pennington-Cross","Short-Term Property Rental Platforms and the Housing Market: House Prices and Liquidity",2022,"Journal of Housing Research","Informa UK Limited","https://doi.org/10.1080/10527001.2022.2033389","",95,"2026-05-27 21:00:15","journal-article","10.1080/10527001.2022.2033389","1052-7001",,32,1,1,20,4,1.00,2,2,4,"","https://www.tandfonline.com/doi/pdf/10.1080/10527001.2022.2033389",""
0,"","Analysis of Barriers in Using Rental Marketplace in Indonesia",2022,"Asian Journal of Research in Business and Management","Asian Scholars Network","https://doi.org/10.55057/ajrbm.2022.4.3.34","",96,"2026-05-27 21:00:15","journal-article","10.55057/ajrbm.2022.4.3.34","2682-8510",,,,,,0,0.00,0,0,4,"The purpose of this paper is to explore the status of scholarly research on the review and bibliometrics citation analysis works on an overall journal related to research that engages advertising and job creations in blockchain technology. To execute the bibliometric analysis, data is extracted from the web of science (WOS) database. Data are selected through an inclusion and exclusion process called the PRISMA method. The final selected data are then assessed using the VOSviewer software to create a bibliometrics descriptive and an analytical citation analysis. The scarce number of blockchain bibliometric research; and the unavailability of information to researchers on citations, co-authorship, and co-occurrences of keywords in relation to advertising and job-creations incorporating high technology blockchain has motivated this research. Through a descriptive analysis, the study found that 2,215 article with 33,649 citations related to advertising and job creation in blockchain technology; and through the networking analysis showed that the highest citation counts by Journal of business research with 823 citations, Frishammar, Johan; Parida, Vinit; Westerberg, Mats as author with 339 counts, the Politecn Milan institution with 389 counts, and the U.S.A as country with 1,423 counts. This study has its added value as the analysis provides a bird’s eye view of citations and networking linkages globally benefitting researchers. This study also benefits young researchers to engage in developing novel and ground breaking empirical research ideas in the field of advertising, job creations and blockchain technology.","",""
0,"Selvan C, B Rajalakshmi, Prakruthi C Prakash, Vinay CR, Vijay Selvaraj J","Analysing the Shortest Path between the Source and Rental House Using Machine Learning",2022,"2022 International Conference on Smart Generation Computing, Communication and Networking (SMART GENCON)","IEEE","https://doi.org/10.1109/smartgencon56628.2022.10084057","",100,"2026-05-27 21:00:15","proceedings-article","10.1109/smartgencon56628.2022.10084057","",,,,1,5,0,0.00,0,5,4,"","http://xplorestaging.ieee.org/ielx7/10083316/10083513/10084057.pdf?arnumber=10084057",""
0,"Selvan C, B Rajalakshmi, Prakruthi C Prakash, Vinay CR, Vijay Selvaraj J","Analysing the Shortest Path between the Source and Rental House Using Machine Learning",2022,"2022 International Conference on Smart Generation Computing, Communication and Networking (SMART GENCON)","IEEE","https://doi.org/10.1109/smartgencon56628.2022.10084057","",106,"2026-05-27 21:00:15","proceedings-article","10.1109/smartgencon56628.2022.10084057","",,,,1,5,0,0.00,0,5,4,"","http://xplorestaging.ieee.org/ielx7/10083316/10083513/10084057.pdf?arnumber=10084057",""
0,"А.С. Борзова, С.Г. Корчагин, Я.Е. Львович","Optimization of resource management of a purposeful team activity process in Agile-oriented organizational syste",2022,"Vestnik of Russian New University. Series «Complex systems: models, analysis, management»","RosNOU","https://doi.org/10.18137/rnu.v9187.22.01.p.095","",108,"2026-05-27 21:00:15","journal-article","10.18137/rnu.v9187.22.01.p.095","2414-9187",,,1,95,103,0,0.00,0,3,4,"Рассматривается один из современных классов организационных систем, основанных на командной деятельности активных элементов, – Agile-ориентированные организационные системы. Одним из механизмов управления такими системами является оптимизация распределения ресурсного обеспечения, определяемого управляющим центром: во-первых, между стадиями и итерациями процесса командной деятельности; во-вторых, между членами команды для мотивации эффективного выполнения работ, обеспечивающих целедостижения. Показано, что формализация и решение задачи оптимизации прогнозирования распределения ресурсного обеспечения между стадиями представляет собой сочетание экспертного оценивания желаемого изменения эффективности командной деятельности и оптимизационного моделирования на основе многошагового процесса принятия оптимальных решений. В свою очередь, задача распределения мотивационного ресурсного обеспечения между членами команды является оптимизационной задачей булевого программирования, для решения которой предлагается алгоритм, основанный на направленном рандомизированном поиске. Таким образом обеспечивается принятия управленческих решений по оптимальному распределению ресурсного обеспечения целенаправленного процесса командной деятельности в Agile-ориентированных организационных системах.","",""
1,"Sophia Göppinger, Jaime Luque","Property Management Technology Adoption in the Short-Term Housing Rental Market",2022,"SSRN Electronic Journal","Elsevier BV","https://doi.org/10.2139/ssrn.4115271","",110,"2026-05-27 21:00:15","journal-article","10.2139/ssrn.4115271","1556-5068",,,,,,1,0.25,1,2,4,"","",""
0,"Muhammad Akram Hamzah, Nur Mustika, Mahmud Mustapa, Ummiati Rahmah","Application of Boarding House Rental Location Search System Based on Android",2022,"Ceddi Journal of Information System and Technology (JST)","Yayasan Cendekiawan Inovasi Digital Indonesia","https://doi.org/10.56134/jst.v1i2.23","",116,"2026-05-27 21:00:15","journal-article","10.56134/jst.v1i2.23","2829-6575",,1,2,30,36,0,0.00,0,4,4,"Boarding houses have become a fairly important need for many people, especially for students studying outside the area who choose boarding houses as temporary housing, and students whose homes may be quite far from the campus where they study by renting boarding houses near their campus so as not to spend a lot of energy and time traveling. The boarding house route search information system has benefits for users who will search for the nearest boarding house from various features such as finding boarding house routes and viewing detailed boarding house information. ease of boarding house owners to manage data allows information to be continuously updated. This study aims to create an android-based boarding house location information system. The research stage starts from the design of a system that has been built using a Use Case Diagram that has three actors including admin, boarding house owner, and tenant/user. Each of these actors has different roles and access rights. At the implementation stage of the system creation process using the android studio application, then the system is tested using the BlackBox method. Based on the results of system tests that have been carried out obtaining good results or in other words the system can run as expected.","https://journal.ceddi.id/index.php/jst/article/download/23/17",""
27,"Saif Benjaafar, Daniel Jiang, Xiang Li, Xiaobo Li","Dynamic Inventory Repositioning in On-Demand Rental Networks",2022,"Management Science","Institute for Operations Research and the Management Sciences (INFORMS)","https://doi.org/10.1287/mnsc.2021.4286","",126,"2026-05-27 21:00:15","journal-article","10.1287/mnsc.2021.4286","0025-1909",,68,11,7861,7878,27,6.75,7,4,4,"We consider a rental service with a fixed number of rental units distributed across multiple locations. The units are accessed by customers without prior reservation and on an on-demand basis. Customers can decide on how long to keep a unit and where to return it. Because of the randomness in demand and in returns, there is a need to periodically reposition inventory away from some locations and into others. In deciding on how much inventory to reposition and where, the system manager balances potential lost sales with repositioning costs. Although the problem is increasingly common in applications involving on-demand rental services, not much is known about the nature of the optimal policy for systems with a general network structure or about effective approaches to solving the problem. In this paper, first, we show that the optimal policy in each period can be described in terms of a well-specified region over the state space. Within this region, it is optimal not to reposition any inventory, whereas, outside the region, it is optimal to reposition but only such that the system moves to a new state that is on the boundary of the no-repositioning region. We also provide a simple check for when a state is in the no-repositioning region. Second, we leverage the features of the optimal policy, along with properties of the optimal cost function, to propose a provably convergent approximate dynamic programming algorithm to tackle problems with a large number of dimensions.","https://pubsonline.informs.org/doi/pdf/10.1287/mnsc.2021.4286",""
0,"Liangqian Gu","On the perfection of China's Long-term Rental System",2022,"Frontiers in Business, Economics and Management","Darcy & Roy Press Co. Ltd.","https://doi.org/10.54097/fbem.v3i3.314","",130,"2026-05-27 21:00:15","journal-article","10.54097/fbem.v3i3.314","2766-824X",,3,3,40,42,0,0.00,0,1,4,"Since 2015, the central government has made great efforts to promote the policy of ""simultaneous rent-purchase"". Local governments and financial institutions have strongly supported the long-term rental industry, which has been valued by major investors with considerable profits and good development momentum. But after more than six years of development, the industry is in turmoil. For example, some leasing enterprises withdraw from the market in the form of capital chain fracture, which has brought a lot of negative influence to the whole lessor, lessor and society. In view of the deficiencies in macro management, this paper, from the perspective of policy support, promotes the long-term rental system to play a role in management mode, operation mode, capital management and other aspects. After comparing the existing system, the author puts forward some suggestions to promote the standardized operation of long-term rental market.","https://drpress.org/ojs/index.php/fbem/article/download/314/256",""
0,"Michael Eric Siegel","Structure, Management",2022,"Lessons in Leadership from the White House to Your House","Routledge","https://doi.org/10.4324/9781003285229-4","",131,"2026-05-27 21:00:15","book-chapter","10.4324/9781003285229-4","",,,,108,154,0,0.00,0,1,4,"","",""
2,"Abibual Getachew Nigatu, Atinkugn Assefa Belete","Determinants of Business House Rental Income Taxpayers’ Compliance with Tax System in Afar Region, Northeast Ethiopia",2022,"Journal of Tax Reform","Ural Federal University","https://doi.org/10.15826/jtr.2022.8.3.121","",137,"2026-05-27 21:00:15","journal-article","10.15826/jtr.2022.8.3.121","2412-8872",,8,3,270,284,2,0.50,1,2,4,"The biggest impediment to the Ethiopian government’s ability to raise revenue by its means to the required level is the lack of taxpayers’ compliance behavior with the tax system. Therefore, this study examines the key determinants of taxpayers’ compliance behavior with the tax system in the Afar regional state. To this end, two purposively selected woredas (Awash and Aba’ala) and one city administration (Samara-logia) were used. Primary data were collected from 404 randomly selected respondents. The ordered logistic regression model was used to analyze the factors that determine tax compliance. Results show that tax knowledge, probability of detection, perception of government spending, organizational strength of the tax authority, fairness of the tax system, and simplicity of the tax system have positive effects on tax compliance, whereas tax rates have a negative effect on tax compliance in the Afar regional state. As a result, it is suggested that the tax authorities launch effective and brief awareness-development and tax education programs for the general public and taxpayers in particular. The tax system, notably the tax return, tax forms, and tax rules, should be simplified by the tax authorities so that they are readily understood by taxpayers. Furthermore, the tax authorities should be powerful enough to effectively and efficiently enforce the tax laws, and to ensure tax fairness, their tax liability must be determined by their ability to pay. Lastly, the government must maintain accountability and transparency in how tax revenue is dispensed, as well as deliver social services to the public efficiently and intelligently so that taxpayers have faith in and a favorable attitude toward the taxes they pay and the tax system.","",""
15,"Yaoyao Li, Yuan Qi, Licheng Liu, Yuchen Hou, Shuya Fu, Jingtao Yao, Daolin Zhu","Effect of increasing the rental housing supply on house prices: Evidence from China’s large and medium-sized cities",2022,"Land Use Policy","Elsevier BV","https://doi.org/10.1016/j.landusepol.2022.106420","",148,"2026-05-27 21:00:15","journal-article","10.1016/j.landusepol.2022.106420","0264-8377",,123,,106420,106420,15,3.75,2,7,4,"","https://api.elsevier.com/content/article/PII:S0264837722004471",""
0,"Yuze Tang","Research on Influencing Factors of Car Rental Price Based on a Linear Regression Model",2022,"BCP Business &amp; Management","Boya Century Publishing","https://doi.org/10.54691/bcpbm.v34i.3133","",174,"2026-05-27 21:00:15","journal-article","10.54691/bcpbm.v34i.3133","2692-6156",,34,,1016,1022,0,0.00,0,1,4,"The car rental becomes more and more prevalent as a way of road trips or daily use in the United States. Making the strategy of arranging the type and distribution of vehicles is a great challenge for car rental companies to attract customers. Linear regression is used in this study to analyze the impact of potential factors of vehicles on ratings from customers. These linear regression models are generated based on 5286 sets of data. The result shows that the type of electric vehicles, body style of SUVs, and new vehicles stimulate the increasement of the satisfaction of customers. In contrast, the body style taken has a negative relationship with customers’ ratings. Furthermore, renter trips taken has little impact on customer reflection compared to the age of vehicles. The purpose of this study is to provide a reference for companies to build proper strategies based on customer’s reviews to improve their business.","https://bcpublication.org/index.php/BM/article/download/3133/3085",""
9,"Suneela Ahmed, Madiha Salam","Rental housing policies and associated legal covers: Case of middle income formal housing in Karachi",2022,"Journal of Urban Management","Elsevier BV","https://doi.org/10.1016/j.jum.2022.09.002","",186,"2026-05-27 21:00:15","journal-article","10.1016/j.jum.2022.09.002","2226-5856",,11,4,488,499,9,2.25,5,2,4,"","https://api.elsevier.com/content/article/PII:S2226585622000759",""
0,"Ji Sun Chung, Jae Hyun Jung","Policy Directions of Capital Gain Tax, Acquisition Tax, and House Rental Income Tax Systems",2022,"KOREAN SOCIETY OF TAX LAW","Korean Society of Tax Law","https://doi.org/10.37733/tkjt.2022.7.2.59","",190,"2026-05-27 21:00:15","journal-article","10.37733/tkjt.2022.7.2.59","2508-6707",,7,2,59,102,0,0.00,0,2,4,"Capital gain tax and acquisition tax are representative real estate related taxes of Korea as well as comprehensive real estate tax. In case of capital gain tax, tax-free conditions of one-household-one house cases were re- peatedly strengthened and relieved and acquisition tax rates were increased and decreased depending on real estate price fluctuation. That is, when real estate prices fell, the policy to reduce tax burden of real estate was executed by relieving tax-free conditions of one-household-one house cases or reducing acquisition tax rates and, when real estate prices rose, the policy to increase tax burden of real estate was executed by strengthening tax-free conditions of one-household-one house cases or increasing acquisition tax rates. However, it is questionable whether it was effective to change real estate taxation system depending on real estate price fluctuation and the effect might be negative in most of cases. In such respect, the measures to improve capital gain tax and acquisition tax may be arranged as shown below. First, in case of capital gain tax, it is desirable to increase the standard of a high-price house from KRW 1.2 billion to KRW 1.5 billion. Second, when it would be desirable to define a one-household-one house case based on dwelling period rather than possession period. Third, as special deduction for long-term possession basically intends removal of nominal gain, it is desirable to apply special deduction for long- term possession in case of multi-house holders, too. Fourth, it would be desirable to abrogate heavy tax rates exceeding 50% for short-term holders and multi-house holders. Fifth, it would not be desirable to reduce overall acquisition tax rates. Sixth, it is desirable to maintain current 4% of acquisition tax rate for acquisition of houses with payment and to abrogate high acquisition tax rates for multi-house holders. Seventh, it is required to set consistent taxation benefit in case of house rental income taxation system in order to give predictability and legal stability to registered rental businessmen.","",""
1,"Galih Aryo Bramantyo","Consumer Preferences on the Selection of Minibus Rental Services",2022,"International Journal of Review Management Business and Entrepreneurship (RMBE)","Universitas Ciputra Surabaya","https://doi.org/10.37715/rmbe.v2i1.2907","",206,"2026-05-27 21:00:15","journal-article","10.37715/rmbe.v2i1.2907","2797-9237",,2,1,1,10,1,0.25,1,1,4,"The purpose of this study is to analyze and evaluate consumer preferences in choosing minibus rental services in Surabaya. The research method/approach used in this research is descriptive quantitative. The data analysis technique used in this research is conjoint analysis. Conjoint analysis is a technique that is specifically used to understand how consumers want or preferences for a product or service by measuring the level of usefulness and the relative importance of various attributes of a product. JN Transport management can determine market/customer penetration so that JN Transport can outperform competitors. In addition to market penetration, this research can be one of the management considerations to raise the brand (brand) that has been built by management. The management of JN Transport must also be able to see opportunities by analyzing the customers/clients that will be explored for cooperation. Determining the customer/client will be very influential in the future for the sustainability of JN Transport's business. Based on data analysis and discussion, the researcher can conclude that the combination is the most preferred and becomes the customer's attention when choosing to use the services of JN transport with the 5th combination where Hiace is the preferred fleet with driverless services and a 3-month contract method.","https://journal.uc.ac.id/index.php/RMBE/article/download/2907/1974",""
0,"Bo Wang, Lingling Wang, Hongliang Guo, Peng Zhou","Privacy-Preserving Smart Lock System for IoT-enabled Rental House Markets",2022,"2022 IEEE International Conference on Trust, Security and Privacy in Computing and Communications (TrustCom)","IEEE","https://doi.org/10.1109/trustcom56396.2022.00095","",209,"2026-05-27 21:00:15","proceedings-article","10.1109/trustcom56396.2022.00095","",,,,664,669,0,0.00,0,4,4,"","http://xplorestaging.ieee.org/ielx7/10063338/10063342/10063539.pdf?arnumber=10063539",""
0,"Achmad Usman, Fajar Kurniawan, Radhi Prasetiya, Fuadi Arif Nasution","Selection of Rental Warehouse Using Analytical Hierarchy Process (AHP) Method Based on the Area Requirement Evaluation and the Design of Rental Warehouse Layout Using ABS Analysis and Office Layout Technique at PT. XYZ",2022,"Proceedings of the International Conference on Industrial Engineering and Operations Management","IEOM Society International","https://doi.org/10.46254/in02.20220558","",212,"2026-05-27 21:00:15","proceedings-article","10.46254/in02.20220558","",,,,2356,2367,0,0.00,0,4,4,"","",""
0,"Rosyidah ‘Adilah, Prananda Navitas","Evaluating COVID-19 Transmission Prevention Measures in Public Rental Flats (Rusunawa)",2022,"Journal of Infrastructure &amp; Facility Asset Management","Lembaga Penelitian dan Pengabdian kepada Masyarakat ITS","https://doi.org/10.12962/jifam.v4i2.14372","",224,"2026-05-27 21:00:15","journal-article","10.12962/jifam.v4i2.14372","2656-8896",,4,2,,,0,0.00,0,2,4,"","",""
0,"Padova Bima Maldini, Ade Eviyanti","Web-Based Tourism Bus Rental Web-Based Tourism Bus Rental",2022,"Procedia of Engineering and Life Science","Universitas Muhammadiyah Sidoarjo","https://doi.org/10.21070/pels.v2i2.1255","",243,"2026-05-27 21:00:15","journal-article","10.21070/pels.v2i2.1255","2807-2243",,2,2,,,0,0.00,0,2,4,"Advances in information technology, encourage many people to create the latest innovations for humans in disseminating information and obtaining information. Information that used to take a lot of time but in this case can be accessed in a matter of seconds we can receive the information, and it is the company's obligation to provide this information so that it can be quickly and easily accepted by all consumers. Po MWD 555 has several units and types of buses, such as big buses, medium buses, which in the provision of this type of bus will be adjusted to the needs of the tenants. Inside the bus, facilities such as air conditioning, TV, blankets and pillows are also provided so that customers feel at home and comfortable when renting a bus. In this study, the author uses the Waterfall method as the process or flow of the research to be carried out. The test results of the applications that have been made get the results that all the features and functions of the system can run according to what has been designed. In addition, the author also tested using the UAT method to get a percentage value of 96% so it can be concluded that this application can be accepted by users.","https://pels.umsida.ac.id/index.php/PELS/article/download/1255/861",""
0,"Xinyu Dong, Yining He, Suwei Wang, Xinyi Zhang","Blockchain Rental Platform for College Students Driven by Reward and Punishment Mechanism",2022,"BCP Business &amp; Management","Boya Century Publishing","https://doi.org/10.54691/bcpbm.v21i.1181","",252,"2026-05-27 21:00:15","journal-article","10.54691/bcpbm.v21i.1181","2692-6156",,21,,82,93,0,0.00,0,4,4,"For those who are employed nowadays, the living environment largely affects the quality of work. In order to access employment opportunities in first-tier cities, renting an apartment has become a hot social issue for the new generation of youth, and therefore the development of the rental market has gradually become an important part of the economic development. In order to ensure the stable growth of China's market economy and a favorable employment environment for the new generation of Chinese talents, it is necessary to help the new youth group with insufficient social experience to avoid falling into the trap of rental agents and to match with suitable housing, this paper proposes a solution based on a blockchain rental platform driven by reward and punishment mechanisms for college students, focusing on the innovation of specific reward and punishment mechanisms, through the design of coin issuance mechanism, workload determination By designing key components such as coin issuance mechanism, workload determination mechanism, and reputation mechanism, combined with the design of personalized platform functional blocks for college students, the functional operation of this platform is envisioned based on smart contracts, which fills the gap of blockchain renting for college students as well as the refinement of reward mechanism of blockchain renting platform. This design can be applied to build a practical scenario of a blockchain rental platform serving college students and promote the process of upgrading and transforming the traditional rental industry using blockchain technology.","http://bcpublication.org/index.php/BM/article/download/1181/1183",""
0,"Aat Eska Fahmadi, Srianto Srianto, Moch Aziz Kurniawan","The Study of Standard Operating Procedures (SOP) Implementation of Vehicle Rental Service Providers in Bali",2022,"Asian Journal of Logistics Management","Institute of Research and Community Services Diponegoro University (LPPM UNDIP)","https://doi.org/10.14710/ajlm.2022.16861","",253,"2026-05-27 21:00:15","journal-article","10.14710/ajlm.2022.16861","2830-1803",,1,2,123,131,0,0.00,0,3,4,"This paper examines how vehicle service companies in Bali have implemented their work and operational requirements. This study aims to find out whether vehicle service providers have implemented Standard Operating Procedures for tourists in Bali. This research is a descriptive research. The sample in this study were 42 service providers spread across the island of Bali.  The data collection methods was simple random sampling while the data analysis using content analysis. According to the authors' data, only 18 (43%) of the companies that provided motor vehicle rental services had operational standards (SOP), while the other 24 (57%) either lacked them or couldn't prove they existed. 18 or more of these service providers, many of which merely verbally convey it. Other than that, there is still a gap between the work done by the 18 service providers and what is done in practice, such as when permits are issued to foreigners who lack an international license, carry a false identity, or give a permissions to Underage foreigners. There is no legal framework that regulates the SOP for vehicle rental. So that makes the existing SOP very diverse. The legal framework regarding standardization of policies, regulatory requirements for motor vehicle leasing should be regulated by one of the policy makers, in this case the government.  ","https://ejournal2.undip.ac.id/index.php/ajlm/article/viewFile/16861/8420",""
0,"Aruna Nair","Cobbe v Yeoman’s Row Management Ltd [2008] UKHL 55, House of Lords",2022,"Essential Cases: Land Law","Oxford University Press","https://doi.org/10.1093/he/9780191948848.003.0004","",273,"2026-05-27 21:00:15","book-chapter","10.1093/he/9780191948848.003.0004","",,,,,,0,0.00,0,1,4,"<p> <italic>Essential Cases: Land Law</italic> provides a bridge between course textbooks and key case judgments. This case document summarizes the facts and decision in <italic>Cobbe v Yeoman’s Row Management Ltd</italic> [2008] UKHL 55, House of Lords. The document also includes supporting commentary from author Aruna Nair.</p>","",""
0,"","",2022,"House of Management and Business (HOMBIS) Journal","Universitas Muhammadiyah Gombong","https://doi.org/10.26753/hombis.v1i2","",274,"2026-05-27 21:00:15","journal-issue","10.26753/hombis.v1i2","2829-7997",,1,2,,,0,0.00,0,0,4,"","",""
1,"","Projection and implementation of a model for car rental system",2022,"Projection and implementation of a model for car rental system","Šiaulių valstybinė kolegija","https://doi.org/10.56131/tmt.2022.1.1/06","",279,"2026-05-27 21:00:15","proceedings-article","10.56131/tmt.2022.1.1/06","",,,,,,1,0.25,0,0,4,"","",""
5,"Zisheng Song, Mats Wilhelmsson, Zan Yang","Constructing segmented rental housing indices: evidence from Beijing, China",2022,"Property Management","Emerald","https://doi.org/10.1108/pm-07-2021-0052","",282,"2026-05-27 21:00:15","journal-article","10.1108/pm-07-2021-0052","0263-7472",,40,3,409,436,5,1.25,2,3,4,"Purpose: This paper aims to construct rental housing indices and identify market segmentation for more effective property-management strategies. Design/methodology/approach: The hedonic model was employed to construct the rental indices. Using the Findings: Rental housing market segmentation may distribute across administrative boundaries. Properly segmented indices could provide a better account for the heterogeneity and spatial continuity of rental housing and as well be crucial for effective property management. Research limitations/implications: Residential rent might not only vary over space but also interplays with housing price. It would be worth studying how the rental market functions together with the owner-occupied sector in the future. Practical implications: Residential rental indices are of great importance for policymakers to be able to evaluate housing policies and for property managers to implement competitive strategies in the rental market. Their constructions largely depend on the analysis of market segmentation, a trade-off between housing spatial heterogeneity and continuity. Originality/value: This paper fills the gap in knowledge concerning segmented rental indices construction, particularly in China. The spatial constrained clustering approach (REDCAP) was also initially introduced to identify regionalised market segmentation due to its superior performance.","https://www.emerald.com/insight/content/doi/10.1108/PM-07-2021-0052/full/html",""
1,"Patience Osaiwie Iruobe, Joseph Chukwuma Nworah","Tenants’ Demographic Characteristics and Tenancy Renewal Tendencies in Benin City Rental Housing, Nigeria",2022,"The International Journal of  Business &amp; Management","International Journal of Innovative Research & Development (GlobeEdu)","https://doi.org/10.24940/theijbm/2022/v10/i8/bm2208-037","",288,"2026-05-27 21:00:15","journal-article","10.24940/theijbm/2022/v10/i8/bm2208-037","2321-8916",,10,8,,,1,0.25,1,2,4,"","",""
0,"Kartik Buradkar, Santoshi Kori, Sakshi Ruikar, Vipul Galfat, Dipti Patil, Rajesh Nasare","Property Rental Management System",2022,"International Journal of Computer Science and Mobile Computing","Zain Publications","https://doi.org/10.47760/ijcsmc.2022.v11i11.014","",298,"2026-05-27 21:00:15","journal-article","10.47760/ijcsmc.2022.v11i11.014","2320-088X",,11,11,177,179,0,0.00,0,6,4,"A platform for administration via which an existing local firm can be transformed into an internet venture. Two components, one for the consumer application and one for the backend storage, make up the rental management system. A consumer portal called Cashing Flow is also available. This has been implemented to get around the recently enhanced rules pertaining to individual space concord. Regarding the technologies employed in this application, we made use of the most recent Google-introduced tools, the Flutter technology and the Dart language. Python and JS were used to create the front end and back end of the web software that is used in this application. Although there is a quick overview of the full project in the introduction, the specifications for which this ERP has been designed are listed. Information on the technology utilized to create this ERP model is provided after the same. According to the literature review, various papers were selected, and the details were then adjusted in accordance with this ERP advantage.","",""
0,"Derek Whayman","Cobbe v Yeoman’s Row Management Ltd [2008] UKHL 55, House of Lords",2022,"Essential Cases: Equity &amp; Trusts","Oxford University Press","https://doi.org/10.1093/he/9780191948862.003.0049","",304,"2026-05-27 21:00:15","book-chapter","10.1093/he/9780191948862.003.0049","",,,,,,0,0.00,0,1,4,"<p> <italic>Essential Cases: Equity &amp; Trusts</italic> provides a bridge between course textbooks and key case judgments. This case document summarizes the facts and decision in <italic>Cobbe v Yeoman’s Row</italic> [2008] UKHL 55, House of Lords. The document also includes supporting commentary from author Derek Whayman.</p>","",""
30,"Cristina Miguel, Anna Pechurina, Berna Kirkulak-Uludag, Maria Hadjielia Drotarova, Kosjenka Dumančić, Ivana Načinović Braje, Carlo Giglio","Short-term rental market crisis management during the COVID-19 pandemic: Stakeholders’ perspectives",2022,"International Journal of Hospitality Management","Elsevier BV","https://doi.org/10.1016/j.ijhm.2022.103147","",305,"2026-05-27 21:00:15","journal-article","10.1016/j.ijhm.2022.103147","0278-4319",,102,,103147,103147,30,7.50,4,7,4,"","https://api.elsevier.com/content/article/PII:S0278431922000093",""
0,"Julie Le Gallo, Martin Regnaud, Marie Breuille","Understanding rental profit and mechanisms that yields rental and real estate prices using machine learning approach",2022,"28th Annual European Real Estate Society Conference","European Real Estate Society","https://doi.org/10.15396/eres2022_107","",309,"2026-05-27 21:00:15","proceedings-article","10.15396/eres2022_107","",,,,,,0,0.00,0,3,4,"","",""
0,"Devashish De, Shalini Mahapatra","A Case Study of Rental Management in India Under COVID19",2022,"Springer Proceedings in Business and Economics","Springer Nature Singapore","https://doi.org/10.1007/978-981-19-0357-1_29","",323,"2026-05-27 21:00:15","book-chapter","10.1007/978-981-19-0357-1_29","2198-7246",,,,341,362,0,0.00,0,2,4,"","https://link.springer.com/content/pdf/10.1007/978-981-19-0357-1_29",""
0,"Hsin Hsin Chang, Ting Yu Tseng","A Consumption Value Evaluation of Rental Preference and Environmental Consciousness on Long-Term Rental City Bikes",2022,"SSRN Electronic Journal","Elsevier BV","https://doi.org/10.2139/ssrn.4016314","",328,"2026-05-27 21:00:15","journal-article","10.2139/ssrn.4016314","1556-5068",,,,,,0,0.00,0,2,4,"","",""
0,"Hiroko SAITO","Rental Housing Management Business Responding to New Needs Current Conditions and Challenges in the Rental Housing Management Business",2022,"The Japanese Journal of Real Estate Sciences","Japan Association for Real Estate Sciences","https://doi.org/10.5736/jares.36.3_4","",345,"2026-05-27 21:00:15","journal-article","10.5736/jares.36.3_4","0911-3576",,36,3,4,5,0,0.00,0,1,4,"","https://www.jstage.jst.go.jp/article/jares/36/3/36_4/_pdf",""
0,"И.А. Шишова","Company management in the real estate rental market: analysis of the external environment",2022,"Экономика и предпринимательство","INTERECONOM Publishing","https://doi.org/10.34925/eip.2022.142.5.231","",371,"2026-05-27 21:00:15","journal-article","10.34925/eip.2022.142.5.231","1999-2300",,,5,1193,1196,0,0.00,0,1,4,"В статье рассмотрены теоретико-методологические аспекты управления компанией на рынке аренды недвижимости. Акцентированно рассматривается анализ внешней среды Автор использовал такие методы исследования, как дедукция, индукция, монографический, анализ, синтез, научная аналогия, сравнение и др. В статье представлен прикладной теоретический базис, рассмотрены актуальные проблемы, приводятся обоснованные пути их решения на основании проведенного исследования. Статья освещает теоретико-методологические аспекты по заявленной теме, вклад автора состоит в уточнении, систематизации и дополнении положений в области управления компанией на рынке аренды недвижимости.","",""
7,"Alina Źróbek-Różańska","Students and the City: Student Rental Behaviour During COVID-19 in the Example University Town",2022,"Real Estate Management and Valuation","Walter de Gruyter GmbH","https://doi.org/10.2478/remav-2022-0024","",372,"2026-05-27 21:00:15","journal-article","10.2478/remav-2022-0024","2300-5289",,30,3,98,111,7,1.75,7,1,4,"Abstract: The COVID-19 pandemic has created a lot of unexpected changes, but also provided a unique opportunity to study the rental behavior of students under specific conditions, as lockdowns and implemented restrictions have also reached the sphere of higher education. This article attempts to shed light on the impact of the COVID-19 pandemic on students’ rental behavior on the example of a university town. The main source of data were questionnaires, data from the Statistics Poland, public and private institutions involved in real estate market research, and professional media. As the survey was carried out directly among a group of student-tenants and was supplemented by a survey among landlords, it provided information on students’ behavior on the rental market. Students have proved to be extremely elastic tenants, though a clear difference in the behavior of first degree, second degree and unified masters students was observed.","https://reference-global.com/pdf/10.2478/remav-2022-0024",""
4,"Xingguang Li, Xuexi Huo","Impact of Farmland Rental Contract Disputes on Farmland Rental Market Participation",2022,"Land","MDPI AG","https://doi.org/10.3390/land11122138","",377,"2026-05-27 21:00:15","journal-article","10.3390/land11122138","2073-445X",,11,12,2138,2138,4,1.00,2,2,4,"In the context of an ambiguous structure of farmland property rights, farmland rental contract disputes exhibited an upward tendency over the past decade, in practice, which damaged the expectations of land tenure security and, consequently, influenced the willingness of people to participate in farmland rental markets. Thus, the main aim of this paper was to analyze the impact of farmland rental contract disputes on farmland rental market participation, which was empirically tested by using a logit model, IV-probit model, and survey data for 762 apple growers. The results indicated that (1) farmland rental contract disputes significantly boosted the transfer of farmland to relatives and friends, (2) obtaining reasonable compensation in the process of solving farmland rental contract disputes significantly boosted farmland rental market participation for all types of objects of farmland transfers, and (3) farmland rental contract disputes significantly promoted farmers’ choice of relatives as the objects of farmland transfers. Participating in farmland rental markets was a freely pursued decision-making process, based on the actual situation, and farmers improved their expectations of the risks to farmland property rights by resorting to the reputation mechanism. However, obtaining reasonable compensation was conducive to reducing market segmentation and discrimination. Based on our analysis, the key factor in enhancing farmland rental market participation and reducing market segmentation was improving the stability of farmland property rights, and, in practice, farmland rental contract disputes should be reasonably reduced and regulated. This paper not only emphasizes the importance of solving farmland rental contract disputes reasonably, but also provides a reference for improving relevant laws and regulations on farmland transfers, which is conducive to developing farmland rental markets in the context of an ambiguous structure of farmland property rights in some developing countries.","https://www.mdpi.com/2073-445X/11/12/2138/pdf",""
0,"Hong Zhang, Lihong Du, Xiaoge Duan","Research on Optimal Pricing of Time-Sharing Car Rental Service Under Unbalanced Demand",2022,"Proceedings of the 2022 3rd International Conference on Management Science and Engineering Management (ICMSEM 2022)","Atlantis Press International BV","https://doi.org/10.2991/978-94-6463-038-1_38","",379,"2026-05-27 21:00:15","book-chapter","10.2991/978-94-6463-038-1_38","",,,,415,423,0,0.00,0,3,4,"","",""
0,"Junfeng Jiao, Xiaohan Wu, Yefu Chen, Arya Farahi","Comparing the Impacts of COVID-19 on Residential Rental Market Across Rental Sectors: Evidence from City of Austin",2022,"SSRN Electronic Journal","Elsevier BV","https://doi.org/10.2139/ssrn.4270016","",383,"2026-05-27 21:00:15","journal-article","10.2139/ssrn.4270016","1556-5068",,,,,,0,0.00,0,4,4,"","",""
3,"Ufuk ALKAN","Main determinants of house prices: Effects of construction cost and house sales to foreigners",2022,"Business &amp; Management Studies: An International Journal","ACC Publishing","https://doi.org/10.15295/bmij.v10i4.2159","",394,"2026-05-27 21:00:15","journal-article","10.15295/bmij.v10i4.2159","2148-2586",,10,4,1512,1528,3,0.75,3,1,4,"Housing prices have increased worldwide with the increase in commodity prices. They have become a primary investment tool most consumers prefer, especially to protect themselves from inflation. One of the main questions is which macroeconomic factors affect the housing price index, especially the increase in the number of houses sold to foreigners and the increase in construction costs. The study will answer whether the increase in housing costs or the increase in sales to foreigners causes an increase in housing prices. The variables in the study consist of macroeconomic variables that were mostly included in previous studies. Data from January 2015 to March 2022 consisted of 87-period data. Time series analysis has been tried to be explained with the help of the ARDL model by performing a boundary test. In the model, all variables were significant, but a long-term relationship was found, not a short-term one. Tests have demonstrated the model's accuracy for deviation from basic assumptions and structural break tests. Taking the logarithms of the variables in the model makes it possible to interpret them flexibly. In this context, contrary to expectations, it was determined that house sales to foreigners decreased the house price index, and the biggest reason for the increase in house prices was the cost increases that took place worldwide. Other variables that increase and decrease the housing price index are interpreted, and suggestions are made to solve the housing problem. It is considered that the model gives an idea to understand the increase in housing prices, but other social factors should also be considered for housing demand.","https://www.bmij.org/index.php/1/article/download/2159/1737",""
0,"Fatimah Binta Abdulmalik, Namnso Bassey Udoekanem","Commercial Real Estate Rental Variation in Ilorin, Nigeria",2022,"Baltic Journal of Real Estate Economics and Construction Management","Walter de Gruyter GmbH","https://doi.org/10.2478/bjreecm-2022-0010","",408,"2026-05-27 21:00:15","journal-article","10.2478/bjreecm-2022-0010","2255-9671",,10,1,140,155,0,0.00,0,2,4,"Abstract: The goal of any real estate investor is to maximize return. This can be achieved through the generation of rental income. Thus, it is pertinent that the nature and characteristics of rental value are understood by investors to enhance real estate market penetration. This study examined commercial real estate rental variation in Ilorin, Nigeria, with specific focus on commercial complexes. For data collection, the study area was delineated into three commercial zones. Primary data for the study were collected from occupiers of commercial complexes and property valuers operating within these areas through structured questionnaire, based on purposive sampling technique. The study utilised an analysis of variance (ANOVA) technique to analyse the variation in rental values of commercial complexes in the study area. Results of data analysis revealed a statistically significant variation in rental values of commercial complexes in the study area (","https://reference-global.com/pdf/10.2478/bjreecm-2022-0010",""
1,"Diego de Jaureguizar Cervera, Diana C. Pérez-Bustamante Yábar, Javier de Esteban Curiel","Factors affecting short-term rental first price: A revenue management model",2022,"Frontiers in Psychology","Frontiers Media SA","https://doi.org/10.3389/fpsyg.2022.994910","",412,"2026-05-27 21:00:15","journal-article","10.3389/fpsyg.2022.994910","1664-1078",,13,,,,1,0.25,0,3,4,"The aim of this paper is to conduct a revenue management study, generating a theoretical model that establishes the relationship between the factors of a Short-Term Rental apartment offered on the Airbnb marketplace or similar and its optimal rental price set when the property is first put on the market, considering not only the characteristics defined in the platform listing but also the sociodemographic characteristics of the area in which the apartment is located. The research process was structured in six phases as case study for the technology transfer model. First, research planning was conducted to estimate the time, cost, and suitability of the research topic. Second, the study design was determined to establish a technology transfer model focusing on the theory of mixed revenue management. Third, data collection about the city of Madrid was extracted from two technological databases, namely","https://www.frontiersin.org/articles/10.3389/fpsyg.2022.994910/full",""
0,"Risma Risma, Dwi Dani Apriyani, Natalia Tri Astuti","Perancangan Sistem Aplikasi Rental Mobil pada Rental Mobil Toko 28 Berbasis Java Netbeans",2022,"Jurnal Riset dan Aplikasi Mahasiswa Informatika (JRAMI)","Universitas Indraprasta PGRI","https://doi.org/10.30998/jrami.v3i04.2523","",430,"2026-05-27 21:00:15","journal-article","10.30998/jrami.v3i04.2523","2715-8756",,3,4,723,730,0,0.00,0,3,4,"Rental Mobil Toko 28 merupakan sebuah badan usaha dibidang jasa penyewaan kendaraan roda empat yang berdiri pada tahun 2016. Dalam proses penyewaan sering kali terjadi kesalahan dalam proses pendataan sewa, perhitungan jumlah transaksi dan keterlambatan dalam pembuatan laporan terhadap pemilik dikarenakan masih menggunakan cara manual dan belum terkomputerisasi. Maka untuk menangani masalah tersebut peneliti tertarik untuk membuat sistem aplikasi rental mobil yang sudah terkomputerisasi yang bertujuan untuk memudahkan proses kerja karyawan dalam melakukan pendataan sewa, transaksi dan juga laporan pada Rental Mobil Toko 28. Pengumpulan data pada penelitian ini dilakukan dengan tahapan-tahapan, yaitu observasi, wawancara dengan pemilik dan pekerja serta melakukan studi literatur. Dengan menggunakan metode pengembangan sistem yaitu Waterfall dalam penelitian ini dengan menggunakan tahapan-tahapan seperti analisa kebutuhan sistem, studi kepustakaan, pengumpulan data dan perancangan, pengkodean sistem, serta pengujian sistem. Pada penelitian ini perancangan sistem aplikasi penyewaan dibuat dengan menggunakan bahasa pemrograman JAVA dengan Netbeans IDE dan untuk database menggunakan MySQL dengan tools XAMPP. Hasil dari penelitian ini yaitu mempermudah proses kerja karyawan dalam melakukan pengolahan data transaksi penyewaan.","http://jim.unindra.ac.id/index.php/jrami/article/viewFile/2523/1144",""
0,"Devi Lestari, Ambo Wonua Nusantara, Muhammad Nur Afiat","USAHA RENTAL MOBIL DITINJAU DARI EKONOMI ISLAM (STUDI KASUS ODE-ODE REVOLUSI RENTAL CAR KENDARI)",2022,"Jurnal Ekonomi Pembangunan (JEP) UHO","Universitas Halu Oleo","https://doi.org/10.57206/jep_uho.v12i1.27650","",436,"2026-05-27 21:00:15","journal-article","10.57206/jep_uho.v12i1.27650","2503-2089",,12,1,707,707,0,0.00,0,3,4,"The purpose of this study was to determine the application of car rental carried out by the Ode-Ode Revolution Car Rental Kendari in terms of Islamic Economics. The data analysis used in this research is inductive qualitative. The results of this study indicate that the lease has been running according to Islamic law, even leasing is prescribed in Islam. However, in the implementation of leasing at Ode-Ode Rental there is a deviation made by the tenant which we can see in the risk of accidents described previously, where the tenant cannot afford the damage to the car he experienced in accordance with the rental agreement. So that there is a deviation in the practice of renting in the Revolutionary Orders of Car Rental Kendari which is not in accordance with Islamic Economics, in Islamic Economics this practice is strictly prohibited because it has harmed other people, here we can see deviations that lead to a violation of the agreement that has been agreed upon. between the two parties between the business owner (leasing) and the tenant.","https://ojs.uho.ac.id/index.php/JEP/article/viewFile/27650/pdf",""
0,"Willy Legrand","Passive House Hotel",2022,"Encyclopedia of Tourism Management and Marketing","Edward Elgar Publishing","https://doi.org/10.4337/9781800377486.passive.house.hotel","",445,"2026-05-27 21:00:15","book-chapter","10.4337/9781800377486.passive.house.hotel","",,,,440,443,0,0.00,0,1,4,"","https://www.elgaronline.com/downloadpdf/book/9781800377486/9781800377486.xml",""
0,"V. V. Nadon","Civil legal aspect of distinction of loan agreement from other types of agreements (loan, gift, rental of vehicle, housing, rental agreement, commercial concession)",2022,"Analytical and Comparative Jurisprudence","Uzhhorod National University","https://doi.org/10.24144/2788-6018.2021.04.11","",484,"2026-05-27 21:00:15","journal-article","10.24144/2788-6018.2021.04.11","2788-6018",,,4,64,70,0,0.00,0,1,4,"Contracts aimed at the transfer of property for use are diverse. Each of the incoming contract types has its own specifics due to certain systemic features (free use - a sign of gratuitousness, renting housing - subject and subjective features of legal relations, commercial concession – a sign of the subject). Accordingly, the internal classification of contracts aimed at the transfer of civil rights to temporary use can be made consistently on several grounds. All contracts on the basis of subject can be divided into contracts aimed at the temporary use of property (rent (lease) of a vehicle, housing, rental, loan), and contracts aimed at the temporary use of objects of exclusive rights (commercial concession). Within the framework of agreements aimed at the transfer of property for use, on the basis of payment are paid (rent (lease), rental, rental of housing, vehicle) and free (loan agreement). The author concludes that gratuitousness is an essential feature for a loan agreement, as well as for a gift agreement. It is determined that the sign of gratuitousness may follow from the essence of the relationship between the parties. In particular, it is expressed in certain actions, especially if previously such actions were free of charge. Speaking of gratuitousness, however, it cannot be concluded that this agreement has no property interest for the lender. Sometimes this is true, and sometimes property interest still takes place. It is proved that the loan agreement is combined with those types of lease, the systemic features of which do not contradict the factor of gratuitousness (vehicle loan, home loan, capital construction). It is proposed to make corrections to Part 3 of Art. 827 of the Civil Code of Ukraine on the possibility of applying the provisions of Chapter 58 of the Civil Code of Ukraine (Lease Agreement), as well as proposed additional Article 837-1 of the Civil Code on liability under the loan agreement. With the analysis of the outlined problem, it is concluded that for the loan agreement the sign of gratuitousness is decisive, which gives grounds to distinguish the loan from other types of civil law agreements.","http://journal-app.uzhnu.edu.ua/article/download/253839/251131",""
0,"Lilla Lengyel","Discussing the fashion rental service and the attitude of the Hungarian population towards clothing rental models",2022,"No Question: Sustainability is Everyone’s Business : IV. BBS International Sustainability Student Conference Proceedings","Budapest Business School","https://doi.org/10.29180/9786156342386_6","",487,"2026-05-27 21:00:15","book-chapter","10.29180/9786156342386_6","",,,,80,96,0,0.00,0,1,4,"As traditional linear business models collapse and sharing economy thrives, it has become clear that the future of fashion is renting. New clothing rental companies are springing up like mushrooms in societies susceptible to innovative, sustainable solutions, in contrast, in Hungary circular business ideas to the textile industry remain somewhat isolated. This paper aims to discuss the clothing rental model, more specifically its functions and potential pitfalls, and examines the attitude of the Hungarian population towards this model. No similar scientific research has been conducted in this question; however greener fashion is in the interest of everyone. Apart from synthetizing related literature and analysing seconder data, my methodology consists of primary research, too: I conducted a survey of 360 people, moreover, an interview was done with the founder of an innovative, Netherlands-based clothing rental start-up, the so-called Palanta to answer my research question “Is Hungary ready to introduce the clothing rental model?” The expected result is no due to Hungarian’s price-sensitivity (H1) and apprehension from used apparel (H2). In order to further investigate the above question and my hypotheses, and to find the most effective ways of popularizing sustainable dressing, a content creator was interviewed. The aim of this research is to provide support to rental businesses pursuing to expand in Hungary by giving information on already operating fashion rental stores abroad and discovering Hungarians’ opinion and the potential problems.","",""
0,"Melissa Abner, Erica Spurgeon","Student Perceptions of Apparel Rental Services",2022,"Breaking Boundaries","Iowa State University Digital Press","https://doi.org/10.31274/itaa.13448","",488,"2026-05-27 21:00:15","proceedings-article","10.31274/itaa.13448","",,,,,,0,0.00,0,2,4,"","https://www.iastatedigitalpress.com/itaa/article/id/13448/",""
0,"Cameron Murray","Explainer: Rental price and vacancy metrics",2022,"","Center for Open Science","https://doi.org/10.31219/osf.io/dbgka","",490,"2026-05-27 21:00:15","posted-content","10.31219/osf.io/dbgka","",,,,,,0,0.00,0,1,4,"<p>Hot rental markets generated many popular news headlines during 2022.Australian news consumers have read that “Renters are getting smashed” in Melbourne, and that the rental market is “extremely challenging” in Sydney, and ever that “Renters competing 'Hunger Games-style' as number of rental properties dwindles”.These headlines are certainly very shocking, and no doubt attract clicks.As well as rental data, vacancy rates of rental property is a metric that is commonly quoted in media reports to provide insights into the economic processes happening in the rental market. “National vacancy rates hit record low” was an October 2022 headline.But like all economic data, reported rental prices and vacancy rates need to be properly interpreted. Understanding what these metrics mean in terms of underlying economics is tricky.This note explains how several different popular rental price and housing vacancy metrics are created and provides commentary on how they should be interpreted.A clear explanation of popular rental metrics shows how it can be simultaneously true that the rate of growth of rental prices for new contracts was at record highs in mid-2022, but the average rental price paid across all dwellings was still lower than in 2018.Often different metrics have similar names but measure different things, and subject to different errors and short-term variation, which means caution is needed to use them to interpret underlying economic processes. For example, rental vacancy measures the short-term variation in advertising for rentals and should not be assumed to measure the number of unoccupied dwellings across the housing market.</p>","",""
0,"","Bank Premises Department - Sydney - Head Office - Office Space Rental Value - 1913-1920",2022,"","Reserve Bank of Australia","https://doi.org/10.47688/rba_archives_2006/24273","",499,"2026-05-27 21:00:15","report","10.47688/rba_archives_2006/24273","",,,,,,0,0.00,0,0,4,"","",""
0,"Ha-Yeon Lee, Seong-Kyeong Choi, Jeong-Min Moon","A Case Study on Remodeling for Old Public Rental Housing Management",2022,"Journal of the Korean Housing Association","The Korean Housing Association","https://doi.org/10.6107/jkha.2022.33.1.009","",503,"2026-05-27 21:00:15","journal-article","10.6107/jkha.2022.33.1.009","2234-3571",,33,1,9,18,0,0.00,0,3,4,"","https://journal.khousing.or.kr/articles/pdf/doi/10.6107/JKHA.2022.33.1.009.pdf",""
0,"","rental program",2022,"The Fairchild Books Dictionary of Fashion","Bloomsbury Publishing Plc","https://doi.org/10.5040/9781501365287.2246","",519,"2026-05-27 21:00:15","other","10.5040/9781501365287.2246","",,,,129,129,0,0.00,0,0,4,"","",""
4,"B. Sreedevi, G Mohanraj, J Revathy, R Roobini","Agri Brilliance-A Farm Log Rental Service Platform with Crop and Disease Management Using Machine Learning Techniques",2022,"2022 International Conference on Advances in Computing, Communication and Applied Informatics (ACCAI)","IEEE","https://doi.org/10.1109/accai53970.2022.9752621","",535,"2026-05-27 21:00:15","proceedings-article","10.1109/accai53970.2022.9752621","",,,,1,7,4,1.00,1,4,4,"","http://xplorestaging.ieee.org/ielx7/9751777/9752467/09752621.pdf?arnumber=9752621",""
47,"Jie Chen, Fulong Wu, Tingting Lu","The financialization of rental housing in China: A case study of the asset-light financing model of long-term apartment rental",2022,"Land Use Policy","Elsevier BV","https://doi.org/10.1016/j.landusepol.2021.105442","",541,"2026-05-27 21:00:15","journal-article","10.1016/j.landusepol.2021.105442","0264-8377",,112,,105442,105442,47,11.75,16,3,4,"","https://api.elsevier.com/content/article/PII:S0264837721001654",""
0,"Wilson Linardo","Factors That Shape The Decision to Have a Boarding House at Bu Tin's Boarding House in West Surabaya",2022,"International Journal of Review Management Business and Entrepreneurship (RMBE)","Universitas Ciputra Surabaya","https://doi.org/10.37715/rmbe.v2i1.3016","",544,"2026-05-27 21:00:15","journal-article","10.37715/rmbe.v2i1.3016","2797-9237",,2,1,52,61,0,0.00,0,1,4,"The definition of boarding house is a type of rental room that is rented for a certain period oftime in accordance with the room owner’s agreement and the agreed price. High demand for boardinghouse in West Surabaya led to higher boarding house competition. By knowing factors that influenceconsumer’s purchasing decision could help Bu Tin’s boarding house withstand in the competition andincrease occupancy rate. The results obtained are that exploratory factor analysis can be used to determineconsidered factors in determining factors that influence consumer’s purchasing decision. It is based oneigen value of seven factors that has value more than one. The formed factors were insurance, mobility,property design &amp;amp; layout, property facility, service convenience, curfew flexibility, price.","https://journal.uc.ac.id/index.php/RMBE/article/download/3016/2017",""
0,"Muhammad Muflih Alfian","Analysis of Service Quality, Ship Rental Prices, and Ship Management Influence on Charterer Loyalty Satisfaction and Impact at PT Buana Lintas Lautan Tbk.",2022,"Journal of Social Science","Ridwan Institute","https://doi.org/10.46799/jss.v3i2.307","",548,"2026-05-27 21:00:15","journal-article","10.46799/jss.v3i2.307","2721-5202",,3,2,353,362,0,0.00,0,1,4,"This study aims to analyze the effect of service quality, ship charter prices and ship management on customer satisfaction and customer loyalty or commonly called charterers, by the shipping company world. The research sample was 200 people from charterers or customers from PT. Buana Lintas Lautan Tbk. The data were collected using a questionnaire and Structural Equation Modeling (SEM) as an analytical technique using the AMOS 22 program. The study results prove that service quality, ship charter prices and ship management have a positive and significant impact on customer satisfaction and customer loyalty. The results of this study have implications for service quality, ship rental prices and ship management, which need to be improved to increase customer satisfaction and loyalty.","http://www.jsss.co.id/index.php/jsss/article/download/307/344",""
0,"Emi Sita Eriana, Afrizal Zein","IMPLEMENTASI METODE SCRUM DAN ANALISIS SWOT SEBAGAI STRATEGI FRAMEWORK CUSTOMER RELATIONSHIP MANAGEMENT(CRM) PADA PERUSAHAAN RENTAL MOBIL",2022,"SAINSTECH: JURNAL PENELITIAN DAN PENGKAJIAN SAINS DAN TEKNOLOGI","Institut Sains dan Teknologi Nasional","https://doi.org/10.37277/stch.v31i2.1155","",549,"2026-05-27 21:00:15","journal-article","10.37277/stch.v31i2.1155","2685-824X",,31,2,36,45,0,0.00,0,2,4,"The rapid competition of business, it is necessary to implement the right strategies to support its business processes, one of which is through customer relationship management, with the aim of creating customer loyalty. Loyalty is expected to be done, ranging from customers who are looking for information to finish getting the service. The application of Customer Relationship Management (CRM) is the right alternative solution to realize customer loyalty. Implement an e-CRM system by applying scrum methods and SWOT analysis. The SCRUM method is software that includes agile development that uses an object-oriented approach and includes planning, design, coding, and testing activities. Implementation of Scrum Modeling with three phases: pregame, scrum phase, post-game. After the application is evaluated with the SWOT method maximizes strengths and opportunities, but can simultaneously minimize weaknesses and threats, from the sprint process that has been completed reviewed, and changes are needed. Website-based e-CRM system application that facilitates customer service and mamou affects customer loyalty and can support business processes on S2 Trans Karawang service. Keywords: Customer Relationship Management (CRM), Business, Customer, SWOT Analysis, Information","http://45.112.125.202:84/index.php/sainstech/article/download/1155/769",""
0,"Jinho Park, Hyun-Chul Kang","Issues in the process of Cooperative Publicly-funded Private rental Housing and Improvement Measures",2022,"Journal of the Korean Urban Management Association","Korean Urban Management Association","https://doi.org/10.36700/kruma.2022.9.35.3.129","",550,"2026-05-27 21:00:15","journal-article","10.36700/kruma.2022.9.35.3.129","1598-8686",,35,3,129,152,0,0.00,0,2,4,"","",""
0,"Muhammad Mahreza Maulana, Arif Imam Suroso","Designing a simple house of knowledge management",2022,"Digital Transformation Management","Routledge","https://doi.org/10.4324/9781003224532-7","",558,"2026-05-27 21:00:15","book-chapter","10.4324/9781003224532-7","",,,,107,126,0,0.00,0,2,4,"","",""
0,"Deepak Gupta, Poojadeep Sehgal","Unavailability of the machines in two stage flow shop scheduling with transportation time to minimize rental cost under specified rental policy",2022,"AIP Conference Proceedings","AIP Publishing","https://doi.org/10.1063/5.0086115","",561,"2026-05-27 21:00:15","proceedings-article","10.1063/5.0086115","0094-243X",,2458,,90001,90001,0,0.00,0,2,4,"","http://aip.scitation.org/doi/pdf/10.1063/5.0086115",""
6,"Michelle Acampora, Lorenzo Casaburi, Jack Willis","Land Rental Markets: Experimental Evidence from Kenya",2022,"","National Bureau of Economic Research","https://doi.org/10.3386/w30495","",562,"2026-05-27 21:00:15","report","10.3386/w30495","",,,,,,6,1.50,2,3,4,"","",""
0,"S.-G. Kim, S. Huh, Y.S. Kim","Predictive factors for treatment failure in reducing alcoholic consumption by case management in alcoholics living in permanent rental apartments",2022,"European Psychiatry","Royal College of Psychiatrists","https://doi.org/10.1192/j.eurpsy.2022.2158","",563,"2026-05-27 21:00:15","journal-article","10.1192/j.eurpsy.2022.2158","0924-9338",,65,,,,0,0.00,0,3,4,"Introduction: Based on the results showing that there are more alcoholics in the low-income bracket, case management (CM) for such cases was initiated in 2011. As a result, the treatment failure rate was identified between 43-44% based on the WHO criteria. Objectives: We investigated the predictive factors for the treatment failure to maximize successful CM treatment. Methods: Thirty-nine subjects from Sasang-gu and Saha-gu treated by four social workers using CM were included in this study. Failure was defined when the level of risk was maintained or increased as per the WHO criteria. The clinical characteristics of the subjects including their age and gender were collected. Results: Typically, 17 (43.6%) subjects demonstrated treatment failure by the CM (TF). Compared with the subjects who were treated successfully (n=22; TS), TF maintained abstinence in shorter periods in terms of the longest abstinent period compared with TS while CM (28.24±.99 vs. 76.82±.27, p=.025). The higher population in TF did not make an effort to quit drinking compared with TS while CM (41.2% vs.13.6%, p=.051). Also, more TF stayed with their family members compared with TS (58.8% vs. 31.8%, p=.092). Conclusions: The results showed that shorter abstinence periods and the absence of efforts initiated to quit drinking while CM, and living with family members were the predictive factors for failure in treating alcoholics by the CM. It is presumed that influencing patients to quit drinking and encouraging them to abstain for longer periods are crucial to attaining successful treatment. Disclosure: No significant relationships.","https://www.cambridge.org/core/services/aop-cambridge-core/content/view/S0924933822021587",""
42,"Thomas Wainwright","Rental proptech platforms: Changing landlord and tenant power relations in the UK private rental sector?",2022,"Environment and Planning A: Economy and Space","SAGE Publications","https://doi.org/10.1177/0308518x221126522","",565,"2026-05-27 21:00:15","journal-article","10.1177/0308518x221126522","0308-518X",,55,2,339,358,42,10.50,42,1,4,"The structure of the UK's private rental sector (PRS) is being disrupted by a new series of rental proptech platforms (RPPs). These start-ups are adopting technologies including artificial intelligence and algorithms which draw upon ever broader datasets to automate and mediate the relationships between tenants and landlords. Only recently have researchers turned to examine new RPPs, which are challenging existing processes within the PRS, through their attempts to digitise all aspects of renting, from a tenant's initial search and application, to end-contract management. This paper seeks to provide two contributions: first, to uncover how platform entrepreneur views of ‘ideal’ tenants shape the algorithms and scripts that run within their start-ups, and how they shift to accommodate the demands of external venture capital funding. Second, it seeks to examine how landlords are falling under the gaze of technological surveillance and automated judgements, as well as tenants, to illustrate how fragmented and uneven data topologies create inequalities through automated ordering and judgements.","https://journals.sagepub.com/doi/pdf/10.1177/0308518X221126522",""
4,"Job Taiwo Gbadegesin","Does the COVID-19 affect tenants’ adherence to lease obligations in rental market? Property managers’ perspective",2022,"Journal of Facilities Management","Emerald","https://doi.org/10.1108/jfm-12-2021-0165","",567,"2026-05-27 21:00:15","journal-article","10.1108/jfm-12-2021-0165","1472-5967",,22,3,402,415,4,1.00,4,1,4,"Purpose: The purpose of this paper is to investigate how the pandemic affects tenants’ response to their lease obligations. This paper commences with examining the adopted tenant selection criteria during the COVID-19 pandemic. Then, this paper statistically tests if there is a relationship between selection criteria and response on whether the pandemic has effects or not. Then, this paper investigates the specific areas of impact on tenants’ ability to adequately keep to lease agreements in the Nigerian rental market. Finally, this paper proceeds to confirm if there is a relationship between selection criteria and the aspects of tenants’ deficiencies in rental obligations because of COVID-19. Design/methodology/approach: Survey data, backed with interviews, is elicited from practicing estate surveyors and valuers and licensed property managers in Lagos, the largest property market in Nigeria and sub-Sahara Africa. Policy solutions and implications were solicited from personnel at the ministry of housing and senior professionals in the property sector. Data were analyzed using descriptive statistics, factor analysis and computer-aided qualitative data analysis, Atlas.ti. Findings: Tenant’s health status is now accorded a priority together with others. Numbers of tenants are challenged with keeping to the prompt-rent-payment rule. Other areas of slight breaches included livestock rearing, subletting, alteration and repair covenants. Except for tenant reputation and tenant family size, there was no significant relationship between tenant’s health status consideration and the COVID-19 effect on tenant non-compliance with lease obligation. Tenants’ non-compliance with tenancy obligations has a connection with the tenants’ affordability, reputation, ability to sign an undertaking and health conditions during the pandemic. This paper recommends rental housing policy review. Practical implications: It is recommended that the rental policy should be reviewed to give room for rental allowance or palliatives, private rental market regulation, exploration of the national housing fund and, if possible, social housing adoption policy in Nigeria. Originality/value: This paper draws policymakers’ attention to the need to prepare for the future safety net that caters to citizenry welfare in challenging times.","https://www.emerald.com/insight/content/doi/10.1108/JFM-12-2021-0165/full/html",""
0,"Wily Mohammad, Nabilla Ryca Maulidiyah","SHARIA MARKETING MANAGEMENT AT DE BURUAN HOUSE – FOOD AND COFFEE SHOP",2022,"","Center for Open Science","https://doi.org/10.31219/osf.io/t8uxa","",573,"2026-05-27 21:00:15","posted-content","10.31219/osf.io/t8uxa","",,,,,,0,0.00,0,2,4,"<p>This research aims to find out how Islamic marketing values are carried out at the cafe, how the SWOT matrix is at the cafe, and how Islamic marketing recommendations are for the cafe. The problems and research focus in this study are described using a qualitative descriptive approach. This research relies on primary data collected through observation, interviews, and documentation. The results of this research are: 1. Islamic marketing values are carried out at the cafe, because the company has handled all aspects of Islamic marketing, including theistic (rabbaniyah), ethical (akhlaqiyyah), realistic (al-waqi'yyah), and humanistic (al-insaniyyah). 2. SWOT analysis has been made based on four parts of the matrix, namely Strength, Weakness, Opportunity, and Threat. 3. Various suggestions were obtained for future improvements and further development, based on Islamic marketing and technological updates.</p>","",""
5,"I Made Risya Surya Antara, Ni Made Rastini","The Influence of Brand Image, Sales Promotion and Quality of Service on Customer Satisfaction Car Rental Service",2022,"European Journal of Business and Management Research","European Open Science Publishing","https://doi.org/10.24018/ejbmr.2022.7.2.1273","",580,"2026-05-27 21:00:15","journal-article","10.24018/ejbmr.2022.7.2.1273","2507-1076",,7,2,223,226,5,1.25,3,2,4,"This causal associative research aims to determine the effect of brand image, sales promotion, and service quality on customer satisfaction in car rental services. Data were collected by using a google form questionnaire which was measured by a Likert scale. Samples were taken by purposive sampling with 100 respondents. The data analysis technique used is multiple linear regression. This study shows that brand image, sales promotion, and service quality have a positive and significant impact on customer satisfaction. The company is expected to pay more attention to customer satisfaction by paying attention to the brand image, maintaining sales promotions carried out and maintaining the quality of services provided by improving the performance of handling complaints by customers.","https://www.eu-opensci.org/index.php/ejbmr/article/download/51273/7416",""
0,"Leo Rennie, Corbin Evans","Advising the White House on equitable data collection and management",2022,"PsycEXTRA Dataset","American Psychological Association (APA)","https://doi.org/10.1037/e503892023-001","",586,"2026-05-27 21:00:15","dataset","10.1037/e503892023-001","",,,,,,0,0.00,0,2,4,"","",""
0,"Kyung-Ae Lee, Yong-Soon Kim, Ki- Seong Jeong, Seok-Hwan Won","Is the Decision to Move into a Public Rental House Related to the Residential Environment? : An Empirical Analysis of Happiness Housing",2022,"Korean Association for Housing Policy Studies","Korean Association for Housing Policy Studies","https://doi.org/10.24957/hsr.2022.30.3.43","",595,"2026-05-27 21:00:15","journal-article","10.24957/hsr.2022.30.3.43","1226-2676",,30,3,43,61,0,0.00,0,4,4,"Happy housing to promote housing stability for young people has recently faced the problem of a surge in long-term public prices. Given that happy housing is a residential welfare program in which large-scale government finances are administered, it is an important issue that the number of homes that have been vacant for a long time is increasing significantly. There are various causes for Gong-ga. This study analyzed the relationship between the residential environment in terms of location and the occurrence of public housing using GIS. According to the calculation of the integrated location accessibility index by geographical analysis of 4 places with 20% or more and 5% of the total number of houses, the location of happy housing complexes in Uijeongbu, Gimpo, and Dangjin in Gyeonggi Province was relatively poor. Based on these results, this study argued that it is necessary to closely examine the analysis of the residential environment using accurate geographic information data when establishing a future public rental housing supply plan.","",""
0,"Seong-Kyung Choi, Jeong-Min Moon","Living Lab Utilization Plan for Customized Green Remodeling of Decrepit Public Rental Housing - Focusing on Gwangju Public Rental Housing -",2022,"Journal of the Korean Housing Association","The Korean Housing Association","https://doi.org/10.6107/jkha.2022.33.6.049","",596,"2026-05-27 21:00:15","journal-article","10.6107/jkha.2022.33.6.049","2234-3571",,33,6,49,58,0,0.00,0,2,4,"","https://journal.khousing.or.kr/articles/pdf/doi/10.6107/JKHA.2022.33.6.049.pdf",""
0,"Linda Apriyanti, Meidi Fransisca Siregar, Endi Gozali","SISTEM INFORMASI RENTAL KAMERA BERBASIS WEB (STUDI KASUS SC STUDIO)",2022,"Jurnal Teknologi Informasi dan Komunikasi","Sekolah Tinggi Manajemen Informatika & Komputer Bandung","https://doi.org/10.58761/jurtikstmikbandung.v12i2.174","",597,"2026-05-27 21:00:15","journal-article","10.58761/jurtikstmikbandung.v12i2.174","2722-1482",,12,2,36,42,0,0.00,0,3,4,"Sistem informasi rental kamera adalah sistem yang digunakan untuk memasukkan data transaksi peminjaman kamera ke dalam basis data, sehingga meminimalkan kesalahan dalam penginputan dan memastikan pembuatan laporan yang akurat sesuai dengan data yang diharapkan. Selain fungsi input dan output data, sistem ini juga menyimpan data pelanggan. Dengan adanya sistem informasi ini, diharapkan dapat mengurangi risiko kehilangan data lama yang mungkin diperlukan kembali. Selain itu, sistem ini juga diharapkan dapat mempercepat proses input dan output, yang pada akhirnya akan membantu admin dan pelanggan. Metode penelitian dan pengembangan yang digunakan dalam penelitian ini adalah metode sekuensial linier, dimulai dari komunikasi, perencanaan, pemodelan, konstruksi, hingga implementasi.","https://journal.stmik-bandung.ac.id/index.php/jurnalIT/article/download/26/28",""
1,"Julieta Caunedo, Namrata Kala, Haimeng Zhang","Economies of Density and Congestion in Equipment Rental Markets",2022,"","National Bureau of Economic Research","https://doi.org/10.3386/w30788","",603,"2026-05-27 21:00:15","report","10.3386/w30788","",,,,,,1,0.25,0,3,4,"","",""
0,"Ibrahim","SISTEM INFORMASI MANAJEMEN PEMBUATAN PERANGKAT LUNAK""SISTEM RENTAL MOBIL BERBASIS ONLINE""",2022,"","Center for Open Science","https://doi.org/10.31219/osf.io/f2rus","",607,"2026-05-27 21:00:15","posted-content","10.31219/osf.io/f2rus","",,,,,,0,0.00,0,1,4,"<p>Proposal tentang pembuatan perangkat lunak""sistem rental mobil berbasis online"" Untuk memenuhi tugas SISTEM INFORMASI MANAJEMEN</p>","",""
1,"","Research on the Main Factors Affecting House Prices",2022,"Academic Journal of Business &amp; Management","Francis Academic Press Ltd.","https://doi.org/10.25236/ajbm.2022.040319","",619,"2026-05-27 21:00:15","journal-article","10.25236/ajbm.2022.040319","2616-5902",,4,3,,,1,0.25,0,0,4,"","https://francis-press.com/uploads/papers/MaQVT7azjVkNkRHJbkBuNoEeSzGZHXTJ5Eq0GeS3.pdf",""
1,"Niken Wiandhani, Habibullah Jimad, RR Erlina","The Effect of Transformational Leadership on Employee Performance Mediated by Work Motivation in Car Rental Services Companies in Lampung Province",2022,"International Journal of Economics and Management Studies","Seventh Sense Research Group Journals","https://doi.org/10.14445/23939125/ijems-v9i3p107","",634,"2026-05-27 21:00:15","journal-article","10.14445/23939125/ijems-v9i3p107","2393-9125",,9,3,53,59,1,0.25,0,3,4,"","",""
0,"Providence Adu, Elizabeth C. Delmelle","Spatial Variations in Exclusionary Criteria from Online Rental Advertisements",2022,"","Center for Open Science","https://doi.org/10.31235/osf.io/8g4sv","",635,"2026-05-27 21:00:15","posted-content","10.31235/osf.io/8g4sv","",,,,,,0,0.00,0,2,4,"<p>While the Fair Housing Act prohibits discrimination in the rental housing market on the basis of race, color, or religion, there exist ample opportunities for landlords to restrict their rental units to individuals with various backgrounds using exclusionary screening practices. These criteria, such as minimum credit scores, criminal history, source of income, or prior evictions, for instance, are often correlated with race and thus hold the potential to perpetuate spatial patterns of racial and income segregation. In this article, we analyzed online rental listings from Zillow and Craigslist in a case study of Charlotte, North Carolina to examine the proliferation and spatial variation in exclusionary criteria by neighborhood race and income. Overall, we found criminal background, credit score, housing voucher, eviction, and minimum income restrictions to be greater in poorer and minority neighborhoods. However, when distinguishing by platform, we found the presence of corporate landlords, who did not advertise on Craigslist, to be a significant driver of these results. Corporate landlords represented nearly 60 percent of advertisements on Zillow and were more common in poorer and minority neighborhoods - they also systematically included nearly all restrictions. Craigslist, by contrast, had fewer criteria that correlated with race and income.</p>","",""
5,"Serhiy Kozmenko, Liudmyla Ostapenko","The war year 2022 is a year of trials for the journal and the publishing house",2022,"Problems and Perspectives in Management","LLC CPC Business Perspectives","https://doi.org/10.21511/ppm.20(4).2022.49","",637,"2026-05-27 21:00:15","journal-article","10.21511/ppm.20(4).2022.49","1727-7051",,20,4,653,656,5,1.25,3,2,4,"There were many trials and obstacles on the way of the journal and publishing house. However, these were problems with growth, but on the morning of February 24, 2022, a terrible thing began. We woke up to cannon shots (in a European country in the 21st century!!!), and by evening the Russian monster was squeezing the streets of our cities with its tentacles from hundreds of pieces of equipment and thousands of soldiers. War! How events developed further is another story. Or rather, tens of millions of stories of people who have suffered and are suffering from this absolutely illogical, surreal, and barbaric war. Here we will briefly recall the past year, as the twentieth year since the birth of the Publishing Company “Business Perspectives” and its first journal “Problems and Perspectives in Management.” About a year of work in a real and terrible war.","https://www.businessperspectives.org/images/pdf/applications/publishing/templates/article/assets/17592/PPM_2022_04_Kozmenko.pdf",""
3,"Robert Kemp, Richard Smith","A Framework for creating a Safety and Security Management System (SSMS)",2022,"Journal of Cybersecurity and Information Management","ASPG Publishing LLC","https://doi.org/10.54216/jcim.090201","",641,"2026-05-27 21:00:15","journal-article","10.54216/jcim.090201","",,,,8,19,3,0.75,2,2,4,"Safety and security risks to critical infrastructure organizations are well known, and incidents in both fields have taken place. To help critical infrastructure organizations manage these areas, safety and security standards have been created. The main aim of this paper is to present a framework that has been created to manage both safety and security by providing guidance on how to create a Safety and Security Management System (SSMS). The framework identifies and remediates conflicts and issues between IT, OT, safety, and security. While also creating processes that can combine safety and security compliance to standards to reduce duplication of work and allow one process to manage both areas. A survey was carried out to understand if the framework would be of use to organizations and to better understand the issues users have with managing safety and security and how they manage conflicts that can occur. The survey showed key areas of concern for organizations and how the framework can be of use to them. It identified six themes from the research and identified improvements opportunities for the framework that can be implemented.","",""
1,"Andreea Musulan","The Winners and Losers of Rental Tribunals",2022,"SSRN Electronic Journal","Elsevier BV","https://doi.org/10.2139/ssrn.4029114","",652,"2026-05-27 21:00:15","journal-article","10.2139/ssrn.4029114","1556-5068",,,,,,1,0.25,1,1,4,"","",""
0,"Linda Apriyanti, Meidi Fransisca Siregar, Endi Gozali","SISTEM INFORMASI RENTAL KAMERA BERBASIS WEB (STUDI KASUS SC STUDIO)",2022,"Jurnal Teknologi Informasi dan Komunikasi","Sekolah Tinggi Manajemen Informatika & Komputer Bandung","https://doi.org/10.58761/jurtikstmikbandung.v11i2.174","",654,"2026-05-27 21:00:15","journal-article","10.58761/jurtikstmikbandung.v11i2.174","2722-1482",,11,2,36,42,0,0.00,0,3,4,"Sistem informasi rental kamera adalah sistem yang digunakan untuk memasukkan data transaksi peminjaman kamera ke dalam basis data, sehingga meminimalkan kesalahan dalam penginputan dan memastikan pembuatan laporan yang akurat sesuai dengan data yang diharapkan. Selain fungsi input dan output data, sistem ini juga menyimpan data pelanggan. Dengan adanya sistem informasi ini, diharapkan dapat mengurangi risiko kehilangan data lama yang mungkin diperlukan kembali. Selain itu, sistem ini juga diharapkan dapat mempercepat proses input dan output, yang pada akhirnya akan membantu admin dan pelanggan. Metode penelitian dan pengembangan yang digunakan dalam penelitian ini adalah metode sekuensial linier, dimulai dari komunikasi, perencanaan, pemodelan, konstruksi, hingga implementasi.","https://journal.stmik-bandung.ac.id/index.php/jurnalIT/article/download/26/28",""
0,"Samson Agbato, Tomisi Adegunle, Tosin Fateye, Cyril Ajayi, Victoria Odunfa","ANALYSING THE IMPLICATIONS OF WORK-FROM-HOME COVID-19 RESTRICTION MEASURE ON RESIDENTIAL PROPERTY MANAGEMENT: EVIDENCE FROM LAGOS RENTAL HOUSING MARKET",2022,"Redefining the Future of Real Estate in Africa: the 21st Annual AfRES Conference","African Real Estate Society","https://doi.org/10.15396/afres2022-044","",663,"2026-05-27 21:00:15","proceedings-article","10.15396/afres2022-044","",,,,,,0,0.00,0,5,4,"","",""
0,"Sri Hanggana, Andi Asri Hapsari, Putri Nugrahaningsih, Amirotul M. H. Mahmudah","Response of Farmer Groups to the Establishment of Cooperative to Manage Machinery Rental Business",2022,"Proceeding of International Conference On Economics, Business Management, Accounting and Sustainability","International Ecsis Association","https://doi.org/10.55980/icebas.v1i.87","",671,"2026-05-27 21:00:15","journal-article","10.55980/icebas.v1i.87","2829-470X",,1,,1,8,0,0.00,0,4,4,"This study aimed to analyze the response of the chairman and members of farmer groups to establish a cooperative to manage the agricultural machinery rental business. Qualitative methods with multiple cases was used the study. The objects were farmer groups had a profit of tractor rental. There were three farmer groups from three villages, namely Simo Makmur, Sri Makmur, and Tani Makmur. The informants were the chairmen and all members of the farmer group. Data collection techniques were in-depth interviews and FGD. The research instruments were the researcher and interview guide. Data analysis used an interactive model. The results were: (1) Three chairmen respond positively if a cooperative was established but, they had different decisions to establish a cooperative. They thank that with the cooperative system, the rights and obligations of the chairman, management, and members are clearer so that the possibility of a machine rental business was better; (2) Chairman of Simo Makmur responded positively, struggled to invite all members, and succeeded in establishing a cooperative with 40 members; and (3) Chairman of Sri Makmur and Tani Mulyo responded positively if a cooperative was established, but they were not willing to struggle to invite other administrators and members to establish a cooperative. Chairman of Sri Makmur and Tani Mulyo were willing to support if it was another party that invites other administrators and members to establish a cooperative, either from the government or the private sector.","https://icebas.org/index.php/icebas/article/download/87/37",""
21,"Claudia Aiken, Ingrid Gould Ellen, Isabel Harner, Tyler Haupert, Vincent Reina, Rebecca Yae","Can Emergency Rental Assistance Be Designed to Prevent Homelessness? Learning from Emergency Rental Assistance Programs",2022,"Housing Policy Debate","Informa UK Limited","https://doi.org/10.1080/10511482.2022.2077802","",690,"2026-05-27 21:00:15","journal-article","10.1080/10511482.2022.2077802","1051-1482",,32,6,896,914,21,5.25,4,6,4,"","https://www.tandfonline.com/doi/pdf/10.1080/10511482.2022.2077802",""
0,"","Research on the Application of Green Construction Management in House Building Construction",2022,"Foreign Language Science and Technology Journal Database Engineering Technology","Chongqing VIP Information Co.,Ltd.","https://doi.org/10.47939/et.v3i3(07).32","",702,"2026-05-27 21:00:15","journal-article","10.47939/et.v3i3(07).32","",,,,,,0,0.00,0,0,4,"","",""
0,"Won Seok Nam, Ha Na Im, Sukyoung Kim","Regenerating Distressed Public Rental Housing Estates by Extension of Separate Building : Focusing on Case Studies of Public Rental Housing Estates in Seoul",2022,"Journal of the Korean Housing Association","The Korean Housing Association","https://doi.org/10.6107/jkha.2022.33.3.039","",704,"2026-05-27 21:00:15","journal-article","10.6107/jkha.2022.33.3.039","2234-3571",,33,3,39,52,0,0.00,0,3,4,"","https://journal.khousing.or.kr/articles/pdf/doi/10.6107/JKHA.2022.33.3.039.pdf",""
3,"Myrtel Bernardo, Arnel Fajardo, Ruji Medina","End-Product of Solar-Sharing Smart Lighting Artificial Intelligence Driven Platform for High-Valued Crops (Lactuca Sativa) on Indoor Hydroponics Syste",2022,"2022 IEEE 10th Conference on Systems, Process &amp; Control (ICSPC)","IEEE","https://doi.org/10.1109/icspc55597.2022.10001821","",708,"2026-05-27 21:00:15","proceedings-article","10.1109/icspc55597.2022.10001821","",,,,160,165,3,0.75,1,3,4,"","http://xplorestaging.ieee.org/ielx7/10001753/10001737/10001821.pdf?arnumber=10001821",""
0,"Marijoan Bull, Alina Gross","Rental Housing in America",2022,"Housing in America","Routledge","https://doi.org/10.4324/9781003254072-12","",710,"2026-05-27 21:00:15","book-chapter","10.4324/9781003254072-12","",,,,201,226,0,0.00,0,2,4,"","",""
1,"嘉宁 张","Research on Responsibility of Long-Term Rental Apartment under the Rental Loans Mode",2022,"Open Journal of Legal Science","Hans Publishers","https://doi.org/10.12677/ojls.2022.103025","",718,"2026-05-27 21:00:15","journal-article","10.12677/ojls.2022.103025","2329-7360",,10,3,188,196,1,0.25,1,1,4,"","",""
0,"Samson Agbato, Tomisi Adegunle, Tosin Fateye, Cyril Ajayi, Victoria Odunfa","ANALYSING THE IMPLICATIONS OF WORK-FROM-HOME COVID-19 RESTRICTION MEASURE ON RESIDENTIAL PROPERTY MANAGEMENT: EVIDENCE FROM LAGOS RENTAL HOUSING MARKET",2022,"Redefining the Future of Real Estate in Africa: the 21st Annual AfRES Conference","African Real Estate Society","https://doi.org/10.15396/afres2022-044","",719,"2026-05-27 21:00:15","proceedings-article","10.15396/afres2022-044","",,,,,,0,0.00,0,5,4,"","",""
1,"","ONLINE AUTOMOBILE RENTAL PLATFORM",2022,"International Research Journal of Modernization in Engineering Technology and Science","International Research Journal of Modernization in Engineering Technology and Science","https://doi.org/10.56726/irjmets31028","",743,"2026-05-27 21:00:15","journal-article","10.56726/irjmets31028","2582-5208",,,,,,1,0.25,0,0,4,"","",""
0,"Siti Karomah Nuraeni, Panji Adam Agus Putra","Tinjauan Akad Ijarah Terhadap Denda Biaya Keterlambatan Praktik Sewa Menyewa Rental Mobil (Studi Kasus Graha Bastian Rental Mobil Bandung)",2022,"Bandung Conference Series: Sharia Economic Law","Universitas Islam Bandung (Unisba)","https://doi.org/10.29313/bcssel.v2i2.2671","",745,"2026-05-27 21:00:15","journal-article","10.29313/bcssel.v2i2.2671","2828-2264",,2,2,,,0,0.00,0,2,4,"Abstract. Late fines that appear at an additional 10% of the rental price if it exceeds the time limit, it is subject to a fine. This late penalty in the purpose of Islamic law includes usury or not, it is necessary to do research. This study aims to determine the practice of renting a late fee penalty and reviewing the ijarah contract on the rental system regarding late fee penalties at Graha Bastian car rental. The research method uses an empirical approach with qualitative methods. Based on research conducted in data collection, namely by means of observation, interviews, and documentation. Based on the research results obtained as follows: first, the practice of leasing at Graha Bastian provides additional terms and conditions in the collective agreement, namely additional fees or fines, so that when there is a delay in returning the car, a fine will be imposed according to the agreement in the written contract when making a transaction. Second, there are additional conditions in the form of late fees for tenants who default. in the review of the ijarah contract that this late penalty is not included in the accounts payable so that the imposition of fines based on syartul jaza'i in fiqh terms is allowed for the purpose of education so that there is discipline in the time of returning goods and there is a commission to cover losses to the rental owner due to negligence on the part of the lessee. The late penalty does not include usury because it is not initiated by accounts payable. Keywords: ijarah contract, late fee, agreement Abstrak. Denda keterlambatan yang muncul pada biaya tambahan 10% dari harga sewa jika melebihi batas waktu maka dikenakan denda. Denda keterlambatan ini dalam tujuan hukum islam termasuk riba atau tidak maka perlu dilakukan penelitian. Penelitian ini bertujuan untuk mengetahui praktik sewa menyewa denda biaya keterlambatan, tinjauan akad ijarah terhadap sistem sewa menyewa mengenai denda biaya keterlambatan di graha bastian rental mobil. Metode penelitian menggunakan pendeketan empiris dengan metode kualitatif. Berdasarkan penelitian yang dilakukan dalam pengumpulan data yaitu dengan cara observasi, wawancara, dan dokumentasi. Berdasarkan hasil penelitian yang diperoleh sebagai berikut: pertama, praktek sewa-menyewa di Graha Bastian memberikan tambahan syarat ketentuan pada kesepakatan bersama yaitu biaya tambahan atau denda, sehingga ketika terjadi keterlambatan pengembalian mobil akan dikenakan denda sesuai kesepakatan pada kontrak tertulis ketika melakukan transaksi. Kedua, adanya ketentuan syarat tambahan berupa denda keterlambatan bagi pihak penyewa yang melakukan wanprestasi dalam tinjauan akad ijarah bahwasannya denda keterlambataan ini tidak termasuk kedalam hutang piutang sehingga pengenaan denda dalam syartul jaza’i dalam istilah fikih itu diperbolehkan yang bertujuan untuk edukasi agar disiplinnya waktu dalam pengembalian barang dan adanya komisi untuk menutupi kerugian kepada pemilik sewa akibat kelalain dari pihak penyewa. Kata Kunci: Akad Ijarah, Denda keterlambatan, kesepakatan","",""
0,"","Discussion on Building Management and Innovation Analysis of Building Engineering Construction House",2022,"Foreign Language Science and Technology Journal Database Engineering Technology","Chongqing VIP Information Co.,Ltd.","https://doi.org/10.47939/et.v3i2.507","",749,"2026-05-27 21:00:15","journal-article","10.47939/et.v3i2.507","",,,,,,0,0.00,0,0,4,"","",""
0,"Masashi OTA","The Rental Housing Management Business Law and the Rent Deposit",2022,"The Japanese Journal of Real Estate Sciences","Japan Association for Real Estate Sciences","https://doi.org/10.5736/jares.36.3_28","",768,"2026-05-27 21:00:15","journal-article","10.5736/jares.36.3_28","0911-3576",,36,3,28,31,0,0.00,0,1,4,"","https://www.jstage.jst.go.jp/article/jares/36/3/36_28/_pdf",""
0,"Marina Mileo Gorzig, Deborah Rho","The Impact of Limiting Applicant Information on Rental Housing Discrimination",2022,"","Federal Reserve Bank of Minneapolis","https://doi.org/10.21034/iwp.61","",772,"2026-05-27 21:00:15","posted-content","10.21034/iwp.61","",,,,,,0,0.00,0,2,4,"","",""
0,"Heather Shearer, Paul Burton","Tiny and alternate houses can help ease Australia’s rental affordability crisis",2022,"","The Conversation","https://doi.org/10.64628/aa.updhr7aw9","",779,"2026-05-27 21:00:15","posted-content","10.64628/aa.updhr7aw9","",,,,,,0,0.00,0,2,4,"","",""
1,"Tomaso Duso, Claus Michelsen, Maximilian Schaefer, Kevin Ducbao Tran","Airbnb and Rental Markets: Evidence from Berlin",2022,"","Elsevier BV","https://doi.org/10.2139/ssrn.4225800","",796,"2026-05-27 21:00:15","posted-content","10.2139/ssrn.4225800","",,,,,,1,0.25,0,4,4,"","",""
2,"Weinan Weng","Research on the House Price Forecast Based on machine learning algorithm",2022,"BCP Business &amp; Management","Boya Century Publishing","https://doi.org/10.54691/bcpbm.v32i.2881","",801,"2026-05-27 21:00:15","journal-article","10.54691/bcpbm.v32i.2881","2692-6156",,32,,134,147,2,0.50,2,1,4,"House price experiences some fluctuations every year, due to some potential factors such as location, area, facilities and so on. Housing price prediction is a significant topic of real estate, and it is beneficial for buyers to make strategy decisions about house dealing. There are many research on house price forecast, yet the current research cannot comprehensively compare and analyze the popular house price prediction approach. Constructing a model begins with pre-processing data to fill null values or remove data outliers and the categorical attribute can be shifted into required attributes by using one hot encoder methodology. This paper used the following five algorithms decision tree, random forest regression, Adaptive Boosting (AdaBoost), Gradient Boosting Decision Tree (GBDT), and extreme gradient boosting (XGBoost) this paper utilized to predict house prices and compared according to the root mean squared error. This paper found GBDT and XGBoost have more accurate prediction results compared with other algorithms. Besides, this paper found which features most affect the price of a house. In real-world applications, machine learning based housing price prediction models are utilized by banks and financial institutions to obtain better house price assessment, risk analysis and lending decisions.","https://bcpublication.org/index.php/BM/article/download/2881/2847",""
1,"Dongsoon Lim, Hyuncheol Kim","The Cost-Effectiveness of the Supporting Policies for Food Waste-Reducing Equipment: Purchase Subsidy vs. Rental Subsidy",2022,"Journal of Korea Society of Waste Management","Korea Society of Waste Management","https://doi.org/10.9786/kswm.2022.39.1.78","",808,"2026-05-27 21:00:15","journal-article","10.9786/kswm.2022.39.1.78","2093-2332",,39,1,78,86,1,0.25,1,2,4,"","",""
0,"","A Microsimulation Model for the Land Rental Market in Irish Farming",2022,"International Journal of Microsimulation","International Microsimulation Association","https://doi.org/10.34196/ijm.00264","",824,"2026-05-27 21:00:15","journal-article","10.34196/ijm.00264","",,15,2,,,0,0.00,0,0,4,"","",""
0,"Alok Singh Jayara","Green House Gases Emission and Fertilizer Use Management",2022,"Climate Change Dimensions and Mitigation Strategies for Agricultural Sustainability Vol 1","New Delhi Publishers","https://doi.org/10.30954/ndp-climatev1.7","",835,"2026-05-27 21:00:15","book-chapter","10.30954/ndp-climatev1.7","",,,,,,0,0.00,0,1,4,"","",""
24,"Miriam Bodenheimer, Johannes Schuler, Thekla Wilkening","Drivers and barriers to fashion rental for everyday garments: an empirical analysis of a former fashion-rental company",2022,"Sustainability: Science, Practice and Policy","Informa UK Limited","https://doi.org/10.1080/15487733.2022.2065774","",845,"2026-05-27 21:00:15","journal-article","10.1080/15487733.2022.2065774","1548-7733",,18,1,344,356,24,6.00,8,3,4,"","https://www.tandfonline.com/doi/pdf/10.1080/15487733.2022.2065774",""
2,"Saeed N. Algahtani","Constructing a House Price Index for Saudi Arabia",2022,"Journal of Real Estate Portfolio Management","Informa UK Limited","https://doi.org/10.1080/10835547.2022.2105530","",860,"2026-05-27 21:00:15","journal-article","10.1080/10835547.2022.2105530","1083-5547",,28,2,166,182,2,0.50,2,1,4,"","https://www.tandfonline.com/doi/pdf/10.1080/10835547.2022.2105530",""
1,"Vlasios Sarantinos","Key Issues in Small Business Management: ‘Small Is Beautiful’ Or a Bleak House in the Brexit Backdrop",2022,"Small Business Management and Control of the Uncertain External Environment","Emerald Publishing Limited","https://doi.org/10.1108/978-1-83909-624-220211009","",861,"2026-05-27 21:00:15","book-chapter","10.1108/978-1-83909-624-220211009","",,,,137,150,1,0.25,1,1,4,"Chapter Contribution: The exploration of small businesses has risen in prominence over the last years in the UK context, particularly given the impact they carry in terms of their contribution to national productivity and overall economic and financial performance. The exit of the UK from the European Union has created new conditions and issues that organisations are called to face. This chapter attempts to draw on pertinent literature to sketch out and map the challenge that Brexit poses for small business owners and managers. This chapter will elicit information primarily through an extensive scan and analysis of the available literature to crystallise the main arguments and frameworks that can help understand and interpret the more nuanced aspects. Ensuing, building on the findings from the literature, there will be an attempt to present a range of potential recommendations to assist small business with their planning to address the issues that might emerge both during the transition phase, but equally in the medium- and long-term future. The topic is of interest to both academics and practitioners as it explores the interplay between two very important and contemporary themes, the specific characteristics of small business and the unfolding exit from the EU, exploring how management and organisations can adapt to tackle this new landscape.","https://www.emerald.com/insight/content/doi/10.1108/978-1-83909-624-220211009/full/xml",""
0,"","Renewable Energy Based Green House Environment Monitoring System Using IOT",2022,"International Journal of Advanced Trends in Engineering and Management","AB Technologies","https://doi.org/10.59544/fmwo2665/ijatemv02i05p4","",868,"2026-05-27 21:00:15","journal-article","10.59544/fmwo2665/ijatemv02i05p4","2583-7052",,,5,,,0,0.00,0,0,4,"In greenhouses, plants like flowers and vegetables are grown. Daytime sunshine heats the soil, plants and structure itself inside greenhouses. Many farmers struggle to generate respectable income from greenhouse crops as a result of their failure to manage two essential factors that influence plant development and productivity. Temperatures in greenhouses shouldn’t drop unless certain circumstances apply. The effects of high humidity include crop transpiration, water vapour condensation on various greenhouse surfaces and water evaporation from moist soil. These issues are addressed by the monitoring and management system for greenhouses. This study shows how to develop and use a variety of sensors for monitoring and controlling the greenhouse environment. The temperature and humidity sensors, soil moisture sensor, Node-MCU module and water pump are all part of this greenhouse control system, which is run by an Atmega328 microprocessor. The utilization of solar panels ensures constant power supply. Temperature and humidity in the atmosphere are measured through a DH11 sensor. The pumps turn on as the soil moisture sensor detects a reduction in the soil’s water content. Monitoring and managing the system will be simple in this manner. The IOT module (ESP8266) receives data pertaining to these parameters at the same time. Regardless of any threshold mismatch identified, the data is delivered at regular intervals to IOT. The ESP8266 Node-Microcontroller, the DHT11 sensor, a solar panel and a soil moisture sensor are all used in this project. The Wi-Fi module built inside the microcontroller transmits the data to cloud database of the BLYNK app.","",""
0,"Iryna DUMYN, Tamara SEMYCH","FEATURES OF DESIGNING ONLINE SERVICE FOR SHORT-TERM RENTAL OF HOUSING FOR TOURISTS",2022,"Herald of Khmelnytskyi National University. Technical sciences","Khmelnytskyi National University","https://doi.org/10.31891/2307-5732-2022-311-4-227-231","",873,"2026-05-27 21:00:15","journal-article","10.31891/2307-5732-2022-311-4-227-231","2307-5732",,311,4,227,231,0,0.00,0,2,4,"The aim of this work is to create requirements for the search engine housing system for tourists, easy to use and with a pleasant design, adapted to different users with the possibility of intercultural exchange. The main task is to create an online service that combines the features of Booking.com as a structured rental system and the Couchsurfing.com platform as a service for sharing hospitality and finding new friends worldwide. During the work, a detailed review and study of the development process of tourism and the impact of the Internet on the promotion of online services for finding and renting housing. Existing analogues of rental housing systems were described. The main task of developed online service is to provide tourists with the opportunity to search for and rent apartments for the duration of their travels. The traveler, being on the site’s main page, should be able to specify the search criteria, namely to enter the details of the destination, the desired rental dates, the number of inhabitants and special requirements for apartments. The online service, in turn, must immediately sort the proposals based on the specified characteristics and display options to the user. According to the research, functional requirements for the future service were formed and described, the architecture of client-server software development was chosen for implementation, steps of software product implementation were described, data warehouse creation was created, and the image of ready online service was presented.","",""
0,"Ting Jiang, Jian Dai","Explore The Retrofit of House in Suburban Area of Beijing, China",2022,"10th International Symposium on Project Management (ISPM2022)","Aussino Academic Publishing House","https://doi.org/10.52202/065147-0063","",881,"2026-05-27 21:00:15","proceedings-article","10.52202/065147-0063","",,,,458,465,0,0.00,0,2,4,"","",""
0,"Nikolay D. Dmitriev","Calculation of rental efficiency by a generalized approach",2022,"International Agricultural Journal","Electronic Science","https://doi.org/10.55186/25876740_2022_6_5_43","",896,"2026-05-27 21:00:15","journal-article","10.55186/25876740_2022_6_5_43","2588-0209",,65,5,,,0,0.00,0,1,4,"","",""
0,"Yunling He","Research on the Prediction of US House Prices Based on Machine Learning",2022,"BCP Business &amp; Management","Boya Century Publishing","https://doi.org/10.54691/bcpbm.v32i.2956","",907,"2026-05-27 21:00:15","journal-article","10.54691/bcpbm.v32i.2956","2692-6156",,32,,385,390,0,0.00,0,1,4,"With the increase in the standard, houses have become an indispensable part of people’s lives. However, purchasing houses needs to consider the prices. Therefore, this paper uses machine learning to predict US house prices. Based on the random forest and linear regression method used in this research. It is found that the use of the former has a good effect on predicting multivariate nonlinear relationships in house prices. After comparing the results of actual prices and predicting prices, residents can select different room structures by contrasting them with experimental types as the numerical results are basically accurate. This research provides theoretical value to the literature on housing price prediction and brings different enlightenment to policymakers, regulators, and investors. As a result, this research plays a key role in maintaining the order of the real estate market and helping people make good choices.","https://bcpublication.org/index.php/BM/article/download/2956/2918",""
2,"Saeed N. Algahtani","Constructing a House Price Index for Saudi Arabia",2022,"Journal of Real Estate Portfolio Management","Informa UK Limited","https://doi.org/10.1080/10835547.2022.2105530","",915,"2026-05-27 21:00:15","journal-article","10.1080/10835547.2022.2105530","1083-5547",,28,2,166,182,2,0.50,2,1,4,"","https://www.tandfonline.com/doi/pdf/10.1080/10835547.2022.2105530",""
1,"Vlasios Sarantinos","Key Issues in Small Business Management: ‘Small Is Beautiful’ Or a Bleak House in the Brexit Backdrop",2022,"Small Business Management and Control of the Uncertain External Environment","Emerald Publishing Limited","https://doi.org/10.1108/978-1-83909-624-220211009","",916,"2026-05-27 21:00:15","book-chapter","10.1108/978-1-83909-624-220211009","",,,,137,150,1,0.25,1,1,4,"Chapter Contribution: The exploration of small businesses has risen in prominence over the last years in the UK context, particularly given the impact they carry in terms of their contribution to national productivity and overall economic and financial performance. The exit of the UK from the European Union has created new conditions and issues that organisations are called to face. This chapter attempts to draw on pertinent literature to sketch out and map the challenge that Brexit poses for small business owners and managers. This chapter will elicit information primarily through an extensive scan and analysis of the available literature to crystallise the main arguments and frameworks that can help understand and interpret the more nuanced aspects. Ensuing, building on the findings from the literature, there will be an attempt to present a range of potential recommendations to assist small business with their planning to address the issues that might emerge both during the transition phase, but equally in the medium- and long-term future. The topic is of interest to both academics and practitioners as it explores the interplay between two very important and contemporary themes, the specific characteristics of small business and the unfolding exit from the EU, exploring how management and organisations can adapt to tackle this new landscape.","https://www.emerald.com/insight/content/doi/10.1108/978-1-83909-624-220211009/full/xml",""
2,"Peter Chinloy, Cheng Jiang, Kose John","Spreads and Volatility in House Returns",2022,"Journal of Risk and Financial Management","MDPI AG","https://doi.org/10.3390/jrfm15080369","",933,"2026-05-27 21:00:15","journal-article","10.3390/jrfm15080369","1911-8074",,15,8,369,369,2,0.50,1,3,4,"Underlying idiosyncratic and illiquidity risks are suppressed in infrequently reported indexes of house prices and rents. Idiosyncratic risks result from bid–ask spreads for prices and rents. Time series autocovariances generate a distribution of prices and rents. Capital gains and rent-price ratios are transforms of these distributions, generating cross-sectional idiosyncratic volatility. Housing data are infrequent and usually made available every month. The monthly–quarterly volatility ratios of house prices and rents and their spreads estimate unobserved daily fluctuations and illiquidity risks. Including idiosyncratic and illiquidity risks, a U.S. house has a standard deviation in returns of 8.7% annually for three decades after 1990. With a mean excess return of 3.7%, the Sharpe ratio of 0.42 is comparable to the S&P 500. Excluding spreads, the house Sharpe ratio is 0.69. House returns respond to liquidity. A 1% increase in volume raises returns by 0.8%.","https://www.mdpi.com/1911-8074/15/8/369/pdf",""
0,"Yi Cai","An empirical analysis of second-hand house transaction prices based on machine learning",2022,"BCP Business &amp; Management","Boya Century Publishing","https://doi.org/10.54691/bcpbm.v24i.1525","",942,"2026-05-27 21:00:15","journal-article","10.54691/bcpbm.v24i.1525","2692-6156",,24,,388,394,0,0.00,0,1,4,"The Beijing real estate market is one of the most developed and representative real estate markets in China. As of May 25, 2016, Beijing accounted for 88.2% of the market residential transactions, and the Beijing property market has fully entered the era of second-hand houses. Therefore, the price of second-hand houses in Beijing can be judged by studying the factors influencing the price of second-hand houses in Beijing, and the study has theoretical significance. Taking Beijing second-hand houses as the research object, the data source is mainly designed as a crawler to mine the data and obtain the transaction attribute information of chain house network, and the data sample size is 2000 items in total [1]. In this paper, we obtained the important variables affecting the house price through multiple model analysis and predicted the data of 100 unknown house prices.","http://bcpublication.org/index.php/BM/article/download/1525/1534",""
0,"Steven Brownstone","Mechanizing Together: Leveraging Local Governments for Rice Mechanization",2022,"AEA Randomized Controlled Trials","American Economic Association","https://doi.org/10.1257/rct.10642-2.0","",943,"2026-05-27 21:00:15","dataset","10.1257/rct.10642-2.0","",,,,,,0,0.00,0,1,4,"","",""
1,"Muaz Hassan","Knowledge, Attitude, and Practice of House Officers to the Diagnosis and Management of Bacterial Pharyngitis: A Multicenter Cross-Sectional Study",2022,"Cureus","Springer Science and Business Media LLC","https://doi.org/10.7759/cureus.31872","",959,"2026-05-27 21:00:15","journal-article","10.7759/cureus.31872","2168-8184",,,,,,1,0.25,1,1,4,"","https://www.cureus.com/articles/118486-knowledge-attitude-and-practice-of-house-officers-to-the-diagnosis-and-management-of-bacterial-pharyngitis-a-multicenter-cross-sectional-study",""
0,"Michelle Acampora, Lorenzo Casaburi, Jack Willis","Land Rental Markets: Experimental Evidence from Kenya",2022,"SSRN Electronic Journal","Elsevier BV","https://doi.org/10.2139/ssrn.4229118","",972,"2026-05-27 21:00:15","journal-article","10.2139/ssrn.4229118","1556-5068",,,,,,0,0.00,0,3,4,"","",""
0,"Steven Brownstone","Mechanizing Together: Leveraging Local Governments for Rice Mechanization",2022,"AEA Randomized Controlled Trials","American Economic Association","https://doi.org/10.1257/rct.10642-3.0","",974,"2026-05-27 21:00:15","dataset","10.1257/rct.10642-3.0","",,,,,,0,0.00,0,1,4,"","",""
0,"Lucija Zupan, Zvonimir Klaic, Ana Androjic, Kresimir Fekete","Prosumer Management Strategies in Residential House",2022,"2022 International Conference on Smart Systems and Technologies (SST)","IEEE","https://doi.org/10.1109/sst55530.2022.9954664","",981,"2026-05-27 21:00:15","proceedings-article","10.1109/sst55530.2022.9954664","",,,,47,51,0,0.00,0,4,4,"","http://xplorestaging.ieee.org/ielx7/9954386/9954628/09954664.pdf?arnumber=9954664",""
0,"","Glossary",2022,"Big House, Little House, Back House, Barn","Brandeis University Press","https://doi.org/10.2307/j.ctv2x6f0gq.16","",982,"2026-05-27 21:00:15","book-chapter","10.2307/j.ctv2x6f0gq.16","",,,,221,224,0,0.00,0,0,4,"","",""
0,"Nadya Adira Fabiani, Dr. Liane Okdinawati","Risk Identification in Packaging Material Warehouse in PT. Cedefindo using the House of Risk Method",2022,"International Journal of Current Science Research and Review","Everant Journals","https://doi.org/10.47191/ijcsrr/v5-i11-36","",989,"2026-05-27 21:00:15","journal-article","10.47191/ijcsrr/v5-i11-36","2581-8341",,5,11,,,0,0.00,0,2,4,"The cosmetic industry in Indonesia continues to experience rapid growth, in line with high consumer demand and the widening cosmetic market. In 2021, based on data from the Central Statistics Agency (BPS), cosmetics will grow by 9.61%. One of Indonesia’s well-respected cosmetic manufacturing companies is PT. Cedefindo, which is part of the Martha Tilaar Group. Martha Tilaar Group is one of the local pioneers in the Indonesian beauty industry. There are very large numbers and types of packaging in the warehouse of PT. Cedefindo. Due to the wide range of products, there are a number of risks associated. As a result of redesigns and product discontinuation, a lot of unused packaging material has accumulated in the storage facility. Deadstock and unused packaging materials can disrupt the flow in the warehouse, increasing costs and reducing available storage space. Delays in delivering packaging materials to the production line are a further risk that could be triggered by flow disturbances. Given this potential risk, the company must identify potential risks in every packaging material warehouse activity. Currently, PT. Cedefindo has not examined every action in the packaging material warehouse to identify risks. Risk identification is very important because it will enable the company to develop plans to minimize harmful events before they arise, without proper risk identification, no mitigation strategy can be devised. This research was conducted by identifying warehouse activities, mapping them into (SCOR) and identifying risks using House of Risk Phase 1. The first stage of the House of Risk process is the identification of risk events and risk agents. Next, the severity and occurrence levels are measured, and the aggregate risk priority (ARP) value is calculated to determine which risk agents should be prioritized based on the Pareto diagram. There are 18 risk agents and 15 risk events have been identified as a result of this research, 6 risk agents were given the highest priority based on the Pareto diagram, and 2 risk agents were identified as having a high-risk level and being in the red zone, requiring immediate direct action.","",""
0,"Stella I. Orakwue, Douglas S. Otonye","Green House Smart Farming Echosystem",2022,"International Journal of Scientific Research and Management","Valley International","https://doi.org/10.18535/ijsrm/v10i1.ec02","",991,"2026-05-27 21:00:15","journal-article","10.18535/ijsrm/v10i1.ec02","2321-3418",,10,1,723,730,0,0.00,0,2,4,"The future of farming has been one of the most talked-about issues on world forums, with the world population increasing yearly there is a special need to develop more efficient ways to grow food and distribute them effectively. This work discusses the design and implementation of a greenhouse smart farming echo system for the cultivation and distribution of plants using mushrooms as a focused product, linking a farm environment to a business market (cultivation processes and supply chain). A greenhouse farm smartly monitored with embedded devices, a control interface for these devices, and a web platform for product distribution and consumer management platform was developed to create a unified smart agricultural echo system. The embedded system has sensors that monitor the levels of light, temperature, soil moisture and humidity and automatically open the tap to water the farm. In addition, the supply chain was designed for the distribution of farm products. The prototype was fabricated and tested. The results showed that both the electronic part and the supply chain are working as proposed.  ","https://ijsrm.in/index.php/ijsrm/article/download/3548/2485",""
0,"","Bibliography",2022,"Big House, Little House, Back House, Barn","Brandeis University Press","https://doi.org/10.2307/j.ctv2x6f0gq.15","",994,"2026-05-27 21:00:15","book-chapter","10.2307/j.ctv2x6f0gq.15","",,,,213,220,0,0.00,0,0,4,"","",""
1,"Hui Liu","Research on the Competitive Mechanism Between Long-Term Rental Apartment and Traditional House Rental from the Perspective of Game Theory",2021,"Proceedings of the 25th International Symposium on Advancement of Construction Management and Real Estate","Springer Singapore","https://doi.org/10.1007/978-981-16-3587-8_31","",6,"2026-05-27 21:00:15","book-chapter","10.1007/978-981-16-3587-8_31","",,,,469,483,1,0.20,1,1,5,"","https://link.springer.com/content/pdf/10.1007/978-981-16-3587-8_31",""
6,"Che-Chun Lin, I-Chun Tsai","HOUSE PRICES, RENTAL COSTS, AND MORTGAGE INTEREST RATES",2021,"International Journal of Strategic Property Management","Vilnius Gediminas Technical University","https://doi.org/10.3846/ijspm.2021.14966","",9,"2026-05-27 21:00:15","journal-article","10.3846/ijspm.2021.14966","1648-715X",,25,5,356,368,6,1.20,3,2,5,"Studies have typically adopted the price-rent ratio to determine whether housing exuberance exists and the periods of imbalance between house prices and rental costs. Using the price-rent ratio to conduct tests without considering the effects of mortgage interest rates on user costs may overestimate episodes of exuberance. This study uses data of the overall housing market and those of 10 major metropolitan statistical areas (MSAs) in the United States from 1979Q1 to 2018Q1 to evaluate whether housing exuberance exists in the markets; the results indicate that all the MSAs experienced episodes of exuberance at different times and the overall housing U.S. market was overheated from 1998Q2 to 2007Q3. By considering mortgage rates and using the user-cost-rent ratio, we further determine that short-term housing exuberance emerged in only two MSAs, Los Angeles and Miami, in 2006Q2, which was followed by immediate corrections. Thus, the research results of this study signify that only use the price-rent ratio to determine whether or not rational housing tenure choice made by traders exists is not sufficient. This study provides evidence showing that the method incorporating mortgage interest rates tends to obtain an equilibrium relationship between the rental and housing markets, indicating interest rates play an important role in housing tenure choice.","https://journals.vilniustech.lt/index.php/IJSPM/article/view/14966/10559",""
0,"Minstyn Tambunan","The Responsibility Of A Shop House Tenant (Ruko) If Demage Happen When The Rental Agreement Ends",2021,"Journal of Law Science","Institute of Computer Science","https://doi.org/10.35335/jls.v3i1.1646","",41,"2026-05-27 21:00:15","journal-article","10.35335/jls.v3i1.1646","2684-9658",,3,1,1,6,0,0.00,0,1,5,"In the era of increasing population growth, the need for housing is also increasing, but the area of ??land needed is decreasing, for that, the way to overcome this is to build houses or shop houses for rent. However, not all people can afford to build these houses or shophouses. Therefore, a house or shophouse rental agreement was made. The problem in this study is how the procedure for a shop house rental agreement occurs between the parties, what are the rights and obligations of the parties in the shophouse rental agreement and what is the responsibility of the shop house tenant if it occurs. damage when the lease agreement expires. This research was conducted in the city of Medan.This research is descriptive. The approach method used is the normative juridical method and the empirical juridical method. The data used are primary data and secondary data. Data collection methods are library data and field studies. Data were collected using a questionnaire. After collecting the data, it was analyzed qualitatively.The shophouse rental agreement entered into by the parties begins with an agreement which is then included in a contract that they have drawn up themselves. The shop owner's obligations are to provide shop-houses that are suitable for use, hand over shop-keys, provide supporting facilities (for example: water, PAM, electricity and telephone), not to lease back to other parties during the current lease period, ask the tenant whether this is done extension of the lease at the shophouse and submit supporting documents in the agreement. Meanwhile, the tenant's obligation is to pay the rent for the shop, to maintain the condition of the shop properly, to pay the budget for the tenant's fees (for example: water, electricity and telephone). If there is damage to the shop at the time the lease agreement ends","https://iocscience.org/ejournal/index.php/JLS/article/download/1646/1198",""
0,"","Prices: Analytical house price indicators (Edition 2020)",2021,"Main Economic Indicators","OECD","https://doi.org/10.1787/2e4b569a-en","",42,"2026-05-27 21:00:15","dataset","10.1787/2e4b569a-en","",,,,,,0,0.00,0,0,5,"","",""
2,"Mingchong Li, Xiaolei Dong, Zhenfu Cao, Jiachen Shen","PPHR: Blockchain-based Privacy Protection House Rental System",2021,"2021 2nd International Conference on Computer Communication and Network Security (CCNS)","IEEE","https://doi.org/10.1109/ccns53852.2021.00035","",52,"2026-05-27 21:00:15","proceedings-article","10.1109/ccns53852.2021.00035","",,,,145,149,2,0.40,1,4,5,"","http://xplorestaging.ieee.org/ielx7/9565594/9565595/09565649.pdf?arnumber=9565649",""
0,"Nor Adila Kedin, Izni Syamsina Saari, Hamidah Muhd Irpan, Ainon Syazana Ab Hamid, Noor Ibtisam Abdul Karim","What Matters to University Students when Looking for a Rental House?",2021,"Insight Journal","UiTM Press, Universiti Teknologi MARA","https://doi.org/10.24191/ij.v8i0.118","",75,"2026-05-27 21:00:15","journal-article","10.24191/ij.v8i0.118","2600-8564",,8,,275,286,0,0.00,0,5,5,"The rapid growth of higher education institutions in Malaysia is parallel with the growing demand of its population pursuing tertiary education. For such reason, universities and other tertiary education providers are constantly challenged in providing sufficient in-campus accommodation to help students living comfortably. Regardless of their continuous effort in improving their facilities, the issue of shortage of students’ accommodation persists; thus, boosting the demand for rental properties surrounding campus location. This opens the opportunity for homeowners who own rental units within proximity to a campus location to target students as their potential tenants. Therefore, it is worth the effort for homeowners to understand students’ preferences when searching for a rental unit. In line with the stipulated issue, this study aims to investigate university students’ perceived perception of five relevant criteria when searching for a rental house. This study employed a quantitative research design with a total of 150 respondents were successfully gathered via an online questionnaire. These respondents are off-campus students studying at Universiti Teknologi MARA (UiTM) Melaka campus. The result of the descriptive analysis revealed that many of the respondentsplaced rental agreement as to the utmost important criterion when deciding to rent a property. It was followed by the location of the property, the surrounding security, rental price, and finally utilities and amenities. From this study, it was suggested that the homeowner should emphasize all the mentioned criteria as it was relatively perceived as significant by potential tenants. It is recommended for future researchers to expand this study at other geographic locations in addition to examine other criteria focused on by tenants when searching for a rental house.","https://journal.uitm.edu.my/ojs/index.php/IJ/article/download/118/45",""
1,"Zhang Yang, Wang Zhiruo, Chen Chang, Dang Xiaoyi, Wu Chengliang, Ning Yanjie","Impact of Web Page House Listing Cues on Internet Rental",2021,"Applied Mathematics and Nonlinear Sciences","Walter de Gruyter GmbH","https://doi.org/10.2478/amns.2021.2.00021","",87,"2026-05-27 21:00:15","journal-article","10.2478/amns.2021.2.00021","2444-8656",,6,2,483,498,1,0.20,0,6,5,"Abstract: Based on a questionnaire survey combining the stimulus-organism-response (S-O-R) theory with the cues theory, this paper establishes hypotheses and uses partial least squares structural equation modelling (PLS-SEM) to study and analyse the impact of web page house listing cues on Internet rental from the perspective of users. The results indicate that: (1) the relevant cues of Internet renting platforms are effective and worthy of attention, (2) the subjective arousal of the tenants triggers their behavioural changes to a large extent, and (3) the sensitivity of the tenants’ behavioural approaches to their feelings is greater than their purchasing intentions. In the context of the rapid development of the online market, understanding the user's response to target information is essential to promote the optimisation of the Internet rental platform, to improve the efficiency of online housing selection, and to encourage healthy development of the rental housing market.","https://www.sciendo.com/pdf/10.2478/amns.2021.2.00021",""
0,"Evanson Ndung’u Kimani, Bartholomew Thiong’o Kuria, Moses Murimi Ngigi","Analysis of Spatial Factors Affecting Rental House Prices: A Case Study of Nyeri Town Constituency, Kenya",2021,"Journal of Geosciences and Geomatics","Science and Education Publishing Co., Ltd.","https://doi.org/10.12691/jgg-9-3-2","",93,"2026-05-27 21:00:15","journal-article","10.12691/jgg-9-3-2","2373-6690",,9,3,110,123,0,0.00,0,3,5,"","",""
1,"Dong Li, Zhan Pang, Lixian Qian","Bid Price Controls for Car Rental Network Revenue Management",2021,"SSRN Electronic Journal","Elsevier BV","https://doi.org/10.2139/ssrn.3933032","",102,"2026-05-27 21:00:15","journal-article","10.2139/ssrn.3933032","1556-5068",,,,,,1,0.20,0,3,5,"","",""
42,"Yuanyuan Chen, Yuxin Huang, Chuan Hoo Tan","Short-term rental and its regulations on the home-sharing platform",2021,"Information &amp; Management","Elsevier BV","https://doi.org/10.1016/j.im.2020.103322","",117,"2026-05-27 21:00:15","journal-article","10.1016/j.im.2020.103322","0378-7206",,58,3,103322,103322,42,8.40,14,3,5,"","https://api.elsevier.com/content/article/PII:S037872062030255X",""
0,"Maksym Tyndyk","DISTINCTION BETWEEN A VEHICLE RENTAL CONTRACT AND A VEHICLE LEASE CONTRACT",2021,"KELM (Knowledge, Education, Law, Management)","Fundacja Instytut Spraw Administracji Publicznej","https://doi.org/10.51647/kelm.2021.5.2.25","",124,"2026-05-27 21:00:15","journal-article","10.51647/kelm.2021.5.2.25","2353-8406",,2,5,156,160,0,0.00,0,1,5,"","",""
8,"Graham Squires, Don Webber, Hai Hong Trinh, Arshad Javed","The connectedness of house price affordability (HPA) and rental price affordability (RPA) measures",2021,"International Journal of Housing Markets and Analysis","Emerald","https://doi.org/10.1108/ijhma-03-2021-0029","",139,"2026-05-27 21:00:15","journal-article","10.1108/ijhma-03-2021-0029","1753-8270",,15,3,521,547,8,1.60,2,4,5,"Purpose: The purpose of this paper is to examine the relationship between house price affordability (HPA) and rental price affordability (RPA) in New Zealand. The cointegration of HPA and RPA is of particular focus given rising house prices and rising rents. Design/methodology/approach: The study examines the lead-lad correlation between HPA and RPA. The method uses a generalised least square technique and the development of an ordinary least squares model. Findings: The study shows that there is an existence of cointegration and unidirectional statistical causality effects between HPA and RPA across 11 regions in New Zealand. Furthermore, Auckland, Wellington and Canterbury are the three regions in which the results detect the most extreme effects amongst HPA and RPA compared to other places in the country. Extended empirical work shows interesting results that there are lead-lag effects of HPA and RPA on each other and on mortgage rates at the national scale. These effects are consistent for both methods but are changed at individual lead-lag variables and amongst different regions. Originality/value: The study empirically provides useful insight for both academia and practitioners. Particularly in examining the long-run effects, cointegration and forecasting of the volatile interactions between HPA and RPA.","https://www.emerald.com/insight/content/doi/10.1108/IJHMA-03-2021-0029/full/html",""
2,"Byung-Gi Kang, Jin-Hyeong Seo","A study on the improvement of public rental housing system - Focusing on the methodology for supplying public rental housing -",2021,"Journal of the Korea Real Estate Management Review","Korea Real Estate Management Academy","https://doi.org/10.37642/jkremr.2021.24.7","",166,"2026-05-27 21:00:15","journal-article","10.37642/jkremr.2021.24.7","2288-7393",,24,,157,184,2,0.40,1,2,5,"","",""
3,"Guancen Wu, Chen Li, Xing Niu, Ping Li, Li Tao","Evolution of Relationship Between Housing and Rental Prices and Inter-Urban Differences in China Under the Context of the Simultaneous Rental and Sales Markets Policy",2021,"Real Estate Management and Valuation","Walter de Gruyter GmbH","https://doi.org/10.2478/remav-2021-0019","",169,"2026-05-27 21:00:15","journal-article","10.2478/remav-2021-0019","2300-5289",,29,3,29,38,3,0.60,1,5,5,"Abstract: This research analyzes the relationship between housing and rental prices in 26 first-tier and second-tier cities in China before and after the policy of simultaneous rental and sales markets. The PVAR model and monthly panel data of these cities from June 2010 to December 2018 were employed. The study found that, before the policy of simultaneous rental and sales markets took effect, the housing and rental prices were relatively independent of each other, whereas the rental market in second-tier cities is affected more considerably by the sales market. After the enactment of the policy on simultaneous rental and sales markets, rental prices have a positive effect on housing prices, with this effect being more obvious in second-tier cities. The rental prices with the first-order lag have a significant negative impact on current rental price in first-tier cities. Considering the features of the housing market in different cities, the implementation of the simultaneous rental and sales markets policy needs to be more targeted and attention should be paid to preventing simultaneous irrational growth, both on the sales and rental markets.","https://reference-global.com/pdf/10.2478/remav-2021-0019",""
1,"Matthew Boland","Airbnb Property Management: Performance Evaluation of a Rental Property*",2021,"Accounting Perspectives","Wiley","https://doi.org/10.1111/1911-3838.12249","",171,"2026-05-27 21:00:15","journal-article","10.1111/1911-3838.12249","1911-382X",,20,2,255,263,1,0.20,1,1,5,"ABSTRACT: This teaching case requires students to generate performance evaluation reports for a short‐term rental property. The case demonstrates the need to analyze variances and think critically about the potential causes of these variances and assess management performance. Students are also required to make forward‐looking recommendations based on the local business environment for short‐term rental properties.","https://onlinelibrary.wiley.com/doi/pdf/10.1111/1911-3838.12249",""
0,"Tatyana Nikolaevna Dolinina","FUNCTIONAL RENTAL STRUCTURE OF WAGE",2021,"Human resource management as basis for the development of innovative economics. Материалы X Международной научно-практической конференции","Федеральное государственное бюджетное образовательное учреждение высшего образования ""Сибирский государственный университет науки и технологий имени академика М.Ф. Решетнева""","https://doi.org/10.53374/9785864338810_168","",178,"2026-05-27 21:00:15","proceedings-article","10.53374/9785864338810_168","",,,,168,178,0,0.00,0,1,5,"","",""
1,"Lingling Mu, Xiangyu Qin, Yaoyao Wang","Dynamic Analysis of the Rental Prices of Long-Rental Apartments and Ordinary Rental Housing Based on the Impact of Long-Rental Apartment Enterprises’ Competitive Behaviors",2021,"Discrete Dynamics in Nature and Society","Wiley","https://doi.org/10.1155/2021/8841184","",181,"2026-05-27 21:00:15","journal-article","10.1155/2021/8841184","1607-887X",,2021,,1,12,1,0.20,0,3,5,"This paper addresses the issue of the impact of the competitive behaviors of long-rental apartment firms on the rents of long-rental apartments and ordinary rental housing and introduces a dynamic gaming approach to the housing rental market domain to reveal changes in the long-term complexity of rents of long-rental apartments and ordinary rental housing caused by the competitive behavior of long-rental apartment firms. Through numerical simulation, it is found that the adoption of smaller rent adjustment strategies by firms is important for maintaining system stability, while the changes in reference effect behavior of landlords and service quality and differences in demand share have moderating effects on system stability. The enhanced reference effect of landlords, the improvement of service quality, and the increase of the difference in demand share between the two long-rental apartments help to mitigate the disruption of system stability by the increase of the adjustment factor of the firms. The decentralized long-lease apartment firms, which occupy a higher proportion of the market, are able to exert a major impact on the rent of general rental housing by taking advantage of the market, while the difference in the demand share between the two firms is the main reason for the change in the rent of long-rental apartments.","http://downloads.hindawi.com/journals/ddns/2021/8841184.pdf",""
0,"Alan Morris, Kath Hulse, Hal Pawson","Private Rental Property Ownership",2021,"The Private Rental Sector in Australia","Springer Singapore","https://doi.org/10.1007/978-981-33-6672-5_3","",191,"2026-05-27 21:00:15","book-chapter","10.1007/978-981-33-6672-5_3","",,,,45,68,0,0.00,0,3,5,"","https://link.springer.com/content/pdf/10.1007/978-981-33-6672-5_3",""
0,"Hamdan","Determination of Hotel Room Rental Rates Using the Cost-Plus Pricing Method",2021,"Ilomata International Journal of Management","Yayasan Sinergi Kawula Muda","https://doi.org/10.52728/ijjm.v2i3.281","",197,"2026-05-27 21:00:15","journal-article","10.52728/ijjm.v2i3.281","2714-8963",,2,3,201,205,0,0.00,0,1,5,"Room rental rates in the hotel business is the one of the customer  consideration for selected the hotel. This study aims to compare the pricing determined by the hotel with the price-plus pricing method. The study was conducted a hotel in a tourist area in Banten by analyzing the operational costs incurred by the hotel and the standard cost that has been made. Determination of price based on full costing method obtained Standard room Rp 556.688, deluxe room Rp 722.855, Junior Executive Rp 1.077.091, Executive Rp 2.111.098, President Suite room Rp 3.546.987. But when using Variable Costing, the price of Standard room is Rp 246,089, Deluxe Room Rp 344,432, Junior Executive Rp 345,678, Executive Rp 487.244, President Suite Rp 1.934.805, so it is possible to win the competition because the price can be cheaper.","https://www.ilomata.org/index.php/ijjm/article/download/281/175",""
1,"Oriol Anguera-Torrell, Robert Alcañiz","Vacation rental management firms: Check-in practices and online rating",2021,"European Journal of Tourism Research","Varna University of Management","https://doi.org/10.54055/ejtr.v30i.1950","",207,"2026-05-27 21:00:15","journal-article","10.54055/ejtr.v30i.1950","1314-0817",,30,,3008,3008,1,0.20,1,2,5,"In-person interactions between a vacation rental management firm and its customers mainly happen during check-ins, converting this process in a decisive touchpoint. Nevertheless, there is scant evidence on which are the best check-in practices that vacation rental management companies can apply. Accordingly, this study examines the relationship between three check-in practices and the online rating these companies obtain on their properties. To this end, data from three experimental studies in a real vacation rental management company in Barcelona is examined. The first experiment inspects the effects of asking for a good review to guests during the check-in. The second experiment examines the influence of assigning a check-in agent who can proficiently speak the same language as the guests’ mother tongue. Finally, the third experiment evaluates the impact of doing check-ins on the remote. The results establish three managerial implications: (1) asking for good ratings during check-ins do not have any effect, (2) guests derive a positive satisfaction when the check-in agent masters their first language, and (3) guests prefer in-person check-ins rather than remote ones.","https://ejtr.vumk.eu/index.php/about/article/download/1950/514",""
51,"Mara Ferreri, Romola Sanyal","Digital informalisation: rental housing, platforms, and the management of risk",2021,"Housing Studies","Informa UK Limited","https://doi.org/10.1080/02673037.2021.2009779","",222,"2026-05-27 21:00:15","journal-article","10.1080/02673037.2021.2009779","0267-3037",,37,6,1035,1053,51,10.20,26,2,5,"","https://www.tandfonline.com/doi/pdf/10.1080/02673037.2021.2009779",""
1,"Alan Morris, Kath Hulse, Hal Pawson","Private Renting and Rental Stress",2021,"The Private Rental Sector in Australia","Springer Singapore","https://doi.org/10.1007/978-981-33-6672-5_6","",245,"2026-05-27 21:00:15","book-chapter","10.1007/978-981-33-6672-5_6","",,,,107,127,1,0.20,0,3,5,"","https://link.springer.com/content/pdf/10.1007/978-981-33-6672-5_6",""
7,"Yuxin Huang, Yuanyuan Chen, Chuan Hoo Tan","Regulating new digital market and its effects on the incumbent market: Investigation of online peer-to-peer short-term rental",2021,"Information &amp; Management","Elsevier BV","https://doi.org/10.1016/j.im.2021.103544","",262,"2026-05-27 21:00:15","journal-article","10.1016/j.im.2021.103544","0378-7206",,58,8,103544,103544,7,1.40,2,3,5,"","https://api.elsevier.com/content/article/PII:S037872062100118X",""
2,"Alan Morris, Kath Hulse, Hal Pawson","Finding a Rental Property and Feeling at Home",2021,"The Private Rental Sector in Australia","Springer Singapore","https://doi.org/10.1007/978-981-33-6672-5_5","",271,"2026-05-27 21:00:15","book-chapter","10.1007/978-981-33-6672-5_5","",,,,87,105,2,0.40,1,3,5,"","https://link.springer.com/content/pdf/10.1007/978-981-33-6672-5_5",""
0,"Aruna Nair","Cobbe v Yeoman’s Row Management Ltd [2008] UKHL 55, House of Lords",2021,"Essential Cases: Land Law","Oxford University Press","https://doi.org/10.1093/he/9780191926389.003.0004","",277,"2026-05-27 21:00:15","book-chapter","10.1093/he/9780191926389.003.0004","",,,,,,0,0.00,0,1,5,"<p> <italic>Essential Cases: Land Law</italic> provides a bridge between course textbooks and key case judgments. This case document summarizes the facts and decision in <italic>Cobbe v Yeoman’s Row Management Ltd</italic> [2008] UKHL 55, House of Lords. The document also includes supporting commentary from author Aruna Nair.</p>","",""
0,"Alan Morris, Kath Hulse, Hal Pawson","Private Rental in Australia: A Lightly Regulated Sector",2021,"The Private Rental Sector in Australia","Springer Singapore","https://doi.org/10.1007/978-981-33-6672-5_2","",286,"2026-05-27 21:00:15","book-chapter","10.1007/978-981-33-6672-5_2","",,,,25,43,0,0.00,0,3,5,"","https://link.springer.com/content/pdf/10.1007/978-981-33-6672-5_2",""
4,"Rong Yu, Zhenqi Wang, Conghui Zhang, Shaopeng Guan","A secure blockchain-based housing rental platform",2021,"2021 IEEE 4th Advanced Information Management, Communicates, Electronic and Automation Control Conference (IMCEC)","IEEE","https://doi.org/10.1109/imcec51613.2021.9482058","",287,"2026-05-27 21:00:15","proceedings-article","10.1109/imcec51613.2021.9482058","",,,,2049,2053,4,0.80,1,4,5,"","http://xplorestaging.ieee.org/ielx7/9481956/9481957/09482058.pdf?arnumber=9482058",""
0,"Gessica Mina Kim Jesus, Gladys Dorotea Cacsire Barriga","Factors for the Quality of the Brazilian Car Rental Service",2021,"International Journal of Science and Management Studies (IJSMS)","Science Research Publication","https://doi.org/10.51386/25815946/ijsms-v4i4p121","",296,"2026-05-27 21:00:15","journal-article","10.51386/25815946/ijsms-v4i4p121","2581-5946",,,,216,226,0,0.00,0,2,5,"The purpose of this study is to identify the main factors that influence the quality of the car rental service in Brazil, from the perspective of customers. It is the first time that the main factors for the quality of the car rental service have been investigated considering the perspective of Brazilian customers. We adopted a survey based on a questionnaire. The results were analyzed using the binary logistic regression model. The main factors for the quality were: the company offers local maps and tourist information along with the car (odds ratio = 1.56); the company has cars adapted for people with special needs (odds ratio = 1.39); the company supplies cars with a choice of steering (odds ratio = 1.568); the company has employees that are well dressed and look good (odds ratio = 1.58); the company makes all tools and documents available (odds ratio = 1.75); and the company offers compensation if inconveniences arise for customers (odds ratio = 1.51). This study shows how companies can direct their efforts to reduce complaints and improve the satisfaction and quality of the car rental service in Brazil.","",""
0,"Derek Whayman","Cobbe v Yeoman’s Row Management Ltd [2008] UKHL 55, House of Lords",2021,"Essential Cases: Equity &amp; Trusts","Oxford University Press","https://doi.org/10.1093/he/9780191926402.003.0048","",314,"2026-05-27 21:00:15","book-chapter","10.1093/he/9780191926402.003.0048","",,,,,,0,0.00,0,1,5,"<p> <italic>Essential Cases: Equity &amp; Trusts</italic> provides a bridge between course textbooks and key case judgments. This case document summarizes the facts and decision in <italic>Cobbe v Yeoman’s Row</italic> [2008] UKHL 55, House of Lords. The document also includes supporting commentary from author Derek Whayman.</p>","",""
1,"Fred Gray","Consumption: council house management",2021,"State Housing in Britain","Routledge","https://doi.org/10.4324/9781003138204-8","",322,"2026-05-27 21:00:15","book-chapter","10.4324/9781003138204-8","",,,,196,232,1,0.20,1,1,5,"","",""
2,"Koji Aragane, Tomoki Fukuba, Takayuki Shiina","Multi-period stochastic lateral transshipment problem for rental products",2021,"Asian J. of Management Science and Applications","Inderscience Publishers","https://doi.org/10.1504/ajmsa.2021.118393","",325,"2026-05-27 21:00:15","journal-article","10.1504/ajmsa.2021.118393","2049-8683",,6,1,32,32,2,0.40,1,3,5,"","http://www.inderscienceonline.com/doi/full/10.1504/AJMSA.2021.118393",""
0,"Sang-Hoon Han","A Study on Housing Rights and Rent Control on Housing Rent Focusingd on the Right of Claim for Housing Rental Contract, Rent Control and Obligation of Reporting Rental Contract, so called 3 Acts for Rental Houses",2021,"Korean Public Land Law Association","Korean Public Land Law Association","https://doi.org/10.30933/kpllr.2021.93.141","",347,"2026-05-27 21:00:15","journal-article","10.30933/kpllr.2021.93.141","1226-251X",,93,,141,166,0,0.00,0,1,5,"","",""
0,"Lawrence Stern, Jill Gold","Working with the House Manager",2021,"Stage Management","Routledge","https://doi.org/10.4324/9781003126287-15","",359,"2026-05-27 21:00:15","book-chapter","10.4324/9781003126287-15","",,,,204,209,0,0.00,0,2,5,"","",""
0,"Ruitong Yang","The Strategic Decisions of Short-term Rental Investment Startup Companies in the Context of COVID-19",2021,"Advances in Economics, Business and Management Research","Atlantis Press","https://doi.org/10.2991/assehr.k.211209.298","",369,"2026-05-27 21:00:15","proceedings-article","10.2991/assehr.k.211209.298","2352-5428",,203,,,,0,0.00,0,1,5,"","",""
24,"Elisa Arrigo","Digital platforms in fashion rental: a business model analysis",2021,"Journal of Fashion Marketing and Management: An International Journal","Emerald","https://doi.org/10.1108/jfmm-03-2020-0044","",375,"2026-05-27 21:00:15","journal-article","10.1108/jfmm-03-2020-0044","1361-2026",,26,1,1,20,24,4.80,24,1,5,"Purpose: The purpose of this paper is to explore the key features of fashion rental from a business model perspective with a focus on the role played by digital platforms. Design/methodology/approach: A qualitative research design was used based on multiple case studies of three Italian fashion rental enterprises. Findings: The findings reveal the key aspects characterizing fashion rental business models and the centrality of digital platforms in value creation, configuration and capture activities. The study also found that fashion rental platforms are likely to exhibit further successful development in the future. Originality/value: The academic literature on fashion rental has been mainly focussed on examining consumers' motivations and concerns, paying little attention to the enterprise's viewpoint. To date, no previous study has examined fashion rental business models from the retailer's perspective. This paper is the first to explore the key components of fashion rental business models and how digital platforms influence them from the perspective of retailers. The originality of the study is further strengthened by the unique context of analysis, namely, Italy, a leading country for global fashion.","https://www.emerald.com/insight/content/doi/10.1108/JFMM-03-2020-0044/full/html",""
0,"K.A. Asraar Ahmed, V.S. Damodharan","Antecedents of travel intention in rental taxi services post coronavirus-19 lockdown",2021,"International Journal of Management and Enterprise Development","Inderscience Publishers","https://doi.org/10.1504/ijmed.2021.119521","",376,"2026-05-27 21:00:15","journal-article","10.1504/ijmed.2021.119521","1468-4330",,20,4,363,363,0,0.00,0,2,5,"","http://www.inderscienceonline.com/doi/full/10.1504/IJMED.2021.119521",""
0,"Lu Yang, You Guo Jing","Optimal Ordering Strategy for Car Rental Enterprises with Shared Renting Capacity",2021,"2021 the 5the International Conference on Management Engineering, Software Engineering and Service Sciences","ACM","https://doi.org/10.1145/3459012.3459025","",388,"2026-05-27 21:00:15","proceedings-article","10.1145/3459012.3459025","",,,,80,84,0,0.00,0,2,5,"","https://dl.acm.org/doi/10.1145/3459012.3459025",""
0,"Irina Burns","Toll House recipe",2021,"Academy of Management Discoveries","Academy of Management","https://doi.org/10.5465/amd.2021.0084","",411,"2026-05-27 21:00:15","journal-article","10.5465/amd.2021.0084","2168-1007",,,,,,0,0.00,0,1,5,"","https://journals.aom.org/doi/10.5465/amd.2021.0084",""
0,"","WITHDRAWN: The analysis of disruption management due to COVID-19 using business continuity management and house of risk on maritime operations",2021,"","Springer Science and Business Media LLC","https://doi.org/10.21203/rs.3.rs-111840/v2","",433,"2026-05-27 21:00:15","posted-content","10.21203/rs.3.rs-111840/v2","",,,,,,0,0.00,0,0,5,"<title>Abstract</title> <p>The authors have requested that this preprint be withdrawn due to erroneous posting.</p>","https://www.researchsquare.com/article/rs-111840/v2",""
0,"","Review for ""An integrated neural network for the dynamic domestic energy management of a solar house""",2021,"","Wiley","https://doi.org/10.1002/2050-7038.13227/v1/review2","",435,"2026-05-27 21:00:15","peer-review","10.1002/2050-7038.13227/v1/review2","",,,,,,0,0.00,0,0,5,"","",""
18,"Xiaowei Xu, Dogan Gursoy","STHRSCAPE: Developing and validating a collaborative economy based short-term hospitality rental servicescape scale",2021,"International Journal of Hospitality Management","Elsevier BV","https://doi.org/10.1016/j.ijhm.2020.102833","",438,"2026-05-27 21:00:15","journal-article","10.1016/j.ijhm.2020.102833","0278-4319",,94,,102833,102833,18,3.60,9,2,5,"","https://api.elsevier.com/content/article/PII:S0278431920303856",""
0,"","Review for ""An integrated neural network for the dynamic domestic energy management of a solar house""",2021,"","Wiley","https://doi.org/10.1002/2050-7038.13227/v2/review2","",443,"2026-05-27 21:00:15","peer-review","10.1002/2050-7038.13227/v2/review2","",,,,,,0,0.00,0,0,5,"","",""
0,"","Review for ""An integrated neural network for the dynamic domestic energy management of a solar house""",2021,"","Wiley","https://doi.org/10.1002/2050-7038.13227/v1/review1","",453,"2026-05-27 21:00:15","peer-review","10.1002/2050-7038.13227/v1/review1","",,,,,,0,0.00,0,0,5,"","",""
0,"Fani Putri Andari, Alfin Thomas","APLIKASI PENYEWAAN RENTAL MOBIL PADA RENTAL MOBIL TAPAK KUDA KENDARI",2021,"Simtek : jurnal sistem informasi dan teknik komputer","STMIK Catur Sakti Kendari","https://doi.org/10.51876/simtek.v6i1.90","",466,"2026-05-27 21:00:15","journal-article","10.51876/simtek.v6i1.90","2540-7635",,6,1,17,23,0,0.00,0,2,5,"Tujuan penelitian ini untuk merancang suatu sistem informasi penyewaan rental mobil pada rental mobil tapak kuda kendari yang berguna mengelola sistem penyewaan dan pembuatan laporan dengan cepat dan akurat, yang kini masih melakukan sistem  penyewaan dan pembuatan laporan dengan cara manual, dengan kata lain masih melakukan pengolahan data dengan cara mencatat di kertas biasa. Dampak yang dapat dirasakan dari sistem yang dirancang ini adalah kemudahan dalam mengelola usaha rental mobil, khususnya bagi pemilik rental mobil tapak kuda kendari sendiri, metode yang digunakan dalam merancang sistem ini adalah metode parancangan DFD, metode perancangan database menggunakan ER dan Bahasa pemograman yang digunakan adalah bahasa pemograman Delphi. Hasil dari penelitian ini adalah sebuah aplikasi penyewaan rental mobil pada rental mobil tapak kuda kendari.","",""
0,"","Review for ""An integrated neural network for the dynamic domestic energy management of a solar house""",2021,"","Wiley","https://doi.org/10.1002/2050-7038.13227/v2/review1","",471,"2026-05-27 21:00:15","peer-review","10.1002/2050-7038.13227/v2/review1","",,,,,,0,0.00,0,0,5,"","",""
0,"Muhamad Farhan, Maria Cleopatra, Diyan Parwatiningtyas","PERANCANGAN SISTEM INFORMASI APLIKASI RENTAL MOTOR PADA JOGJA24 RENT GROUP MENGGUNAKAN JAVA DAN MYSQL",2021,"Journal of Information System, Applied, Management, Accounting and Research","Sekolah Tinggi Manajemen Informatika dan Komputer Jayakarta","https://doi.org/10.52362/jisamar.v5i1.356","",483,"2026-05-27 21:00:15","journal-article","10.52362/jisamar.v5i1.356","2598-8719",,5,1,161,161,0,0.00,0,3,5,"Ilmu pengetahuan dan teknologi dapat membantu pekerjaan manusia dengan mudah. Hampir semua pekerjaan dapat dibantu oleh teknologi yang diciptakan oleh manusia sehingga dapat mengefisienkan waktu,tenaga,dan biaya. Salah satu yang terkena dampak perkembangan teknologi informasi adalah Jogja24 Rent Group. Pada kajian ini, perancangan sistem informasi aplikasi rental motor pada Jogja24 Rent Group menggunakan Java dan MySQL bertugas untuk mengolah data seperti penginputan data pelanggan, data petugas, data motor, data rental dan pengembalian, serta laporan-laporan yang dibutuhkan setiap bulannya. Tujuan penelitian ini adalah untuk mempermudah proses input data sehingga mempermudah petugas dalam melakukan proses pengolahan data, memperkecil terjadinya kesalahan dan informasi yang dihasilkan agar lebih akurat. Metode penelitian yang digunakan adalah metode observasi dan pendekatan grounded theory. Hasil dari penelitian ini berupa sistem informasi aplikasi rental motor yang dapat membantu Jogja24 Rent Group dalam menerapkan sistem yang lebih modern dan dapat mempermudah pengelolaan rental motor. Science and technology can help human work with ease. Almost all jobs can be assisted by technology that is created by humans so that it can save time, effort and costs. One of those affected by the development of information technology is the Jogja24 Rent Group. In this study, the design of a motorbike rental application information system at Jogja24 Rent Group using Java and MySQL is tasked with processing data such as inputting customer data, staff data, motorbike data, rental and return data, as well as reports needed every month. The purpose of this research is to simplify the data input process so that it makes it easier for officers to process data, minimize errors and make the resulting information more accurate. The research method used is the method of observation and grounded theory approach. The result of this research is a motorbike rental application information system that can help Jogja24 Rent Group in implementing a more modern system and can simplify the management of motorbike rental.","http://journal.stmikjayakarta.ac.id/index.php/jisamar/article/download/356/256",""
2,"Joseph Obaje Ataguba","Synthesis of Short-Cut DCF Appraisal and Spreadsheet Iteration of Freehold Rental Growth Rates Across Specific Valuation Epochs",2021,"Real Estate Management and Valuation","Walter de Gruyter GmbH","https://doi.org/10.2478/remav-2021-0013","",496,"2026-05-27 21:00:15","journal-article","10.2478/remav-2021-0013","2300-5289",,29,2,52,70,2,0.40,2,1,5,"Abstract: While the use of simple deterministic models to calculate rental value growth (RVGrowth) rate of reversionary freeholds across epochs prior to upward rent review appears illusive, literature evidence of the synthesis between short-cut DCF valuation and Solver tools in a spreadsheet does not constitute an exhaustive list of solutions. This study examined alternative spreadsheet and iteration tools that can determine RVGrowth rate of freehold investment properties across rent review epochs. With recourse to a hypothetical case of a freehold investment property, this experimental study identified the mathematical composition of RVGrowth in an explicit DCF framework, performed short-cut DCF Valuation and equivalent yield calculation at specific epochs prior to and including the full reversion; as well as using Goal Seek to calculate RVGrowth across all epochs prior to- and including the full reversion. Excel","https://reference-global.com/pdf/10.2478/remav-2021-0013",""
5,"Chukwuemeka O. Iroham, Sanjay Misra, Onyeka C. Emebo, Hilary I. Okagbue","Predictive rental values model for low-income earners in slums: the case of Ijora, Nigeria",2021,"International Journal of Construction Management","Informa UK Limited","https://doi.org/10.1080/15623599.2021.1975021","",498,"2026-05-27 21:00:15","journal-article","10.1080/15623599.2021.1975021","1562-3599",,23,8,1426,1435,5,1.00,1,4,5,"","https://www.tandfonline.com/doi/pdf/10.1080/15623599.2021.1975021",""
0,"Achmad Fadly, La Ode Muhamad Magribi, Sitti Nurjannah Ahmad","ANALISIS PEMILIHAN MODA TAXI BANDARA DAN MOBIL RENTAL DI BANDAR UDARA HALUOLEO KENDARI DENGAN BINOMIAL LOGIT MODEL",2021,"Jurnal Manajemen Rekayasa (Journal of Engineering Management)","Universitas Halu Oleo","https://doi.org/10.33772/jmr.v2i2.16052","",504,"2026-05-27 21:00:15","journal-article","10.33772/jmr.v2i2.16052","2685-3752",,2,2,,,0,0.00,0,3,5,"Model pemilihan moda bertujuan untuk mengetahui probabilitas terpilihnya suatu moda (dalam hal ini adalah moda taxi bandara dan mobil sewa). Proses ini dilakukan untuk mengetahui atribut dan variabel-variabel yang mempengaruhi preferensi pelaku perjalanan untuk pemilihan moda. Penelitian ini bertujuan menganalisis karakteristik pelaku perjalanan moda transportasi umum taxi bandara dan mobil rental bandara, Mendapatkan model pemilihan moda yang dapat menjelaskan probabilitas pelaku perjalanan dalam memilih moda transportasi umum taxi bandara dan mobil rental bandara, Menguji sensitivitas pelaku perjalanan dalam penentuan pemilihan moda apabila dilakukan perubahan terhadap atribut perjalanan seperti: cost, passenger, time, Membandingan sensitivitas antara model kurva logit biner dan model probit biner.Analisis data menggunakan menggunakan metode stated preference, Penyajian data ini diselesaikan dengan Program SPSS 23. Hasil analisis data di dapatkan model utilitas pemilihan moda UTB-MR = -0,054 - 0,00005439 X1 - 0,430 X2 - 0,076  X3, Model tersebut mempunyai nilai R2 sebesar yaitu 0,569 atau 56,9%. Hasil yang diperoleh dari analisa sensitifitas fungsi utilitas model logit biner dan probit biner bahwa dari ketiga atribut yang dianalisa hasilnya adalah Atribut biaya (Cost), jumlah penumpang (Passenger)dan waktu (Time) memperlihatkan arah kemiringan garis yang negatif, Dari hasil perbandingan sensitifitas antara model logit biner dan probit biner terlihat bahwa kurva probit biner lebih sensitif dibanding kurva logit binerKata Kunci: Pemilihan Moda,Binomial Logit Model, Stated Preference, Sensifitas  ","https://ojs.uho.ac.id/index.php/JMR/article/viewFile/16052/10789",""
0,"DAN XIONG, YONG LI","THE CURRICULUM SYSTE""M CONSTRUCTION OF VISUAL COMMUNICATION DESIGN MAJOR BASED ON THE CONCEPT OF TOPCARES EDUCATION",2021,"2021 International Conference on Education, Humanity and Language, Art (EHLA 2021)","Destech Publications, Inc.","https://doi.org/10.12783/dtssehs/ehla2021/35692","",505,"2026-05-27 21:00:15","proceedings-article","10.12783/dtssehs/ehla2021/35692","",,,,,,0,0.00,0,2,5,"Based on the concept of ""TOPCARES ""education, this paper studies how to construct the curriculum system of visual communication design. According to the core curriculum, project setting, project-oriented curriculum ability training, curriculum setting and main vocational posts, and the corresponding relationship between practical education and teaching links, this paper expounds the scientific nature of the training mode, professional characteristics and ability index construction of visual communication design professionals under the concept of ""TOPCARES ""education.","",""
0,"Samad Samad, Harri Sakti Mulia Nasution","Perancangan Multimedia Interaktif Sebagai Media Promosi Rental Mobil QRC",2021,"Engineering and Technology International Journal","Cendikia Mulia Mandiri","https://doi.org/10.55642/eatij.v3i02.158","",513,"2026-05-27 21:00:15","journal-article","10.55642/eatij.v3i02.158","2714-755X",,3,2,166,170,0,0.00,0,2,5,"The development of various technologies and in connection with the running depth of this globalization era can really help and make it easier for humans to carry out and carry out various activities, such as for example to see the prices of cars that are rented in general. Therefore, it can be seen that with this technology and design it will can make it easier for us to do everything, and as a general idea is we think about a habit or an activity that is often done and done by humans, and we define car rental as a habit that is mostly done for business owners. As one of the businesses engaged in Car Rental, which operates in Aviari Sawang Permai, it serves a variety of car rental needs, both for companies and individuals, for long and short term.","https://mand-ycmm.org/index.php/eatij/article/download/158/423",""
0,"Christalyn B. Lapid, Alyanna Dawn S. Manuel, Arne B. Barcelo, Dianne Nicole M. Silva, Joerji Louis A. Ong","Legislative Information Resources Management for House Bills and House Resolutions in the Acquisition Department of the House of Representatives",2021,"2021 1st International Conference in Information and Computing Research (iCORE)","IEEE","https://doi.org/10.1109/icore54267.2021.00040","",525,"2026-05-27 21:00:15","proceedings-article","10.1109/icore54267.2021.00040","",,,,119,124,0,0.00,0,5,5,"","http://xplorestaging.ieee.org/ielx7/9681386/9681364/09681430.pdf?arnumber=9681430",""
0,"","Rental Assistance",2021,"Encyclopedia of Gerontology and Population Aging","Springer International Publishing","https://doi.org/10.1007/978-3-030-22009-9_302039","",530,"2026-05-27 21:00:15","book-chapter","10.1007/978-3-030-22009-9_302039","",,,,4246,4246,0,0.00,0,0,5,"","https://link.springer.com/content/pdf/10.1007/978-3-030-22009-9_302039",""
1,"Soojung Lee, Hocheol Kim","Analysis of Important Profitability Factors of Private Rental Housing REITs Using AHP",2021,"Journal of the Korean Urban Management Association","Korean Urban Management Association","https://doi.org/10.36700/kruma.2021.9.34.3.41","",533,"2026-05-27 21:00:15","journal-article","10.36700/kruma.2021.9.34.3.41","1598-8686",,34,3,41,55,1,0.20,1,2,5,"","",""
0,"Yohanes Ferry Cahaya, Firda Aisyah Aisyah Pratiwi","The Influence of Celebrity Ambassador, Company Image and Service Quality on Rental Interest in Bassura City Apartments on Travelio.com",2021,"Management Research Studies Journal","Perbanas Institute","https://doi.org/10.56174/mrsj.v2i2.423","",547,"2026-05-27 21:00:15","journal-article","10.56174/mrsj.v2i2.423","2746-0231",,2,2,89,99,0,0.00,0,2,5,"This study aims to determine the effect of Celebrity Ambassador, Company Image and Service Quality on Rental Interest in Bassura City Apartments on Travelio.com. The research design used is an explanative research design, the type of research is descriptive quantitative research using a questionnaire. The sample technique uses probability sampling (simple random sampling) with 100 respondents. The analysis used is the correlation test, multiple linear regression, the coefficient of determination, and hypothesis testing. The results showed that: (1) Celebrity Ambassador has a significant effect on Rental Interest and has the smallest effect; (2) Corporate Image has a significant effect on Apartment Rental Interest and has the greatest influence (3) Service Quality has a significant effect on Apartment Rental Interest and has a greater influence on the Celebrity Ambassador variable and less than the Corporate Image variable. The F test shows if the regression model is considered feasible to predict the independent variable on the dependent variable. The R test shows that the independent variable is able to explain the dependent variable of rental interest by 58.6%. Keywords: Celebrity Ambassador, Company Image, Service Quality, Rental Interest","https://journal.perbanas.id/index.php/mrsj/article/download/423/259",""
1,"Jorge Chica-Olmo, Rafael Cano-Guervos, María-Despoina Moschovaki, Ivan Tamires-Turizo","What is the effect of location on rental housing prices in Athens?",2021,"Review of Business Management","FECAP Fundacao Escola de Comercio Alvares","https://doi.org/10.7819/rbgn.v23i3.4114","",553,"2026-05-27 21:00:15","journal-article","10.7819/rbgn.v23i3.4114","1806-4892",,23,3,439,453,1,0.20,0,4,5,"","https://rbgn.fecap.br/RBGN/article/download/4114/1724/32437",""
13,"Elinor Chisholm, Sarah Bierre, Cheryl Davies, Philippa Howden‐Chapman","‘That house was a home’: Qualitative evidence from New Zealand on the connections between rental housing eviction and poor health outcomes",2021,"Health Promotion Journal of Australia","Wiley","https://doi.org/10.1002/hpja.526","",554,"2026-05-27 21:00:15","journal-article","10.1002/hpja.526","1036-1073",,33,3,861,868,13,2.60,3,4,5,"Issue addressed: Eviction, or a forced move from rental housing, is a common experience for New Zealand renters, yet we know very little about its effects. This research investigated how eviction affects people's lives and health. Methods: We conducted semi‐structured interviews with 2 Results: Participant experienced grief at the loss of the home. Moving out and searching for a new home was highly stressful on participants and on their relationships. After being evicted, people became homeless, often staying with family and friends and lived in poor quality or unaffordable housing. They reported health issues as a result of these circumstances. Conclusions: Eviction harms health through causing stress, grief and a move to a risky living situation. Increasing the supply of housing and funding wide‐ranging support services can help minimise the harm caused by eviction. So what?: Reducing the incidence and impact of eviction should be a priority for health promotion.","https://onlinelibrary.wiley.com/doi/pdf/10.1002/hpja.526",""
0,"Gunawan Christanto, Erna Andajani","CUSTOMER EXPERIENCE PERSPECTIVE IN MAJAPAHIT HOUSE MANAGEMENT IN BEJIJONG VILLAGE, MOJOKERTO",2021,"Journal of Management and Business","University of Surabaya","https://doi.org/10.24123/jmb.v20i2.524","",560,"2026-05-27 21:00:15","journal-article","10.24123/jmb.v20i2.524","2477-1783",,20,2,,,0,0.00,0,2,5,"","https://www.journalmabis.org/mabis/article/viewFile/524/344",""
0,"Chongqing Kang","Decision letter for ""An integrated neural network for the dynamic domestic energy management of a solar house""",2021,"","Wiley","https://doi.org/10.1002/2050-7038.13227/v2/decision1","",569,"2026-05-27 21:00:15","peer-review","10.1002/2050-7038.13227/v2/decision1","",,,,,,0,0.00,0,1,5,"","",""
1,"Tessa Chapman","Stimulating the rental market : federal and provincial housing policy from 1935-2019",2021,"","Ryerson University Library and Archives","https://doi.org/10.32920/ryerson.14668053.v1","",571,"2026-05-27 21:00:15","posted-content","10.32920/ryerson.14668053.v1","",,,,,,1,0.20,1,1,5,"[Para. 1 of Introduction] The Canadian Rental Housing Index outlines that in 2018, Ontario’s rental market is as unhealthy as it has ever been (Canadian Rental Housing Index, n.d.). This is due to the fact that the supply of rental housing has not kept up with the growing demand for this tenure type. From 2011-2016, the average rate of renter formation1 was approximately 34,000 renter households per year (Urbanation, 2019). During this same period approximately 5,000 purpose-built rental units were completed CMHC, 2018). This misalignment between the supply and demand of rental housing has resulted in extremely low vacancy rates. In 2017, the vacancy rate in Ontario hit 1.6%, the lowest it has been since 2000 (CMHC, 2017). It is important to recognize that the roots of this problem in Ontario reach back further than the last ten years, but the problems have become increasingly acute during this time frame.","",""
0,"Chongqing Kang","Decision letter for ""An integrated neural network for the dynamic domestic energy management of a solar house""",2021,"","Wiley","https://doi.org/10.1002/2050-7038.13227/v1/decision1","",574,"2026-05-27 21:00:15","peer-review","10.1002/2050-7038.13227/v1/decision1","",,,,,,0,0.00,0,1,5,"","",""
53,"Maomao Chi, Meiyu Pan, Rui Huang","Examining the direct and interaction effects of picture color cues and textual cues related to color on accommodation-sharing platform rental purchase",2021,"International Journal of Hospitality Management","Elsevier BV","https://doi.org/10.1016/j.ijhm.2021.103066","",578,"2026-05-27 21:00:15","journal-article","10.1016/j.ijhm.2021.103066","0278-4319",,99,,103066,103066,53,10.60,18,3,5,"","https://api.elsevier.com/content/article/PII:S0278431921002097",""
0,"Tessa Chapman","Stimulating the rental market : federal and provincial housing policy from 1935-2019",2021,"","Ryerson University Library and Archives","https://doi.org/10.32920/ryerson.14668053","",588,"2026-05-27 21:00:15","posted-content","10.32920/ryerson.14668053","",,,,,,0,0.00,0,1,5,"[Para. 1 of Introduction] The Canadian Rental Housing Index outlines that in 2018, Ontario’s rental market is as unhealthy as it has ever been (Canadian Rental Housing Index, n.d.). This is due to the fact that the supply of rental housing has not kept up with the growing demand for this tenure type. From 2011-2016, the average rate of renter formation1 was approximately 34,000 renter households per year (Urbanation, 2019). During this same period approximately 5,000 purpose-built rental units were completed CMHC, 2018). This misalignment between the supply and demand of rental housing has resulted in extremely low vacancy rates. In 2017, the vacancy rate in Ontario hit 1.6%, the lowest it has been since 2000 (CMHC, 2017). It is important to recognize that the roots of this problem in Ontario reach back further than the last ten years, but the problems have become increasingly acute during this time frame.","",""
0,"Andrew Cohrs","Involving private sector developers: building affordable rental housing in the City of Toronto",2021,"","Ryerson University Library and Archives","https://doi.org/10.32920/ryerson.14656623.v1","",590,"2026-05-27 21:00:15","posted-content","10.32920/ryerson.14656623.v1","",,,,,,0,0.00,0,1,5,"This research makes the argument for increasing private sector participation in affordable housing development in the City of Toronto. It explores the demand for affordable rental housing in Toronto, examines the national, provincial and municipal legislative situation affecting Toronto and demonstrates the potential for the municipality of Toronto to update and implement policies to produce more affordable housing with private sector developers. Policies used across Canada and the United States to encourage or require affordable housing contributions from private sector developers are explored and case studies of Vancouver, Montreal and San Francisco highlight how municipalities facing similar housing pressures have attempted to address their situations. Interviews with key stakeholders contributed Toronto-specific ideas regarding private sector involvement in the construction of affordable rental housing as well as the accompanying policies that have potential in Toronto. Actions and policies are recommended for the consideration of the Toronto municipal government.","",""
0,"Aniagolu, C. O., Iyi, E.A., Iloeje, A. F.","THE IMPACT OF INSTITUTIONAL LANDUSES ON RENTAL VALUE OF RESIDENTIAL PROPERTIES IN AGBANI, ENUGU, NIGERIA",2021,"International Journal For Research In Business, Management And Accounting (ISSN: 2455-6114)","Green Publication","https://doi.org/10.53555/bma.v1i3.1680","",599,"2026-05-27 21:00:15","journal-article","10.53555/bma.v1i3.1680","2455-6114",,1,3,34,35,0,0.00,0,3,5,"Agbani, Enugu Nigeria was a rural community until three very important institutions were moved by the governor to that location. This study therefore investigates the impact of Institutional Landuses on rental values of residential properties in Agbani. The study tried to determine the trends in rental values of residential accommodations in Agbani before and after the institutions came. It also compared the rent in Agbani with that of surrounding communities of Amuri, Amodu, Ugbawka and Akpugo. The study adopted the survey research methodology and covered tenement rooms, self contained rooms, one bedroom flats, two bedrooms flats and threebedroom flats. Rental survey was carried out between 1999 and 2014. A one way ANOVA was used to test the hypothesis. It was discovered that there was a statistically significant difference between rental values before and after the institutions came. Also the survey shows a significant difference between rental values of residential accommodations in Agbani and that of surroundingcommunities. The study therefore recommended among other things that institutional landuses should be used as a fulcrum that drives development in under-developed and developing countries of the world.","https://gnpublication.org/index.php/bma/article/download/1680/1049",""
6,"Peter Christensen, Christopher Timmins","The Damages and Distortions from Discrimination in the Rental Housing Market",2021,"","National Bureau of Economic Research","https://doi.org/10.3386/w29049","",600,"2026-05-27 21:00:15","report","10.3386/w29049","",,,,,,6,1.20,3,2,5,"","",""
0,"Andrew Cohrs","Involving private sector developers: building affordable rental housing in the City of Toronto",2021,"","Ryerson University Library and Archives","https://doi.org/10.32920/ryerson.14656623","",602,"2026-05-27 21:00:15","posted-content","10.32920/ryerson.14656623","",,,,,,0,0.00,0,1,5,"This research makes the argument for increasing private sector participation in affordable housing development in the City of Toronto. It explores the demand for affordable rental housing in Toronto, examines the national, provincial and municipal legislative situation affecting Toronto and demonstrates the potential for the municipality of Toronto to update and implement policies to produce more affordable housing with private sector developers. Policies used across Canada and the United States to encourage or require affordable housing contributions from private sector developers are explored and case studies of Vancouver, Montreal and San Francisco highlight how municipalities facing similar housing pressures have attempted to address their situations. Interviews with key stakeholders contributed Toronto-specific ideas regarding private sector involvement in the construction of affordable rental housing as well as the accompanying policies that have potential in Toronto. Actions and policies are recommended for the consideration of the Toronto municipal government.","",""
0,"Aniagolu, C. O., Iyi, E.A., Iloeje, A. F.","THE IMPACT OF INSTITUTIONAL LANDUSES ON RENTAL VALUE OF RESIDENTIAL PROPERTIES IN AGBANI, ENUGU, NIGERIA",2021,"International Journal For Research In Business, Management And Accounting (ISSN: 2455-6114)","Green Publication","https://doi.org/10.53555/bma.v1i3.1680","",611,"2026-05-27 21:00:15","journal-article","10.53555/bma.v1i3.1680","2455-6114",,1,3,34,35,0,0.00,0,3,5,"Agbani, Enugu Nigeria was a rural community until three very important institutions were moved by the governor to that location. This study therefore investigates the impact of Institutional Landuses on rental values of residential properties in Agbani. The study tried to determine the trends in rental values of residential accommodations in Agbani before and after the institutions came. It also compared the rent in Agbani with that of surrounding communities of Amuri, Amodu, Ugbawka and Akpugo. The study adopted the survey research methodology and covered tenement rooms, self contained rooms, one bedroom flats, two bedrooms flats and threebedroom flats. Rental survey was carried out between 1999 and 2014. A one way ANOVA was used to test the hypothesis. It was discovered that there was a statistically significant difference between rental values before and after the institutions came. Also the survey shows a significant difference between rental values of residential accommodations in Agbani and that of surroundingcommunities. The study therefore recommended among other things that institutional landuses should be used as a fulcrum that drives development in under-developed and developing countries of the world.","https://gnpublication.org/index.php/bma/article/download/1680/1049",""
0,"Bambang Irawan","Minimum Services Standard Model For Infrastructure, Facilities and Utilities of Simple Rental Flats in Surabaya City",2021,"Proceedings of the 1st International Conference on Science and Technology in Administration and Management Information, ICSTIAMI 2019, 17-18 July 2019, Jakarta, Indonesia","EAI","https://doi.org/10.4108/eai.17-7-2019.2301856","",613,"2026-05-27 21:00:15","proceedings-article","10.4108/eai.17-7-2019.2301856","",,,,,,0,0.00,0,1,5,"","",""
3,"Ricardo Urrestarazu Capellán, José Luis Sánchez Ollero, Alejandro García Pozo","Social Perception of the Influence of Public Policies on the Residential Rental and Holiday Tourism Rental Markets",2021,"African Journal of Hospitality, Tourism and Leisure","AFRICAJOURNALS","https://doi.org/10.46222/ajhtl.19770720-156","",627,"2026-05-27 21:00:15","journal-article","10.46222/ajhtl.19770720-156","2223-814X",,10,10,1182,1199,3,0.60,1,3,5,"This work assesses the influence of generic public housing policies in Spain and specific public policies relating to vacation rental housing on residential rental costs in recent years from the perspective of people linked to residential housing rental and vacation rental housing. We used partial least squares structural equation modelling on the data obtained in a survey of 413 individuals with direct links to the fields of tourism and real estate. The results obtained by the model confirm the influence of the growth in holiday tourist housing and the implementation of public housing policies on rises in residential rent. These conclusions can inform public policy measures in the general area of housing and, specifically, in the area of holiday homes, toward reducing the impacts of certain factors on access to housing in the province of Málaga. The main contribution of this work is the direct collection of the opinions of people related to residential and tourist housing on the Costa del Sol.","",""
3,"Appau Williams Miller, Fauster Agbenyo, Royal Mabakeng Menare","Tenant management under COVID-19 pandemic season among informal settlement rental housing in Ghana",2021,"Housing, Care and Support","Emerald","https://doi.org/10.1108/hcs-02-2021-0005","",629,"2026-05-27 21:00:15","journal-article","10.1108/hcs-02-2021-0005","1460-8790",,24,1,26,38,3,0.60,1,3,5,"Purpose: The purpose of this study is to evaluate the roles of landlords in tenant management during COVID-19 pandemic season among informal settlement neighbourhoods in urban Ghana. Design/methodology/approach: This study used a mixed methods research approach and foregrounds the discussions of the results with the social roles theory. Using the quota sampling procedure, this study used 467 semi-structured interviews of tenants from five old informal settlement neighbourhoods in urban Ghana. This study adopted the thematic analytical technique in the results section. Findings: This study uncovered that landlords perform a gate-keeping social relationship role in ensuring tenant safety during the COVID-19 pandemic season through the provision of security, care and support, discipline, hard work, morale building to accountability. However, this study found that most landlords do not provide tenancy agreements to tenants which strained some social relationships in tenant management. Originality/value: The application of social roles theory in this study provides a cutting-edge approach to the study of welfare of tenants living in informal settlement housing units during periods of pandemic. This study practically provides a participatory approach to analysing and discussing the roles of landlords in tenant management and proffering solutions for formalisation of these roles in housing policies in Ghana.","https://www.emerald.com/insight/content/doi/10.1108/HCS-02-2021-0005/full/html",""
0,"Juan Yan","Public Rental Housing Governance in Urban China",2021,"Architecture and the Built Environment","TU Delft OPEN Publishing","https://doi.org/10.59490/abe.2021.01.5576","",661,"2026-05-27 21:00:15","journal-article","10.59490/abe.2021.01.5576","2212-3202",,,,,,0,0.00,0,1,5,"Recently, Chinese Public Rental Housing (PRH) provision has witnessed a shift from ‘government’ to ‘governance’: policy making shifted from government steering to mixed forms involving government, market and civic actors to pursue effective and fair policies. In the meantime, this new-era PRH governance is credited with mixed results. However, the existing studies fail to describe the mechanisms underlying this new-era governance of PRH with the rising involvement of market actors and those in civil society and whether the new-era governance is considered to be effective, achieving the objective of stability. Therefore, this PhD research aims to fill the two research gaps through building a better understanding of the PRH governance in the current Chinese context and evaluating PRH governance. To fulfil this aim, this dissertation is underpinned by a theoretical foundation from the governance perspective and adopts a mixedmethod approach with quantitative and qualitative data in the study of Chinese PRH provision. The dissertation reveals the essence of the current Chinese PRH governance by bringing forth a governance model and shows the structures and mechanisms for non-governmental actors to play a role in the governance of PRH. The dissertation also shows the perceived governance outcomes from tenants’ perspective and demonstrates two main governance challenges of Inclusionary Housing, a newly introduced instrument adopted in the Chinese PRH governance. Based on the results, this PhD research theoretically and empirically contributes to the housing governance literature.","https://journals.open.tudelft.nl/abe/article/view/5576",""
0,"Sin-Tae Park, Hong-Bae Kim","Improvement of Supply Policy according to the Characteristics of Public Rental Housing - Focusing on long-term rental housing in subway Station Area Seoul korea -",2021,"Korea Real Estate Society","Korea Real Estate Society","https://doi.org/10.37407/kres.2021.39.4.139","",677,"2026-05-27 21:00:15","journal-article","10.37407/kres.2021.39.4.139","1225-1054",,39,4,139,156,0,0.00,0,2,5,"","",""
0," Dr. Vincent Lam Hing-Po, Ms Charlotte Lo","Companion of Property for Rental Investment between London, Hong Kong and Zhuhai: Perspective from Hong Kong Investor",2021,"South Asian Research Journal of Business and Management","SASPR Edu International Pvt. Ltd","https://doi.org/10.36346/sarjbm.2021.v03i02.002","",679,"2026-05-27 21:00:15","journal-article","10.36346/sarjbm.2021.v03i02.002","2664-3995",,3,2,48,51,0,0.00,0,2,5,"","https://sarpublication.com/media/articles/SARJBM_32_48-51.pdf",""
0,"","A Study of Discriminatory Practices in Rental Housing",2021,"Journal of Environment and Earth Science","International Institute for Science, Technology and Education","https://doi.org/10.7176/jees/11-12-04","",694,"2026-05-27 21:00:15","journal-article","10.7176/jees/11-12-04","",,,,,,0,0.00,0,0,5,"","",""
4,"Peng Guo, Rui Miao, Bo Zhang, Hao Hu","Research on Customer Market Segmentation of Electric Vehicle Rental Sites Based on Latent Class Modeling",2021,"2021 IEEE International Conference on Industrial Engineering and Engineering Management (IEEM)","IEEE","https://doi.org/10.1109/ieem50564.2021.9672824","",699,"2026-05-27 21:00:15","proceedings-article","10.1109/ieem50564.2021.9672824","",,,,1035,1039,4,0.80,1,4,5,"","http://xplorestaging.ieee.org/ielx7/9672597/9672598/09672824.pdf?arnumber=9672824",""
0,"Heather Schoonover, Oksana Mont, Mikael Klintman","Communicating Access-Based Consumption: Company Framings of Home Furnishings Rental",2021,"","University of Limerick","https://doi.org/10.31880/10344/10233","",715,"2026-05-27 21:00:15","report","10.31880/10344/10233","",,,,,,0,0.00,0,3,5,"","",""
0,"Ashley Gail Lawrence","The barriers faced by recent immigrant women in Hamilton and Toronto's rental housing markets",2021,"","Ryerson University Library and Archives","https://doi.org/10.32920/ryerson.14645757","",724,"2026-05-27 21:00:15","posted-content","10.32920/ryerson.14645757","",,,,,,0,0.00,0,1,5,"The overall purpose of this paper is to add to the existing body of literature on the housing situation and needs of recent immigrant households by placing the unique experiences of recent immigrant women at the centre of the study. It will begin with a review of the existing literature on immigration and housing, with a particular focus on the barriers facing newcomers in the rental housing market. Based on data from Statistics Canada, the Longitudinal Study of Immigrants to Canada (LSIC), studies conducted by the Canada Mortgage and Housing Corporation (CMHC) and interviews with persons with demonstrated knowledge of the barriers facing newcomer women searching for adequate, suitable and affordable housing, this paper aims to provide an overview of the difficulties that many newcomer women face in their search for and retention of housing in Hamilton and Toronto. It also includes a series of recommendations addressing some of these barriers.","",""
1,"V. A. Glazyrin","New Rental Society",2021,"Discourse-P","Institute of Philosophy and Law, Ural Branch of the RAS","https://doi.org/10.17506/18179568_2021_18_2_158","",725,"2026-05-27 21:00:15","journal-article","10.17506/18179568_2021_18_2_158","1817-9568",,18,2,158,169,1,0.20,1,1,5,"","",""
0,"Christine Yolanda Siahaan, Carolina Sembiring","FACTORS AFFECTING CONSUMERS IN BUYING A HOUSE AT GRIYA SRIMAHI INDAH BEKASI UTARA",2021,"Fundamental Management Journal","UKI Press","https://doi.org/10.33541/fjm.v6i1p.2833","",729,"2026-05-27 21:00:15","journal-article","10.33541/fjm.v6i1p.2833","2540-9220",,6,1,54,72,0,0.00,0,2,5,"This study aims to determine the effectqof price,qlocation andqbuilding on theqdecision toqbuy a house in Griya Srimahi Indah Housing, Bekasi Utara. The data source used is primary data obtained through distributing questionnaires to 75 respondents, while secondary data is obtained through literature studies from the housing sector by searching for data via the internet related to this research. The research method used in this research is quantitative analysis techniques. While the data analysis used SPSS 22, Classical Assumption Test, Multiple Linear Aggression and Hypothesis Test to test the data statistically. Throughqthis researchqit is knownqthat the questionnaire data isqdeclared valid because r count> r table, that is, each r count> 0.2272. Likewise, the questionnaire data was also declared reliable because Cronbach's alpha> 0.60, namely 0.941> 0.60. The conclusion of this study is that the price factor partially does not have a significant effect on the purchasing decisions of residents of Griya Srimahi Indah Housing. While the location and building partially have a significant effect on the purchasing decisions of residents of Griya Srimahi Indah Housing. The price, location and building factors simultaneously have a significant effect on the purchasing decisions of residents of Griya Srimahi Indah housing. The location variable is the variable that has the most dominant influence on the purchasing decisions of residents of Griya Srimahi Indah Housing. Theqcoefficient ofqdetermination (Adjusted RqSquare) is 0.922. This meansqthat 92.2% ofqpurchasing decisionsqcan be explainedqby price, location andqbuilding variables. Whileqthe remaining 7.8% isqexplained byqother factors or variablesqwhich are notqexamined inqthis thesis. The suggestion that the authors can give is that housing developers need to increase the application of prices in housing marketing, if you want to create purchase decisions and can generate profits for both the company and for residential consumers. Housing developers need to add several facilities that can provide added value to the residence, such as a children's playground, land to build a minimarket or do greening in the Griya Srimahi Indah housing area. It is necessary to study other factors that can influence purchasing decisions, because by knowing the many factors that can influence purchasing decisions, developers will be better able to carry out housing development in accordance with market demand. Keywords: price, location, building and buying decision.","http://ejournal.uki.ac.id/index.php/jm/article/download/2833/1801",""
0,"Ashley Gail Lawrence","The barriers faced by recent immigrant women in Hamilton and Toronto's rental housing markets",2021,"","Ryerson University Library and Archives","https://doi.org/10.32920/ryerson.14645757.v1","",733,"2026-05-27 21:00:15","posted-content","10.32920/ryerson.14645757.v1","",,,,,,0,0.00,0,1,5,"The overall purpose of this paper is to add to the existing body of literature on the housing situation and needs of recent immigrant households by placing the unique experiences of recent immigrant women at the centre of the study. It will begin with a review of the existing literature on immigration and housing, with a particular focus on the barriers facing newcomers in the rental housing market. Based on data from Statistics Canada, the Longitudinal Study of Immigrants to Canada (LSIC), studies conducted by the Canada Mortgage and Housing Corporation (CMHC) and interviews with persons with demonstrated knowledge of the barriers facing newcomer women searching for adequate, suitable and affordable housing, this paper aims to provide an overview of the difficulties that many newcomer women face in their search for and retention of housing in Hamilton and Toronto. It also includes a series of recommendations addressing some of these barriers.","",""
10,"B. Glumac","Tiny portable home: Measuring the rental preferences",2021,"Cities","Elsevier BV","https://doi.org/10.1016/j.cities.2021.103279","",738,"2026-05-27 21:00:15","journal-article","10.1016/j.cities.2021.103279","0264-2751",,116,,103279,103279,10,2.00,10,1,5,"","https://api.elsevier.com/content/article/PII:S0264275121001797",""
0,"Álvaro Dias, Mafalda Patuleia, Jo�ão Estêv�ão, Maria Joao C. V. Machado","Accommodation selection criteria used by short term rental clients: an empirical approach to the Portuguese case",2021,"International Journal of Procurement Management","Inderscience Publishers","https://doi.org/10.1504/ijpm.2021.10041488","",752,"2026-05-27 21:00:15","journal-article","10.1504/ijpm.2021.10041488","1753-8432",,1,1,1,1,0,0.00,0,4,5,"","http://www.inderscienceonline.com/doi/full/10.1504/IJPM.2021.10041488",""
0,"영천 서","A Study on the Determinants of Retail Storeʼs Goodwill - Focused on Retailʼs Ordinary Rental Fee in Seoul -",2021,"Journal of the Korea Real Estate Management Review","Korea Real Estate Management Academy","https://doi.org/10.37642/jkremr.2021.24.2","",753,"2026-05-27 21:00:15","journal-article","10.37642/jkremr.2021.24.2","2288-7393",,24,,33,49,0,0.00,0,1,5,"","",""
43,"Melissa K. Shank, Lilia Santiague","Classroom Management Needs of Novice Teachers",2021,"The Clearing House: A Journal of Educational Strategies, Issues and Ideas","Informa UK Limited","https://doi.org/10.1080/00098655.2021.2010636","",754,"2026-05-27 21:00:15","journal-article","10.1080/00098655.2021.2010636","0009-8655",,95,1,26,34,43,8.60,22,2,5,"","https://www.tandfonline.com/doi/pdf/10.1080/00098655.2021.2010636",""
0,"Martin Foureaux Koppensteiner","Testing for Discrimination in the UK Rental Market",2021,"AEA Randomized Controlled Trials","American Economic Association","https://doi.org/10.1257/rct.8426-1.0","",764,"2026-05-27 21:00:15","dataset","10.1257/rct.8426-1.0","",,,,,,0,0.00,0,1,5,"","",""
0,"Martin Foureaux Koppensteiner","Testing for Discrimination in the UK Rental Market",2021,"AEA Randomized Controlled Trials","American Economic Association","https://doi.org/10.1257/rct.8426","",766,"2026-05-27 21:00:15","dataset","10.1257/rct.8426","",,,,,,0,0.00,0,1,5,"","",""
0,"Casey Craig","Toronto’s new social housing waiting list: putting the choice-based rental model into local context",2021,"","Ryerson University Library and Archives","https://doi.org/10.32920/ryerson.14653377","",767,"2026-05-27 21:00:15","posted-content","10.32920/ryerson.14653377","",,,,,,0,0.00,0,1,5,"Choice-based rental models are under consideration in Ontario for their ability to provide more clientcentric service while increasing efficiency and cost-effectiveness for housing providers. They are compelling because of their potential for empowerment and provision of housing choice, though it remains unclear how exactly it achieves these outcomes. This paper asks how a choice-based rental model can help achieve improvements to affordable housing policy, reallocate scarce resources, and improve neighborhood planning in Toronto. Implementation issues and successes associated with the model are discussed through a review of literature and a case study of Toronto Community Housing’s ‘My Choice Rental’ pilot program. Recommendations for the model’s use in a growing urban centre like Toronto, Ontario include data collection and preference tracking to inform housing policy updates, using technology to improve the user experience, and conducting and participating in research to determine whether the model is performing as intended.","",""
1,"Min-Gyu Kim, Ji-Eun Seo","A Strategy of Operation and Management for Community Facilities in Public Rental Housing",2021,"Journal of the Korean Housing Association","The Korean Housing Association","https://doi.org/10.6107/jkha.2021.32.3.137","",771,"2026-05-27 21:00:15","journal-article","10.6107/jkha.2021.32.3.137","2234-3571",,32,3,137,146,1,0.20,1,2,5,"","https://journal.khousing.or.kr/articles/pdf/doi/10.6107/JKHA.2021.32.3.137.pdf",""
0,"Andrew Cohrs, Michelle German, Graham Haines","Getting to 8,000 : building a healthier rental market for the Toronto Area",2021,"","Ryerson University Library and Archives","https://doi.org/10.32920/ryerson.14638425.v1","",783,"2026-05-27 21:00:15","posted-content","10.32920/ryerson.14638425.v1","",,,,,,0,0.00,0,3,5,"This report finds that a combination of high land values, investor demand for condos, and unequal development financing have resulted in developers favouring condominium construction over purpose-built rental units. It makes several policy recommendations to improve rental housing supply in the Toronto Area.","",""
29,"Alan Morris, Kath Hulse, Hal Pawson","The Private Rental Sector in Australia",2021,"","Springer Singapore","https://doi.org/10.1007/978-981-33-6672-5","",785,"2026-05-27 21:00:15","book","10.1007/978-981-33-6672-5","",,,,,,29,5.80,10,3,5,"","https://link.springer.com/content/pdf/10.1007/978-981-33-6672-5.pdf",""
0,"Irina Kirysheva, Vladyslav Nora","Inefficient Screening in Online Rental Markets",2021,"SSRN Electronic Journal","Elsevier BV","https://doi.org/10.2139/ssrn.3658024","",795,"2026-05-27 21:00:15","journal-article","10.2139/ssrn.3658024","1556-5068",,,,,,0,0.00,0,2,5,"","",""
0,"Greg Preston","Valuation for rental purposes",2021,"Principles and Practice of Property Valuation in Australia","Routledge","https://doi.org/10.1201/9781003049555-chapter16","",799,"2026-05-27 21:00:15","book-chapter","10.1201/9781003049555-chapter16","",,,,198,210,0,0.00,0,1,5,"","",""
1,"Benjamin F. Teresa","Rental Fictions",2021,"Land Fictions","Cornell University Press","https://doi.org/10.7591/cornell/9781501753732.003.0007","",800,"2026-05-27 21:00:15","book-chapter","10.7591/cornell/9781501753732.003.0007","",,,,124,143,1,0.20,1,1,5,"<p>This chapter begins with a review of twentieth-century rent regulation in New York City, which enables the section to show how the erosion of rent regulation in the 1990s paved the way for the financialization of housing in the 2000s. It shows how historically devalued lands can become new sources of profit without requiring wholesale regulatory transformation. While protective countermovements against housing market liberalization have tended to operate through an individualistic logic of consumer protection, the chapter explicates how such efforts have tacitly accepted commodity housing as an inevitable future, with the result that speculative investment in rent-regulated housing has emerged as a major growth sector. Parallel fictions of “undervalued assets” focused on core, upmarket Manhattan districts and “mismanaged assets” focused on lower-income, mostly outer-borough neighborhoods have helped financial institutions engineer the facts of rising rent. Ultimately, the chapter investigates how these narratives of undervalued assets and mismanaged resources operate as fictions driving housing financialization.</p>","",""
29,"Alan Morris, Kath Hulse, Hal Pawson","The Private Rental Sector in Australia",2021,"","Springer Singapore","https://doi.org/10.1007/978-981-33-6672-5","",805,"2026-05-27 21:00:15","book","10.1007/978-981-33-6672-5","",,,,,,29,5.80,10,3,5,"","https://link.springer.com/content/pdf/10.1007/978-981-33-6672-5.pdf",""
0,"Andrew Cohrs, Michelle German, Graham Haines","Getting to 8,000 : building a healthier rental market for the Toronto Area",2021,"","Ryerson University Library and Archives","https://doi.org/10.32920/ryerson.14638425.v1","",817,"2026-05-27 21:00:15","posted-content","10.32920/ryerson.14638425.v1","",,,,,,0,0.00,0,3,5,"This report finds that a combination of high land values, investor demand for condos, and unequal development financing have resulted in developers favouring condominium construction over purpose-built rental units. It makes several policy recommendations to improve rental housing supply in the Toronto Area.","",""
9,"Manav Raj","A house divided: Legislative competition and young firm survival in the United States",2021,"Strategic Management Journal","Wiley","https://doi.org/10.1002/smj.3283","",822,"2026-05-27 21:00:15","journal-article","10.1002/smj.3283","0143-2095",,42,13,2389,2419,9,1.80,9,1,5,"Research Summary: Features of the institutional environment influence the performance of firms. In this research, I examine how one aspect of the institutional environment, competition between parties within legislatures, relates to young firm mortality. I argue that higher legislative competition provides legislators with more power to reward favored interests and thus contributes to a competitive environment that benefits well‐connected incumbents and imposes negative consequences on young firms. Using data on state legislature composition in the United States and both an ordinary least squares and instrumental variables empirical strategy, I find that legislative competition has a positive relationship with young firm mortality and this relationship is partially mediated by incentives that favor incumbents. In doing so, I highlight that political competition can have negative consequences for some firms. Managerial Summary: In this research, I examine how competition between parties within state legislatures affects the survival of young firms. I argue that higher interparty competition provides legislators with greater bargaining power to obtain policy rewards for favored constituents and that this can lead to a competitive environment that favors well‐connected incumbent firms and disadvantages younger firms. I find that interparty legislative competition has a positive relationship with young firm mortality and that this relationship is partially accounted for by the use of subsidies and incentives that favor incumbents. Through this research, I show that political competition may be harmful to some firms and highlight the importance of government institutions on firms and markets.","https://onlinelibrary.wiley.com/doi/pdf/10.1002/smj.3283",""
6,"A. Wren Montgomery, M. Tina Dacin","Burning Down the House: COVID‐19 and Institutions",2021,"Journal of Management Studies","Wiley","https://doi.org/10.1111/joms.12700","",837,"2026-05-27 21:00:15","journal-article","10.1111/joms.12700","0022-2380",,58,5,1426,1430,6,1.20,3,2,5,"","https://onlinelibrary.wiley.com/doi/pdf/10.1111/joms.12700",""
0,"Casey Craig","Toronto’s new social housing waiting list: putting the choice-based rental model into local context",2021,"","Ryerson University Library and Archives","https://doi.org/10.32920/ryerson.14653377.v1","",841,"2026-05-27 21:00:15","posted-content","10.32920/ryerson.14653377.v1","",,,,,,0,0.00,0,1,5,"Choice-based rental models are under consideration in Ontario for their ability to provide more clientcentric service while increasing efficiency and cost-effectiveness for housing providers. They are compelling because of their potential for empowerment and provision of housing choice, though it remains unclear how exactly it achieves these outcomes. This paper asks how a choice-based rental model can help achieve improvements to affordable housing policy, reallocate scarce resources, and improve neighborhood planning in Toronto. Implementation issues and successes associated with the model are discussed through a review of literature and a case study of Toronto Community Housing’s ‘My Choice Rental’ pilot program. Recommendations for the model’s use in a growing urban centre like Toronto, Ontario include data collection and preference tracking to inform housing policy updates, using technology to improve the user experience, and conducting and participating in research to determine whether the model is performing as intended.","",""
0,"Mawuwa Mpemba Fifi","Behavior of Taxpayers and Payable against Property Taxes and Taxes on Rental Income in Lubumbashi, Congo (DRC)",2021,"International Journal of Science and Research (IJSR)","International Journal of Science and Research","https://doi.org/10.21275/sr21102011821","",847,"2026-05-27 21:00:15","journal-article","10.21275/sr21102011821","2319-7064",,10,4,909,917,0,0.00,0,1,5,"","",""
0,"Simone Casey, Liss Ralston","2.6 million face poverty when COVID payments end, rental stress soars",2021,"","The Conversation","https://doi.org/10.64628/aa.yej395r9u","",862,"2026-05-27 21:00:15","posted-content","10.64628/aa.yej395r9u","",,,,,,0,0.00,0,2,5,"","",""
0,"Andrew Cohrs, Michelle German, Graham Haines","Getting to 8,000 : building a healthier rental market for the Toronto Area",2021,"","Ryerson University Library and Archives","https://doi.org/10.32920/ryerson.14638425","",871,"2026-05-27 21:00:15","posted-content","10.32920/ryerson.14638425","",,,,,,0,0.00,0,3,5,"This report finds that a combination of high land values, investor demand for condos, and unequal development financing have resulted in developers favouring condominium construction over purpose-built rental units. It makes several policy recommendations to improve rental housing supply in the Toronto Area.","",""
1,"Sophia Maalsen, Peta Wolifson, Dallas Rogers, Jacqueline Nelson, Caitlin Buckle","Understanding discrimination effects in private rental housing",2021,"","Center for Open Science","https://doi.org/10.31235/osf.io/jdycg","",884,"2026-05-27 21:00:15","posted-content","10.31235/osf.io/jdycg","",,,,,,1,0.20,0,5,5,"<p>This research examines discrimination and existing policy, law and practice in Australia’s private rental sector including the impact of informal tenancies and the increasing role of digital technologies.</p>","",""
0,"Ishan Bisht, Jatin Soni, Tushar Tyagi","HOUSE INTERACTIVE MANAGEMENT SYSTEM",2021,"International Journal of Engineering Applied Sciences and Technology","IJEAST","https://doi.org/10.33564/ijeast.2021.v05i11.053","",892,"2026-05-27 21:00:15","journal-article","10.33564/ijeast.2021.v05i11.053","2455-2143",,5,11,,,0,0.00,0,3,5,"This project is created to provide jobs to unemployed people around city or small town so that they can earn for their living. For implementing this project, we are using Microsoft Visual Studio (2019) for the front-end and SQL Server-Database for the back - end. By this project you can insert your details and register yourself as a customer. After registration, you can select type of worker to get your work done. This application is created to increase work flow and increase the jobs for people.","https://ijeast.com/papers/318-324,Tesma511,IJEAST.pdf",""
0,"linghan huang","The role of Rent Controls in the Rental Housing Market",2021,"SSRN Electronic Journal","Elsevier BV","https://doi.org/10.2139/ssrn.3954890","",895,"2026-05-27 21:00:15","journal-article","10.2139/ssrn.3954890","1556-5068",,,,,,0,0.00,0,1,5,"","",""
0,"Lyubov Solodilova","Rental houses: History and contemporaneity",2021,"проект байкал","VostokSibAcademCenter","https://doi.org/10.51461/projectbaikal.70.1905","",899,"2026-05-27 21:00:15","journal-article","10.51461/projectbaikal.70.1905","2309-3072",,,70,150,155,0,0.00,0,1,5,"The topic of housing efficiency has always been among the priorities since the emergence of rental houses. However, in today's Russia, a multi-apartment residential building with collective forms of property is widely spread, which is a low-efficiency housing facility and definitely needs infrastructural improvement within the framework of the public-private entrepreneurship. The basis for this is the efforts of government agencies, which more and more often enter the rental housing market, creating competition for the shadow sector of rented apartments.","https://projectbaikal.com/index.php/pb/article/download/1905/2669",""
0,"Sylvie Nérisson","THE RENTAL AND LENDING RIGHTS DIRECTIVE",2021,"EU Copyright Law","Edward Elgar Publishing","https://doi.org/10.4337/9781786437808.00016","",900,"2026-05-27 21:00:15","book-chapter","10.4337/9781786437808.00016","",,,,118,150,0,0.00,0,1,5,"","https://www.elgaronline.com/view/book/9781786437808/9781786437808.xml",""
0,"Ishan Bisht, Jatin Soni, Tushar Tyagi","HOUSE INTERACTIVE MANAGEMENT SYSTEM",2021,"International Journal of Engineering Applied Sciences and Technology","IJEAST","https://doi.org/10.33564/ijeast.2021.v05i11.053","",901,"2026-05-27 21:00:15","journal-article","10.33564/ijeast.2021.v05i11.053","2455-2143",,5,11,,,0,0.00,0,3,5,"This project is created to provide jobs to unemployed people around city or small town so that they can earn for their living. For implementing this project, we are using Microsoft Visual Studio (2019) for the front-end and SQL Server-Database for the back - end. By this project you can insert your details and register yourself as a customer. After registration, you can select type of worker to get your work done. This application is created to increase work flow and increase the jobs for people.","https://ijeast.com/papers/318-324,Tesma511,IJEAST.pdf",""
3,"Xiangqin Cheri","Optimizations of Training Dataset on House Price Estimation",2021,"2021 2nd International Conference on Big Data Economy and Information Management (BDEIM)","IEEE","https://doi.org/10.1109/bdeim55082.2021.00047","",902,"2026-05-27 21:00:15","proceedings-article","10.1109/bdeim55082.2021.00047","",,,,197,203,3,0.60,3,1,5,"","http://xplorestaging.ieee.org/ielx7/9708726/9708915/09708949.pdf?arnumber=9708949",""
0,"Mukhamedalim ISKAKOV, Gulnur ABILDAEVA, Almat RAKHMETOLLA","Model of an Intelligent Building (House) Management System",2021,"Trudy Universiteta","Karaganda Technical University named after Abylkas Saginov","https://doi.org/10.52209/1609-1825_2021_1_175","",924,"2026-05-27 21:00:15","journal-article","10.52209/1609-1825_2021_1_175","1609-1825",,,1,175,179,0,0.00,0,3,5,"","",""
79,"Agustín Cocola-Gant, Jaime Jover, Luís Carvalho, Pedro Chamusca","Corporate hosts: The rise of professional management in the short-term rental industry",2021,"Tourism Management Perspectives","Elsevier BV","https://doi.org/10.1016/j.tmp.2021.100879","",925,"2026-05-27 21:00:15","journal-article","10.1016/j.tmp.2021.100879","2211-9736",,40,,100879,100879,79,15.80,20,4,5,"","https://api.elsevier.com/content/article/PII:S2211973621000921",""
2,"Hazmi Hamizan Mohd Zaki","The Determinants of House Prices in Malaysia",2021,"International Journal of Management, Finance and Accounting","Multimedia University","https://doi.org/10.33093/ijomfa.2021.2.1.1","",927,"2026-05-27 21:00:15","journal-article","10.33093/ijomfa.2021.2.1.1","2735-1009",,2,1,1,18,2,0.40,2,1,5,"This paper studied how house prices were affected by macroeconomic factors from Q1 2009 to Q4 2018. The short and long-run effects of real income, nominal interest rates, inflation rate and stock prices on house prices in Malaysia were examined with the autoregressive distributed lag (ARDL) of a restricted error correction model (ECM). It was discovered that the selected macroeconomic factors were cointegrated with house prices. Income, represented by real Gross Domestic Product (GDP), significantly affected house prices in the short and long-run. Inflation and interest rate, proxied by Consumer Price Index (CPI) and Overnight Policy Rate (OPR), respectively, affected house prices significantly in the long-run. The stock market, tracked by Kuala Lumpur Composite Index (KLCI), had no significant impact on house prices signifying no wealth effect. Through the findings of an inelasticity of demand and an undesirable result of monetary policies, this paper concluded that more effective solutions needed to be carried out to ensure affordability of house ownership in Malaysia.","",""
0,"Sophia Maalsen, Peta Wolifson, Dallas Rogers, Jacqueline Nelson, Caitlin Buckle","Understanding discrimination effects in private rental housing",2021,"","Center for Open Science","https://doi.org/10.31235/osf.io/jdycg_v1","",931,"2026-05-27 21:00:15","posted-content","10.31235/osf.io/jdycg_v1","",,,,,,0,0.00,0,5,5,"<p>This research examines discrimination and existing policy, law and practice in Australia’s private rental sector including the impact of informal tenancies and the increasing role of digital technologies.</p>","",""
2,"Ruzanita Mat Rani, Norbaizura Kamarudin, Nur Atasya Azmi, Nursafirahanis Ibrahim, Nur Ardani Aminah Mansur","Optimization number of car rental to fulfil the demand using simulation technique: A case study of ABC Car Rental Company",2021,"Journal of Physics: Conference Series","IOP Publishing","https://doi.org/10.1088/1742-6596/1988/1/012061","",939,"2026-05-27 21:00:15","journal-article","10.1088/1742-6596/1988/1/012061","1742-6588",,1988,1,12061,12061,2,0.40,0,5,5,"Abstract: This study involves the car rental system of ABC Car Rental Company in Shah Alam. The car rental company faces challenges to meet customer demand. They always face shortage or too many vehicles unused on certain days on weekdays, but they are fully booked on the weekend. So, they need a guideline to manage their car rental to meet their customer demand. This company also faces a problem such as a customer returned the car late as it will affect the next customer. When this problem happens regularly, it affects the company. To find a solution to this problem, simulation model is built using Excel spreadsheet. The simulation model is ran for ten 30-day to generate the result. The result of simulation contains customer not served, total sales and average number of the unused car. From this simulation model, 20 alternatives are identified. Then scoring model will be used to find the optimal number of car rental. The findings from this study will serve as a guideline for the car rental company to manage their number of cars for their business. The car rental owner needs to optimize their car rental fleet so that they can increase their business operations performance and managed their inventory of cars prudently.","https://iopscience.iop.org/article/10.1088/1742-6596/1988/1/012061/pdf",""
0,"","Study on the Application of Intelligent Construction Site System in House Construction Site Management",2021,"Foreign Language Science and Technology Journal Database Engineering Technology","Chongqing VIP Information Co.,Ltd.","https://doi.org/10.47939/et.v2i8.201","",946,"2026-05-27 21:00:15","journal-article","10.47939/et.v2i8.201","",,,,,,0,0.00,0,0,5,"","",""
0,"","Sizing and Analysis of Micro-grid System for 100 % RES for residential house Using HOMER Software",2021,"International Journal For Innovative Engineering and Management Research","Institute for Advanced Studies","https://doi.org/10.48047/ijiemr/v10/i03/129","",949,"2026-05-27 21:00:15","journal-article","10.48047/ijiemr/v10/i03/129","2456-5083",,,,,,0,0.00,0,0,5,"In this century, the world interested in renewable energy sources (RES) because of their advantages compared to traditional sources. This paper studies off grid 100 % RES for residential house. This residential house is located at Qena Governorate in Egypt country. Hybrid Optimization Multiple For Electric Renewable (HOMER) is a software tool which we used to size this system with minimum cost .By entering data for load demand, location and economic parameter for the system HOMER has simulinked an optimal sizing system with low cost .The final optimal system result is 4 kW PV, 4 wind turbine, 2 kW converter, 18 batteries, NPC $44, 697, house load 10 kW with 11% reserve load.","",""
0,"IASET iaset","RENTAL HOUSING FOR STUDENTS: A CASE STUDY OF KOTA, INDIA",2021,"SSRN Electronic Journal","Elsevier BV","https://doi.org/10.2139/ssrn.3953246","",951,"2026-05-27 21:00:15","journal-article","10.2139/ssrn.3953246","1556-5068",,,,,,0,0.00,0,1,5,"","",""
21,"Ciara Gyde, Lisa S. McNeill","Fashion Rental: Smart Business or Ethical Folly?",2021,"Sustainability","MDPI AG","https://doi.org/10.3390/su13168888","",955,"2026-05-27 21:00:15","journal-article","10.3390/su13168888","2071-1050",,13,16,8888,8888,21,4.20,11,2,5,"The research presented here illustrates the spectrum of fashion rental PSS firms and business strategies within the New Zealand fashion rental market. The evidence collected suggests that there is a market for fashion rental; however, this market is underdeveloped in regard to its potential as a benefit exchange medium that encourages alternative consumption practice. This study finds that there is, indeed, enormous potential in PSSs as a means to divert fashion-conscious consumers away from ownership behaviours; however, the current systems fall short of this goal. This study offers a taxonomy to create and develop fashion rental PSSs that achieve central aims of circular economy fashion systems, enhancing the collective, social aspects of access, value-sharing and continuing development of mutual gain within the system. It is anticipated that this taxonomy could be further refined and extended through research in other countries, including those with more established, larger fashion rental organisations. Further, there is potential for action research approaches to the design and analysis of alternative fashion rental PSSs.","https://www.mdpi.com/2071-1050/13/16/8888/pdf",""
0,"","To Fill the House",2021,"To Fill the House","Bloomsbury Publishing (UK)","https://doi.org/10.5040/9781350906242","",966,"2026-05-27 21:00:15","other","10.5040/9781350906242","",,,,,,0,0.00,0,0,5,"","",""
0,"丽英 陈","Online Short Term Rental Houses Platform Hosts Operational Motivation in the Tourism Sharing Economy",2021,"Modern Management","Hans Publishers","https://doi.org/10.12677/mm.2021.115062","",971,"2026-05-27 21:00:15","journal-article","10.12677/mm.2021.115062","2160-7311",,11,5,471,489,0,0.00,0,1,5,"","",""
47,"Xingyang Lv, Yue Liu, Shuangyu Xu, Qiuyun Li","Welcoming host, cozy house? The impact of service attitude on sensory experience",2021,"International Journal of Hospitality Management","Elsevier BV","https://doi.org/10.1016/j.ijhm.2021.102949","",977,"2026-05-27 21:00:15","journal-article","10.1016/j.ijhm.2021.102949","0278-4319",,95,,102949,102949,47,9.40,12,4,5,"","https://api.elsevier.com/content/article/PII:S027843192100092X",""
3,"Nancy Dávila-Cárdenes, José María Pérez-Sánchez, Emilio Gómez-Déniz, José Boza-Chirino","Skewed Binary Regression to Study Rental Cars by Tourists in the Canary Islands",2021,"Journal of Risk and Financial Management","MDPI AG","https://doi.org/10.3390/jrfm14110541","",985,"2026-05-27 21:00:15","journal-article","10.3390/jrfm14110541","1911-8074",,14,11,541,541,3,0.60,1,4,5,"Tourism is one of the economic sectors that contributes the most to the gross domestic product in many countries, moving, in turn, other economic sectors such as transport. In particular, the automotive industry constitutes an economic subsector that moves vast amounts of money. Concerning tourism and transport sectors, car rental is a crucial element contributing considerably to gross domestic product and job creation. Due to the effects that vehicle rental seems to have on various economic sectors, it seems interesting to know why a tourist chooses to rent a car during their vacation in a specific destination. This work aims to study those factors that can be considered relevant and affect the probability of renting a vehicle. The document addressed the following research topics: (a) identifying significant variables; and (b) can information on these factors help car rental firms? Empirically, it is shown that more tourists do not rent a car and this fact has to be considered. Thus, the classical logistic and Bayesian regression models do not seem adequate in this case, so that the authors will consider an asymmetric logistic regression model. This work analyzes 28,235 tourists who visited the Canary Islands during 2017. From a Bayesian point of view, asymmetric logistics regression is chosen as the best model because it detects relevant development factors not seen by standard logistic regressions. In light of the document’s findings, various practice recommendations improve decision-making in this field. The asymmetric logit link is a helpful device that can help rental companies make decisions about their clients.","https://www.mdpi.com/1911-8074/14/11/541/pdf",""
32,"Liufang Su, Jianjun Tang, Huanguang Qiu","Intended and unintended environmental consequences of grassland rental in pastoral China",2021,"Journal of Environmental Management","Elsevier BV","https://doi.org/10.1016/j.jenvman.2021.112126","",988,"2026-05-27 21:00:15","journal-article","10.1016/j.jenvman.2021.112126","0301-4797",,285,,112126,112126,32,6.40,11,3,5,"","https://api.elsevier.com/content/article/PII:S0301479721001882",""
0,"Fadhilah Rania, Atika Irawan","Financial Feasibility of Smallholder Closed-House Broiler Probiotic Farm",2021,"The International Journal of  Business &amp; Management","International Journal of Innovative Research & Development (GlobeEdu)","https://doi.org/10.24940/theijbm/2021/v9/i6/bm2106-055","",992,"2026-05-27 21:00:15","journal-article","10.24940/theijbm/2021/v9/i6/bm2106-055","2321-8916",,9,6,,,0,0.00,0,2,5,"","",""
