Cites,Authors,Title,Year,Source,Publisher,ArticleURL,CitesURL,GSRank,QueryDate,Type,DOI,ISSN,CitationURL,Volume,Issue,StartPage,EndPage,ECC,CitesPerYear,CitesPerAuthor,AuthorCount,Age,Abstract,FullTextURL,RelatedURL
0,"Akas Bagus Setiawan, Eka Yuniar, Mas'ud Hermansyah, Mujiono Mujiono, David Juli Ariyadi","Decision Support System for Selecting the Best Rental House with Weight Product in Sidokare District, Sidoarjo Regency",2026,G-Tech: Jurnal Teknologi Terapan,"Fakultas Sains dan Teknologi, Unira Malang",https://doi.org/10.70609/g-tech.v10i1.8865,,26,2026-05-27 21:00:15,journal-article,10.70609/g-tech.v10i1.8865,2623-064X,,10,1,536,548,0,0.00,0,5,1,"The demand for rental housing in high-mobility areas such as Sidokare District, Sidoarjo Regency, continues to increase along with the region's economic development. However, prospective tenants often face difficulties in selecting the right rental house due to unstructured information and subjective decision-making processes. This study aims to develop a web-based Decision Support System (DSS) capable of providing objective and measurable rental housing recommendations. The method used is the Weighted Product (WP), a multicriteria decision-making technique that normalizes weights through multiplication operations. This system evaluates five rental housing alternatives based on eight main criteria, including price, location, facilities, security, and comfort. The results show that Sukun Rental House is the best alternative with the highest preference value of 0.0769. The practical implication of this study is the availability of an efficient digital tool for residents and students in Sidokare to compare various housing options transparently and quickly. This system successfully minimizes subjectivity in housing selection and helps users find the housing that best suits their financial priorities and functional needs.",https://ejournal.uniramalang.ac.id/g-tech/article/download/8865/5564,
0,"Sri Indrayani, Sintha Istikomah",Integrated Web-Based Platform for Boarding House Rental Services: Information Architecture and Booking Workflow Design,2026,bit-Tech,Komunitas Dosen Indonesia,https://doi.org/10.32877/bt.v8i3.3722,,55,2026-05-27 21:00:15,journal-article,10.32877/bt.v8i3.3722,2622-2728,,8,3,3834,3845,0,0.00,0,2,1,"Pati Regency in Central Java has experienced rapid industrial, commercial, and educational growth, attracting workers, students, and job seekers who require temporary accommodation such as boarding houses. Despite this increasing demand, the process of searching and booking boarding houses remains largely manual, relying on word of mouth, roadside banners, or direct visits, which leads to fragmented information, inaccurate room availability data, and inefficient search processes. This study aims to design and evaluate a web-based boarding house rental information system that addresses information asymmetry and fragmented search processes in local rental markets by providing structured property information and an integrated digital booking workflow. The research employs a system development approach consisting of requirements analysis through interviews and field observation, UML-based system modeling, web-based system implementation, and functional evaluation using black-box testing to verify the reliability of core system functions such as property search, availability display, booking submission, and payment confirmation. The resulting platform integrates structured property listings, multi-criteria search filters, interactive digital maps, and an online reservation mechanism that enables prospective tenants to identify, compare, and book boarding houses without physically visiting the property. Testing results indicate that all functional modules operate according to the specified requirements, supporting accurate property information retrieval and a continuous search-to-booking workflow. Beyond system implementation, the study contributes to research on digital property information systems by demonstrating how integrated information architecture and transaction workflows can reduce information fragmentation and improve transparency in temporary housing rental platforms.",https://jurnal.kdi.or.id/index.php/bt/article/download/3722/1993,
0,,A Web-Based Smart Rental Management System Using React and Secure Payment Integration,2026,International Journal of Innovative Research in Technology,Amplionix LLP,https://doi.org/10.64643/ijirtv12i10-194747-459,,136,2026-05-27 21:00:15,journal-article,10.64643/ijirtv12i10-194747-459,2349-6002,,12,10,,,0,0.00,0,0,1,,,
0,Mandar Sharad Salunkhe,Property Rental &amp; Management System,2026,International Journal for Research in Applied Science and Engineering Technology,International Journal for Research in Applied Science and Engineering Technology (IJRASET),https://doi.org/10.22214/ijraset.2026.78551,,158,2026-05-27 21:00:15,journal-article,10.22214/ijraset.2026.78551,2321-9653,,14,3,3596,3602,0,0.00,0,1,1,"This paper discusses the design, development, and implementation of a web-based Property Rental & Management System developed to simplify the process of managing rental properties. The system digitizes the complete workflow of property management, including property listing, tenant registration, rent payment tracking, and maintenance request handling. It provides a centralized platform where property owners, tenants, and administrators can interact efficiently. The system is developed using modern web technologies such as HTML5, CSS, and JavaScript for the frontend, along with backend support using Node.js/PHP and a MySQL database for data storage and management. The platform ensures that all property and tenant data is stored securely and can be accessed in real-time. The responsive web interface allows users to access the system from different devices such as desktops and mobile phones. After implementation, the system significantly reduces manual work, improves accuracy in rent tracking, and enhances communication between users. It also provides better organization of records and faster access to information. The results show improved efficiency, reduced paperwork, and better transparency in property management operations. This study highlights that digital property management systems are effective and beneficial for modern real estate management",,
0,Vaduni Niranjan,A Secure Three-Tier Web Framework for Verified Student Accommodation and Rental Management,2026,International Journal for Research in Applied Science and Engineering Technology,International Journal for Research in Applied Science and Engineering Technology (IJRASET),https://doi.org/10.22214/ijraset.2026.79797,,354,2026-05-27 21:00:15,journal-article,10.22214/ijraset.2026.79797,2321-9653,,14,4,3266,3273,0,0.00,0,1,1,"Finding convenient paying guest (PG) and student accommodation is a very big problem facing students who in migrating to new city seek higher education. Lack or availability of centralised, validated and student friendly accommodation portals can result into time consuming search, inaccurate information, and poor housing decision. The present paper proposes a specialized web-based accommodation portal, named as PGConnect, which will facilitate the process of searching and finding accommodation of the PG housing, with particular attention to the Delhi-NCR educational hub. The system is built on a friendly interface that is created using React, and the backend is based on the Laravel framework to handle business logic, authentication, and RESTful API security. A relational database is a PostgreSQL, which guarantees the data integrity and effective management of queries. The framework has a three-level architecture that helps increase scalability and maintainability. Experimental findings show that, PGConnect is very effective to decrease the time spent on the search and provide a high level of user satisfaction in comparison to manual approaches, which can be regarded as a valid and visible solution to the specific demands of the student population in metropolitan areas",,
0,"Jianyue Wang, Ki Ling Cheung, Albert Y. Ha",Apparel retail and rental business models and their sustainability implications,2026,Production and Operations Management,SAGE Publications,https://doi.org/10.1177/10591478261444827,,480,2026-05-27 21:00:15,journal-article,10.1177/10591478261444827,1059-1478,,,,,,0,0.00,0,3,1,"In this paper, we explore the question of whether an apparel manufacturer should incorporate a renting channel into its existing business model, which currently only includes a retailing channel. We also examine how such a change would affect product quality and sustainability. We develop several game-theoretical models where an apparel manufacturer, currently selling apparel products directly to consumers, may choose to rent them out either directly or indirectly through a third-party online platform. When both retailing and renting channels are available, the manufacturer will only sell the product if rental utility or brand quality is low. Otherwise, it will sell and rent out the product simultaneously. Our findings suggest that adding a renting option to a retailing-only business model could increase the manufacturer’s profit and product quality, despite potential demand cannibalization. However, the environmental impact of rental versus pure retail depends on the level of rental utility. The increase in profit and quality from incorporating renting is more significant when brand quality is higher. Additionally, this change could enhance consumer surplus and social welfare. We also analyze the effects of three common public policies on sustainability when a renting channel is added, finding that two of the policies can promote product quality. We extend our model by considering consumer heterogeneity in preferences for green consumption or discounted utility from renting, and find that our results remain robust. When examining demand cannibalization over time, we observe that product quality decisions may be influenced by the extent of cannibalization over time, while the environmental impact could worsen.",https://journals.sagepub.com/doi/pdf/10.1177/10591478261444827,
0,"Agung Wahyu Ramadhan, Jecky Tri Ananda, Muhammad Firdaus, Muhammad Alda",IMPLEMENTASI FLEET MANAGEMENT SYSTEM BERBASIS MOBILE LAYANAN RENTAL BUS PARIWSATA MENGGUNAKAN METODE R&amp;D (STUDI KASUS : PT.NUSAWISATA TRANS),2026,Jurnal Informatika dan Teknik Elektro Terapan,Lembaga Penelitian dan Pengabdian kepada Masyarakat Universitas Lampung,https://doi.org/10.23960/jitet.v14i1.9046,,633,2026-05-27 21:00:15,journal-article,10.23960/jitet.v14i1.9046,2830-7062,,14,1,,,0,0.00,0,4,1,"Fleet management is an important component in bus rental business operations. Common problems include limited monitoring of bus availability, poorly organized vehicle usage records, and manual management of driver data and travel schedules. These conditions result in low operational efficiency and poor service quality for customers. This study aims to implement a mobile-based Fleet Management System in bus rental businesses to support integrated fleet management. The method used is Research and Development (R&D), which includes the stages of needs analysis, system design, application development, testing, and evaluation. The results of the study show that the developed system is able to assist managers in monitoring fleet status, managing bus usage schedules, and organizing driver and trip data more effectively. This system is expected to improve operational efficiency and support the decision-making process in bus rental businesses.",https://journal.eng.unila.ac.id/index.php/jitet/article/download/9046/3923,
0,"Anggiah Salim, Sakina Sudin, Nurafni Muhammad, Fitriani Duwila, Frenti Polulu",Development of a Web-Based Motorcycle Rental Application with Real-Time Status and Digital Financial Recording,2026,Ambidextrous Journal of Innovation Efficiency and Technology in Organization,PT Takaza Innovatix Labs,https://doi.org/10.61536/ambidextrous.v3i01.422,,929,2026-05-27 21:00:15,journal-article,10.61536/ambidextrous.v3i01.422,3031-7002,,3,1,134,146,0,0.00,0,5,1,"Motorcycle rental businesses at the Micro, Small, and Medium Enterprises (MSME) level are still largely managed manually, which may lead to transaction recording errors and delays in vehicle status information. This study aims to design and implement a web-based motorcycle rental information system developed using HTML, CSS, JavaScript, and Bootstrap as the user interface. The system is managed through a GitHub repository, utilizes Supabase as a real-time database, and is deployed on the Vercel platform to provide public domain access. The research method follows system development stages consisting of requirement analysis, system design, implementation, and testing. The system is able to display real-time motorcycle availability, support admin-managed rental transactions, and generate daily income reports. To protect the confidentiality of MSME financial data, the income report is limited to a three-day period. The results indicate that the system operates properly and is feasible to be used as an operational support tool for web-based motorcycle rental services.",https://journal.takaza.id/index.php/ambidextrous/article/download/422/225,
1,"Kuanchin Chen, Josip Marić, Ya-Han Hu",Servitization in the service industry – AI-empowered opportunities for innovation in the bike rental business,2025,Journal of Enterprise Information Management,Emerald,https://doi.org/10.1108/jeim-04-2024-0207,,517,2026-05-27 21:00:15,journal-article,10.1108/jeim-04-2024-0207,1741-0398,,,,,,1,1.00,0,3,1,"Purpose: This study investigates the application of artificial intelligence (AI) in enhancing the servitization of the YouBike rental service, particularly addressing the challenges of service delivery risks and fostering service innovation. The research is centered around using AI to manage and predict bike rental shortages effectively and to innovate service delivery by adapting to customer needs and environmental conditions. This aims to transform the YouBike service from a product-centric to a service-centric approach, leveraging digital servitization. Design/methodology/approach: The methodology involves analyzing the proximity of rental stations to significant locations, historical demand, environmental factors and regional dynamics to inform the development of AI models. Various machine learning (ML) models were evaluated to identify an optimized model capable of predicting bike rental shortages at different time intervals and pinpointing key factors influencing these shortages. The study uses comparative analysis to determine the most effective AI strategies for operational and service innovation challenges. Findings: The research demonstrates that the optimized ML model can effectively predict bike rental shortages and identify critical variables that influence these events thereby mitigating service risks and optimizing resource allocation. This enables digital service innovation through both basic and add-on servitization in a way that addresses both operational and environmental risks. Our findings suggest that AI significantly enhances resource management and supports digital service innovation DSI through strategies like service bundling and geographic customization. Originality/value: The originality of this research lies in its exploration of AI’s role in both mitigating risks and fostering service innovation to enable the two categories of servitization for the service industry. Additionally, mitigation of operational and environmental risks has received only beginning attention, with most works being theoretical and descriptive. The servitization literature has called for further empirical evidence in this area. Our work not only fills this gap but also extends the discourse on digital servitization by integrating AI with operational strategies, providing a new perspective on enhancing service delivery and creating innovative service solutions in the bike rental industry.",https://www.emerald.com/insight/content/doi/10.1108/JEIM-04-2024-0207/full/html,
0,,House Rental Management System,2025,Iconic Research and Engineering Journals,Iconic Digital Lab,https://doi.org/10.64388/irev9i6-1712726,,1,2026-05-27 21:00:15,journal-article,10.64388/irev9i6-1712726,2456-8880,,9,6,,,0,0.00,0,0,1,,,
0,"Jasmine Shrestha, Sabin Devkota, Abhishek Sapkota",A Project Report on House Rental Management System,2025,,Elsevier BV,https://doi.org/10.2139/ssrn.5387037,,2,2026-05-27 21:00:15,posted-content,10.2139/ssrn.5387037,,,,,,,0,0.00,0,3,1,,,
0,"Mamidyala Hari Krishna, K. Ravikanth, Makkala Ram, Penjarla Sandeep, Nakka Indhravathi",AI-Powered House Rental Management System with Proactive Tenant Property Matching.,2025,International Journal of Research Publication and Reviews,Genesis Global Publication,https://doi.org/10.55248/gengpi.6.0825.31132,,3,2026-05-27 21:00:15,journal-article,10.55248/gengpi.6.0825.31132,2582-7421,,6,8,5966,5974,0,0.00,0,5,1,,,
0,"Zaskia Darajat Wahab, Dedy Hendryadi, Sri Asfirawati Halik",HOUSE RENTAL INFORMATION SYSTEM AT BULUKUMBA REGENCY WITH WEBSITE BASED,2025,"Journal Informatika, Multimedia, and Infomation",Universitas Ichsan Sidenreng Rappang,https://doi.org/10.61912/lajutek.v3i1.129,,44,2026-05-27 21:00:15,journal-article,10.61912/lajutek.v3i1.129,2987-7377,,3,1,1,11,0,0.00,0,3,1,"This research aims to: (1) Design a website-based rental information system in the Bulukumba city area. (2) Implementing a website-based rental information system in the Bulukumba city area. (3) Knowing the response of users of the website-based rental information system in the Bulukumba city area. The research method used in this research is the System Development Life Cycle (SDLC) method with the Waterfall Model. It has several stages, namely: requirements analysis, design, implementation, testing, and maintenance. The data collection used was: Interviews, Literature Study and Documentation. The results of this research are: (1) This website-based rental information system was designed using the Unified Modeling Language (UML) and programmed using the PHP programming language so that it can make it easier and faster for customers to search for rentals. (2) Result of implementing a website-based rental information system in Bulukumba district, that is, with this website, it can provide fast service to potential customers when they want to rent a rental. (3) The results of testing the use of the system using a Likert scale obtained a score of 89.7% from 20 respondents, which is very positive.",https://journal.lajagoe.com/index.php/Lajutek/article/download/129/134,
0,Jinhun Kim,Retroactive legislation on the conversion of rental house to sales,2025,Construction &amp; Urban Development Law Association,Docuhut Publishing,https://doi.org/10.12972/cudla.2025.13.2,,47,2026-05-27 21:00:15,journal-article,10.12972/cudla.2025.13.2,2671-5104,,13,,15,27,0,0.00,0,1,1,"The preferential sale conversion system was introduced to help rental housing tenants who did not own a home acquire the house they were living in, provided they met certain conditions. This system aimed to facilitate homeownership by prioritizing eligible tenants in the purchase of rental homes. However, as some qualified tenants were unable to afford the conversion price, a new policy was implemented allowing them to purchase housing at a lower preferential sale conversion price. The Supreme Court ruled that when a rental house occupied by an ineligible tenant was sold to a third party, it could be sold at the market price. Additionally, the Court determined that even tenants who moved in through a first-come, first-served system must have satisfied the requirement of being completely houseless at the time of move-in. This decision aligns with the wording of the former Rental Housing Act and the legislative intent of the preferential sale conversion system. However, these Supreme Court rulings contradicted previous interpretations by the Ministry of Land, Infrastructure, and Transport. Following these rulings, the Ministry enacted retroactive legislation through the revised Special Act on Public Housing to reinforce its original interpretation. Consequently, even when an ineligible tenant’s rental home is sold to a third party, it must now be sold at or below the preferential conversion price. Furthermore, this legislation allows tenants who moved in through the first-come, first-serve method to qualify for preferential sale conversion if they met the houseless requirement at the time of conversion, even if they did not meet this requirement at the time of moving in. This retroactive legislation contradicts the original legislative intent of the preferential sale conversion system and significantly restricts the property rights of rental business operators. Therefore, a constitutional interpretation is required to narrow the scope of its application. Meanwhile, following the implementation of the revised Special Act on Public Housing, lower courts have issued conflicting rulings regarding whether tenants who already own homes qualify for preferential sale conversion when a public rental housing unit constructed by a private rental business face bankruptcy or insolvency. Considering the wording of the revised Special Act on Public Housing and the legislative history of amendments to the supplementary provisions of the Special Act on Private Rental Housing, it is reasonable to conclude that, even in cases of bankruptcy or insolvency, tenants who own homes should no longer be eligible for preferential sale conversion.",,
0,"Aulia Putri, Tri Kurniawati",Analysis of the Application of the Hedonic Price Method in Setting House Rental Prices in the Coastal Area of Padang City,2025,Jurnal Economic Resource,Universitas Muslim Indonesia,https://doi.org/10.57178/jer.v8i2.1607,,72,2026-05-27 21:00:15,journal-article,10.57178/jer.v8i2.1607,2620-6196,,8,2,1098,1106,0,0.00,0,2,1,"This research investigates how structural, location, and environmental attributes impact residential rental rates in Padang City, a region challenges by disaster risks and limited facility access. The study aims to identify key determinants affecting rental costs. A quantitative research design was employed, utilizing questionnaires for data collection, followed by analysis through multiple linear regression. Finding reveal that all three independent variables significantly affect rental pricing, as reflected by an F-value of 61,607, substantially surpassing the critical threshold of 2,69. These insights are valuable for shaping more effective housing policy strategies.",https://jurnal.feb-umi.id/index.php/JER/article/download/1607/1212,
0,"Rully Sandy Pratama, Ivan Dwi Fibrian, Mohamad Ali Murtadho",Sistem Informasi Manajemen Rental PS dengan Fitur Reservasi (Studi kasus: Rossy Game House Mojokerto),2025,Jurnal Tekno Kompak,Universitas Teknokrat Indonesia,https://doi.org/10.33365/jtk.v19i2.245,,82,2026-05-27 21:00:15,journal-article,10.33365/jtk.v19i2.245,2656-3525,,19,2,331,342,0,0.00,0,3,1,"Permintaan terhadap layanan rental PlayStation (PS) terus mengalami peningkatan seiring dengan tingginya minat masyarakat terhadap hiburan digital. Rental PS dipilih sebagai objek penelitian karena banyak pelaku usaha di bidang ini masih menggunakan sistem manajemen secara manual, seperti pencatatan pemesanan di buku tulis atau file spreadsheet sederhana, serta konfirmasi reservasi yang dilakukan melalui komunikasi langsung seperti telepon atau pesan singkat. Cara kerja ini rentan terhadap kesalahan pencatatan, duplikasi data, hilangnya data penting, dan menyulitkan dalam pelacakan riwayat transaksi. Penelitian ini bertujuan untuk merancang dan mengembangkan sistem informasi manajemen rental PS berbasis web yang dilengkapi dengan fitur reservasi online. Pengembangan sistem dilakukan dengan metode pengembangan Waterfall yang mencakup tahap analisis kebutuhan, perancangan, implementasi, pengujian, dan pemeliharaan. Sistem yang dibangun menyediakan fitur seperti registrasi dan login pengguna, pemesanan PS secara daring, pengelolaan data oleh admin, serta pemantauan aktivitas reservasi secara real-time. Hasil implementasi menunjukkan bahwa sistem dapat membantu pelaku usaha dalam mengelola data dengan lebih terstruktur, mempercepat proses reservasi, dan memberikan kemudahan bagi pelanggan dalam mengakses layanan. Dengan demikian, sistem ini menjadi solusi digital yang mampu menjawab tantangan pengelolaan rental PS di era teknologi saat ini.",https://publikasi.teknokrat.ac.id/index.php/teknokompak/article/download/245/142,
0,"Generosa Lukhayu Pritalia, Oktavianus Darren, Priadi Wibisono",Understanding User Adoption Of Indonesia’s Boarding House Rental App Through The Extended Technology Acceptance Model,2025,Jurnal Teknologi Sistem Informasi dan Aplikasi,Universitas Pamulang,https://doi.org/10.32493/jtsi.v8i3.44988,,90,2026-05-27 21:00:15,journal-article,10.32493/jtsi.v8i3.44988,2654-4229,,8,3,160,169,0,0.00,0,3,1,"The Mamikos mobile application has become a popular platform for housing seekers in Indonesia. It has garnered a rating of 4.1 on the Play Store and 4.7 on the App Store. However, the factors influencing user acceptance and usage of the Mamikos mobile application remain unclear. This study aims to examine these factors using the extended Technology Acceptance Model (TAM) approach. Data was collected using purposive sampling. The Lemeshow formula was employed to determine the appropriate sample size, resulting in 168 respondents. Data analysis was conducted using the Structural Equation Modeling - Partial Least Squares (SEM-PLS) method. The findings indicate that social trust has a significant positive influence on both perceived usefulness and perceived ease of use. Perceived ease of use, in turn, has a significant positive influence on both perceived usefulness and attitude towards use. Subjective norms exert a significant positive influence on attitude towards use. Perceived usefulness significantly impacts attitude towards use, which in turn significantly affects intention to use. Intention to use has a significant positive influence on actual system usage. However, subjective norms do not significantly influence perceived usefulness.",https://openjournal.unpam.ac.id/index.php/JTSI/article/download/44988/27711,
0,"ARYAN UPADHYAY -, AYYAN SHAIKH -, KARTIK JANE -, MANISH CHAUDHARI -, KARTIK SHAHU -",RentEase: An Intuitive Rental Management Platform,2025,International Journal on Science and Technology,International Research Publication and Journals,https://doi.org/10.71097/ijsat.v16.i2.5128,,199,2026-05-27 21:00:15,journal-article,10.71097/ijsat.v16.i2.5128,2229-7677,,16,2,,,0,0.00,0,5,1,"RentEase is an intuitive rental management app designed to simplify the process of finding and managing rental accommodations for both tenants and property owners. It provides comprehensive details on available properties, including pricing, location, amenities, and verified homeowner contact information. Key features like homeowner verification, tenant ratings, and reviews enhance trust and security. The platform also offers efficient communication between tenants and landlords. Built on advanced technologies such as cloud computing and real-time data synchronization, RentEase ensures a seamless user experience. Future enhancements include AI-powered property recommendations, virtual house tours, and automated tenant screening to further improve the rental process.",https://www.ijsat.org/papers/2025/2/5128.pdf,
0,Xinyu Shuai,A Study of Airbnb Rental Prices Based on Linear Regression Models,2025,"Advances in Economics, Management and Political Sciences",EWA Publishing,https://doi.org/10.54254/2754-1169/2025.bl30924,,247,2026-05-27 21:00:15,journal-article,10.54254/2754-1169/2025.bl30924,2754-1169,,249,1,191,201,0,0.00,0,1,1,"Finding the best rental prices for Airbnbs is very tricky because of all the differences between houses, how cancellations work, and different services, which makes it hard for owners to get the most money and for places like Airbnb to make things better. In order to solve the problem, this paper uses multiple Linear regression models to predict Airbnb rental prices using the publicly available Airbnb list, so as to achieve the goal of predicting performance and interpretability. Price normalization using logarithm, filling missing values with median, and handling of multicollinearity through the application of the VIF test and variable selection, are all part of data preprocessing. Experimental results show that the model performs solidly, with a Mean Squared Error (MSE) of 0.2896, Root Mean Squared Error (RMSE) of 0.5382, and Mean Absolute Percentage Error (MAPE) of 8.69%, indicating relatively low deviation in both absolute and relative terms. the model's R² value is as high as 0.4941 (adjusted R²: 0.4937), which suggests that the model can explain about 49.4% of the variation in the logarithm of the rental price. This study has demonstrated the application of linear regression in quantifying price determinants in short-term rentals, which can provide transparent and actionable insights for both hosts to improve their listing settings and for platforms to improve the matching efficiency of users. Model’s interpretability is also good at regulating because it can make clear how the pricing mechanism works, so this kind of model is quite helpful to improve a clearer and healthier short-term rental ecosystem.",,
0,Zerihun Gadisa Obse,"Addis Ababa online home rental management system, Ethiopia",2025,Journal of Electrical Systems and Information Technology,Springer Science and Business Media LLC,https://doi.org/10.1186/s43067-025-00220-1,,278,2026-05-27 21:00:15,journal-article,10.1186/s43067-025-00220-1,2314-7172,,12,1,,,0,0.00,0,1,1,"Abstract: The purpose of this project is to plan and create an online home rental management system in Ethiopia’s capital, Addis Ababa. This system aims to streamline all tasks associated with the proper administration of rental properties through an online platform. Its primary objective is to reduce the time required to complete rental-related tasks. The current manual record-keeping system is slated for replacement to enhance efficiency in calculations and data storage. The system’s database backend operates on MySQL server, with C# and PHP serving as the front-end programming languages. Periodic purging of the database is scheduled, ensuring the system’s ability to handle daily operations effectively. This approach aims to minimize manual calculations and labor-intensive tasks while maintaining regularity in operations. Managing data related to various aspects such as products, employees, managers, and clients is a key component of this system. Furthermore, this newly implemented system boasts an excellent database structure that facilitates collaboration among geographically dispersed users. It features a flexible and user-friendly interface for quick record retrieval and enables tenants to view available properties within the system.",https://link.springer.com/content/pdf/10.1186/s43067-025-00220-1.pdf,
0,Mohd. Anas Khan,RENTEASE: A MERN Stack-Based Web Application for Rental Property Management,2025,International Journal for Research in Applied Science and Engineering Technology,International Journal for Research in Applied Science and Engineering Technology (IJRASET),https://doi.org/10.22214/ijraset.2025.70796,,299,2026-05-27 21:00:15,journal-article,10.22214/ijraset.2025.70796,2321-9653,,13,5,2840,2848,0,0.00,0,1,1,"The digital transformation of traditional industries has now extended to the real estate sector, where rental property management continues to face inefficiencies. Many processes remain fragmented, relying on outdated manual paperwork, inconsistent communication, and limited accessibility, resulting in delays, mismanagement, and frustration for landlords and tenants alike. This research introduces RENTEASE, a comprehensive web-based application developed using the MERN stack (MongoDB, Express.js, React.js, Node.js) to address these challenges. Designed as a user-centric platform, RENTEASE digitizes the entire lifecycle of rental property management, including listing properties, streamlining tenant discovery, managing lease agreements, and tracking rent payments. The platform is built with usability, security, and scalability in mind, ensuring seamless interactions between stakeholders while reducing dependence on intermediaries. In addition to simplifying rental operations, RENTEASE provides a centralized property listing system, AI-driven tenant matching, automated lease agreement management, secure rent payment tracking, and robust security measures to protect user data. This paper delves into the problem space, system architecture, implementation strategy, testing methodologies, and prospective future enhancements. By leveraging fullstack web development, RENTEASE demonstrates how technology can improve rental management efficiency and user experience, bridging industry gaps. Future developments may incorporate advanced features such as blockchain integration for smart contracts, AI-driven predictive analytics for pricing strategies, and IoT connectivity for smart home automation, further revolutionizing the sector. Through RENTEASE, rental management evolves from traditional inefficiencies into a streamlined, tech-driven ecosystem that fosters transparency, reliability, and enhanced trust among landlords and tenants.",,
0,Lin Yu,Application of ABS Financing Model in the Construction of Public Rental Housing in China,2025,"Advances in Economics, Management and Political Sciences",EWA Publishing,https://doi.org/10.54254/2754-1169/2025.21717,,344,2026-05-27 21:00:15,journal-article,10.54254/2754-1169/2025.21717,2754-1169,,165,1,154,167,0,0.00,0,1,1,"Housing is a fundamental issue affecting residents' lives. With the rapid acceleration of urbanization, low- and middle-income families in urban areas face significant housing pressure. The construction of public rental housing (PRH) aims to provide affordable housing below market prices for groups whose income exceeds the threshold for low-rent housing but who cannot afford to purchase commercial housing or economically affordable housing. However, relying solely on government fiscal investment to fund affordable housing not only leads to an unreasonable allocation of national finances but also hinders the sustainable development and construction of PRH. By introducing market mechanisms into the affordable housing system and utilizing the ABS (Asset-Backed Securities) financing model for PRH construction, a solid foundation is established for the sustainable development of this type of affordable housing. This paper examines the current status and challenges of PRH construction, analyzing the contradiction between high demand and insufficient supply, as well as the sources of funding for PRH. Furthermore, it explores the ABS financing model, its feasibility, and its advantages in PRH development. Through a case study of the Yueyanglou District Gulin Community Railway Block Urban Lowland Waterlogging Area Redevelopment Public Rental Housing Project in Yueyang City, this paper analyzes the application of ABS financing in PRH construction.",,
0,Rian Safrianto,Enterprise Architecture Planning with TOGAF ADM: A Case Study of a Heavy Equipment Rental Service Company,2025,Applied Information System and Management (AISM),LP2M Universitas Islam Negeri (UIN) Syarif Hidayatullah Jakarta,https://doi.org/10.15408/mkt7re31,,464,2026-05-27 21:00:15,journal-article,10.15408/mkt7re31,2621-2544,,8,2,183,194,0,0.00,0,1,1,"Strategic Information Systems (IS) and Information Technology (IT) planning play a vital role in aligning technological initiatives with business objectives, particularly in asset-intensive industries. This study aims to implement the TOGAF ADM framework to design a strategic IS/IT planning model for a heavy equipment rental company, demonstrating how enterprise architecture can align IT initiatives with business goals. PT. XYZ has not yet implemented an information system strategy for the company’s needs in terms of management, leading to inefficiencies in business operations at PT. XYZ. A qualitative approach was used to obtained through in-depth interviews with company’s owners and managers,  observation data of company’s IT asset also collected to describe organization’s current IS/IT landscape and applies the TOGAF ADM phases to design an enterprise architecture that supports business-IT alignment. This study demonstrates how TOGAF ADM can provide a structured methodology for identifying business needs, defining architectural visions, and developing a roadmap for IS/IT improvements. Findings indicate that using EA frameworks such as TOGAF ADM enhances strategic planning capabilities, supports organizational agility, and provides a repeatable model for similar enterprises in the rental or industrial sector. The results offer valuable insights for practitioners and researchers interested in applying enterprise architecture to improve IS/IT strategic planning processes.",https://journal.uinjkt.ac.id/index.php/aism/article/download/46335/17862,
0,Rian Safrianto,Enterprise Architecture Planning with TOGAF ADM: A Case Study of a Heavy Equipment Rental Service Company,2025,Applied Information System and Management (AISM),LP2M Universitas Islam Negeri (UIN) Syarif Hidayatullah Jakarta,https://doi.org/10.15408/aism.v8i2.46335,,468,2026-05-27 21:00:15,journal-article,10.15408/aism.v8i2.46335,2621-2544,,8,2,183,194,0,0.00,0,1,1,"Strategic Information Systems (IS) and Information Technology (IT) planning play a vital role in aligning technological initiatives with business objectives, particularly in asset-intensive industries. This study aims to implement the TOGAF ADM framework to design a strategic IS/IT planning model for a heavy equipment rental company, demonstrating how enterprise architecture can align IT initiatives with business goals. PT. XYZ has not yet implemented an information system strategy for the company’s needs in terms of management, leading to inefficiencies in business operations at PT. XYZ. A qualitative approach was used to obtained through in-depth interviews with company’s owners and managers,  observation data of company’s IT asset also collected to describe organization’s current IS/IT landscape and applies the TOGAF ADM phases to design an enterprise architecture that supports business-IT alignment. This study demonstrates how TOGAF ADM can provide a structured methodology for identifying business needs, defining architectural visions, and developing a roadmap for IS/IT improvements. Findings indicate that using EA frameworks such as TOGAF ADM enhances strategic planning capabilities, supports organizational agility, and provides a repeatable model for similar enterprises in the rental or industrial sector. The results offer valuable insights for practitioners and researchers interested in applying enterprise architecture to improve IS/IT strategic planning processes.",https://journal.uinjkt.ac.id/index.php/aism/article/download/46335/17862,
0,"Jong Chung Jin, Steward Giman Stephen",Exploring Rental Property Management Best Practices for Private Investors in Malaysia: A Secondary Data Analysis,2025,Malaysian Journal of Social Sciences and Humanities (MJSSH),Secholian Publication,https://doi.org/10.47405/mjssh.v10i10.3622,,476,2026-05-27 21:00:15,journal-article,10.47405/mjssh.v10i10.3622,2504-8562,,10,10,,,0,0.00,0,2,1,"Malaysia’s rental property sector has experienced rapid growth due to increased urbanization, changing lifestyle preferences, and rising housing unaffordability, prompting more individuals to rent rather than buy. Despite this trend, limited empirical research has examined effective management practices for private investors, resulting in operational inefficiencies, inconsistent tenant relations, and untapped investment potential. Addressing this gap, the present study explores best practices in rental property management within the Malaysian context to identify strategies that optimize financial performance and tenant satisfaction. The study aims to (1) analyse current rental property management approaches and (2) develop a synthesized framework of best practices applicable to private investors. A secondary data analysis method was employed, involving a comprehensive review of scholarly literature, industry reports, policy documents, and real estate publications. Thematic analysis was conducted to extract recurring patterns, key strategies, and underlying management principles. Eight major themes emerged: strategic outsourcing, tenant relations, operational efficiency, property maintenance, competitive positioning, market and life-cycle understanding, risk management, and technology integration. The findings reveal that adopting systematic management strategies, cultivating long-term partnerships, emphasizing preventive maintenance, and leveraging digital tools can enhance profitability, tenant retention, and property value. In conclusion, the study underscores the importance of a holistic and data-driven approach to rental property management. It suggests that policymakers establish standardized guidelines and training for property managers, while future researchers should incorporate primary data to validate and expand on these insights. The research thus bridges theoretical understanding and practical application within Malaysia’s evolving property landscape.",https://www.msocialsciences.com/index.php/mjssh/article/download/3622/2359,
0,"Desi Tri Wahyuningsih, Dwi Suhartini",Effectiveness of the Implementation of Income Tax Reporting Article 4(2) in Port Services (Land Rental Sector),2025,International Journal of Economics and Management Research,Politeknik Pratama Purwokerto,https://doi.org/10.55606/ijemr.v4i2.457,,512,2026-05-27 21:00:15,journal-article,10.55606/ijemr.v4i2.457,2830-2508,,4,2,793,802,0,0.00,0,2,1,"This study aims to evaluate the effectiveness of Income Tax (PPh) Article 4 paragraph (2) reporting on port services, especially in the land rental sector in PT. PELINDO Sub Regional Head Java. This tax is a type of final tax on certain income, including income from land and/or building rentals. This study uses a qualitative approach with phenomenological methods to understand in depth the experiences and reporting practices carried out by companies. The data collection technique was carried out through in-depth interviews with ten informants from the finance division and direct observation in the field. The results of the study show that the application and reporting of Income Tax 4(2) has been carried out according to the applicable procedures, with two options of withholding mechanism: by the company or by service users. Reporting is carried out electronically through e-SPT and e-Filing, with stages including transaction recap, data validation, preparation of tax returns, and tax remittances. Although the implementation went relatively smoothly, there were administrative obstacles such as delays in deposits or data mismatches due to the choice of payment method by service users. To overcome this, the company has made a number of improvements such as the integration of information systems between divisions, routine employee training, and the preparation of more detailed tax reporting SOPs. These findings underscore the importance of cross-sectional coordination and the use of digital technology to improve tax reporting compliance and effectiveness. This research provides practical contributions for business actors in improving tax compliance and recommendations for improving reporting systems in similar sectors.",https://ijemr.asia/index.php/ijemr/article/download/457/434,
0,"Yuta Kittaka, Morifumi Hirao",Platform Pricing in Peer-to-Peer Rental Markets with Consumer Role Choice,2025,,Elsevier BV,https://doi.org/10.2139/ssrn.5585731,,741,2026-05-27 21:00:15,posted-content,10.2139/ssrn.5585731,,,,,,,0,0.00,0,2,1,,,
0,Ian Kennedy,The Perpetuation of the Racialized Ideology of Neighborhood Quality: Evidence From 16 US Rental Markets,2025,,Center for Open Science,https://doi.org/10.31235/osf.io/tk2bw_v1,,857,2026-05-27 21:00:15,posted-content,10.31235/osf.io/tk2bw_v1,,,,,,,0,0.00,0,1,1,"<p>Housing dynamics in the United States were racialized by decades of State-sponsored racist policy. Exposure to particular neighborhoods yields benefits and harms that are vastly different across racialized populations. One outcome of that association is an ideology of racialized space that could both naturalize and perpetuate spatial racial inequality. Using 500k listings from the rental platform Craigslist spanning five years and 16 U.S. metropolitan areas, I show that descriptions of neighborhoods reflect the legacy of more traditional forms of neighborhood racialization, but are also the site of counter-narratives that resist that legacy. Advertisements tend to describe Asian and White neighborhoods more positively than other neighborhoods, while failing to positively describe Latino and Black areas, though that difference is less for Latino neighborhoods when accounting for socioeconomic status. In contrast, even high-income Black neighborhoods are not described as positively as poor White neighborhoods. Black and White neighborhoods are recognized for being historic, but, even accounting for housing stock age, Asian neighborhoods are not, reflecting the ‘permanent foreigner’ stereotype.</p>",,
0,"Xinyu Wan, Xinyang Li, Luoying Xiong, Yining Xu, Jiayue Tian","Comparison and Optimization Strategies of Airbnb Rental Prediction Models: An Empirical Study Based on Linear Regression, XGBoost and Random Forest",2025,"Advances in Economics, Management and Political Sciences",EWA Publishing,https://doi.org/10.54254/2754-1169/2025.lh27240,,922,2026-05-27 21:00:15,journal-article,10.54254/2754-1169/2025.lh27240,2754-1169,,197,1,148,162,0,0.00,0,5,1,"As a leading short-term rental platform in the sharing economy, Airbnb employs dynamic pricing based on multiple factors, posing challenges for accurate rental price prediction. This study aims to improve rental price prediction by comparing and optimizing three machine learning models—linear regression, random forest, and XGBoost—using Airbnb listing data. We develop a multi-model prediction framework that exploits each model’s strengths: linear regression provides interpretability of key features, random forest captures nonlinear interactions, and XGBoost applies gradient-boosting techniques to minimize error. Using standard regression metrics (e.g., RMSE, MAPE) for evaluation, we find that XGBoost delivers the highest predictive accuracy (≈8% error), outperforming the random forest and linear regression models. The results indicate that XGBoost’s enhanced ability to model complex market dynamics yields more reliable price estimates, whereas the baseline linear model and random forest show higher errors and signs of overfitting. In conclusion, our comparative analysis offers practical insights for stakeholders: hosts can leverage the improved model for optimal pricing strategies to maximize revenue and occupancy rates, the Airbnb platform can refine its smart pricing tool for greater market efficiency, and overall data-driven pricing strategies benefit the sharing economy by aligning stakeholder interests.",,
0,Yu Hu,Singapore House Price Forecasting Using Machine Learning,2025,"Advances in Economics, Management and Political Sciences",EWA Publishing,https://doi.org/10.54254/2754-1169/2025.bl25997,,969,2026-05-27 21:00:15,journal-article,10.54254/2754-1169/2025.bl25997,2754-1169,,210,1,20,30,0,0.00,0,1,1,"Real estate valuation, particularly predicting house prices, is a critical aspect of the real estate industry. This paper provides a comprehensive overview of the application of various machine learning models for predicting house expenses. Four distinct models are evaluated: Back Propagation neural network (BP), random forest (RF), seagull optimization algorithm (SOA), and lion swarm optimization-based algorithm (SLSO-BP). This research aims to identify the most effective machine learning algorithm for accurately predicting house prices, utilizing the mean square error (MSE) and R-squared (R2) as the evaluation metric. Through a comparative analysis, our findings reveal that the SLSO-BP algorithm demonstrates superiority over other predictive tools, showcasing the lowest MSE. This study contributes to the advancement of predictive modeling in real estate, offering valuable insights for practitioners, researchers, and policymakers involved in housing market analysis and decision-making.",,
23,"Dallas Rogers, Sophia Maalsen, Peta Wolifson, Desiree Fields",Proptech and the private rental sector: New forms of extraction at the intersection of rental properties and platform rentierisation,2024,Urban Studies,SAGE Publications,https://doi.org/10.1177/00420980241262916,,685,2026-05-27 21:00:15,journal-article,10.1177/00420980241262916,0042-0980,,61,14,2778,2794,23,11.50,6,4,2,"Private renting increasingly comprises a complex ecosystem of actors who assemble housing within the market, and collect rental income and data from tenants, and data on the material assets themselves. Our analysis – at the intersection of rentier and platform capitalism – focuses on landed (material real estate) and technological (digital infrastructure and data) property in Australia’s private rental system. Drawing out relationships between the various actors – landlords, rental property managers and real estate agencies, software developers and providers, property developers and investors – and both their properties and their uses of Proptech (property technology), we show how housing and technology are being leveraged for profit in new ways. In Australia, landed property retains its precedence for established (individual and institutional) landlords, whose interest in Proptech relates to enhancing or value-adding to rental housing assets. For Proptech and institutional real estate players seeking to consolidate both landed and technology property, capturing the tech landscape is increasingly important; indeed, securing control and/or consolidation of technology property is a key motivation for building and/or using Proptech among the largest property developers. Our findings show how rent extraction operates across and between different types and scales of property and market actors, and in new ways that differentiate the figure of the rentier while upholding the dynamics of the rentier model.",https://journals.sagepub.com/doi/pdf/10.1177/00420980241262916,
2,"Apriani Riyanti, Taryana T, Guruh Putro Dirgantoro, I Made Agus Oka Gunawan",Development of Rental Application using Prototyping Method,2024,TECHNOVATE: Journal of Information Technology and Strategic Innovation Management,Global Researcher Network,https://doi.org/10.52432/technovate.1.2.2024.69-80,,456,2026-05-27 21:00:15,journal-article,10.52432/technovate.1.2.2024.69-80,3047-2466,,1,2,69,80,2,1.00,1,4,2,"In the modern era of technology, it is crucial to have access to the most up-to-date technical advancements. However, not everyone has the means to regularly upgrade their gadgets to keep pace with these improvements. This phenomenon can be attributed to the exorbitant expenses and transitory demand for technology, particularly in emerging nations like Indonesia, where the rental sector remains inadequately developed. This research proposes the construction of a mobile phone and camera rental application named Quick-Rent. The application is created using the Prototyping method, which is a system development approach. The prototyping method was selected due to its ability to enable developers to evaluate and enhance features depending on user feedback right from the outset of the design process. This application is specifically intended to enhance the efficiency of the leasing process by adapting system features based on user needs analysis. The findings indicated that certain system features were modified based on the user needs analysis. The system implementation process and the 7 scenario of blackbox testing confirmed the validity and usability of these features.",https://globalresearcher.net/index.php/technovate/article/download/35/29,
1,"Andika Saputra Muharam, Solihin Solihin, Eko Retnaldi, Eti Rahmawati, Lilis Emalia",Website-Based Boarding House Rental Information System: Case Study at Pondok Saluyu Company,2024,"Journal of Economics, Management, and Entrepreneurship",Sekolah Tinggi Ilmu Ekonomi Pasundan,https://doi.org/10.55208/jeme.v2i2.174,,20,2026-05-27 21:00:15,journal-article,10.55208/jeme.v2i2.174,3026-0906,,2,2,146,163,1,0.50,0,5,2,"A traditional information management system is still in use at Pondok Saluyu, a boarding house in Bandung City. This method is unsuccessful or inefficient, particularly regarding marketing and providing potential tenants with information. This project aims to create and implement a web-based information system to facilitate digital payments, streamline the online room rental procedure, and distribute information more efficiently. Agile development, which enables quick development, adapts to change, and actively incorporates all relevant parties in the process, is the system development methodology employed. The findings of this study should make it easier for boarding house operators to verify room availability, manage boarding rooms, and handle tenant transactions. Additionally, this website will serve as a more contemporary form of advertising. The use of mobile/Android applications for system optimization, payment gateways to enhance payment systems, the creation of more comprehensive applications, and the improvement and development of programs in line with technological advancements are some recommendations for future development.",https://journal.lemlit.org/index.php/jeme/article/download/127/203,
1,"Stepan Chalupa, Martin Petricek",Application of revenue management practices in short-term rental management,2024,Journal of Revenue and Pricing Management,Springer Science and Business Media LLC,https://doi.org/10.1057/s41272-024-00516-3,,104,2026-05-27 21:00:15,journal-article,10.1057/s41272-024-00516-3,1476-6930,,24,4,326,333,1,0.50,1,2,2,,https://link.springer.com/content/pdf/10.1057/s41272-024-00516-3.pdf,
1,"Janine M. Magno, Ronnie S. Pelayo, Kristine T. Soberano, Ph.D.",Apartment Rental Management System for Real-Time Transaction and Task Organization,2024,INTERNATIONAL JOURNAL OF MULTIDISCIPLINARY RESEARCH AND ANALYSIS,Everant Journals,https://doi.org/10.47191/ijmra/v7-i07-29,,226,2026-05-27 21:00:15,journal-article,10.47191/ijmra/v7-i07-29,2643-9840,,7,7,,,1,0.50,0,3,2,"The study focuses mainly on providing Celso with an Apartment Rental Management System for Real-Time Transaction and Task Organization. The system is a solution to the issue of inaccurate and disorganized data management within Celso’s apartment complexes. To address this challenge, the Apartment Rental Management System for Real-Time Transaction and Task Organization is designed to cater specifically to the needs of lessors, offering a comprehensive system. By implementing the Apartment Rental Management System for Real-Time Transaction and Task Organization, this study seeks to alleviate conflicts between lessors and how to manage the properties while concurrently enhancing the efficiency of property management operations. The researchers will use the developmental method of research and the Rapid Application Development Approach Model as the Software Development Life Cycle (SDLC). The implementation of the system was successful and generated a positive outcome. Therefore, the lessors, and property managers of the Celso Apartment, consider and accept the implementation of the developed system as a promising solution to the multifaceted challenges encountered in apartment rental management.",,
1,"Sufia Aulia Salsabilah, Harsya, Karenia Mentari, Shyndy Monicasari, Hadi Wijaya",RENTALIN APPS: Development of a Motorbike Rental Application Using Design Thinking for a Digital Rental Solution,2024,Jurnal Bisnis dan Komunikasi Digital,Indonesian Journal Publisher,https://doi.org/10.47134/jbkd.v1i4.3171,,460,2026-05-27 21:00:15,journal-article,10.47134/jbkd.v1i4.3171,3026-5886,,1,4,,,1,0.50,0,5,2,"The motorbike rental industry in Indonesia is characterized by significant challenges, including security risks, inefficient operations, and difficulty for customers in finding reliable rental services. This study aims to develop a comprehensive digital solution through the RENTALIN application, which addresses these challenges using a Design Thinking approach. The objective of this research was to create an application that enhances both the operational efficiency for rental owners and the user experience for customers. Data was collected from 13 motorbike rental owners, reported issues such as theft, fraud, and difficulties in tracking motorbikes. Additionally, surveyed customers indicated challenges in finding trustworthy rental services. Based on these findings, the RENTALIN application was designed with features such as GPS-based motorbike tracking, secure data verification systems, and an intuitive user interface. These solutions aim to improve security, expand market reach, and simplify the rental process. Testing of the prototype showed that the application effectively increases the efficiency and safety of the rental process, providing a more seamless experience for both rental owners and customers. RENTALIN demonstrates significant potential to become a leading platform in the Indonesian motorbike rental industry, offering targeted solutions to the sector’s critical issues.",https://journal.pubmedia.id/index.php/jbkd/article/download/3171/3163,
1,Shruti Shinde,BIKE RENTAL SYSTEM,2024,Gurukul International Multidisciplinary Research Journal,Continuing Professional Development Events New Mumbai,https://doi.org/10.69758/gimrj2406i8v12p043,,605,2026-05-27 21:00:15,journal-article,10.69758/gimrj2406i8v12p043,2394-8426,,,,354,362,1,0.50,1,1,2,"Abstract The Bike Rental Management System is an innovative web application designed to revolutionize the rental process of bicycles for short-term urban use. It offers a comprehensive solution that caters to both customers and administrators, ensuring a seamless experience for all users.At its core, the system boasts a user-friendly interface that simplifies the process of searching for available bikes, selecting preferred options, and completing rentals. Real-time availability information is provided, empowering customers to make informed decisions. The secure payment processing feature guarantees a safe and convenient transaction experience, instilling trust and reliability in the system.For administrators, the system includes a robust admin panel that allows for efficient management of bikes, user accounts, and rentals. This panel provides a comprehensive overview of the rental operations, enabling administrators to make informed decisions and optimize the rental process for better efficiency.The technology stack behind the system is equally impressive, utilizing Java Servlet for backend logic, JDBC for database connectivity, JavaScript for client-side interactivity, and Bootstrap for responsive design. This ensures a smooth and seamless user experience across different devices and platforms.One of the key advantages of the Bike Rental Management System is its contribution to promoting eco-friendly urban mobility. By encouraging the use of bicycles for short-distance travel, the system helps reduce traffic congestion and carbon emissions, ultimately leading to a cleaner and greener environment. Additionally, the system promotes healthier lifestyles by encouraging physical activity through cycling.In conclusion, the Bike Rental Management System is a comprehensive and innovative solution that offers a wide range of benefits for both users and the environment. Its user-friendly interface, secure payment processing, efficient admin panel, and eco-friendly initiatives make it a standout choice for urban mobility solutions. Index Terms – Bike Rental, JDBC, User Authentication, Product Management, Admin Panel, Payment Processing, Scalability, Rental Process.",,
0,Xiaoyang Mao,Research on the Influencing Factors of Rental House Prices,2024,"Transactions on Economics, Business and Management Research",Warwick Evans Publishing,https://doi.org/10.62051/cs0pd728,,7,2026-05-27 21:00:15,journal-article,10.62051/cs0pd728,2960-2254,,10,,146,151,0,0.00,0,1,2,"Since the 1990s, China's real estate market has gradually recovered, and has developed into a large and mature trading market today, as the housing price increase, the demand of housing rental also increases a lot. Based on this this article aims to identify the factors that have an impact on rental price. The method of multi-linear regression is used to analyze the factors with over 10,000 samples in Guangzhou from May 2020 to June 2020 from the website of LianJia, one of the biggest real estate agencies in China. The dataset contains 10 variables in total, this research uses VIF, Pearson correlation coefficient to narrow the variables down to District, Rent Type, Area, Elevator Flag and Buld Floor these five variables and considered that they have a significant linear relationship with rental price. By focusing on these variables this study provides a view of the relationship of demand and supply of China’s renting market.",http://wepub.org/index.php/TEBMR/article/download/3071/3355,
0,"Santhosh Kumar, Sath ish, Kaar thika",House Rental Application: A MERN Stack-Based Solution for Efficient Property Listings and Management,2024,DS Journal of Digital Science and Technology,Dream Science,https://doi.org/10.59232/dst-v3i4p105,,15,2026-05-27 21:00:15,journal-article,10.59232/dst-v3i4p105,2583-5416,,3,4,41,48,0,0.00,0,3,2,,https://www.dsjournals.com/uploads/DST/volume-3/issue-4/DST-V3I4P105.pdf,
0,"Amina S, Harikrishnan S R",Auto Generated Agreement Based House Rental System,2024,"International Journal of Advanced Research in Science, Communication and Technology",Naksh Solutions,https://doi.org/10.48175/ijarsct-19335,,36,2026-05-27 21:00:15,journal-article,10.48175/ijarsct-19335,2581-9429,,,,250,257,0,0.00,0,2,2,"The housing rental market faces several challenges, including numerous landlords, arbitrary charges, and false rental information, making it difficult for the government to monitor and regulate the rental situation effectively. To address these issues, this project proposes the creation of a housing leasing alliance chain using blockchain technology based on encryption algorithms. In this system, landlords and tenants sign lease agreements through smart contracts, which establish the lease relationship, automate the regular payment and collection of rent, and return rental rights when due. The alliance chain network incorporates certification department nodes and record management nodes to verify the authenticity of property listings and personal identity information, back up lease contract information, register housing rental situations, and ensure safe leasing practices. This method eliminates the need for intermediaries, reduces costs, and provides clear housing rental information, benefiting government market supervision. The client application system is designed for the public rental market. Landlords can register, log in, and post available rental information, while tenants can search for matching housing resources based on their needs and send requests to the alliance chain network once they have expressed interest. The alliance chain network is responsible for recording transaction information, authenticating property listings and personal identity information, and maintaining on-chain records of leasing situations. The blockchain repository is tamper-proof and traceable, aiding in the resolution of disputes related to housing leases, such as accommodation issues and lease priorities. The Home Rental System is particularly advantageous for property owners as it saves time by only connecting them with eligible tenants, eliminating the need for verbal explanations of room details. It is best suited for urban areas, allowing customers to easily search for suitable properties based on their budget and occupancy limits.",,
0,"Filiz Şenyüzlüler, Adil Baykasoglu",Development of web based data-driven recommendation system for house rental via hierarchical fuzzy axiomatic design,2024,Kybernetes,Emerald,https://doi.org/10.1108/k-08-2024-2211,,48,2026-05-27 21:00:15,journal-article,10.1108/k-08-2024-2211,0368-492X,,55,2,1156,1182,0,0.00,0,2,2,"Purpose: In the real estate business, identifying the ideal property for a user poses a difficult task due to the many factors involved in the decision-making process. Moreover, users often struggle to find platforms that facilitate effective communication of their preferences. To tackle this issue, a web-based data-driven recommendation system has been devised for the real estate business. Design/methodology/approach: The process of identifying the most suitable rental property for a user hinges greatly on how the user prioritizes each criterion and the analysis of unstructured data. In this research, a novel recommendation system for house rentals is developed by utilizing the Weighted Hierarchical Fuzzy Axiomatic Design (WFAD) approach. Techniques for extracting pertinent information from unstructured house descriptions are employed. The user’s preferences are captured through an interactive web application equipped with a map feature to highlight key locations. Findings: Data on various available rental properties are gathered using web scraping techniques. The efficacy of the proposed rental house recommendation system is demonstrated through multiple case studies. It is observed that the developed system provides more informed and reliable decisions. Originality/value: First time in the related literature, we applied the weighted fuzzy axiomatic design procedure (WFAD) to the product recommendation problem and developed a comprehensive web-based system for recommending rental houses based on it in the real estate business.",https://www.emerald.com/k/article-pdf/55/2/1156/11202173/k-08-2024-2211en.pdf,
0,"Mohammad Shohel Rana, Saleh Ibne Omar, Md. Fahim Muntashir Pranta","House Rental Finding System Using Laravel, Vue.Js, And PHP Machine Learning Library",2024,IOSR Journal of Computer Engineering,International Organization of Scientific Research,https://doi.org/10.9790/0661-2605010812,,65,2026-05-27 21:00:15,journal-article,10.9790/0661-2605010812,2278-0661,,26,5,8,12,0,0.00,0,3,2,"The use of technology in all parts of our lives has greatly increased in recent years, nowadays, people tend to search for everything online before they make decisions. However, looking for rental houses online is not common in Bangladesh, it is not because people do not want to, but because there are not many online platforms focusing on residential rentals. For the mentioned reason we developed a house rental finding web application using Laravel, Vue.js, and PHP-ML library. Laravel handles the backend whereas Vue.js manages the frontend, we utilized PHP Machine Learning Library’s Linear Regression and K-Nearest Neighbours (KNN) algorithm to build a machine learning model for the search system. The goal is to make it easier to find rental properties. Our system gives personalized suggestions based on user inputs, like location, rental price, property size, and the number of rooms and bathrooms. Our application aims to make searching for rental houses a better experience and more efficient",,
0,"Roja' Putri Cintani, Shafa Aurelia Putri, Desti Fitriati",Application of Data Mining Using Methods K-Means Clustering for Clustering Baby Goods Rental Patterns (Case Study: Baby Kha House Store),2024,Jurnal Riset Informatika,Kresnamedia Publisher,https://doi.org/10.34288/jri.v6i2.265,,140,2026-05-27 21:00:15,journal-article,10.34288/jri.v6i2.265,2656-1735,,6,2,85,94,0,0.00,0,3,2,"A baby item rental business is a practical option for parents who want to fulfill their baby's needs without buying them. Babykhahouse is one of the stores that offer rental services for various kinds of mother, baby, and child equipment. As the volume of data related to rental transactions increases, it is also increasingly difficult to know and understand the rental patterns found at the Babykhahouse store. This research aims to get a rental pattern that can later be a consideration for the store in determining promos and adding stock items. In handling these problems, data mining methods, especially clustering, are applied to group data and classify it based on certain groups. The clustering method used in this research is K-Means Clustering, which generates clusters to find similar rental patterns. In this study, 2 (two) types of clusters were formed, where, based on the 2 (two) clusters, it will be known which products have high and low rental rates. Based on the research, the results are 100 data in cluster 0, or the unsold cluster, and 64 in cluster 1, or the sold cluster. Products included in cluster 1 or in-demand clusters are products with a high level of sales.",https://ejournal.kresnamediapublisher.com/index.php/jri/article/download/265/273,
0,"Stephen Ugwuejim, Patience Iruobe, Jonathan Rimamsichi",Economy Contractions and the Rental Housing Affordability Situation in the Lagos Property Market: A Short-Term Outlook,2024,,MDPI AG,https://doi.org/10.20944/preprints202409.0804.v1,,185,2026-05-27 21:00:15,posted-content,10.20944/preprints202409.0804.v1,,,,,,,0,0.00,0,3,2,"With real estate cycles being a subset of business cycles, contraction stages are often perceived as short-term, after which a revival of the property market sets in. The worsening Nigerian economy has further complicated the issues of housing supply and affordability in economic nerves like Lagos. This study examined the fundamental and associated factors contributing to rental housing affordability issues between 2019-2023 in Lagos. This article is produced with the intention of providing a market data update on rental housing price movements for both the mainland and island zones of Lagos, as well as comparing their affordability convenience for income-earners or households based on the rent-income ratio. The study adopted a mixed research design and various data sources were consulted in analyzing the fundamentals, rent and affordability trends. The study discovered that affordability convenience ratios for the various income bands had deteriorated further between 2019 and 2023 in Lagos mainland (8%) and island (9%). 67% and 80% of income earners are paying above the optimal 30% of their personal or household income in meeting their rental demand in Lagos mainland and island respectively. The paper suggested the application of fundamental, institutional and environmental strategies to combating the current phenomenon.",,
0,"Arvind Nair -, Aryan Sadvelkar -, Sarvesh Damle -, Neha Kudu -",Revolutionizing Student Accommodation: A MERN-Based Rental System For Seamless Property Management,2024,International Journal For Multidisciplinary Research,International Journal for Multidisciplinary Research (IJFMR),https://doi.org/10.36948/ijfmr.2024.v06i03.19547,,241,2026-05-27 21:00:15,journal-article,10.36948/ijfmr.2024.v06i03.19547,2582-2160,,6,3,,,0,0.00,0,4,2,"This web application facilitates the registration of individual homes or apartments to streamline the process of finding ideal rental properties. Users can conveniently search for their next rental in targeted areas through a user-friendly interface. The platform is designed to cater to diverse real estate needs in India, including property buying, selling, and leasing. It serves as a valuable tool for investment by maintaining a comprehensive database of various properties and agent information. Not only does it assist users in accessing updated property information globally, but it also enables agents to manage and update their listings. The platform alleviates the complexities associated with traditional property search methods by offering a simplified online form, minimizing the need for individual agent communication, appointment scheduling, and time coordination",https://www.ijfmr.com/papers/2024/3/19547.pdf,
0,Priti Ray,Analysis of PG/Flat Rental Website Developed Using PHP/Xampp with Existing PG/Flat Business/Rental Websites,2024,Journal of Electrical Systems,Science Research Society,https://doi.org/10.52783/jes.3970,,302,2026-05-27 21:00:15,journal-article,10.52783/jes.3970,1112-5209,,20,7,2341,2348,0,0.00,0,1,2,"This research paper is like a guide on how to build a website to help people find flats or apartments to rent in big cities.  The paper talks about different tools and methods for website creation. It focuses on a tool called Xampp, which helps you set up a website on your own computer.  The paper explains the concept of a website's life cycle, which basically means the different stages a website goes through from planning to launch and updates.  It also talks about frameworks, which are like pre-made building blocks that can help you develop websites faster. The website this paper discusses is specifically designed to help people find apartments or flats to rent in big cities. The paper dives into a specific technology called PHP, which is like a special coding language used to build websites. It also explains how Xampp helps with using PHP for this website.",https://journal.esrgroups.org/jes/article/download/3970/3064,
0,Н.О. БЕРЕЗОВСКАЯ,DEVELOPMENT OF A TECHNOLOGICAL PLATFORM FOR THE MANAGEMENT OF SHORT-TERM RENTAL REAL ESTATE,2024,Экономика и предпринимательство,INTERECONOM Publishing,https://doi.org/10.34925/eip.2024.168.7.209,,382,2026-05-27 21:00:15,journal-article,10.34925/eip.2024.168.7.209,1999-2300,,,7,1049,1054,0,0.00,0,1,2,"В этой статье исследуется влияние цифровых технологий на управление недвижимостью, сдаваемой в краткосрочную аренду, с особым акцентом на новую технологическую платформу, разработанную для решения конкретных проблем сектора. Целью исследования является анализ интеграции и эффективности существующих цифровых инструментов, а также подробное описание процесса разработки, функциональности и преимуществ собственной платформы автора, предназначенной для оптимизации управления краткосрочной арендой. Благодаря подробному обзору текущих технологических решений и эмпирическому исследованию новой платформы, исследование подчеркивает ее способность оптимизировать операции, улучшать финансовую отчетность и улучшать интеграцию с системами онлайн-турагентств (OTA) и управления взаимоотношениями с клиентами (CRM). Ключевые результаты демонстрируют значительное повышение операционной эффективности платформы и точности отчетности для инвесторов, сокращение человеческих ошибок и времени, затрачиваемого на решение административных задач. В статье делается вывод, что эта инновационная платформа не только отвечает растущим потребностям рынка краткосрочной аренды, но и устанавливает новый стандарт технологических достижений в управлении недвижимостью.",,
0,"Abetranda Saputra Defa Saputra, Moh Muhtarom, Afu Ichsan Pradana",Pengembangan Sistem Informasi Rental Dan Travel Berbasis Web Menggunakan Metode Prototype Pada Rental Sinorowedi,2024,JEKIN - Jurnal Teknik Informatika,Yayasan Rahmatan Fiddunya Wal Akhirah,https://doi.org/10.58794/jekin.v4i3.869,,387,2026-05-27 21:00:15,journal-article,10.58794/jekin.v4i3.869,2809-1353,,4,3,610,624,0,0.00,0,3,2,"Rental Sinorowedi merupakan bisnis yang bergerak dibidang transportasi dengan layanan jasa. Dalam operasionalnya, Rental Sinorowedi mengalami beberapa kendala yang dihadapi. Masalah tersebut berupa pengecekan ketersediaan kendaraan masih manual dengan pelanggan konfirmasi melalui whatsapp, pembuatan laporan administrasi dan pembayarannya pun masih bersifat manual dengan di catat dalam buku setiap bulannya, Proses pencarian data membutuhkan waktu yang lama. Pengembangan sistem informasi rental pada Rental Sinorowedi ini bertujuan untuk membuat pengembangan sistem yang dapat mengatasi permasalahan tersebut, dengan beberapa fitur yang dibutuhkan yaitu kelola data kendaraan, kelola data customer, laporan peminjaman, integrasi data antar pengguna secara real time. Pengembangan sistem menggunakan metode waterfall dan analisa kelemahan sistem menggunakan metode PIECES. Metode perancangan menggunakan UML (Unifield Modeling Language) dengan use case diagram, activity diagram dan class diagram. Pengembangan sistem ini akan dapat membantu dalam pengelolaan rental pada Rental Sinorowedi.",https://rumahjurnal.or.id/index.php/JEKIN/article/download/869/472,
0,"Suryanto Suryanto, Rhian Indradewa, Edi Hamdi, Ketut Sunaryanto",Risk Management Strategy Implementation for Business Plan at Material Handling Rental Services Startup LogisMe,2024,Jurnal Ekonomi Manajemen Sistem Informasi,Yayasan Dharma Indonesia Tercinta (Dinasti),https://doi.org/10.38035/jemsi.v6i1.2941,,469,2026-05-27 21:00:15,journal-article,10.38035/jemsi.v6i1.2941,2686-5238,,6,1,341,349,0,0.00,0,4,2,"PT. LogisMe Berkat Bersama (LBB) is a Limited Liability Company (PT) engaged in the business of providing Business-to-Business (B2B) warehousing and logistics solutions. LogisMe has the tagline ""One Stop Logistics Solutions"" with end-to-end solution coverage starting from the provision of warehousing and logistics operational equipment such as forklifts, material handling and cleaning equipment, provision of spare parts and technicians in order to meet the maintenance needs of these operational equipment, warehouse racking design, warehouse and logistics operational consultant services to the provision of a digital platform for monitoring units rented by customers in real-time. This document outlines the implementation of a risk management strategy for the business plan of LogisMe, a Material Handling Rental Services startup company. The framework adopted is based on the ISO 31000:2018 standard and focuses on integrating risk manage.  the report is returned to the risk mitigation supervisor to be checked that it has met the requirements and stored in the company's cloud repository, disseminated to all employees and company stakeholders. Monitoring is carried out to understand and prevent risks that occur as a strategy to gain a competitive advantage for the company.",https://dinastirev.org/JEMSI/article/download/2941/1710,
0,"Amirah Nur Sabrina, Hella Rizwa Nabila",Annuity in Advance for Rental Properties: Profit and Risk Analysis for Owners of Student Rental Homes Near Campus,2024,International Journal of Quantitative Research and Modeling,Research Collaboration Community (RCC),https://doi.org/10.46336/ijqrm.v5i4.830,,514,2026-05-27 21:00:15,journal-article,10.46336/ijqrm.v5i4.830,2721-477X,,5,4,432,440,0,0.00,0,2,2,"Nowadays, the rental homes business in the area around the campus offers significant profits for its owners, this is due to the large number of students who migrate so they choose to live in rental homess, but on the other hand this can also cause various risks, including fluctuations. Maintenance costs and high occupancy rates. This can make rental homes owners' income unpredictable and make it difficult to create long-term financial goals. Using an upfront annuity model, where the owner receives rental payments at the start of the period, is one way to lower this risk. rental homes owners can guarantee more consistent cash flow and make more accurate income predictions by applying this concept. The aim of this research is to examine how the application of the advance annuity model affects the income and risks of rental homes owners. This study will assess how advance annuities contribute to income stability and reduce the uncertainty that often occurs in rental homes operations by using comprehensive financial techniques. Apart from that, this analysis will also consider various external factors that can influence occupancy levels, such as campus policies and economic conditions. It is hoped that the findings from this research will provide useful insights for rental homes owners in maximizing profits while managing risks more effectively, so that they can adapt to ever-changing market dynamics. Therefore, this strategy can be a smart alternative for rental homes owners in optimizing their business performance around campus.",https://journal.rescollacomm.com/index.php/ijqrm/article/viewFile/830/647,
0,"Kadek Risna Puspita Giri, Ni Kadek Yuni Utami, Ni Made Sri Wahyuni Trisna, Bethovent Molo",Pendekatan Modular Pada Interior Rental Office Di Denpasar,2024,DIVAGATRA - Jurnal Penelitian Mahasiswa Desain,Universitas Komputer Indonesia,https://doi.org/10.34010/divagatra.v4i2.14272,,598,2026-05-27 21:00:15,journal-article,10.34010/divagatra.v4i2.14272,2776-656X,,4,2,251,265,0,0.00,0,4,2,"As development progresses, urban land is becoming increasingly scarce. From these problems, land prices in areas that are considered strategic have increased. One of them is Denpasar City, which is experiencing an increase in population due to urbanization and an increase in the economic sector, resulting in high occupancy demand for office facilities, but cannot be fulfilled due to several factors and the concept of the available offices is still conventional. Meanwhile, office activities today tend to be dynamic and do not require extensive office facilities. Through the design of Rental Office in Denpasar with a modular concept, flexible office needs can be met. The application of the space module system will facilitate the optimization of space that can be adjusted according to the activity needs of users, and is equipped with shared facilities. The method used is the programmatic method, which determines a theme and concept from the existing problems and how to solve the problem itself, resulting in the theme and concept of industrial-modular. The expected result with the presence of this design is that it can help entrepreneurs who want to have an office with affordable rent. For a greater impact, it is expected to trigger a trend of entrepreneurship for the younger generation so that it affects the increase in the people's economy.",https://ojs.unikom.ac.id/index.php/divagatra/article/download/14272/4868,
0,"Ni Made Dara Gina Pratiwi, Ni Kadek Vanya Juliuntari, Putu Windi Agustin, Sindy Aprilia","Prototyping Approach for User Interface Optimization of ""Gowes"" Bicycle Rental Mobile Application",2024,TECHNOVATE: Journal of Information Technology and Strategic Innovation Management,Global Researcher Network,https://doi.org/10.52432/technovate.1.3.2024.127-140,,653,2026-05-27 21:00:15,journal-article,10.52432/technovate.1.3.2024.127-140,3047-2466,,1,3,127,140,0,0.00,0,4,2,"Bali, as one of the world's leading tourist destinations, offers various tourist activities including cycling along the beach. To support these activities, an efficient and user-friendly bicycle rental system is needed. In this research, we developed and optimized the user interface (UI) of the ""Gowes"" bicycle rental mobile application using a prototyping method approach. The prototyping method was chosen because of its ability to create an initial model of the interface which is then tested and refined based on user feedback. The stages in this approach include requirements gathering, initial prototyping, user evaluation and testing, prototype refinement, and final implementation. By involving users in each iteration, developers can ensure that the resulting interface truly matches their needs and preferences. The results show that this approach not only increases user convenience and satisfaction but also reduces the risk of project failure. The implementation of the system using Level 0 Data Flow Diagram (DFD) provides an overview of the data flow and main processes in the application, ensuring that all features and functions run as planned. The ""Gowes"" application is expected to improve tourists' experience in renting bicycles and enjoying the beauty of Bali.",https://www.globalresearcher.net/index.php/technovate/article/download/44/35,
0,,Boarding House Decision Support System with Simple Additive Weighting,2024,Journal of System and Management Sciences,Hong Kong Success Culture Press,https://doi.org/10.33168/jsms.2024.0206,,788,2026-05-27 21:00:15,journal-article,10.33168/jsms.2024.0206,1816-6075,,14,2,,,0,0.00,0,0,2,,,
0,Shradha Neware,NestMate: Simplifying Relocation with a Student-Friendly Rental System,2024,Gurukul International Multidisciplinary Research Journal,Continuing Professional Development Events New Mumbai,https://doi.org/10.69758/gimrj2406i8v12p106,,952,2026-05-27 21:00:15,journal-article,10.69758/gimrj2406i8v12p106,2394-8426,,,,,,0,0.00,0,1,2,"Abstract – Relocating to a new city can be a challenging task, particularly when it comes to finding suitable accommodation. NestMate: Simplifying Relocation with a Student-Friendly Rental System is a web-based platform designed to assist employees and students during this transition by providing an intuitive interface for locating housing that fits their needs. Homeowners can register their properties on the platform and specify facilities, rules, and regulations, making it easier for users to find accommodation that matches their preferences. One of the main features of NestMate: Simplifying Relocation with a Student-Friendly Rental System is its ability to streamline the housing search process, thus reducing the stress and uncertainty of relocating to unfamiliar environments. By offering a centralized platform for property listings, NestMate: Simplifying Relocation with a Student-Friendly Rental System simplifies the housing search process and enhances the overall user experience. Additionally, NestMate: Simplifying Relocation with a Student-Friendly Rental System provides a variety of tools and resources to help users make well-informed decisions about their accommodation. This includes comprehensive property listings, photos, and virtual tours, as well as information about local amenities and neighborhood characteristics. Furthermore, the platform enables users to communicate directly with homeowners, facilitating the booking process and ensuring a seamless transition to their new location. KEYWORDS Node.js, Tailwind CSS, JavaScript, Rental Accommodation, Mess Facilities, Web-Based Platform.",,
3,"Kenechi Peter Ifeanacho, Idu Robert Egbenta",Application of income capitalization approach for emerging rental income cash flow in Enugu metropolis property market,2023,Property Management,Emerald,https://doi.org/10.1108/pm-05-2022-0037,,485,2026-05-27 21:00:15,journal-article,10.1108/pm-05-2022-0037,0263-7472,,41,3,454,471,3,1.00,2,2,3,Purpose: The purpose of this research is to ascertain the extent to which the income capitalization approach reflects the pattern of emerging rental income in Enugu property market. Design/methodology/approach: The survey research design was used in this study. Data from the field was gathered through a data collection pro forma administered to 40 valuers in Enugu metropolis in the manner of conducting interviews. This study used key valuation details of 54 sampled income generating properties valued by the respondent valuers between 2015 and 2022 using the income capitalization approach. The same sampled properties were then revalued by the researchers using annuity due assumption/formulas of the income capitalization approach. Descriptive and inferential statistics were used to analyze the data. Findings: The study revealed that the income capitalization approach used by most valuers in Enugu does not reflect the property rental income pattern prevailing in Enugu property market where rents are paid in advance. The study further shows that the application of the income capitalization approach for valuation of annually in-advance property rental income cash flow results in a higher capital value of 3.49% in Enugu property market. Research limitations/implications: The limitations to this study are that past valuation done by valuers were used in the analysis instead of actual property sales and a relatively small number of sampled valuers and properties are used in the study The implication of the study is that ordinary annuity assumptions or formulas is inaccurate and not suitable for valuation of income generating property in an emerging market like Nigerian where timing of cash flow is annually in advance. Based on the result of this study it seems that ordinary annuity approach negate the principle of estimating value using income capitalization method by converting future cash flow from income generating property into an estimate of property value. Practical implications: The study advocates the adoption of the use of annuity due formulas in the valuation of income generating properties in Nigeria as its practice standard to avoid undervaluation as this assumption is logical and provides more accurate value due to prevailing lease structure and rent payments patterns in the country. The implication of the study is that the use of ordinary annuity assumptions or formulas is inaccurate and not suitable for the valuation of income generating property in an emerging market like Nigerian where timing of cash flow is annually in advance. Originality/value: This is one of the very few empirical studies carried out in Nigeria to ascertain the extent to which the income capitalization approach used by valuers reflects the rental income pattern that prevails in the Nigeria property market.,https://www.emerald.com/insight/content/doi/10.1108/PM-05-2022-0037/full/html,
2,Ze Li,Boston House Price Prediction Based on Machine Leaning Methods,2023,BCP Business &amp; Management,Boya Century Publishing,https://doi.org/10.54691/bcpbm.v38i.4204,,667,2026-05-27 21:00:15,journal-article,10.54691/bcpbm.v38i.4204,2692-6156,,38,,2883,2887,2,0.67,2,1,3,"A significant part of the U.S. economy is real estate and the housing industry. The level of housing prices influences the market's total price level to some extent. Data from Kaggle website is evaluated by using linear regression, random forest regressor and SVM regressor. There are 505 samples and the relationships between aim price with 13 different features. In terms of accuracy of the prediction, the method random forest is best method to predict house price. However, better model like XGboost could be chosen to improve prediction results.",https://bcpublication.org/index.php/BM/article/download/4204/4095,
1,Rohit Rastogi,Examining Rental House Data With MRL Analysis,2023,"International Journal of Cyber Behavior, Psychology and Learning",IGI Global,https://doi.org/10.4018/ijcbpl.333474,,118,2026-05-27 21:00:15,journal-article,10.4018/ijcbpl.333474,2155-7136,,13,1,1,24,1,0.33,1,1,3,"<p>In today's scenario, we all are surrounded with technologies. As the world is shifting towards technology with great pace, and technology is also showing its efficiency and strength, we must appreciate its power. Now the world is shifting towards digitalization. So, it's also important to think that ideas should lie towards e-business to get full advantage of the system. The housing sector is one of the important fields which must get the support of the technological domains to overcome many challenges. So, there is a requirement to bring a system that can direct the work of renter and customer easier. To bring this idea into the real world, the author's team has come up with the idea of a rental house portal system. This portal is a web application which acts as an e-platform to search flats, apartments, property, etc., with scientific analysis-based data. In this system, the owner provides the details of flats with its features and using ML (machine learning) technology, the price of flat is calculated and the customer can check the availability of flat according to his/her requirement and to provide benefits to both parties. As the details of the flat are available on site, there is no need to explain the features of the house to the owner. Customers also have the benefits of searching for the desired house in less time and at a very reasonable price. Therefore, the rental house system is a very nice step towards the finding of flats online. The present manuscript has new thoughts of prediction of house rent price according to the features provided using statistical techniques and has come as one of the best platforms to search the property at a reasonable price.</p>",https://www.igi-global.com/viewtitle.aspx?TitleId=333474,
1,"Nizam Haqqizar, Tri Wahyu Widyaningsih, Meta Amalya Dewi",Agile Scrum Model for Development of e-Customer Relationship Management to Support Warehouse Rental Services,2023,Jurnal SISKOM-KB (Sistem Komputer dan Kecerdasan Buatan),Tanri Abeng University,https://doi.org/10.47970/siskom-kb.v6i2.374,,617,2026-05-27 21:00:15,journal-article,10.47970/siskom-kb.v6i2.374,2621-2927,,6,2,118,124,1,0.33,0,3,3,"Abstract— Penggunaan Customer Relationship Management (CRM) sebagai strategi peningkatan layanan, khususnya bagi perusahaan logistik yang berorien-tasi pada pelanggan untuk memberikan kemudahan kepada tim penjualan dalam mengelola data klien dan aktivitas tim penjualan, karena saat ini tidak ada catatan detail klien dan aktivitas penjualan tim, ditambah in-formasi sarana dan prasarana unit yang terbatas sehingga menyulitkan tim penjualan dalam menawarkan produk. Makalah ini disajikan sebagai analisis kebutuhan pengembangan CRM berbasis web dengan menggunakan pendekatan Scrum. Scum dipilih karena mudah beradap-tasi dengan perubahan. Pembangunan aplikasi ini menggunakan bahasa pemrograman PHP, framework YII 1.1, JavaScript, HTML, CSS, dan MySQL sebagai database, template bootstrap digunakan untuk memper-cantik tampilan. Hasil perancangan ZEUS CRM ini dapat memberikan layanan sewa gudang yang mudah kepada klien.",https://jurnal.tau.ac.id/index.php/siskom-kb/article/download/374/298,
0,"Farhan Ibnu Al Hanif, Romi Bhakti Hartarto, Ibnu Hajar",The Effect of Campus Existence on Boarding House Rental Prices: A Case Study of Universitas Muhammadiyah Yogyakarta,2023,Journal of Economics Research and Social Sciences,Universitas Muhammadiyah Yogyakarta,https://doi.org/10.18196/jerss.v7i2.19225,,119,2026-05-27 21:00:15,journal-article,10.18196/jerss.v7i2.19225,2723-5327,,7,2,231,239,0,0.00,0,3,3,"The establishment of the Universitas Muhammadiyah Yogyakarta (UMY) campus has acted as a catalyst for economic expansion in the local neighborhoods, particularly evident in the real estate sector, characterized by the proliferation of boarding houses. This study endeavors to comprehensively examine the impact of the presence of Universitas Muhammadiyah Yogyakarta on the rental rates of boarding houses. The research's primary objective is to make a valuable contribution to the domain of property economics, utilizing secondary data derived from online platforms specializing in boarding house listings, notably Mamikos. A dataset encompassing 200 entries was gathered from the Mamikos website, encompassing variables such as boarding house rental fees, the proximity of the boarding houses to UMY, room dimensions, available facilities, and the categorization of boarding houses based on gender. The analysis of the dataset employs a multiple regression model, applying the Ordinary Least Square (OLS) technique. The findings derived from this study underscore several significant observations. Notably, the distance between the boarding house and the UMY campus displays a significant and, negative correlation with boarding house prices. This indicates that the rental rates of boarding houses tend to be higher the closer they are situated to the UMY campus. Conversely, factors such as room size and provided facilities exhibit a positive and considerable influence on the boarding house rental rates. Additionally, the study ascertains that gender-based differentiation does not lead to a significant variance in the rental charges between male and female boarding houses. In summary, this research effectively elucidates the intricate relationship between the proximity to UMY, room dimensions, facilities, and the rental pricing of boarding houses, thereby contributing valuable insights to the realm of property economics.",https://journal.umy.ac.id/index.php/jerss/article/viewFile/19225/8554,
0,"Nur Cahyono, Suprianto Suprianto",Designing a Web-Based Outdoor Equipment Rental Information System Using the Waterfall Method at InOutdoors Rental Sidoarjo,2023,,Universitas Muhammadiyah Sidoarjo,https://doi.org/10.21070/ups.3402,,141,2026-05-27 21:00:15,posted-content,10.21070/ups.3402,,,,,,,0,0.00,0,2,3,,,
0,William Wicaksana,Application of Marketing Mix in Rental Company (Case Study of Pt. Asialog),2023,International Journal of Current Science Research and Review,Everant Journals,https://doi.org/10.47191/ijcsrr/v6-i7-95,,147,2026-05-27 21:00:15,journal-article,10.47191/ijcsrr/v6-i7-95,2581-8341,,6,7,,,0,0.00,0,1,3,"Since the change into new century, United nations has promoting several urgent matters for improving humanity as whole. One of the point is the severance of climate change, in which affecting all daily activities including business. The matter has force government to enforce more strict regulation for reducing the cause of climate change, one of the main cause is the reducing of planet earth’s green area. Therefore, it affecting all business operation of forest company. In addition, the matter becoming much worst due to massive illegal logging and other acts of reducing forest without responsibilities to mend the damage. The affected companies including PT. ASIALOG are experiencing in lower revenue, this circumstance push the company to finding alternative business opportunity. It author goal to formulating marketing strategy with finding strong alternative product for the company. nevertheless, there are several critical points to address, the company declare specific request for the alternative business limited to current company’s area of operation. Second, the alternative business should based on company’s tugboat and barge assets. In this research, the method author used is qualitative research through structured interviews with various stakeholders in the industry and framework used is marketing mix 7Ps with preliminary framework of STP (Segmentation, Targeting, and Positioning). The main point is compare target market of current PT. ASIALOG with alternative business of tugboat and barge using Porter’s five forces template. Following the study, author find alternative business of tugboat and barge for PT ASIALOG is competitive sound and profitable in long term. Based on Porter’s five forces analysis, aspects with high threat level of current business is 21 compare to alternative business of tugboat and barge with 5 aspects. Following the target market analysis, author purposing brand positioning using brand concept image management. The brand image divide into two aspects of functional and symbolic to formulating marketing strategy using marketing mix 7Ps. Overall, author conclude that the alternative business for PT. ASIALOG is competitive and profitable in long term.",,
0,"Avegail L Monteverde, Joshua James S Maderazo, Keyleen Christine M Cruz, NIcko A Magnaye",Web-Based Rental House Smart Finder using Rapid Application Development basis for Evaluation of ISO 205010,2023,International Journal of Metaverse,E-palli,https://doi.org/10.54536/ijm.v1i1.1464,,155,2026-05-27 21:00:15,journal-article,10.54536/ijm.v1i1.1464,2837-2417,,1,1,1,4,0,0.00,0,4,3,"Businesses including the promotion of rental properties, utilized the advantage of using technologies to attract more clients. Most of them use a website to easily advertised their properties online. Hence, there were lots of existing system developed to find hotels and apartments online, without considering other affordable rental houses, such as boarding houses and bed spacers. Aside from that, people in Bansud and Bongabong Oriental Mindoro, can’t easily find a rental house with the reason of lack of details regarding the location of each rental house and couldn’t find an affordable rental house immediately. From that, A Web-Based Rental House Smart Finder using Rapid Application Development basis for Evaluation of ISO 205010 was developed to assist the clients in finding affordable variations of rental houses such as boarding house, dormitories, hotels and others. The system can also provide necessary information of specific rental house properties and even gave an alternative option by providing near rental property listings using kilometer distance. The system can also accept reservation request from the clients. On the other hand, the Rapid Application Development was used in building the project for quick continuous development and testing during the project’s software development lifecycle. The RAD strategy allows to investigate a working model as in front of schedule as could be normal considering the present situation if the frameworks meet the necessities required, and propose imperative changes. The ISO/IEC 25010 software quality standards were applied in the evaluation to determine the functional suitability, performance efficiency, usability, reliability, security, maintainability and portability of the system. The overall mean of the ISO/IEC 25010 evaluation result was 3.67, which was regarded as very effective, indicating that the evaluators were satisfied by giving positive feedback. Some of the evaluators suggested to have a mobile application for accessibility.",https://journals.e-palli.com/home/index.php/ijm/article/download/1464/624,
0,"Omkar Sheshraoji Kosare, Minal Vinod Sawarkar, Ketaki Dattaraj Sewatkar, Pratik Ladekar",Rental Property Management System,2023,"International Journal of Advanced Research in Science, Communication and Technology",Naksh Solutions,https://doi.org/10.48175/ijarsct-9298,,266,2026-05-27 21:00:15,journal-article,10.48175/ijarsct-9298,2581-9429,,,,273,275,0,0.00,0,4,3,"This Web Application helps user to register individual home or apartment to assist you in finding the perfect rental home or property. Also we can find your next rental from search view in your targeted area. This website is designed to attend to all our needs from buying property, selling property or renting/leasing of property in India. Here we found the better opportunity to invest our value of entire life. Property helps us to maintain the database of various property & agents information. It not only helps us to maintain the agent information but here we also allow agents to access the portal updated information across the global environment. We know it is a tiring to call individual property agents, arrange appointment, finding better time for appointment and they will assist you. For such complex process we provide a one simple online form which requires your basic information and we will assist in sort time period.",,
0,"Romy, Yunieta A. Nainggolan",Revenue Acceleration by Temporary Rental Pump Option in Plato Platform: Case Study in PT. Prominent Petro,2023,European Journal of Business and Management Research,European Open Science Publishing,https://doi.org/10.24018/ejbmr.2023.8.3.1967,,380,2026-05-27 21:00:15,journal-article,10.24018/ejbmr.2023.8.3.1967,2507-1076,,8,3,136,146,0,0.00,0,2,3,"This article explores the financial analysis and risk assessment of a company called PT. Prominent Petro, which is considering accelerating production in one of its production facilities, Plato Platform, by installing a temporary rental pump while waiting for the completion of a new permanent pump installation. The financial analysis used Capital Budgeting Technique with Discounted Cash Flow method. The risk analysis was performed by using Sensitivity Analysis and Monte Carlo analysis covering two timeframe scenarios of permanent pump installation, On Time Scenario and Delay Scenario. In On-Time Scenario, the results of the analysis showed that the temporary rental pump option would provide higher financial returns to the company, with an estimated NPV of 6.998 million USD, 7.7% higher than the baseline (no rental) option. Sensitivity analysis revealed that the most significant factor affecting the company's financial return was the realization of gas production. Monte Carlo analysis demonstrated that both Rental and No Rental investment proposals were low-risk and robust, with the rental option having higher risk and return. In Delay Scenario, without temporary rental pump, project financial return will decrease from 6.496 million USD to 5.907 million USD, with the discounted payback period delayed from 1.17 years to 1.80 years. However, the utilization of temporary rental pump option either for six- or twelve-months duration will improve the financial return to 6.4 million USD, similar with financial return of baseline option without delay. Furthermore, a decision tree analysis was developed to estimate the expected monetary value for the company. The analysis concluded that the rental pump option provided a better financial return, with an expected monetary value of $6.484 Million. Overall, the findings suggest that the temporary rental pump option give better financial result for the company.",https://www.ejbmr.org/index.php/ejbmr/article/download/1967/1145,
0,"Calvin John Placio, Albert Paytaren",Click Boat: Boat Repair and Rental Management System,2023,International Journal of Computing Sciences Research,STEP Academic Publisher,https://doi.org/10.25147/ijcsr.2017.001.1.116,,926,2026-05-27 21:00:15,journal-article,10.25147/ijcsr.2017.001.1.116,2546-0552,,7,,1544,1559,0,0.00,0,2,3,,,
42,Thomas Wainwright,Rental proptech platforms: Changing landlord and tenant power relations in the UK private rental sector?,2022,Environment and Planning A: Economy and Space,SAGE Publications,https://doi.org/10.1177/0308518x221126522,,565,2026-05-27 21:00:15,journal-article,10.1177/0308518x221126522,0308-518X,,55,2,339,358,42,10.50,42,1,4,"The structure of the UK's private rental sector (PRS) is being disrupted by a new series of rental proptech platforms (RPPs). These start-ups are adopting technologies including artificial intelligence and algorithms which draw upon ever broader datasets to automate and mediate the relationships between tenants and landlords. Only recently have researchers turned to examine new RPPs, which are challenging existing processes within the PRS, through their attempts to digitise all aspects of renting, from a tenant's initial search and application, to end-contract management. This paper seeks to provide two contributions: first, to uncover how platform entrepreneur views of ‘ideal’ tenants shape the algorithms and scripts that run within their start-ups, and how they shift to accommodate the demands of external venture capital funding. Second, it seeks to examine how landlords are falling under the gaze of technological surveillance and automated judgements, as well as tenants, to illustrate how fragmented and uneven data topologies create inequalities through automated ordering and judgements.",https://journals.sagepub.com/doi/pdf/10.1177/0308518X221126522,
2,"Mthobisi Nhlabathi, Freddy Marilahimbilu Mgiba, Neo Ligaraba","Social Media Marketing Attributes, Sandton’s Rental Market Brand Image, and the Millennials’ Rental Preference: An Empirical Study",2022,Real Estate Management and Valuation,Walter de Gruyter GmbH,https://doi.org/10.2478/remav-2022-0004,,76,2026-05-27 21:00:15,journal-article,10.2478/remav-2022-0004,2300-5289,,30,1,34,52,2,0.50,1,3,4,"Abstract: A good image of millennials’ residential rental space is an important issue. This image can be impacted by the available telecommunication technology. Social media marketing can, therefore, be an important marketing tool to achieve it. Many studies have shown that a good brand image positively impacts brand preference. This study quantitatively investigated the impact of social media attributes of trendiness, entertainment, customization, information, interaction on Sandton’s rental market’s brand image, and the relationship between this image and millennials’ rental preference. Data were collected from millennials who have lived, live or intend to live in Sandton. Structural equation modeling was employed for data analysis. The findings of the study are that entertainment, customization, and information positively impact Sandton’s image and that trendiness and interactions do not. Also, the image of Sandton’s rental market has a positive influence on the millennials’ preferences as to rental housing. The outcomes will find application for both academics and management practice as will be shown below.",https://reference-global.com/pdf/10.2478/remav-2022-0004,
1,"MTA Wickramasinghe, SHIDN De Silva, D Gunasekera",An Android Application to Manage House Rental and Maintenance in Sri Lanka,2022,International Journal of Research in Computing,General Sir John Kotelawala Defence University,https://doi.org/10.64701/ijrc/345/5771,,59,2026-05-27 21:00:15,journal-article,10.64701/ijrc/345/5771,2820-2147,,1,2,32,32,1,0.25,0,3,4,"ABSTRACT The impact of COVID-19 outbreak was felt across all real estate management. A slowdown in the house rental and maintenance management system can be anticipated, as a result of the lock-down and limitations in financing. There is a severe impact on handling the relationship between the house owners, tenants, and the handymen. Property management is a crucial component of being a landlord, but it is far from straightforward. An appropriate methodology was carried out by the researchers to identify all the problems regarding real state property management through quantitative and qualitative data gathering procedures such as semi-structured interviews, face-to-face interviews, questionnaires, and direct observation of the selected sample. After analyzing, the house owner must screen tenants, collect rental fees, handle complaints, and keep tenants satisfied, among other things. In this pandemic situation, tenants faced more difficulties s uch a s d ifficulty in fin ding a b et ter hou se, pay ing mon thly pay ments, paying utility bills, loss of connection with house owners, and finding the nearest h a ndymen. Handymen suffered a lot mainly because of the inability to find works. Researchers’ main aim is to give an appropriate solution for Sri Lankans. By examining the responses this investigation shows that a mobile application would be a better solution than implementing a web application. Iterative waterfall methodology was used for implementing this application. The researchers decided to develop this application using android studio and to enhance the effectiveness of the system by using 360 VR photography, Machine learning (ML)-based technologies, OTP/Fingerprint for User Verification and Geo location, and Geo-tagging. KEYWORDS: House Rental Maintenance Management, 360 VR Photography, Machine Learning",,
1,"Diego de Jaureguizar Cervera, Diana C. Pérez-Bustamante Yábar, Javier de Esteban Curiel",Factors affecting short-term rental first price: A revenue management model,2022,Frontiers in Psychology,Frontiers Media SA,https://doi.org/10.3389/fpsyg.2022.994910,,412,2026-05-27 21:00:15,journal-article,10.3389/fpsyg.2022.994910,1664-1078,,13,,,,1,0.25,0,3,4,"The aim of this paper is to conduct a revenue management study, generating a theoretical model that establishes the relationship between the factors of a Short-Term Rental apartment offered on the Airbnb marketplace or similar and its optimal rental price set when the property is first put on the market, considering not only the characteristics defined in the platform listing but also the sociodemographic characteristics of the area in which the apartment is located. The research process was structured in six phases as case study for the technology transfer model. First, research planning was conducted to estimate the time, cost, and suitability of the research topic. Second, the study design was determined to establish a technology transfer model focusing on the theory of mixed revenue management. Third, data collection about the city of Madrid was extracted from two technological databases, namely",https://www.frontiersin.org/articles/10.3389/fpsyg.2022.994910/full,
1,,ONLINE AUTOMOBILE RENTAL PLATFORM,2022,International Research Journal of Modernization in Engineering Technology and Science,International Research Journal of Modernization in Engineering Technology and Science,https://doi.org/10.56726/irjmets31028,,743,2026-05-27 21:00:15,journal-article,10.56726/irjmets31028,2582-5208,,,,,,1,0.25,0,0,4,,,
0,Stefunus Kristianto,Analysis and Rental of Boarding House Information System In Tangerang City,2022,bit-Tech,Komunitas Dosen Indonesia,https://doi.org/10.32877/bt.v5i1.529,,30,2026-05-27 21:00:15,journal-article,10.32877/bt.v5i1.529,2622-2728,,5,1,25,36,0,0.00,0,1,4,"For remote workers, overseas students, who have business outside the city, the need for a boarding house is very important to stay for a long time at an affordable cost. Looking for a boarding house can be done by asking friends, owners of nearby boarding houses or visiting adjacent areas from the area visited, so that the information obtained by kostan seekers is less efficient and effective, this results in a lack of information obtained and not fitting according to the ability of the pocket. The purpose of this system can provide data containing kostan information, which is packaged in detail, complete with the location of the boarding house and available facilities. In building this system using PHP and MySQL. Here using the waterfall methodology, this method of logging runs gradually through having to wait for the completion of the previous stage and walks down from the beginning of the development of the system starting from the planning to the final part of the system development is the maintenance stage. The result is a website that contains available boarding house information to make it easier for customers to choose the boarding house they want, and this website can make customers as boarding house owners can promote or add their boarding houses on this website, on this website can also make rental transactions which makes it easier for customers from outside the city to make transactions anywhere and anytime.",https://jurnal.kdi.or.id/index.php/bt/article/download/529/318,
0,,Analysis of Barriers in Using Rental Marketplace in Indonesia,2022,Asian Journal of Research in Business and Management,Asian Scholars Network,https://doi.org/10.55057/ajrbm.2022.4.3.34,,96,2026-05-27 21:00:15,journal-article,10.55057/ajrbm.2022.4.3.34,2682-8510,,,,,,0,0.00,0,0,4,"The purpose of this paper is to explore the status of scholarly research on the review and bibliometrics citation analysis works on an overall journal related to research that engages advertising and job creations in blockchain technology. To execute the bibliometric analysis, data is extracted from the web of science (WOS) database. Data are selected through an inclusion and exclusion process called the PRISMA method. The final selected data are then assessed using the VOSviewer software to create a bibliometrics descriptive and an analytical citation analysis. The scarce number of blockchain bibliometric research; and the unavailability of information to researchers on citations, co-authorship, and co-occurrences of keywords in relation to advertising and job-creations incorporating high technology blockchain has motivated this research. Through a descriptive analysis, the study found that 2,215 article with 33,649 citations related to advertising and job creation in blockchain technology; and through the networking analysis showed that the highest citation counts by Journal of business research with 823 citations, Frishammar, Johan; Parida, Vinit; Westerberg, Mats as author with 339 counts, the Politecn Milan institution with 389 counts, and the U.S.A as country with 1,423 counts. This study has its added value as the analysis provides a bird’s eye view of citations and networking linkages globally benefitting researchers. This study also benefits young researchers to engage in developing novel and ground breaking empirical research ideas in the field of advertising, job creations and blockchain technology.",,
0,"Muhammad Akram Hamzah, Nur Mustika, Mahmud Mustapa, Ummiati Rahmah",Application of Boarding House Rental Location Search System Based on Android,2022,Ceddi Journal of Information System and Technology (JST),Yayasan Cendekiawan Inovasi Digital Indonesia,https://doi.org/10.56134/jst.v1i2.23,,116,2026-05-27 21:00:15,journal-article,10.56134/jst.v1i2.23,2829-6575,,1,2,30,36,0,0.00,0,4,4,"Boarding houses have become a fairly important need for many people, especially for students studying outside the area who choose boarding houses as temporary housing, and students whose homes may be quite far from the campus where they study by renting boarding houses near their campus so as not to spend a lot of energy and time traveling. The boarding house route search information system has benefits for users who will search for the nearest boarding house from various features such as finding boarding house routes and viewing detailed boarding house information. ease of boarding house owners to manage data allows information to be continuously updated. This study aims to create an android-based boarding house location information system. The research stage starts from the design of a system that has been built using a Use Case Diagram that has three actors including admin, boarding house owner, and tenant/user. Each of these actors has different roles and access rights. At the implementation stage of the system creation process using the android studio application, then the system is tested using the BlackBox method. Based on the results of system tests that have been carried out obtaining good results or in other words the system can run as expected.",https://journal.ceddi.id/index.php/jst/article/download/23/17,
0,"Xinyu Dong, Yining He, Suwei Wang, Xinyi Zhang",Blockchain Rental Platform for College Students Driven by Reward and Punishment Mechanism,2022,BCP Business &amp; Management,Boya Century Publishing,https://doi.org/10.54691/bcpbm.v21i.1181,,252,2026-05-27 21:00:15,journal-article,10.54691/bcpbm.v21i.1181,2692-6156,,21,,82,93,0,0.00,0,4,4,"For those who are employed nowadays, the living environment largely affects the quality of work. In order to access employment opportunities in first-tier cities, renting an apartment has become a hot social issue for the new generation of youth, and therefore the development of the rental market has gradually become an important part of the economic development. In order to ensure the stable growth of China's market economy and a favorable employment environment for the new generation of Chinese talents, it is necessary to help the new youth group with insufficient social experience to avoid falling into the trap of rental agents and to match with suitable housing, this paper proposes a solution based on a blockchain rental platform driven by reward and punishment mechanisms for college students, focusing on the innovation of specific reward and punishment mechanisms, through the design of coin issuance mechanism, workload determination By designing key components such as coin issuance mechanism, workload determination mechanism, and reputation mechanism, combined with the design of personalized platform functional blocks for college students, the functional operation of this platform is envisioned based on smart contracts, which fills the gap of blockchain renting for college students as well as the refinement of reward mechanism of blockchain renting platform. This design can be applied to build a practical scenario of a blockchain rental platform serving college students and promote the process of upgrading and transforming the traditional rental industry using blockchain technology.",http://bcpublication.org/index.php/BM/article/download/1181/1183,
0,"Kartik Buradkar, Santoshi Kori, Sakshi Ruikar, Vipul Galfat, Dipti Patil, Rajesh Nasare",Property Rental Management System,2022,International Journal of Computer Science and Mobile Computing,Zain Publications,https://doi.org/10.47760/ijcsmc.2022.v11i11.014,,298,2026-05-27 21:00:15,journal-article,10.47760/ijcsmc.2022.v11i11.014,2320-088X,,11,11,177,179,0,0.00,0,6,4,"A platform for administration via which an existing local firm can be transformed into an internet venture. Two components, one for the consumer application and one for the backend storage, make up the rental management system. A consumer portal called Cashing Flow is also available. This has been implemented to get around the recently enhanced rules pertaining to individual space concord. Regarding the technologies employed in this application, we made use of the most recent Google-introduced tools, the Flutter technology and the Dart language. Python and JS were used to create the front end and back end of the web software that is used in this application. Although there is a quick overview of the full project in the introduction, the specifications for which this ERP has been designed are listed. Information on the technology utilized to create this ERP model is provided after the same. According to the literature review, various papers were selected, and the details were then adjusted in accordance with this ERP advantage.",,
0,"Emi Sita Eriana, Afrizal Zein",IMPLEMENTASI METODE SCRUM DAN ANALISIS SWOT SEBAGAI STRATEGI FRAMEWORK CUSTOMER RELATIONSHIP MANAGEMENT(CRM) PADA PERUSAHAAN RENTAL MOBIL,2022,SAINSTECH: JURNAL PENELITIAN DAN PENGKAJIAN SAINS DAN TEKNOLOGI,Institut Sains dan Teknologi Nasional,https://doi.org/10.37277/stch.v31i2.1155,,549,2026-05-27 21:00:15,journal-article,10.37277/stch.v31i2.1155,2685-824X,,31,2,36,45,0,0.00,0,2,4,"The rapid competition of business, it is necessary to implement the right strategies to support its business processes, one of which is through customer relationship management, with the aim of creating customer loyalty. Loyalty is expected to be done, ranging from customers who are looking for information to finish getting the service. The application of Customer Relationship Management (CRM) is the right alternative solution to realize customer loyalty. Implement an e-CRM system by applying scrum methods and SWOT analysis. The SCRUM method is software that includes agile development that uses an object-oriented approach and includes planning, design, coding, and testing activities. Implementation of Scrum Modeling with three phases: pregame, scrum phase, post-game. After the application is evaluated with the SWOT method maximizes strengths and opportunities, but can simultaneously minimize weaknesses and threats, from the sprint process that has been completed reviewed, and changes are needed. Website-based e-CRM system application that facilitates customer service and mamou affects customer loyalty and can support business processes on S2 Trans Karawang service. Keywords: Customer Relationship Management (CRM), Business, Customer, SWOT Analysis, Information",http://45.112.125.202:84/index.php/sainstech/article/download/1155/769,
0,"Linda Apriyanti, Meidi Fransisca Siregar, Endi Gozali",SISTEM INFORMASI RENTAL KAMERA BERBASIS WEB (STUDI KASUS SC STUDIO),2022,Jurnal Teknologi Informasi dan Komunikasi,Sekolah Tinggi Manajemen Informatika & Komputer Bandung,https://doi.org/10.58761/jurtikstmikbandung.v12i2.174,,597,2026-05-27 21:00:15,journal-article,10.58761/jurtikstmikbandung.v12i2.174,2722-1482,,12,2,36,42,0,0.00,0,3,4,"Sistem informasi rental kamera adalah sistem yang digunakan untuk memasukkan data transaksi peminjaman kamera ke dalam basis data, sehingga meminimalkan kesalahan dalam penginputan dan memastikan pembuatan laporan yang akurat sesuai dengan data yang diharapkan. Selain fungsi input dan output data, sistem ini juga menyimpan data pelanggan. Dengan adanya sistem informasi ini, diharapkan dapat mengurangi risiko kehilangan data lama yang mungkin diperlukan kembali. Selain itu, sistem ini juga diharapkan dapat mempercepat proses input dan output, yang pada akhirnya akan membantu admin dan pelanggan. Metode penelitian dan pengembangan yang digunakan dalam penelitian ini adalah metode sekuensial linier, dimulai dari komunikasi, perencanaan, pemodelan, konstruksi, hingga implementasi.",https://journal.stmik-bandung.ac.id/index.php/jurnalIT/article/download/26/28,
0,"Providence Adu, Elizabeth C. Delmelle",Spatial Variations in Exclusionary Criteria from Online Rental Advertisements,2022,,Center for Open Science,https://doi.org/10.31235/osf.io/8g4sv,,635,2026-05-27 21:00:15,posted-content,10.31235/osf.io/8g4sv,,,,,,,0,0.00,0,2,4,"<p>While the Fair Housing Act prohibits discrimination in the rental housing market on the basis of race, color, or religion, there exist ample opportunities for landlords to restrict their rental units to individuals with various backgrounds using exclusionary screening practices. These criteria, such as minimum credit scores, criminal history, source of income, or prior evictions, for instance, are often correlated with race and thus hold the potential to perpetuate spatial patterns of racial and income segregation. In this article, we analyzed online rental listings from Zillow and Craigslist in a case study of Charlotte, North Carolina to examine the proliferation and spatial variation in exclusionary criteria by neighborhood race and income. Overall, we found criminal background, credit score, housing voucher, eviction, and minimum income restrictions to be greater in poorer and minority neighborhoods. However, when distinguishing by platform, we found the presence of corporate landlords, who did not advertise on Craigslist, to be a significant driver of these results. Corporate landlords represented nearly 60 percent of advertisements on Zillow and were more common in poorer and minority neighborhoods - they also systematically included nearly all restrictions. Craigslist, by contrast, had fewer criteria that correlated with race and income.</p>",,
0,"Linda Apriyanti, Meidi Fransisca Siregar, Endi Gozali",SISTEM INFORMASI RENTAL KAMERA BERBASIS WEB (STUDI KASUS SC STUDIO),2022,Jurnal Teknologi Informasi dan Komunikasi,Sekolah Tinggi Manajemen Informatika & Komputer Bandung,https://doi.org/10.58761/jurtikstmikbandung.v11i2.174,,654,2026-05-27 21:00:15,journal-article,10.58761/jurtikstmikbandung.v11i2.174,2722-1482,,11,2,36,42,0,0.00,0,3,4,"Sistem informasi rental kamera adalah sistem yang digunakan untuk memasukkan data transaksi peminjaman kamera ke dalam basis data, sehingga meminimalkan kesalahan dalam penginputan dan memastikan pembuatan laporan yang akurat sesuai dengan data yang diharapkan. Selain fungsi input dan output data, sistem ini juga menyimpan data pelanggan. Dengan adanya sistem informasi ini, diharapkan dapat mengurangi risiko kehilangan data lama yang mungkin diperlukan kembali. Selain itu, sistem ini juga diharapkan dapat mempercepat proses input dan output, yang pada akhirnya akan membantu admin dan pelanggan. Metode penelitian dan pengembangan yang digunakan dalam penelitian ini adalah metode sekuensial linier, dimulai dari komunikasi, perencanaan, pemodelan, konstruksi, hingga implementasi.",https://journal.stmik-bandung.ac.id/index.php/jurnalIT/article/download/26/28,
53,"Maomao Chi, Meiyu Pan, Rui Huang",Examining the direct and interaction effects of picture color cues and textual cues related to color on accommodation-sharing platform rental purchase,2021,International Journal of Hospitality Management,Elsevier BV,https://doi.org/10.1016/j.ijhm.2021.103066,,578,2026-05-27 21:00:15,journal-article,10.1016/j.ijhm.2021.103066,0278-4319,,99,,103066,103066,53,10.60,18,3,5,,https://api.elsevier.com/content/article/PII:S0278431921002097,
42,"Yuanyuan Chen, Yuxin Huang, Chuan Hoo Tan",Short-term rental and its regulations on the home-sharing platform,2021,Information &amp; Management,Elsevier BV,https://doi.org/10.1016/j.im.2020.103322,,117,2026-05-27 21:00:15,journal-article,10.1016/j.im.2020.103322,0378-7206,,58,3,103322,103322,42,8.40,14,3,5,,https://api.elsevier.com/content/article/PII:S037872062030255X,
3,"Appau Williams Miller, Fauster Agbenyo, Royal Mabakeng Menare",Tenant management under COVID-19 pandemic season among informal settlement rental housing in Ghana,2021,"Housing, Care and Support",Emerald,https://doi.org/10.1108/hcs-02-2021-0005,,629,2026-05-27 21:00:15,journal-article,10.1108/hcs-02-2021-0005,1460-8790,,24,1,26,38,3,0.60,1,3,5,"Purpose: The purpose of this study is to evaluate the roles of landlords in tenant management during COVID-19 pandemic season among informal settlement neighbourhoods in urban Ghana. Design/methodology/approach: This study used a mixed methods research approach and foregrounds the discussions of the results with the social roles theory. Using the quota sampling procedure, this study used 467 semi-structured interviews of tenants from five old informal settlement neighbourhoods in urban Ghana. This study adopted the thematic analytical technique in the results section. Findings: This study uncovered that landlords perform a gate-keeping social relationship role in ensuring tenant safety during the COVID-19 pandemic season through the provision of security, care and support, discipline, hard work, morale building to accountability. However, this study found that most landlords do not provide tenancy agreements to tenants which strained some social relationships in tenant management. Originality/value: The application of social roles theory in this study provides a cutting-edge approach to the study of welfare of tenants living in informal settlement housing units during periods of pandemic. This study practically provides a participatory approach to analysing and discussing the roles of landlords in tenant management and proffering solutions for formalisation of these roles in housing policies in Ghana.",https://www.emerald.com/insight/content/doi/10.1108/HCS-02-2021-0005/full/html,
1,"Zhang Yang, Wang Zhiruo, Chen Chang, Dang Xiaoyi, Wu Chengliang, Ning Yanjie",Impact of Web Page House Listing Cues on Internet Rental,2021,Applied Mathematics and Nonlinear Sciences,Walter de Gruyter GmbH,https://doi.org/10.2478/amns.2021.2.00021,,87,2026-05-27 21:00:15,journal-article,10.2478/amns.2021.2.00021,2444-8656,,6,2,483,498,1,0.20,0,6,5,"Abstract: Based on a questionnaire survey combining the stimulus-organism-response (S-O-R) theory with the cues theory, this paper establishes hypotheses and uses partial least squares structural equation modelling (PLS-SEM) to study and analyse the impact of web page house listing cues on Internet rental from the perspective of users. The results indicate that: (1) the relevant cues of Internet renting platforms are effective and worthy of attention, (2) the subjective arousal of the tenants triggers their behavioural changes to a large extent, and (3) the sensitivity of the tenants’ behavioural approaches to their feelings is greater than their purchasing intentions. In the context of the rapid development of the online market, understanding the user's response to target information is essential to promote the optimisation of the Internet rental platform, to improve the efficiency of online housing selection, and to encourage healthy development of the rental housing market.",https://www.sciendo.com/pdf/10.2478/amns.2021.2.00021,
0,"Muhamad Farhan, Maria Cleopatra, Diyan Parwatiningtyas",PERANCANGAN SISTEM INFORMASI APLIKASI RENTAL MOTOR PADA JOGJA24 RENT GROUP MENGGUNAKAN JAVA DAN MYSQL,2021,"Journal of Information System, Applied, Management, Accounting and Research",Sekolah Tinggi Manajemen Informatika dan Komputer Jayakarta,https://doi.org/10.52362/jisamar.v5i1.356,,483,2026-05-27 21:00:15,journal-article,10.52362/jisamar.v5i1.356,2598-8719,,5,1,161,161,0,0.00,0,3,5,"Ilmu pengetahuan dan teknologi dapat membantu pekerjaan manusia dengan mudah. Hampir semua pekerjaan dapat dibantu oleh teknologi yang diciptakan oleh manusia sehingga dapat mengefisienkan waktu,tenaga,dan biaya. Salah satu yang terkena dampak perkembangan teknologi informasi adalah Jogja24 Rent Group. Pada kajian ini, perancangan sistem informasi aplikasi rental motor pada Jogja24 Rent Group menggunakan Java dan MySQL bertugas untuk mengolah data seperti penginputan data pelanggan, data petugas, data motor, data rental dan pengembalian, serta laporan-laporan yang dibutuhkan setiap bulannya. Tujuan penelitian ini adalah untuk mempermudah proses input data sehingga mempermudah petugas dalam melakukan proses pengolahan data, memperkecil terjadinya kesalahan dan informasi yang dihasilkan agar lebih akurat. Metode penelitian yang digunakan adalah metode observasi dan pendekatan grounded theory. Hasil dari penelitian ini berupa sistem informasi aplikasi rental motor yang dapat membantu Jogja24 Rent Group dalam menerapkan sistem yang lebih modern dan dapat mempermudah pengelolaan rental motor. Science and technology can help human work with ease. Almost all jobs can be assisted by technology that is created by humans so that it can save time, effort and costs. One of those affected by the development of information technology is the Jogja24 Rent Group. In this study, the design of a motorbike rental application information system at Jogja24 Rent Group using Java and MySQL is tasked with processing data such as inputting customer data, staff data, motorbike data, rental and return data, as well as reports needed every month. The purpose of this research is to simplify the data input process so that it makes it easier for officers to process data, minimize errors and make the resulting information more accurate. The research method used is the method of observation and grounded theory approach. The result of this research is a motorbike rental application information system that can help Jogja24 Rent Group in implementing a more modern system and can simplify the management of motorbike rental.",http://journal.stmikjayakarta.ac.id/index.php/jisamar/article/download/356/256,
0,"Christine Yolanda Siahaan, Carolina Sembiring",FACTORS AFFECTING CONSUMERS IN BUYING A HOUSE AT GRIYA SRIMAHI INDAH BEKASI UTARA,2021,Fundamental Management Journal,UKI Press,https://doi.org/10.33541/fjm.v6i1p.2833,,729,2026-05-27 21:00:15,journal-article,10.33541/fjm.v6i1p.2833,2540-9220,,6,1,54,72,0,0.00,0,2,5,"This study aims to determine the effectqof price,qlocation andqbuilding on theqdecision toqbuy a house in Griya Srimahi Indah Housing, Bekasi Utara. The data source used is primary data obtained through distributing questionnaires to 75 respondents, while secondary data is obtained through literature studies from the housing sector by searching for data via the internet related to this research. The research method used in this research is quantitative analysis techniques. While the data analysis used SPSS 22, Classical Assumption Test, Multiple Linear Aggression and Hypothesis Test to test the data statistically. Throughqthis researchqit is knownqthat the questionnaire data isqdeclared valid because r count> r table, that is, each r count> 0.2272. Likewise, the questionnaire data was also declared reliable because Cronbach's alpha> 0.60, namely 0.941> 0.60. The conclusion of this study is that the price factor partially does not have a significant effect on the purchasing decisions of residents of Griya Srimahi Indah Housing. While the location and building partially have a significant effect on the purchasing decisions of residents of Griya Srimahi Indah Housing. The price, location and building factors simultaneously have a significant effect on the purchasing decisions of residents of Griya Srimahi Indah housing. The location variable is the variable that has the most dominant influence on the purchasing decisions of residents of Griya Srimahi Indah Housing. Theqcoefficient ofqdetermination (Adjusted RqSquare) is 0.922. This meansqthat 92.2% ofqpurchasing decisionsqcan be explainedqby price, location andqbuilding variables. Whileqthe remaining 7.8% isqexplained byqother factors or variablesqwhich are notqexamined inqthis thesis. The suggestion that the authors can give is that housing developers need to increase the application of prices in housing marketing, if you want to create purchase decisions and can generate profits for both the company and for residential consumers. Housing developers need to add several facilities that can provide added value to the residence, such as a children's playground, land to build a minimarket or do greening in the Griya Srimahi Indah housing area. It is necessary to study other factors that can influence purchasing decisions, because by knowing the many factors that can influence purchasing decisions, developers will be better able to carry out housing development in accordance with market demand. Keywords: price, location, building and buying decision.",http://ejournal.uki.ac.id/index.php/jm/article/download/2833/1801,
