Cites,Authors,Title,Year,Source,Publisher,ArticleURL,CitesURL,GSRank,QueryDate,Type,DOI,ISSN,CitationURL,Volume,Issue,StartPage,EndPage,ECC,CitesPerYear,CitesPerAuthor,AuthorCount,Age,Abstract,FullTextURL,RelatedURL
0,"Sri Indrayani, Sintha Istikomah",Integrated Web-Based Platform for Boarding House Rental Services: Information Architecture and Booking Workflow Design,2026,bit-Tech,Komunitas Dosen Indonesia,https://doi.org/10.32877/bt.v8i3.3722,,6,2026-05-27 21:10:36,journal-article,10.32877/bt.v8i3.3722,2622-2728,,8,3,3834,3845,0,0.00,0,2,1,"Pati Regency in Central Java has experienced rapid industrial, commercial, and educational growth, attracting workers, students, and job seekers who require temporary accommodation such as boarding houses. Despite this increasing demand, the process of searching and booking boarding houses remains largely manual, relying on word of mouth, roadside banners, or direct visits, which leads to fragmented information, inaccurate room availability data, and inefficient search processes. This study aims to design and evaluate a web-based boarding house rental information system that addresses information asymmetry and fragmented search processes in local rental markets by providing structured property information and an integrated digital booking workflow. The research employs a system development approach consisting of requirements analysis through interviews and field observation, UML-based system modeling, web-based system implementation, and functional evaluation using black-box testing to verify the reliability of core system functions such as property search, availability display, booking submission, and payment confirmation. The resulting platform integrates structured property listings, multi-criteria search filters, interactive digital maps, and an online reservation mechanism that enables prospective tenants to identify, compare, and book boarding houses without physically visiting the property. Testing results indicate that all functional modules operate according to the specified requirements, supporting accurate property information retrieval and a continuous search-to-booking workflow. Beyond system implementation, the study contributes to research on digital property information systems by demonstrating how integrated information architecture and transaction workflows can reduce information fragmentation and improve transparency in temporary housing rental platforms.",https://jurnal.kdi.or.id/index.php/bt/article/download/3722/1993,
0,"Takeru Sugasawa, Kei Harano",Disentangling transaction-stage and management-stage discrimination in the rental housing market: evidence from a correspondence experiment in Tokyo,2026,Journal of Housing Economics,Elsevier BV,https://doi.org/10.1016/j.jhe.2026.102134,,155,2026-05-27 21:10:36,journal-article,10.1016/j.jhe.2026.102134,1051-1377,,72,,102134,102134,0,0.00,0,2,1,,https://api.elsevier.com/content/article/PII:S105113772600015X,
0,"Muhammad Rizal Adinoval, Rizkysari Mei Maharani, Ahmad Jazuli",Development of a Web Based Badminton Court Rental Information System with the Laravel Framework,2026,International Journal of Science and Environment (IJSE),International Journal of Educational Research & Social Sciences (IJERSC),https://doi.org/10.51601/ijse.v6i1.319,,455,2026-05-27 21:10:36,journal-article,10.51601/ijse.v6i1.319,2809-0551,,6,1,200,206,0,0.00,0,3,1,"The rental process of badminton courts in Sengonbugel, Mayong, Jepara is still predominantly conducted manually, such as by visiting the location directly or through communication media like telephone and WhatsApp. This manual process often leads to various problems, including limited access to court schedule information, the risk of double booking due to the absence of an integrated recording system, and inefficiencies in administrative procedures for both users and court managers. This study aims to design and develop a web-based badminton court rental information system that facilitates online reservation, provides real-time court availability information, and assists managers in managing rental data, schedules, and transactions in a more structured manner. The research method consists of system requirements analysis, system design, and system implementation. The system is developed using the Laravel framework with MySQL as the database management system. The features provided include court booking, schedule and rental duration selection, payment proof upload, and an admin dashboard for managing courts, bookings, and schedules. The results show that the web-based badminton court rental information system is able to improve the efficiency of the rental process, reduce recording errors and the occurrence of double booking, and enhance the quality of services for both users and court managers.",https://ijsenet.com/index.php/IJSE/article/download/319/306,
0,"Muhammad Syahrul Haniawan, Hardika Khusnuliawati, Astri Charolina",Perancangan dan Implementasi Sistem Otomatisasi Pemesanan dan Pembayaran untuk Layanan Rental Berbasis Web,2026,Jurnal Ilmiah Teknik Informatika dan Komunikasi,Politeknik Pratama Purwokerto,https://doi.org/10.55606/juitik.v6i1.1987,,541,2026-05-27 21:10:36,journal-article,10.55606/juitik.v6i1.1987,2827-7945,,6,1,348,360,0,0.00,0,3,1,"The costume rental management process often faces challenges in operational inefficiency and limitations in providing an optimal user experience. This research aims to develop and evaluate a web-based costume rental information system for the Wibucosrent platform. Through system development and user experience evaluation, this study seeks to provide a more efficient, integrated, and user-friendly solution for digital costume rental services. The research adopts a case study approach, focusing on system testing in a real-world environment. Data were collected through interviews with administrators and users, as well as system log analysis after implementation. The reduction in transaction processing time is based on a comparison of pre- and post- implementation data, where the average transaction time decreased from 10 minutes to 6 minutes. Additionally, a user satisfaction survey showed an increase in the average score from 3.8 to 4.5 (on a scale of 5) regarding ease of use and service speed. The conclusion of this study is that automation in a costume rental website not only enhances operational efficiency but also improves the quality of user interactions. Thus, implementing this technology has the potential to be a solution for similar industries to adapt to the demands of the digital market.",https://journal.sinov.id/index.php/juitik/article/download/1987/1455,
0,"I Putu Dody Suarnatha, Putu Gede Surya Cipta Nugraha",Design and Development of a Web-Based Information System for Traditional Balinese Decoration Rental,2026,Jurnal ilmiah Sistem Informasi dan Ilmu Komputer,Politeknik Pratama Purwokerto,https://doi.org/10.55606/juisik.v6i1.2282,,572,2026-05-27 21:10:36,journal-article,10.55606/juisik.v6i1.2282,2827-7953,,6,1,630,646,0,0.00,0,2,1,"In the current digital era, the use of efficient information systems is essential to improve service quality, including in the decoration rental business. Jr. Dekorasi, a provider of traditional Balinese decorations, still uses manual methods for managing information and transactions, which often leads to delays and errors. This study aims to design and develop a web-based decoration rental information system using native PHP to enhance operational effectiveness and efficiency. The system is developed using the Waterfall method, which includes the stages of requirements analysis, design, implementation, and testing. This system provides features such as decoration information, an online rental form, and data management by the administrator. MySQL is used as the database, and the interface is designed to be user-friendly across various devices. The implementation results show that the system is capable of accelerating service processes, facilitating rental transactions, and supporting centralized data management. This system is expected to become a digital solution that helps Jr. Dekorasi compete in the technological era.",https://journal.sinov.id/index.php/juisik/article/download/2282/1620,
0,"Ketut Arya Wisnu Wardana, Tri Widodo",Web-Based Boarding House Management Information System with Payment Gateway Integration,2026,International Journal of Science and Environment (IJSE),International Journal of Educational Research & Social Sciences (IJERSC),https://doi.org/10.51601/ijse.v6i1.302,,591,2026-05-27 21:10:36,journal-article,10.51601/ijse.v6i1.302,2809-0551,,6,1,118,126,0,0.00,0,2,1,"Manual management at GreenKost in Sleman faces challenges in unstructured recording of room, tenant, and financial transaction data, along with slow and error-prone administrative processes. This study aims to develop a web-based boarding house management information system with Model-View-Controller (MVC) architecture using Laravel framework to optimize business processes and improve tenant services. The research methodology includes direct observation on February 17, 2025, and interviews with the boarding house owner on February 25, 2025, to identify system requirements. The system was developed using Laravel 12.x with MySQL database and Eloquent ORM, integrated with a payment gateway to support QRIS and E-Wallet payments. Main features include user management, room management with real-time status, online reservation and booking, integrated payments, admin dashboard reports, announcement management, and repair request services. Testing using black-box testing method shows all features function as expected under both normal and abnormal conditions. The research results demonstrate that an integrated digital system can automate payment verification, improve administrative efficiency, and provide ease of information access and real-time transactions for tenants.",https://www.ijsenet.com/index.php/IJSE/article/download/302/308,
1,"Noor Chalim, Rhoedy Setiawan, Yudie Irawan, Eko Darmanto",DEVELOPMENT OF ANDROID AND WEB-BASED RENTAL INFORMATION SYSTEM FOR GRAHA MUSTIKA HALL INTEGRATED WITH PAYMENT GATEWAY,2025,Jurnal Disprotek,Centre for Research and Community Development - Islamic University of Nahdlatul Ulama Jepara,https://doi.org/10.34001/jdpt.v16i1.7142,,12,2026-05-27 21:10:36,journal-article,10.34001/jdpt.v16i1.7142,2548-4168,,16,1,11,20,1,1.00,0,4,1,"Graha Mustika Building in Getaspejaten Village, Jati District, Kudus Regency, is usually used for various events including weddings and meetings. However, the rental process of this building is still done manually, starting from checking the schedule to confirming payment, previous research shows that the existing web-based rental system is not fully effective due to several problems, such as an unresponsive display, no features to add equipment, no transaction process security, no vendor registration feature, unclear schedule information. This causes problems such as difficulty finding fast and inaccurate information, misuse of schedules, vendors must come in person if they want to join, This study aims to develop an Android-based rental information system and a website that is integrated with a payment gateway to make it easier for prospective tenants, vendors and building managers to manage the rental process. This system provides features for checking building availability in real-time, submitting rentals, and processing payments with a payment gateway. The data stored in the system includes rental prices, transactions, tenants, schedules, and equipment. The methods used in system design are Extreme Programming and Unified Modeling Language. Through the system created, it is expected to improve the accuracy of recording, transparency, and efficiency in the management of the Graha Mustika Building, thereby reducing the risk of errors that often occur in manual systems.Gedung Graha Mustika di Desa Getaspejaten, Kecamatan Jati, Kabupaten Kudus, biasa digunakan dalam berbagai acara antara lain pernikahan dan pertemuan. Namun, proses penyewaan gedung ini masih dilakukan secara manual, mulai dari pengecekan jadwal hingga konfirmasi pembayaran, penelitian sebelumnya menunjukkan bahwa sistem penyewaan berbasis web yang ada tidak sepenuhnya efektif karena beberapa masalah, seperti tampilan yang tidak responsif, tidak ada fitur untuk menambah perlengkapan, tidak adanya keamanan proses transaksi, belum ada fitur daftar sebagai vendor, informasi jadwal yang tidak jelas. Hal ini menyebabkan masalah seperti kesulitan mencari informasi yang cepat, dan kurang akurat, penyalahgunaan jadwal, vendor harus datang langsung kalau mau bergabung, Penelitian ini bertujuan untuk mengembangkan sistem informasi penyewaan berbasis Android dan website yang terintegrasi dengan payment gateway untuk mempermudah calon penyewa, vendor dan pengelola gedung dalam mengelola proses penyewaan. Sistem ini menyediakan fitur pengecekan ketersediaan gedung secara real-time, pengajuan penyewaan, dan pemrosesan pembayaran dengan payment gateway. Data yang disimpan dalam sistem meliputi harga sewa, transaksi, penyewa, jadwal, dan perlengkapan. Metode yang digunakan dalam perancangan sistem adalah Extreme Programming dan Unified Modeling Language. Melalui adanya sistem yang dibuat, diharapkan dapat meningkatkan akurasi pencatatan, transparansi, serta efisiensi dalam pengelolaan Gedung Graha Mustika, sehingga mengurangi risiko kesalahan yang kerap terjadi pada sistem manual.",https://ejournal.unisnu.ac.id/JDPT/article/viewFile/7142/pdf,
1,"Cahyawati Diah Kusumarini, Rio Farhan Avito",Creation of an Android-Based AM Futsal Field Rental Application Using Flutter and JS Node with Midtrans Integration as a Payment Gateway,2025,GLOBAL: Jurnal Lentera BITEP,PT Lentera Ilmu Nusantara,https://doi.org/10.59422/global.v3i01.745,,24,2026-05-27 21:10:36,journal-article,10.59422/global.v3i01.745,3025-5503,,3,1,17,25,1,1.00,1,2,1,"In the modern era, technology has facilitated various aspects of life, including in the sport of futsal, which often requires an optimal training ground. Currently, Futsal AM South Tangerang still uses manual methods for field bookings, resulting in inaccurate reports and limited access. To overcome this problem, this research aims to develop an Android-based futsal field rental application using Flutter and Node.js with Midtrans integration as a payment gateway. The research method used is SDLC (Software Development Life Cycle) with Waterfall model, including planning, analysis, design, implementation, and testing. The results show that the developed application improves the efficiency of the rental process, simplifies data management, and provides a better user experience through integrated features such as login, registration, and payment. Black box testing ensures that the application runs well and is reliable in handling various usage scenarios. This application is expected to simplify the futsal field rental process and overcome the obstacles faced by users and admins.",https://jurnal.lenteranusa.id/index.php/global/article/download/745/472,
0,"Sirajudin Sirajudin, Fadil Indra Sanjaya, Anita Fira Waluyo",Golden Goal Futsal Court Rental Mobile Application Using the First Come First Serve (FCFS) Algorithm and Payment Gateway Integration,2025,JISA(Jurnal Informatika dan Sains),Universitas Trilogi,https://doi.org/10.31326/jisa.v8i2.2545,,32,2026-05-27 21:10:36,journal-article,10.31326/jisa.v8i2.2545,2614-8404,,8,2,203,211,0,0.00,0,3,1,"The futsal pitch rental process at Golden Goal is still done manually through direct communication or text messages, which often results in various problems such as unstructured booking queues, schedule conflicts due to the lack of a clear queuing system, and late payments. These problems result in low operational efficiency and an increased potential for scheduling errors. This research aims to develop a mobile-based futsal pitch rental application equipped with the implementation of the First Come First Serve (FCFS) algorithm to ensure the booking process is carried out based on the user's arrival time in a fair and orderly manner. The system development method used is the Waterfall model, which includes requirements analysis, design, implementation, testing, and maintenance. The application was developed using the Flutter framework because it has the ability to produce Android and iOS applications with only a single codebase, faster development time, and stable and responsive interface performance. These advantages make Flutter suitable for building a real-time booking system that requires fast interaction and a consistent user experience. Furthermore, the application is integrated with Midtrans services as a payment gateway to facilitate automatic digital payment transactions. Testing results using the black-box method indicate that all key features, including schedule selection, FCFS-based queuing mechanism, payment processing, and rental data management, have run well as needed. The implementation of this system has proven to be able to reduce schedule conflicts, improve the accuracy of the booking process, and increase the efficiency of rental management at Golden Goal. Thus, this application can be an effective and modern solution to address the problem of futsal field rentals that have been handled manually.",https://trilogi.ac.id/journal/ks/index.php/JISA/article/viewFile/2545/1376,
0,Neec Chander Tobias,Smart Mobile Application for Heavy Equipment Rental,2025,Journal of Computer Science Application and Engineering (JOSAPEN),PT. Lentera Ilmu Publisher,https://doi.org/10.70356/josapen.v3i1.49,,154,2026-05-27 21:10:36,journal-article,10.70356/josapen.v3i1.49,3031-2272,,3,1,16,20,0,0.00,0,1,1,"This study explores the development of an Android-based heavy equipment rental application tailored for PT. Gajah Unggul Internasional. It highlights the pivotal role of information systems in the heavy equipment rental sector, focusing on the specific needs of PT. Gajah Unggul Internasional, a provider of various construction and industrial equipment. To address the demand for a streamlined system to manage borrowing, returning, and restocking equipment, the study proposes an Android application built with the Ionic Framework, a robust open-source SDK. The methodology employs a comprehensive five-stage research design: data collection, inception, elaboration, construction, and transition. The results and discussion section offers an in-depth evaluation of the application, presenting critical components such as use case diagrams, activity diagrams, sequence diagrams, class diagrams, and the system interface. Functionality and efficiency are validated through black box testing, confirming the system's reliability in processes such as login, registration, equipment data access, and rental history tracking. In conclusion, the study demonstrates the successful application of the Ionic Framework to enhance heavy equipment rental operations at PT. Gajah Unggul Internasional. The user-friendly application caters to various stakeholders, emphasizing practicality and efficiency. The article provides valuable insights into leveraging technology to optimize business processes within the heavy equipment rental industry.",https://journal.lenterailmu.com/index.php/josapen/article/download/49/55,
0,"Dewi Ayu Puspita, Fiftah Shafi Aufilana, Moch. Shulthoni",Determinants of the UMEGA model development in the use of the rental payment system,2025,Journal of Multiperspectives on Accounting Literature,Universitas Muhammadiyah Malang,https://doi.org/10.22219/jameela.v3i1.37922,,160,2026-05-27 21:10:36,journal-article,10.22219/jameela.v3i1.37922,3021-7261,,3,1,1,21,0,0.00,0,3,1,"Purpose: This research was conducted with the aim of analyzing the factors that influence the use of the rental payment system (SIMBAH-E) by adopting the UMEGA model as a technology acceptance model. Methodology/approach: The data analysis method in this research used Structural Equation Modeling (SEM) with the Partial Least Square (PLS) approach. processed via the SmartPLS 4.0 application. Findings: The results of this study show that there is a significant positive influence on the six independent latent variables on attitudes, there is one dependent variable that has a significant negative influence on attitudes, and one variable has no influence on attitudes and interest in use. Practical implications: As well as latent variables of accounting information quality as a form of model development. The researcher used a questionnaire as a research measuring tool, and used a Likert scale in his assessment and used cluster random sampling in selecting respondents with a total of 100 respondents. Originality/value: This research was conducted because the UMEGA model is the newest technology acceptance model so not many people have researched it, and this research contributes the latest thinking by adding a latent variable for the quality of accounting information as a development of the UMEGA model. Researchers used latent variables in the UMEGA model, namely performance expectations, effort expectations, social factors, risk of facilitating conditions, perceived risk, attitudes and interest in use.",https://ejournal.umm.ac.id/index.php/jameela/article/download/37922/16009,
0,"Intan Wulandari, Firman Firman, Muhammad Ali Kasri",Perancangan Sistem Informasi Andalas Rental Mobil Berbasis Web Sebagai Media Promosi,2025,JURNAL PETISI (Pendidikan Teknologi Informasi),Universitas Pendidikan Muhammadiyah (UNIMUDA) Sorong,https://doi.org/10.36232/jurnalpetisi.v6i1.350,,290,2026-05-27 21:10:36,journal-article,10.36232/jurnalpetisi.v6i1.350,2721-6276,,6,1,12,21,0,0.00,0,3,1,"Tujuan dilakukan penelitian ini adalah untuk Perancangan Sistem Informasi Andalas Rental Mobil Berbasis Web Sebagai Media Promosi yang valid dan efektif, dan menghasilkan buku panduan penggunaan Perancangan Sistem Informasi Berbasis Web Sebagai Media Promosi. Jenis penelitian yang digunakan adalah research and development dan model pengembangan yang digunakan yaitu model prototype. Uji coba yang digunakan adalah uji coba blackbox dan uji coba lapangan. Subjek penelitian ini yaitu 1 admin/pemilik Andalas Rental Mobil dan 14 customer Andalas Rental Mobil. Berdasarkan hasil penelitian Perancangan Sistem Andalas Rental Mobil Berbasis Web Sebagai Media Promosi diperoleh hasil validasi ahli mendapatkan kesimpulan sangat baik, oleh karena itu peneliti bisa melakukan uji coba lapangan kepada responden. Uji coba lapangan dengan 15 responden yang telah dilakukan semua indikator telah memenuhi standar dengan nilai rata rata 3,3 dari 4,0 dan persentase 83% dari dengan kesimpulan sangat baik, yang artinya sistem valid dan efektif digunakann. Hasil uji coba buku panduan dengan 1 admin/pemilik Andalas Rental Mobil dengan 14 Customer telah dilakukan semua indikator dan memenuhi standar dengan nilai rata rata 3,6 dari 4,0 dan persentase 90% dengan kesimpulan sangat baik, yang artinya buku panduan valid dan efektif digunakan. Kata Kunci : Rental Mobil, R&D, CodeIgniter, MySql, PHP",https://e-journal.unimudasorong.ac.id/index.php/jurnalpetisi/article/download/350/133,
0,Dwi Ayu Gusriyanti,Analisis dan Perancangan Web Sistem Informasi Rental Mobil Pada LK Trans Jambi,2025,Jurnal Manajemen Teknologi Dan Sistem Informasi (JMS),LPPM STIKOM Dinamika Bangsa Jambi,https://doi.org/10.33998/jms.2025.5.1.2059,,297,2026-05-27 21:10:36,journal-article,10.33998/jms.2025.5.1.2059,2808-5019,,5,1,959,968,0,0.00,0,1,1,"Abstrak− LK Trans Jambi, perusahaan rental mobil di Jambi, mengalami tantangan dalam efisiensi operasional dan pengalaman pelanggan akibat sistem yang masih manual, di mana proses pemesanan, verifikasi, dan pencatatan transaksi membutuhkan waktu lebih lama dan rawan kesalahan. Penelitian ini bertujuan untuk merancang sistem informasi berbasis web menggunakan metode prototype guna mengatasi kendala tersebut dan meningkatkan daya saing perusahaan. Dengan memanfaatkan Unified Modeling Language (UML) untuk pemodelan kebutuhan sistem, hasilnya berupa prototype yang mendukung pemesanan online, verifikasi data otomatis, dan pelacakan ketersediaan kendaraan secara real-time. Implementasi sistem ini diharapkan dapat mempercepat respons terhadap pelanggan, mempermudah manajemen operasional, dan memperbaiki komunikasi internal-eksternal perusahaan, sehingga LK Trans Jambi dapat memberikan layanan yang lebih baik dan tetap kompetitif di pasar rental mobil. Kata Kunci: Perancangan, Sistem Informasi, Web, Prototype",https://ejournal.unama.ac.id/index.php/jms/article/download/2059/1521,
0,"SUREKHA BYAKOD, VAISHNAVI S, SREEYA A S N, SAVYASHREE S, DEEPTHI G B",Smart helmet rental system using Iot and web technologies,2025,International Journal For Multidisciplinary Research,International Journal for Multidisciplinary Research (IJFMR),https://doi.org/10.36948/ijfmr.2025.v07i03.45041,,356,2026-05-27 21:10:36,journal-article,10.36948/ijfmr.2025.v07i03.45041,2582-2160,,7,3,,,0,0.00,0,5,1,"Urban road safety is often compromised due to low helmet usage among two-wheeler riders. This research proposes a smart, IoT-based helmet rental system to ensure convenient access and encourage consistent helmet use.",https://www.ijfmr.com/papers/2025/3/45041.pdf,
0,"Muhammad Afin Amirullah, Ade Eviyanti, Hamzah = Setiawan, Novia Atiyanti",WEB-BASED OUTDOOR EQUIPMENT RENTAL INFORMATION SYSTEM AT IN OUTDOORS,2025,Journal of Artificial Intelligence and Digital Economy,Antis Publisher,https://doi.org/10.61796/jaide.v2i1.1480,,394,2026-05-27 21:10:36,journal-article,10.61796/jaide.v2i1.1480,3032-1077,,2,1,1,9,0,0.00,0,4,1,"Objective: This study aims to develop a web-based outdoor equipment rental information system designed to facilitate efficient and structured management of equipment rental and borrowing processes. Method: The research employed a system development approach involving stages of analysis, design, implementation, and testing to address issues commonly found in manual rental management, such as stock recording, scheduling, and transaction reporting. Results: The developed system successfully streamlines administrative tasks by enabling real-time monitoring of equipment availability, simplifying the ordering process, and allowing users to track loan status efficiently. This integration reduces time consumption and minimizes human error in data recording and transaction handling. Novelty: The study presents an innovative web-based solution that enhances transparency, accessibility, and operational efficiency in outdoor equipment rental management, offering a practical model that can be adapted for similar rental service systems in various sectors.",https://journal.antispublisher.id/index.php/JAIDE/article/download/1480/1340,
0,"As’ad Dulkarnain, Ade Eviyanti",The Implementation of a Web-Based Outdoor Equipment Rental System Design (Case Study: L3 Adventure),2025,International Journal of Human Computing Studies,Research Parks Publishing,https://doi.org/10.31149/ijhcs.v7i3.5484,,416,2026-05-27 21:10:36,journal-article,10.31149/ijhcs.v7i3.5484,2615-8159,,7,3,130,144,0,0.00,0,2,1,"The advancement of information technology has transformed work methods and data management, especially among Gen Z. UMKM L3 Adventure, which rents out camping equipment, still uses manual processes for booking and data management. The COVID-19 pandemic highlighted the need for adopting an online booking system to reduce physical contact and enhance operational efficiency. This research aims to develop a web-based information system for L3 Adventure, focusing on designing an efficient and accessible online camping equipment booking system. A qualitative and quantitative approach was used, with structured surveys conducted at L3 Adventure in Sukodono, Sidoarjo. Data was collected through observation, interviews, and relevant literature. The research findings indicate that the web-based system improves data management and booking efficiency. The system employs a waterfall design model and was tested using the blackbox method to ensure its functionality. This study contributes to the development of outdoor equipment rental information systems, aiming to enhance efficiency and user experience at L3 Adventure.",https://journals.researchparks.org/index.php/IJHCS/article/download/5484/5011,
0,"Muhammad Iqbal Alfani, Yulian Findawati, Suprianto Suprianto, Metatia Intan Mauliana",WEB-BASED PHOTOGRAPHY SERVICES RENTAL INFORMATION SYSTEM AT MARS DWI JAYA PHOTO STUDIO,2025,Journal of Artificial Intelligence and Digital Economy,Antis Publisher,https://doi.org/10.61796/jaide.v2i6.1533,,537,2026-05-27 21:10:36,journal-article,10.61796/jaide.v2i6.1533,3032-1077,,2,6,428,439,0,0.00,0,4,1,"Objective: This study aims to develop a web-based application for Mars Dwi Jaya Photo Studio to address the lack of accessible information for consumers and the difficulties encountered in determining service prices. Method: The research follows a system development approach by designing and implementing a website-based application using a MySQL database operated on a localhost server. The system architecture includes modules for service promotion, price management, and online order transactions, allowing administrators to manage content and customers to interact directly with the platform. Results: The developed application successfully facilitates online promotion and rental service transactions, enabling users to access information, compare prices, and make service bookings efficiently without visiting the studio physically. The system also enhances operational efficiency by reducing manual processes in price determination and customer service. Novelty: This study provides an innovative solution for small-scale photo studios by integrating online rental management and interactive customer communication into a single web-based platform, thus supporting the digital transformation of local creative businesses.",https://journal.antispublisher.id/index.php/JAIDE/article/download/1533/1379,
0,"Sigit Auliana, Nur Amelia, Gagah Dwiki Putra Aryono",Development of a Web-Based Information System for Heavy Equipment Rental at CV. Amelia Putri Using the CodeIgniter Framework,2025,Jurnal Sistem Komputer dan Informatika (JSON),Universitas Budi Darma,https://doi.org/10.30865/json.v7i1.8940,,612,2026-05-27 21:10:36,journal-article,10.30865/json.v7i1.8940,2685-998X,,7,1,73,85,0,0.00,0,3,1,"The development of information technology demands digital transformation in business management, including the heavy equipment rental sector. CV Amelia Putri, which still uses a manual recording system, faces various operational obstacles such as data errors, administrative inefficiencies, and slow customer service. This research aims to design a web-based heavy equipment rental information system using the CodeIgniter framework to overcome these problems. The research methodology uses a qualitative approach with SWOT analysis and waterfall development method. The system is designed with Model-View-Controller architecture integrated with MySQL database and XAMPP supporting technology. The results showed that the system succeeded in increasing operational efficiency by 80% and data accuracy reached 95%. The main features include user registration, tool search, online ordering, admin verification, payment management, and automated reporting. Black Box Testing proves that all modules function optimally with a high level of user satisfaction. The implementation of this digital system not only reduces recording errors and speeds up administrative processes, but also significantly improves operational transparency and customer service quality.",https://ejurnal.stmik-budidarma.ac.id/index.php/JSON/article/download/8940/4196,
0,"Aulia Putri, Tri Kurniawati",Analysis of the Application of the Hedonic Price Method in Setting House Rental Prices in the Coastal Area of Padang City,2025,Jurnal Economic Resource,Universitas Muslim Indonesia,https://doi.org/10.57178/jer.v8i2.1607,,719,2026-05-27 21:10:36,journal-article,10.57178/jer.v8i2.1607,2620-6196,,8,2,1098,1106,0,0.00,0,2,1,"This research investigates how structural, location, and environmental attributes impact residential rental rates in Padang City, a region challenges by disaster risks and limited facility access. The study aims to identify key determinants affecting rental costs. A quantitative research design was employed, utilizing questionnaires for data collection, followed by analysis through multiple linear regression. Finding reveal that all three independent variables significantly affect rental pricing, as reflected by an F-value of 61,607, substantially surpassing the critical threshold of 2,69. These insights are valuable for shaping more effective housing policy strategies.",https://jurnal.feb-umi.id/index.php/JER/article/download/1607/1212,
0,"Noor Chalim, Rhoedy Setiawan, Yudie Irawan",Pengembangan Sistem Informasi Penyewaan Gedung Graha Mustika Berbasis Android dan Web Terintegrasi Dengan Payment Gateway,2025,JoMMiT : Jurnal Multi Media dan IT,Politeknik Negeri Media Kreatif,https://doi.org/10.46961/jommit.v8i2.1467,,901,2026-05-27 21:10:36,journal-article,10.46961/jommit.v8i2.1467,2548-9550,,8,2,123,129,0,0.00,0,3,1,"This research focuses on developing an information system for the rental management of Graha Mustika Hall, located in Getaspejaten Village, Jati District, Kudus Regency. The venue is frequently utilized for various events; however, the existing rental process, including schedule management and payment confirmations, is handled manually. This method often results in recording errors and lacks transparency. The study aims to create a system accessible via Android and web platforms to simplify the rental process for both hall managers and tenants. Key features include real-time venue availability checks, rental request management, and payment gateway integration to streamline transactions. The system stores essential data such as rental rates, transaction details, tenant information, schedules, and equipment availability. The development process adopts the Extreme Programming methodology and utilizes UML for design. The system is expected to improve accuracy, transparency, and efficiency in managing Graha Mustika Hall, while also minimizing errors typically found in manual recording processes.",https://ojs2.polimedia.ac.id/index.php/jommit/article/download/1467/680,
0,"Ahmad Hudawi, Nor Jaykiah, Ummi Lailatul Firdausi",Designing a Web-Based Digital Financial System for Islamic Boarding Schools with Payment Gateway Integration,2025,Journal of Electrical Engineering and Computer (JEECOM),Universitas Nurul Jadid,https://doi.org/10.33650/jeecom.v7i2.13019,,996,2026-05-27 21:10:36,journal-article,10.33650/jeecom.v7i2.13019,2715-6427,,7,2,514,526,0,0.00,0,3,1,"Financial management in Islamic boarding schools still faces various fundamental problems, particularly due to dependence on manual recording and simple applications. This management pattern often causes delays in report preparation, increases the potential for recording errors, and reduces transparency. This condition impacts the trust of students' guardians and stakeholders. In addition, the diversity of student guardians, including those from outside the region, further complicates the payment process due to limited access to remote transaction services. This situation highlights the urgency of developing a web-based digital financial system that can effectively integrate modern payment technology and adapt to the needs of Islamic boarding schools. This study aims to design and implement a digital financial system for Islamic boarding schools by integrating the Midtrans payment gateway to improve financial management's efficiency, transparency, and accountability. The method used is a model consisting of three main stages: data collection through observation and interviews with financial managers, system design using use case diagrams, activity diagrams, and class diagrams, and system testing with internal and external black box testing approaches. The system implementation utilizes the Laravel framework, MySQL database, and web-based interface with Login, Dashboard, student data, payment, and financial reporting features. The results show that the developed System can comprehensively address the financial management needs of Islamic boarding schools. External testing using a Likert scale questionnaire obtained a rating of Good-Very Good with an achievement of up to 86%, thus confirming the feasibility of the system implementation. This System has been proven to facilitate online payments, accelerate the report preparation process, and improve access to information for student guardians. Thus, a web-based digital financial system integrated with a payment gateway can be a strategic solution for enhancing the transparency and accountability of pesantren finances. Further research is recommended to strengthen data security, expand coverage to multiple pesantren, and conduct continuous testing on a broader scale",https://ejournal.unuja.ac.id/index.php/jeecom/article/viewFile/13019/pdf,
7,Ziyan Yang,Measuring transaction costs in China’s rural land rental market: Ex-ante bargaining associated with ex-post contract-violation uncertainty and location specificity,2024,Journal of Economic Behavior &amp; Organization,Elsevier BV,https://doi.org/10.1016/j.jebo.2024.06.022,,697,2026-05-27 21:10:36,journal-article,10.1016/j.jebo.2024.06.022,0167-2681,,224,,688,716,7,3.50,7,1,2,,https://api.elsevier.com/content/article/PII:S0167268124002403,
2,"Apriani Riyanti, Taryana T, Guruh Putro Dirgantoro, I Made Agus Oka Gunawan",Development of Rental Application using Prototyping Method,2024,TECHNOVATE: Journal of Information Technology and Strategic Innovation Management,Global Researcher Network,https://doi.org/10.52432/technovate.1.2.2024.69-80,,766,2026-05-27 21:10:36,journal-article,10.52432/technovate.1.2.2024.69-80,3047-2466,,1,2,69,80,2,1.00,1,4,2,"In the modern era of technology, it is crucial to have access to the most up-to-date technical advancements. However, not everyone has the means to regularly upgrade their gadgets to keep pace with these improvements. This phenomenon can be attributed to the exorbitant expenses and transitory demand for technology, particularly in emerging nations like Indonesia, where the rental sector remains inadequately developed. This research proposes the construction of a mobile phone and camera rental application named Quick-Rent. The application is created using the Prototyping method, which is a system development approach. The prototyping method was selected due to its ability to enable developers to evaluate and enhance features depending on user feedback right from the outset of the design process. This application is specifically intended to enhance the efficiency of the leasing process by adapting system features based on user needs analysis. The findings indicated that certain system features were modified based on the user needs analysis. The system implementation process and the 7 scenario of blackbox testing confirmed the validity and usability of these features.",https://globalresearcher.net/index.php/technovate/article/download/35/29,
2,"Raissa Maringka, Cherry Lumingkewas",Designing User Interface (UI) And User Experience (UX) of a Sport Space Rental Application using Design Thinking Method,2024,CogITo Smart Journal,Universitas Klabat,https://doi.org/10.31154/cogito.v10i1.692.613-624,,781,2026-05-27 21:10:36,journal-article,10.31154/cogito.v10i1.692.613-624,2477-8079,,10,1,613,624,2,1.00,1,2,2,"This study aims to enhance the design and streamline the process of renting sports facilities through the development of a user interface (UI) and user experience (UX) for a sport space rental application. Utilizing the Design Thinking method, the research addresses inefficiencies in the current manual booking process and proposes innovative solutions, including search features, user reviews, availability notifications, and direct booking options. The state of the art in this study is represented by the application of user-centric design principles and iterative prototyping to meet the evolving needs of sports enthusiasts. Usability testing, conducted through detailed task scenarios on the MAZE platform, yielded positive results, with an average completion rate of 80% and insights into areas for improvement. The findings suggest that the proposed UI/UX design significantly enhances the efficiency and user experience of renting sports facilities, providing a more convenient and engaging platform for users.",https://103.172.205.79/index.php/cogito/article/download/692/338,
1,"Sufia Aulia Salsabilah, Harsya, Karenia Mentari, Shyndy Monicasari, Hadi Wijaya",RENTALIN APPS: Development of a Motorbike Rental Application Using Design Thinking for a Digital Rental Solution,2024,Jurnal Bisnis dan Komunikasi Digital,Indonesian Journal Publisher,https://doi.org/10.47134/jbkd.v1i4.3171,,167,2026-05-27 21:10:36,journal-article,10.47134/jbkd.v1i4.3171,3026-5886,,1,4,,,1,0.50,0,5,2,"The motorbike rental industry in Indonesia is characterized by significant challenges, including security risks, inefficient operations, and difficulty for customers in finding reliable rental services. This study aims to develop a comprehensive digital solution through the RENTALIN application, which addresses these challenges using a Design Thinking approach. The objective of this research was to create an application that enhances both the operational efficiency for rental owners and the user experience for customers. Data was collected from 13 motorbike rental owners, reported issues such as theft, fraud, and difficulties in tracking motorbikes. Additionally, surveyed customers indicated challenges in finding trustworthy rental services. Based on these findings, the RENTALIN application was designed with features such as GPS-based motorbike tracking, secure data verification systems, and an intuitive user interface. These solutions aim to improve security, expand market reach, and simplify the rental process. Testing of the prototype showed that the application effectively increases the efficiency and safety of the rental process, providing a more seamless experience for both rental owners and customers. RENTALIN demonstrates significant potential to become a leading platform in the Indonesian motorbike rental industry, offering targeted solutions to the sector’s critical issues.",https://journal.pubmedia.id/index.php/jbkd/article/download/3171/3163,
1,Apriansyah Apriansyah,Palembang City Web-Based Futsal Field Rental System Using Express JS and React JS,2024,Jurnal Sistem dan Teknologi Informasi (JustIN),Tanjungpura University,https://doi.org/10.26418/justin.v12i1.68452,,285,2026-05-27 21:10:36,journal-article,10.26418/justin.v12i1.68452,2620-8989,,12,1,16,16,1,0.50,1,1,2,"Futsal is one of the most popular sports for almost all ages in the city of Palembang. At this time the process of ordering the futsal field is still being carried out through prospective tenants having to come directly to the field provider's place which can take time and get invalid information regarding the field to be ordered, so there is a need for a system that can provide information and manage futsal field data to get what is expected. In the current era of digitalization, the ease of obtaining information greatly affects performance in any field, therefore in this study, the authors built a system that can facilitate ordering and rental of Web-based Futsal Fields in Palembang City using Express JS and React JS. This system was developed using the prototype method, prototype is an approach in developing software or systems with several steps in this method, namely identifying user needs, designing prototypes based on needs, building prototypes, evaluating tests, refining and iteration, and developing final products.                           ",https://jurnal.untan.ac.id/index.php/justin/article/viewFile/68452/75676600804,
1,"Nur Cahyono, Suprianto Suprianto",Perancangan Sistem Informasi Penyewaan Alat Outdoor Berbasis Web menggunakan Metode Waterfall pada InOutdoors Rental Sidoarjo,2024,Journal of Internet and Software Engineering,Indonesian Journal Publisher,https://doi.org/10.47134/pjise.v1i1.2247,,334,2026-05-27 21:10:36,journal-article,10.47134/pjise.v1i1.2247,3046-5567,,1,1,23,23,1,0.50,1,2,2,"InOutdoors Rental adalah salah satu jenis usaha bisnis yang menyediakan jasa persewaan berbagai perlengkapan  alat camping dan hiking di kota Sidoarjo. Namun, pencatatan data penyewaan, pengembalian dan transaksi di InOutdoors Rental ini belum terkomputerisasi atau masih dilakukan dengan cara pencatatan manual di buku. Hal ini menjadi kurang efektif dan membutuhkan waktu lama ketika memproses data laporan bisnis bagi pemilik usaha bisnis tersebut, dan dari sudut pandang pelanggan atau penyewa kesulitan dalam memilih dan menentukan barang dan tipe apa saja  yang disewakan, dikarenakan tidak adanya informasi gambar alat-alat yang disewakan dan terlebih juga pelanggan atau penyewa diharuskan datang ke toko rental untuk memilih barang. Tujuan penelitian ini membuat sebuah sistem berbasis web yang dapat membantu pemilik usaha bisnis InOutdoors Rental dalam memonitoring dan untuk memudahkan dalam pencatatan data penyewaan dan pengembalian. Dan juga diharapkan membantu kepada para pelanggan sewa yang dapat mengakses sistem informasi berbasis web tersebut, supaya tidak lagi menggunakan metode pencatatan manual. Metode pengujian penelitian ini  menggunakan metode black box dan uji coba produk. Black box adalah sebuah metode pengujian yang berfokus pada fungsionalitas khususnya pada output aplikasi sudah sesuai dengan yang diharapkan. Sedangkan uji coba produk berfungsi untuk memperoleh hasil sesuai pengalaman pengguna.",https://journal.pubmedia.id/index.php/pjise/article/download/2247/2358,
1,"Stepan Chalupa, Martin Petricek",Application of revenue management practices in short-term rental management,2024,Journal of Revenue and Pricing Management,Springer Science and Business Media LLC,https://doi.org/10.1057/s41272-024-00516-3,,625,2026-05-27 21:10:36,journal-article,10.1057/s41272-024-00516-3,1476-6930,,24,4,326,333,1,0.50,1,2,2,,https://link.springer.com/content/pdf/10.1057/s41272-024-00516-3.pdf,
1,"Risna Aulia, Muryani Arsal, Muhammad Khaedar Sahib",Application of the Ijarah Agreement in Al-Badar Syariah Hotel Room Rental in Makassar,2024,International Journal of Economic Research and Financial Accounting (IJERFA),CV. Afdifal Maju Berkah,https://doi.org/10.55227/ijerfa.v2i3.95,,739,2026-05-27 21:10:36,journal-article,10.55227/ijerfa.v2i3.95,2964-1977,,2,3,,,1,0.50,0,3,2,"The aim of this research is a qualitative type of research with the aim of knowing the application and implementation of the ijarah (rental) contract at Al-Badar Hotel Syariah Makassar. The Ijarah contract is a rental contract entered into by both parties to the agreement between the mu'ajir (the person who rents) and the musta'jir (the person who rents) both parties benefit from the replacement of the rent. And also this research aims to determine the compatibility of the ijarah (lease) agreement with the DSN-MUI Fatwa regarding Ijarah. The method used in collecting data was obtained from interviews and documentation. The data sources used are primary data and secondary data. This type of research includes field research. The results of the research obtained are that the implementation of the ijarah contract for renting rooms at the Al-Badar Syariah Makassar hotel is carried out based on an agreement between both parties, namely between the hotel (receptionist) and the room renter by paying the rent to the hotel according to the price agreed upon by both parties. both parties. And the suitability of the ijarah agreement for renting Al-Badar Syariah Makassar hotel rooms is in accordance with the DSN-MUI Fatwa regarding ijarah with the fulfillment of the pillars and conditions of ijarah.",https://ijerfa.afdifaljournal.com/index.php/ijerfa/article/download/95/99,
1,Xiaonan Zhang,The toxic mechanism and application of tetrodotoxin (TTX),2024,MATEC Web of Conferences,EDP Sciences,https://doi.org/10.1051/matecconf/202440404001,,958,2026-05-27 21:10:36,journal-article,10.1051/matecconf/202440404001,2261-236X,,404,,4001,4001,1,0.50,1,1,2,"Tetrodotoxin (TTX) is a powerful toxin related to nerve cells that is commonly discovered at loads of puffer fish, and working out the best way of cooking, whereas keeping the flavour but getting rid of the toxicity has challenged people for decades, which removing the organ with toxin is currently most certified. In terms of mechanism of toxicity, binding with voltage-gated sodium channel in order to stop neuron transmission is usually what TTX does, and this action arises different symptoms from medium to severe. Death is not rare to see within severe reaction after ingestion of TTX, and there were plenty of researches studied on the lethal dose of TTX. Therefore, this research will analyze the toxicity mechanism of TTX and its application in treatment. Its special mechanism and non-addictive property allow it having a promising aspect regarding to medical treatment of pain related therapy or diseases. There is no limit to explore in these two areas, and investigation of working out mechanism of toxicology never stop.",https://www.matec-conferences.org/10.1051/matecconf/202440404001/pdf,
0,"Aristoteles Aristoteles, Rifan Setiadi, Naufal Anbial Falah, M. Iqbal Parabi, Dwi Sakethi, Febi Eka Febriansyah, Ardiansyah Ardiansyah","Development of Facility Rental, Product Shipment Tracking, and Payment in the UnilaHub Application",2024,International Journal of Electronics and Communications Systems,Raden Intan State Islamic University of Lampung,https://doi.org/10.24042/ijecs.v4i1.22889,,40,2026-05-27 21:10:36,journal-article,10.24042/ijecs.v4i1.22889,2798-2610,,4,1,43,58,0,0.00,0,7,2,"UnilaHub, a mobile e-commerce application developed by the University of Lampung, facilitates transactions for products derived from university research. This study aims to enhance UnilaHub by introducing new features like facility rental, product shipment tracking, and integrated payment systems. The research consisted of three main phases: problem identification, application development (prototyping method), and system testing. Utilizing the prototyping method, the researchers iteratively developed these features, incorporating user feedback to ensure functionality and usability. System testing, encompassing User Acceptance Testing (UAT) and Black Box Testing, validated the effectiveness of these enhancements. High user satisfaction indices were recorded: 84.19% for the Web Administrator, 84.66% for the Public Apps, and 82.62% for the Research Apps. The results indicate that the new features significantly meet user needs and improve the overall user experience. The research is expected to improve the efficiency and satisfaction of UnilaHub users through the development of facility rental, product delivery tracking, and in-app payments. Integrating payment gateway and delivery tracking through third-party services has improved transaction efficiencies and user satisfaction, contributing to the digitization and centralization of administrative processes in UnilaHub",https://ejournal.radenintan.ac.id/index.php/IJECS/article/download/22889/pdf,
0,"Abetranda Saputra Defa Saputra, Moh Muhtarom, Afu Ichsan Pradana",Pengembangan Sistem Informasi Rental Dan Travel Berbasis Web Menggunakan Metode Prototype Pada Rental Sinorowedi,2024,JEKIN - Jurnal Teknik Informatika,Yayasan Rahmatan Fiddunya Wal Akhirah,https://doi.org/10.58794/jekin.v4i3.869,,73,2026-05-27 21:10:36,journal-article,10.58794/jekin.v4i3.869,2809-1353,,4,3,610,624,0,0.00,0,3,2,"Rental Sinorowedi merupakan bisnis yang bergerak dibidang transportasi dengan layanan jasa. Dalam operasionalnya, Rental Sinorowedi mengalami beberapa kendala yang dihadapi. Masalah tersebut berupa pengecekan ketersediaan kendaraan masih manual dengan pelanggan konfirmasi melalui whatsapp, pembuatan laporan administrasi dan pembayarannya pun masih bersifat manual dengan di catat dalam buku setiap bulannya, Proses pencarian data membutuhkan waktu yang lama. Pengembangan sistem informasi rental pada Rental Sinorowedi ini bertujuan untuk membuat pengembangan sistem yang dapat mengatasi permasalahan tersebut, dengan beberapa fitur yang dibutuhkan yaitu kelola data kendaraan, kelola data customer, laporan peminjaman, integrasi data antar pengguna secara real time. Pengembangan sistem menggunakan metode waterfall dan analisa kelemahan sistem menggunakan metode PIECES. Metode perancangan menggunakan UML (Unifield Modeling Language) dengan use case diagram, activity diagram dan class diagram. Pengembangan sistem ini akan dapat membantu dalam pengelolaan rental pada Rental Sinorowedi.",https://rumahjurnal.or.id/index.php/JEKIN/article/download/869/472,
0,Saikrishna Garlapati,Optimizing ACH Transfers through Workflow Automation: Achieving Seamless and Secure Transaction Processing,2024,International Journal of Innovative Research in Engineering &amp; Multidisciplinary Physical Sciences,International Journal of Innovative Research in Engineering and Multidisciplinary Physical Sciences,https://doi.org/10.37082/ijirmps.v12.i1.232597,,146,2026-05-27 21:10:36,journal-article,10.37082/ijirmps.v12.i1.232597,2349-7300,,12,1,,,0,0.00,0,1,2,"Automated Clearing House (ACH) transfers are widely used and required in the financial industry because of its pivotal role in actualizing innumerable amounts of credit and debit transactions on a daily basis. However, despite the laudable functions of ACH, the traditional processes involved in its operation come with sundry challenges bordering on latency, error possibility, security concerns, as well as lack of adequate transparency in transfers. This paper aims to underscore the significance of employing workflow automation ideals to enhance ACH transfers, using existing technologies including robotic process automation (RPA), artificial intelligence (AI), and blockchain to offer better accuracy, speed, regulatory compliance, and fraud prevention among others. To achieve this, a thorough and exhaustive investigation is conducted on ACH architecture, pinpointing its current challenges, achievable automation processes, demonstration of existing cases, and implementation methods. The paper also discusses the implications of the proposed paradigm shift on security and regulatory compliance – highlighting how higher degrees of transparency can enhance adequate adherence to laws and rules, and ultimately alter how financial transactions are performed.",https://www.ijirmps.org/papers/2024/1/232597.pdf,
0,"Laura Indari, Meilyana Winda Perdana",Sistem  Informasi Penyewaan Mobil  Pada Kedaton Rental Mobil Berbasis Web,2024,Jurnal Cakrawala Akademika,PT. Teman Tugasmu Publisher,https://doi.org/10.70182/jca.v1i4.15,,179,2026-05-27 21:10:36,journal-article,10.70182/jca.v1i4.15,3062-9942,,1,4,1220,1230,0,0.00,0,2,2,"Proses pemesanan mobil di Kedaton Rental Mobil masih dilakukan secara manual dengan mencatat identitas pelanggan dan jenis mobil yang akan dirental oleh costumer di buku sewa, akibatnya sering kehilangan data transaksi yang penting. Penyusunan laporan transaksi penyewaan bagi pimpinan perusahaan menjadi tidak tepat waktu, Maka diperlukan website untuk membuat masyarakat lebih mudah mengetahui dan memudahkan proses penyewaan mobil melalui internet, dan untuk mengelola data penyewaan mobil, seperti mencatat transaksi dan membuat laporan untuk mendapatkan informasi yang tepat sehingga menghasilkan laporan transaksi yang akurat.Metode yang digunakan dalam penelitian ini adalah metode kualitatif. Metode kualitatif merupakan sebuah metode penelitian yang bersifat deskriptif yang memfokuskan pada pemahaman yang mendalam tentang suatu masalah. Dengan adanya sistem ini memudahkan bagi perusahaan untuk mengelola data laporan, harga rental dan memudahkan masyarakat dalam melakukan proses penyewaan mobil.",https://jurnalpustakacendekia.com/index.php/jca/article/download/135/164,
0,"Danu Wahyudi, Sumarno Sumarno",Web-Based Badminton Court Rental Information System,2024,JICTE (Journal of Information and Computer Technology Education),Universitas Muhammadiyah Sidoarjo,https://doi.org/10.21070/jicte.v8i1.1657,,210,2026-05-27 21:10:36,journal-article,10.21070/jicte.v8i1.1657,2541-5107,,8,1,24,30,0,0.00,0,2,2,"Badminton is a popular sport that is loved by many people in various circles of society. The Graha Sentosa meeting and sports hall is one of the many businesses that provides badminton court rentals. However, booking bookings and rental schedules still use conventional methods. This makes the manager work less effectively in recording and as a customer it is also difficult for him to see the available field schedule. The aim of creating this web-based information system is to make it easier for managers to record orders and assist customers in ordering and viewing field schedules. The research method used in developing this information system is the waterfall method. The results of the research article entitled Website-Based Badminton Court Rental Information System (Case Study of the Graha Sentosa Meeting and Sports Hall) are expected to make it easier for managers to record and schedule court rentals. Highlights: A web-based system enhances efficiency by replacing traditional manual booking methods for badminton court rentals. The Waterfall method is used for system development, ensuring structured and sequential progress from requirement gathering to deployment. The system simplifies customer booking processes while improving managerial scheduling and data recording. Keywords: Badminton, Waterfall, Rental, Website, Information Systems",https://jicte.umsida.ac.id/index.php/jicte/article/download/1657/1819,
0,"Filiz Şenyüzlüler, Adil Baykasoglu",Development of web based data-driven recommendation system for house rental via hierarchical fuzzy axiomatic design,2024,Kybernetes,Emerald,https://doi.org/10.1108/k-08-2024-2211,,289,2026-05-27 21:10:36,journal-article,10.1108/k-08-2024-2211,0368-492X,,55,2,1156,1182,0,0.00,0,2,2,"Purpose: In the real estate business, identifying the ideal property for a user poses a difficult task due to the many factors involved in the decision-making process. Moreover, users often struggle to find platforms that facilitate effective communication of their preferences. To tackle this issue, a web-based data-driven recommendation system has been devised for the real estate business. Design/methodology/approach: The process of identifying the most suitable rental property for a user hinges greatly on how the user prioritizes each criterion and the analysis of unstructured data. In this research, a novel recommendation system for house rentals is developed by utilizing the Weighted Hierarchical Fuzzy Axiomatic Design (WFAD) approach. Techniques for extracting pertinent information from unstructured house descriptions are employed. The user’s preferences are captured through an interactive web application equipped with a map feature to highlight key locations. Findings: Data on various available rental properties are gathered using web scraping techniques. The efficacy of the proposed rental house recommendation system is demonstrated through multiple case studies. It is observed that the developed system provides more informed and reliable decisions. Originality/value: First time in the related literature, we applied the weighted fuzzy axiomatic design procedure (WFAD) to the product recommendation problem and developed a comprehensive web-based system for recommending rental houses based on it in the real estate business.",https://www.emerald.com/k/article-pdf/55/2/1156/11202173/k-08-2024-2211en.pdf,
0,"Apriansyah Apriansyah, Khoirunnisa Nabila Sobrina, Dedi Haryanto",Web-Based Coat an Kebaya Rental Information System in Palembang City,2024,Brilliance: Research of Artificial Intelligence,Information Technology and Science (ITScience),https://doi.org/10.47709/brilliance.v4i2.4825,,304,2026-05-27 21:10:36,journal-article,10.47709/brilliance.v4i2.4825,2807-9035,,4,2,609,618,0,0.00,0,3,2,"That study's objective is to develop and develop a web-based information system for renting suits and kebaya in Palembang City. This system is expected to facilitate the process of renting traditional clothing, especially suits and kebayas, for various events and occasions. The system will provide an online platform for customers to browse and select available Suits and Kebayas, make online reservations, and track their rental status. The system will also allow rental service providers to manage inventory, update availability, and accept online payments. The proposed system is expected to boost productivity and effectiveness of the renting procedure, increase customer satisfaction, and increase the competitiveness of rental service providers in Palembang City. The system will be developed using a web-based approach, and its functionality will be evaluated through usability testing and user acceptance testing. Because the information presented basically comes from input data (input), then before entering data you must check the data correctness of data so that the resulting information is appropriate. Prepare hardware and software support whose specifications can support this system well. Perform periodic data back-ups to anticipate undesirable events.  This system cannot only be used for one place. It is hoped that this system can be used in all places or areas where the system is not yet computerized to save time and energy.",https://jurnal.itscience.org/index.php/brilliance/article/download/4825/3670,
0,"Pramoedya Ananta Dzikri, Vihi Atina, Joni Maulindar",Pemodelan Sistem Informasi Rental Playstation Berbasis Web Pada Sanjaya Playstation Menggunakan Metode Waterfall,2024,JEKIN - Jurnal Teknik Informatika,Yayasan Rahmatan Fiddunya Wal Akhirah,https://doi.org/10.58794/jekin.v4i3.939,,315,2026-05-27 21:10:36,journal-article,10.58794/jekin.v4i3.939,2809-1353,,4,3,688,697,0,0.00,0,3,2,"Seperti usaha rental Sanjaya Playstation adalah satu – satunya  dari usaha  rental  yang menyewakan mainan Playstation (PS) yang berlokasi di Jalan Dalangan-Tawangsari Karangasem Kateguhan Tawangsari, Kec. Tawangsari, Kabupaten Sukoharjo. Permasalahan utama dalam usaha rental PlayStation adalah ketidakefisienan data yang hanya ditulis di kertas, menyebabkan risiko kehilangan, kerusakan, kesulitan pencarian, dan kurangnya informasi ketersediaan serta hambatan pemasaran. Solusi yang diajukan adalah sistem rental PlayStation berbasis web yang menyajikan informasi jenis, ketersediaan, dan harga sewa PlayStation di ""Sanjaya Playstation"" secara online. Penelitian ini bertujuan untuk merancang dan mengimplementasikan sistem informasi berbasis web guna meningkatkan efisiensi dan efektivitas operasional di ""Sanjaya Playstation"" Tawangsari, Sukoharjo. Metode penelitian meliputi observasi, wawancara, dan studi literatur, menggunakan metode pengembangan sistem waterfall. Hasil menunjukkan sistem mampu menampilkan jenis PlayStation, menghasilkan kwitansi, memproses penyewaan oleh admin, dan membantu dalam pengelolaan data pelanggan. Sistem ini diharapkan memperluas jangkauan pemasaran dan meningkatkan omset usaha.",https://rumahjurnal.or.id/index.php/JEKIN/article/download/939/495,
0,"Syahrul Fauzi, Andika Prayoga Siswono, Yosef Bernadus Janson Subur, Muhamad Awiet Wiedanto Prasetyo",Integrasi Payment Gateway Dalam Perancagan Website Rental Mobil Pada PT. Patra Transportasi Nusantara,2024,"Proceedings of the National Conference on Electrical Engineering, Informatics, Industrial Technology, and Creative Media",LPPM Institut Teknologi Telkom Purwokerto,https://doi.org/10.20895/centive.v4i1.300,,370,2026-05-27 21:10:36,journal-article,10.20895/centive.v4i1.300,3031-8548,,4,1,919,929,0,0.00,0,4,2,"Perkembangan teknologi informasi telah memudahkan berbagai bidang, termasuk industri penyewaan kendaraan. PT. Patra Transportasi Nusantara, sebuah perusahaan rental mobil, masih menggunakan sistem manual untuk pemesanan dan pembayaran, di mana pelanggan harus menghubungi melalui WhatsApp dan melakukan transfer bank dengan konfirmasi manual. Sistem ini dinilai kurang efisien dan berisiko menimbulkan kesalahan dalam pencatatan transaksi. Penelitian ini bertujuan merancang website rental kendaraan berbasis web yang terintegrasi dengan payment gateway Midtrans, sehingga pelanggan dapat melihat ketersediaan kendaraan secara real-time, melakukan pemesanan, dan menyelesaikan pembayaran secara otomatis melalui e-wallet, atau virtual account. Dengan integrasi payment gateway, proses pembayaran menjadi lebih cepat, aman, dan efisien. Pengembangan sistem ini menggunakan metode waterfall, mulai dari analisis kebutuhan, desain, pengkodean, dan pengujian. Hasil pengujian menunjukkan bahwa semua skenario yang diuji berjalan sesuai harapan, membuktikan bahwa sistem ini berfungsi dengan baik dan dapat diandalkan. Hal ini dapat disimpulkan bahwa aplikasi telah berfungsi sesuai fitur fungsionalitasnya. Kata Kunci: Midtrans, Penyewaan Kendaraan, Blackbox Testing, Payment Gateway",https://conferences.ittelkom-pwt.ac.id/index.php/centive/article/download/300/295,
0,"Rame Santoso, Mohammad Ikhsan Saputro, Achmad Sumbaryadi, Ahmad Ishaq, Toni Sukendar",Perancangan Sistem Informasi Rental Mobil Berbasis Web pada Cakra Buana Tangerang,2024,Jurnal Teknologi Informatika dan Komputer,Lembaga Penelitian dan Pengabdian kepada Masyarakat Universitas Mohammad Husni Thamrin,https://doi.org/10.37012/jtik.v10i1.2092,,497,2026-05-27 21:10:36,journal-article,10.37012/jtik.v10i1.2092,2622-8475,,10,1,214,228,0,0.00,0,5,2,"Saat ini hampir semua kegiatan bisnis dapat dilakukan melalui media internet. Kegitan bisnis secara online akan terus berkembang karena kegiatan bisnis semacam ini mempunyai keunggulan yang tidak dimiliki oleh proses bisnis yang konvensional. Pada proses bisnis konvensional, konsumen atau calon penyewa mobil hanya memperoleh penawaran melalui spanduk / banner. Diharapkan melalui internet, penawaran dapat menjangkau keseluruh Jakarta dan sekitarnya dengan lebih baik. Sistem informasi rental mobil yang akan dikembangkan memanfaatkan jaringan computer dan internet. E-commerce dalam bidang penyewaan mobil sangat dibutuhkan karena semakin berkembangnya teknologi tersebut mengakibatkan semakin berkembang pula persaingan pasar. E-commerce membahas tentang penyewaan mobil pada Cakra Buana Tangerang, dalam hal ini digunakan untuk membuat trsansaksi penyewaan mobil secara online menggunakan sistem komputer yang saling berhubungan melalui jaringan internet. Metode penelitian yang digunakan antara lain teknik pengumpulan data dan model pengembangan sistem. Model pengembangan sistem yang digunakan adalah model Waterfall. Model Waterfall menyediakan pendekatan alur hidup perangkat lunak secara sekuensial. Sistem Informasi diharapkan dapat memproses transaksi penyewaan secara online. Sistem dirancang sebagai media penyewaan mobil secara online kepada masyarakat. Sistem ini dirancang agar mempermudah konsumen dalam melakukan penyewaan mobil serta mengetahui jadwal mobil yang masih kosong. Tampilan yang sederhana setiap form pada halaman ini dapat memudahkan user memahami isi dari website yang digunakan.",https://journal.thamrin.ac.id/index.php/jtik/article/download/2092/pdf,
0,"Tommy Saputra, Mukhlis Febriady, Fatihani Nurqolbiah, Ubaidillah Ubaidillah, Yudha Pratomo",Implementasi CRM dengan Metode Crosselling dan Upselling Berbasis Web untuk Peningkatan Penyewaan Mobil pada Cahaya Rental Mobil,2024,Klik - Jurnal Ilmu Komputer,Universitas Sumatera Selatan,https://doi.org/10.56869/klik.v5i2.618,,554,2026-05-27 21:10:36,journal-article,10.56869/klik.v5i2.618,2774-6151,,5,2,77,85,0,0.00,0,5,2,"Perkembangan dunia usaha yang semakin maju menyebabkan timbulnya persaingan yang semakin ketat. Salah satu cara untuk menjaga kelangsungan hidup perusahaan adalah menjaga hubungan baik dengan pelanggan. Persaingan bisnis yang sangat ketat akan sangat memerlukan langkah-langkah strategis untuk menghadapinya. Adapun kondisi yang terdapat pada cahaya rental mobil antara lain pada proses pemasaran perusahaan masih belum memiliki media online untuk menyampaikan informasi produk yang akan diberikan kepada pelanggan. Dari hasil permasalahan tersebut, maka perlu dilakukan analisis yakni dengan cara melakukan analisa kebutuhan, pengguna dan fasilitas yang dibutuhkan oleh cahaya rental mobil . Berdasarkan hasil analisis permasalahan yang telah dilakukan sebelumnya, maka dapat dirancang suatu perangkat lunak dengan melakukan penerapan sistem customer relationship  management dengan metode crosselling dan upselling berbasis web untuk meningkatkan hubungan baik dengan pelanggan dan dapat membantu dalam pengolahan data sewa serta menampilkan informasi mobil yang dibutuhkan oleh pelanggan.",https://jurnal.uss.ac.id/index.php/klik/article/download/618/301,
0,"Sephvinna Yanurisa Fitrah, Lucky Koryanto, NM Faizah",Development of an Android-Based Camera Rental System Application for Kedai Kamera Depok Using Android Studio Dolphin 2021.3.1 with the Rapid Application Development Method,2024,Journal Mobile Technologies (JMS),Lembaga Mitra Solusi Teknologi Informasi,https://doi.org/10.59431/jms.v2i2.394,,563,2026-05-27 21:10:36,journal-article,10.59431/jms.v2i2.394,2986-478X,,2,2,59,70,0,0.00,0,3,2,"In the contemporary digital landscape, the rental of goods has become a vital service model, driven by demands for accessibility. Kedai Kamera Depok, located in Depok City, Indonesia, is a key provider of camera rental services. However, customers often face significant challenges in accessing reliable information about item availability and specifications. As the business grows, it struggles to market its offerings effectively. This study employs the Rapid Application Development (RAD) methodology, encompassing phases like Requirements Gathering, Design Workshop, and Implementation. Data was collected via structured questionnaires from Kedai Kamera Depok’s customers, ensuring user needs are integrated. The research aims to develop an Android-based reservation system for camera rentals, enabling seamless booking through mobile devices. Designed to enhance customer satisfaction and operational efficiency, this system seeks to address informational gaps and improve service delivery. The findings are expected to contribute to digital transformation in service-oriented businesses, offering a replicable model for similar enterprises facing comparable challenges in localized.",https://journal.msti-indonesia.com/index.php/jms/article/download/394/406,
0,"Iin Istiyah, Nurul Wulandari Putri",Implementation of User Transaction Services Via E-Money Id-Card as a Means of Payment Transactions (Case Study of the Muhammadiyah Zaenab Masykur Islamic boarding school),2024,"International Journal of Economics, Business Management and Accounting (IJEBMA)",PT Multitech Bintang Asia,https://doi.org/10.59890/ijebma.v6i2.2307,,569,2026-05-27 21:10:36,journal-article,10.59890/ijebma.v6i2.2307,3032-6028,,6,2,255,262,0,0.00,0,2,2,"Advances in the financial and banking system in the economy have been able to shift payment methods from using cash to non-cash forms. E-money is currently popular among all groups, including Islamic boarding schools. The aim of this research is to find out how to implement the use of e-money ID-cards at the Zaenab Masykur Islamic boarding school, Adiwerna. This research uses qualitative methods with data sources coming from interviews and observations. The results of this research show that the use of a manual payment system is felt to be less effective so that e-money becomes a solution to simplify transactions, record and report more quickly and practically. The e-money ID-card is included in the open loop category because it functions as a means of payment, it is a chip based registered type because the user's identity and the value of the money in it are recorded on the holder’s card and registerd. Understanding of technology and concerns about system security as well as limitations in the use of T-cards which can only be used in Islamic boarding schools are challenges in using e-money at Islamic boarding school Zaenab Masykur   ",https://journal.multitechpublisher.com/index.php/ijebma/article/download/2307/2382,
0,"Nabil Nabil, Sutan Mohammad Arif, Zikriah Zikriah",Video Conference Rental Business Application Design At Pt. Alfa Copies Android-Based Virtual Technology,2024,Journal of Renewable Engineering,PT. Anagata Sembagi Education,https://doi.org/10.62872/tpe2jq45,,614,2026-05-27 21:10:36,journal-article,10.62872/tpe2jq45,3046-7624,,1,3,1,10,0,0.00,0,3,2,"The purpose of this research is to determine the process of managing device rental data, tenant profiles, tenant transactions, device rental dates, payments, tenant data reports, product and price reports, sales transaction reports, bill payment reports at PT. Alfa Cipta Virtual Technology. The method used to process this activity is a qualitative method (System Life Cycle (SDLC)), namely to design, build, maintain and develop a system. After the author designs, builds and develops a device rental system, finally the author can draw the conclusion that management The device rental business becomes more dynamic and simpler so that it can improve sales and admin sales performance. Making sales transaction reports and tenant data reports is much faster because management can be accessed via an application on a smartphone.",https://nawalaeducation.com/index.php/JORE/article/download/455/527,
0,Agus Heri Yunial,Waterfall Method In Designing A Web-Based Waste Payment Information System (Case Study: Calincing Bukit Valley Housing Rt04/Rw008),2024,Jurnal Inotera,Politeknik Aceh Selatan,https://doi.org/10.31572/inotera.vol9.iss1.2024.id336,,706,2026-05-27 21:10:36,journal-article,10.31572/inotera.vol9.iss1.2024.id336,2581-1274,,9,1,226,232,0,0.00,0,1,2,"Valley Bukit Calincing Housing Exchange RT. 04 RW. 08 Bogor City is a housing complex that requires every resident to pay monthly waste fees. Payment of waste fees is payment of waste fees made by the treasurer who visits residents' homes to collect by giving a payment card to each resident and recording it again in the ledger. For reports, we still use Microsoft Excel. Because payment recording still uses Microsoft Excel, files on the laptop or PC can be lost or even accidentally deleted. Meanwhile, if it is recorded in a book, the book could be damaged/lost. The method that will be applied for this research is using Waterfall which has sequential stages starting from analysis, design, coding, testing and supporting stages, but in this research it only reaches the testing stage. Meanwhile, for the system development method using the OOAD method, a web-based application was created which is the right choice to simplify the treasurer's work in managing and managing waste fee payments. With this system, it can make it easier for residents to pay waste fees on time and reduce residents who like to pay past due dates because they are always reminded via email notifications sent by the treasurer so that the treasurer does not need to come to residents' homes to collect the waste fees. And with this waste fee payment information system, it makes it easier to manage the treasurer's waste fee payment reports.    ",https://inotera.poltas.ac.id/index.php/inotera/article/download/336/258,
0,"Sheva Virtalioka, Dwi Vernanda, Adifa Rifal Nurpazri",PERANCANGAN SISTEM INFORMASI APLIKASI RENTAL MOBIL DENGAN METODE RAPID APPLICATION DEVELOPMENT BERBASIS MOBILE,2024,Jurnal Kecerdasan Buatan dan Teknologi Informasi,CV. Ninety Media Publisher,https://doi.org/10.69916/jkbti.v3i3.89,,713,2026-05-27 21:10:36,journal-article,10.69916/jkbti.v3i3.89,2964-2922,,3,3,90,97,0,0.00,0,3,2,"Di era modern ini, teknologi informasi menjadi sangat penting dalam memberikan solusi inovatif pada industry rental mobil. Untuk memenuhi kebutuhan efisiensi, keamanan dan pengelolaan informasi yang optimal, pengembangan sistem informasi aplikasi rental mobil berbasis mobile merupakan pilihan yang paling penting. Dalam penelitian ini, kami menerapkan metodologi Rapid Application Development (RAD) sebagai pendekatan pengembangan sistem yang memungkinkan proses yang cepat dan dapat direproduksi. Fase penelitian meliputi penilaian kebutuhan, desain sistem, pengembangan aplikasi berbasis prototipe, dan pengumpulan umpan balik pengguna secara berkelanjutan. Data diperoleh melalui wawancara dengan perusahaan rental mobil dan pengguna aplikasi, serta observasi langsung di lapangan. Hasilnya adalah aplikasi berbasis mobile yang memungkinkan pemesanan dan pengelolaan kendaraan secara efisien, meminimalkan kemungkinan penyalahgunaan mobil sewaan dan menjamin keamanan mobil sewaan. Perancangan antarmuka, diagram aliran data, dan perancangan basis data menjadi dasar pengembangan aplikasi ini. Aplikasi baru yang dikembangkan diharapkan dapat berkontribusi dalam memperlancar proses bisnis di industri rental mobil.",https://ojs.ninetyjournal.com/index.php/JKBTI/article/download/89/64,
0,"Farhan Rifanto Hardjanto, Aldi Nugroho, Faridz Hidayat, Muhammad Taufiq Zulfikar",Goods Storage Rental Application (YourStorage) Using the React Native Framework,2024,"Engineering, MAthematics and Computer Science Journal (EMACS)",Universitas Bina Nusantara,https://doi.org/10.21512/emacsjournal.v6i1.10759,,768,2026-05-27 21:10:36,journal-article,10.21512/emacsjournal.v6i1.10759,2686-2573,,6,1,19,25,0,0.00,0,4,2,"The increase in online business today with quite high transactions means that business actors who sell their merchandise through marketplaces need temporary storage space that does not have a place to store goods. Based on this, the aim of this research is to build a goods storage rental application to make it easier for business actors to rent storage space online with flexible time periods. This type of research is quantitative research where the system development method uses SCRUM and the software architecture used is service-oriented (Microservice). The results of this research are in the form of an Android-based mobile application and as many as 75% of business respondents feel that the “YourStorage” application can help, 68.75% (22) of respondents stated that the application could help in controlling where goods are stored and 71.87% (23) of respondents stated that the application could make it easier to store goods according to required size",https://journal.binus.ac.id/index.php/EMACS/article/download/10759/5019,
0,"Fikri Syah Shidqi Muhammad, Isa Faqihuddin Hanif, Saddam Bimar Fauzan, Umar Jazuli, Rio Fauzi, Muhammad Fariz",PENGEMBANGAN PLATFORM WEB RENTAL MOBIL: MENINGKATKAN EFISIENSI DAN PENGALAMAN PENGGUNA DALAM PROSES PENYEWAAN,2024,Journal of Scientech Research and Development,Ikatan Dosen Menulis,https://doi.org/10.56670/jsrd.v6i1.408,,796,2026-05-27 21:10:36,journal-article,10.56670/jsrd.v6i1.408,2715-5846,,6,1,998,1007,0,0.00,0,6,2,"Dalam beberapa tahun terakhir, industri penyewaan mobil telah mengalami perkembangan yang sangat signifikan. Banyak orang yang membutuhkan mobil sewaan untuk berbagai tujuan, seperti perjalanan bisnis, liburan, atau kebutuhan sehari-hari. Namun, dengan perkembangan industri ini, tim kami menghadapi tantangan baru dalam mencari dan memesan sewa mobil yang mudah dan efisien. Oleh karena itu, tujuan dari website rental mobil ini adalah untuk memberikan panduan yang jelas dan rinci bagi tim dalam membangun website rental mobil yang baik dan efektif. Dengan mengembangkan website rental mobil ini, kami berharap dapat memberikan pengalaman yang lebih baik dan lebih efisien bagi calon penyewa mobil. Kami percaya bahwa dengan memanfaatkan teknologi digital, penyewaan mobil dapat menjadi lebih sederhana, transparan, dan mudah diakses oleh semua orang.",https://idm.or.id/JSCR/index.php/JSCR/article/download/408/353,
0,"Saka Nusi Wiandra, Anna Dina Kalifia",Development and Implementation of an Android Application for Camping Equipment Rental at Langit Adventure,2024,International Journal Software Engineering and Computer Science (IJSECS),Lembaga KITA,https://doi.org/10.35870/ijsecs.v4i3.3254,,838,2026-05-27 21:10:36,journal-article,10.35870/ijsecs.v4i3.3254,2776-3242,,4,3,1026,1038,0,0.00,0,2,2,"This study aims to develop and deploy an Android application for camping equipment rental for Langit Adventure. For the rental process that was previously carried out conventionally, this application was created to optimize it and increase efficiency, reduce chaos. Researchers use the Rapid Application Development (RAD) methodology to develop with the integration of rapid development and feedback. The results of the Black Box functional testing have been successfully met. This makes camping equipment rental easier to use and serves as a digital solution that is beneficial to renters and service providers. This application simplifies the management of camping equipment rentals, improves user experience, and provides a practical digital solution for renters and service providers.",https://journal.lembagakita.org/index.php/ijsecs/article/download/3254/2547,
0,"Santhosh Kumar, Sath ish, Kaar thika",House Rental Application: A MERN Stack-Based Solution for Efficient Property Listings and Management,2024,DS Journal of Digital Science and Technology,Dream Science,https://doi.org/10.59232/dst-v3i4p105,,846,2026-05-27 21:10:36,journal-article,10.59232/dst-v3i4p105,2583-5416,,3,4,41,48,0,0.00,0,3,2,,https://www.dsjournals.com/uploads/DST/volume-3/issue-4/DST-V3I4P105.pdf,
33,"Ahmad Taghinezhad-Niar, Javid Taheri","Reliability, Rental-Cost and Energy-Aware Multi-Workflow Scheduling on Multi-Cloud Systems",2023,IEEE Transactions on Cloud Computing,Institute of Electrical and Electronics Engineers (IEEE),https://doi.org/10.1109/tcc.2022.3223869,,144,2026-05-27 21:10:36,journal-article,10.1109/tcc.2022.3223869,2168-7161,,11,3,2681,2692,33,11.00,17,2,3,,http://xplorestaging.ieee.org/ielx7/6245519/10241247/09956841.pdf?arnumber=9956841,
4,"Yingsak Vanpetch, Mahachai Sattayathamrongthian","Correlation between background education, willingness to invest into new technology, and success factors of heavy-duty transportation: crane rental business in Samut Sakhon, Thailand",2023,E3S Web of Conferences,EDP Sciences,https://doi.org/10.1051/e3sconf/202338905021,,427,2026-05-27 21:10:36,journal-article,10.1051/e3sconf/202338905021,2267-1242,,389,,5021,5021,4,1.33,2,2,3,"This research aims to observe and analyze Correlation between Background Education, Willingness to invest into New Technology, and Success Factors of Heavy-Duty Transportation: Crane Rental Business in Samut Sakhon. This research applies the quantitative research method, purposive sampling, the data was collected using reviewed questionnaire. The questionnaire dived into 3 parts: Demographic of the business operators, business background information and perception of the business operators toward future investment. Data collected from 120 crane rental business owner, or management team with least five years-experience in crane renal business. All educational background is positively related. There is no significant correlation between background education and year in business, size of the business and total employee. There is significant correlation between year in business, size of the business and total employee. The respondents agree to invest of all aspect in business. There is significant positive correlation between willingness to invest on human resources management and year in business. There is significant positive correlation between willingness to invest on management technology and total employee.",https://www.e3s-conferences.org/10.1051/e3sconf/202338905021/pdf,
3,"Kenechi Peter Ifeanacho, Idu Robert Egbenta",Application of income capitalization approach for emerging rental income cash flow in Enugu metropolis property market,2023,Property Management,Emerald,https://doi.org/10.1108/pm-05-2022-0037,,834,2026-05-27 21:10:36,journal-article,10.1108/pm-05-2022-0037,0263-7472,,41,3,454,471,3,1.00,2,2,3,Purpose: The purpose of this research is to ascertain the extent to which the income capitalization approach reflects the pattern of emerging rental income in Enugu property market. Design/methodology/approach: The survey research design was used in this study. Data from the field was gathered through a data collection pro forma administered to 40 valuers in Enugu metropolis in the manner of conducting interviews. This study used key valuation details of 54 sampled income generating properties valued by the respondent valuers between 2015 and 2022 using the income capitalization approach. The same sampled properties were then revalued by the researchers using annuity due assumption/formulas of the income capitalization approach. Descriptive and inferential statistics were used to analyze the data. Findings: The study revealed that the income capitalization approach used by most valuers in Enugu does not reflect the property rental income pattern prevailing in Enugu property market where rents are paid in advance. The study further shows that the application of the income capitalization approach for valuation of annually in-advance property rental income cash flow results in a higher capital value of 3.49% in Enugu property market. Research limitations/implications: The limitations to this study are that past valuation done by valuers were used in the analysis instead of actual property sales and a relatively small number of sampled valuers and properties are used in the study The implication of the study is that ordinary annuity assumptions or formulas is inaccurate and not suitable for valuation of income generating property in an emerging market like Nigerian where timing of cash flow is annually in advance. Based on the result of this study it seems that ordinary annuity approach negate the principle of estimating value using income capitalization method by converting future cash flow from income generating property into an estimate of property value. Practical implications: The study advocates the adoption of the use of annuity due formulas in the valuation of income generating properties in Nigeria as its practice standard to avoid undervaluation as this assumption is logical and provides more accurate value due to prevailing lease structure and rent payments patterns in the country. The implication of the study is that the use of ordinary annuity assumptions or formulas is inaccurate and not suitable for the valuation of income generating property in an emerging market like Nigerian where timing of cash flow is annually in advance. Originality/value: This is one of the very few empirical studies carried out in Nigeria to ascertain the extent to which the income capitalization approach used by valuers reflects the rental income pattern that prevails in the Nigeria property market.,https://www.emerald.com/insight/content/doi/10.1108/PM-05-2022-0037/full/html,
2,"Hung-Wei Lee, Che-Chun Lin, I-Chun Tsai",Another application of call options: Explaining the divergence between the housing market and the rental market,2023,Finance Research Letters,Elsevier BV,https://doi.org/10.1016/j.frl.2023.103660,,884,2026-05-27 21:10:36,journal-article,10.1016/j.frl.2023.103660,1544-6123,,53,,103660,103660,2,0.67,1,3,3,,https://api.elsevier.com/content/article/PII:S154461232300034X,
1,"M. Ari Adriansyah, Diana Diana, Anisya Sonita, Muntahanah Muntahanah",Party Equipment Rental Application Using Website-Based Notification,2023,"Jurnal Komputer, Informasi dan Teknologi",Indonesian Journal Publisher,https://doi.org/10.53697/jkomitek.v3i2.1212,,535,2026-05-27 21:10:36,journal-article,10.53697/jkomitek.v3i2.1212,2807-2588,,3,2,,,1,0.33,0,4,3,"This title of this reseach is Application of party Equipment Using Website-Based Notification. Karya Mandiri is one of the businesses engaged in services. Itoffers rental services for various kinds of products for weddings and other events. The problems that exist today are that the recording still uses a manual system, it has not taken advantage of technological sophistication by making consumers rent without having to come to the location.Basides recording the equipment availability is still not well organized. The research method applied was the System Development Life Cycle (SDLC) with the waterfall model method. Waterfall development itself has several stages in its development, including needs analysis, design, development, testing phase, and implementation in the real environment being expected to provide information about equipment rental to prospective tenants. Organized and clear applications are very important in the business world, especially in the rental business.",https://penerbitadm.pubmedia.id/index.php/KOMITEK/article/download/1212/1881,
0,"Avegail L Monteverde, Joshua James S Maderazo, Keyleen Christine M Cruz, NIcko A Magnaye",Web-Based Rental House Smart Finder using Rapid Application Development basis for Evaluation of ISO 205010,2023,International Journal of Metaverse,E-palli,https://doi.org/10.54536/ijm.v1i1.1464,,123,2026-05-27 21:10:36,journal-article,10.54536/ijm.v1i1.1464,2837-2417,,1,1,1,4,0,0.00,0,4,3,"Businesses including the promotion of rental properties, utilized the advantage of using technologies to attract more clients. Most of them use a website to easily advertised their properties online. Hence, there were lots of existing system developed to find hotels and apartments online, without considering other affordable rental houses, such as boarding houses and bed spacers. Aside from that, people in Bansud and Bongabong Oriental Mindoro, can’t easily find a rental house with the reason of lack of details regarding the location of each rental house and couldn’t find an affordable rental house immediately. From that, A Web-Based Rental House Smart Finder using Rapid Application Development basis for Evaluation of ISO 205010 was developed to assist the clients in finding affordable variations of rental houses such as boarding house, dormitories, hotels and others. The system can also provide necessary information of specific rental house properties and even gave an alternative option by providing near rental property listings using kilometer distance. The system can also accept reservation request from the clients. On the other hand, the Rapid Application Development was used in building the project for quick continuous development and testing during the project’s software development lifecycle. The RAD strategy allows to investigate a working model as in front of schedule as could be normal considering the present situation if the frameworks meet the necessities required, and propose imperative changes. The ISO/IEC 25010 software quality standards were applied in the evaluation to determine the functional suitability, performance efficiency, usability, reliability, security, maintainability and portability of the system. The overall mean of the ISO/IEC 25010 evaluation result was 3.67, which was regarded as very effective, indicating that the evaluators were satisfied by giving positive feedback. Some of the evaluators suggested to have a mobile application for accessibility.",https://journals.e-palli.com/home/index.php/ijm/article/download/1464/624,
0,"JengHann Chen, Kuo-Chung Wen, YuTuan Chang",Analysis of the “rental housing subsidy policy” in Taiwan by the transaction costs theory,2023,Journal of Computational Methods in Sciences and Engineering,European Society of Computational Methods in Sciences and Engineering,https://doi.org/10.3233/jcm-226492,,173,2026-05-27 21:10:36,journal-article,10.3233/jcm-226492,1472-7978,,23,2,975,993,0,0.00,0,3,3,"The transaction costs theory has been widely used in all business activities related to “transaction costs” since it was proposed by Ronald Coase in 1937. Before firms choose to enter the market, “transaction costs” will inevitably occur, which affects benefits. The rental housing market is a commercial market, and any external intervention will affect the resource allocation of this industry. This study explores the effects of the subsidies of the “rental housing subsidy policy” in Taiwan on the objectives of the rental housing policy by the transaction costs theory. This empirical study proves that policy objectives cannot be achieved by fixed and equal subsidy models, and expects to provide a basic theoretical framework that can serve as a reference when measuring the application of transaction costs to the policy subsidy model.",https://content.iospress.com/download?id=10.3233/JCM-226492,
0,"Surya Vicharis Halalutu, Irwan Karim, Salman Suleman",APLIKASI PENGELOLAAN RENTAL MOBIL BERBASIS WEB,2023,"SemanTECH (Seminar Nasional Teknologi, Sains dan Humaniora)",Politeknik Gorontalo,https://doi.org/10.30869/semantech.v4i1.1101,,206,2026-05-27 21:10:36,journal-article,10.30869/semantech.v4i1.1101,2964-7363,,4,1,418,425,0,0.00,0,3,3,"Rental mobil Sony merupakan salah satu usaha yang bergerak dibidang sewa jasa, dalam hal ini mobil sebagai objek yang disewakan. Saat ini, di setiap bidang usaha, tentunya memerlukan manajemen dan pengelolaan terhadap hasil dari usaha yang dijalankan. Pada usaha Rental Mobil Sony sendiri, pengelolaan dan manajemen dari hasil penyewaan mobil yang masih dilakukan dengan cara manual. Hal ini masih belum efektif dan efisien bagi Pihak Rental dan Pemilik mobil. Karena dari pencatatan yang masih dilakukan secara tulis tangan, didapati bahwa tidak sinkron data laporan manajemen penghasilan mobil dengan pemberitahuan keluar dan masuknya mobil kepada Pemilik mobil. Dengan demikian, dalam meminimalisir kesalahan tersebut, sistem pengelolaan penghasilan rental juga diperlukan. Pada proyek akhir yang dilakukan oleh Penulis yang menggunakan metode perancangan UML (Unified Modeling Language), dengan demikian diterapkan lah Aplikasi Pengelolaan Rental Mobil Berbasis Web. Harapannya dengan adanya sistem ini, tidak sinkronnya data data antara Pihak Rental dengan Pihak Pemilik Mobil bisa dihindari.",https://jurnal.poltekgo.ac.id/index.php/semantech/article/download/1101/677,
0,"Intan Afriza Malna, Yulian Findawati",Web-based Information System for Climbing Equipment Rental (Case Study of Camp 2 Shop),2023,Procedia of Engineering and Life Science,Universitas Muhammadiyah Sidoarjo,https://doi.org/10.21070/pels.v4i0.1432,,257,2026-05-27 21:10:36,journal-article,10.21070/pels.v4i0.1432,2807-2243,,4,,,,0,0.00,0,2,3,"The business of renting hiking equipment is currently very much loved by entrepreneurs. Due to the fact that the content business generates a lot of rupiah coffers, nowadays many young people are channeling their hobbies to mountain climbing. Regardless of age, there are also many ambitious fathers who take the time to climb. No wonder hiking equipment rentals are selling well at this time.Unfortunately, the rental of hiking equipment is still traditional, namely by coming to the store and choosing the items to be rented, with a system like this it is likely that the items to be rented are empty or are being rented by other tenants. This is quite detrimental to customers who have come all the way and hope that the item they are looking for is there. Not only customers who are harmed here, shop owners will also lose many customers.Therefore, a web-based information system is needed that can be accessed by potential customers, with this information system it is hoped that it can assist customers in renting hiking equipment without manual processes.",https://pels.umsida.ac.id/index.php/PELS/article/download/1432/1032,
0,"Lahmudin Sipahutar, Nursyah Handayani",The Application Development of Online Rental Housing Based Android,2023,International Journal of Computer and Information System (IJCIS),STIE AAS Surakarta,https://doi.org/10.29040/ijcis.v4i3.125,,451,2026-05-27 21:10:36,journal-article,10.29040/ijcis.v4i3.125,2745-9659,,4,3,87,92,0,0.00,0,2,3,"The use of technology and information in the development of a business is very necessary in this day and age, if there is a touch of technology then the business or business can survive and grow for the better. While those who still survive with the manual system will be eroded by the advancement of technology itself, one example of digital business development is the use of digital information systems such as the Marketing of rental houses through the android platform we can promote rental houses in the Medan region, so this system exists rental house owners can market their rental houses through the developed system. This system offers facilities for rental house seekers to rent, as well as house owners, so it is easy to market rental houses so that they can be rented by rental house seekers. This information system provides a clear picture to the rental house seekers in choosing the house they see through the Android Platform according to the tastes and needs of their respective tenants.",https://www.ijcis.net/index.php/ijcis/article/viewFile/125/110,
0,"Khairan Marzuki, Anthony Anggrawan, Helna Wardhana, Lalau Ganda Rady Putra, Canggih Wahyu Rinaldi",Design of Field Rental System on Web-Based Garuda Mataram Badminton Club,2023,JURNAL TEKNIK INFORMATIKA,LP2M Universitas Islam Negeri (UIN) Syarif Hidayatullah Jakarta,https://doi.org/10.15408/jti.v16i1.27927,,564,2026-05-27 21:10:36,journal-article,10.15408/jti.v16i1.27927,2549-7901,,16,1,58,68,0,0.00,0,5,3,"Residents of West Nusa Tenggara, Mataram City, mostly like badminton. GOR Badminton Garuda is a sports building that provides sports field rental services specifically for badminton (badminton) in the city of Mataram. Rental management at the Garuda Badminton Building is still carried out conventionally, namely by manually recording the list of field tenants in the rental book, resulting in difficult data searches and frequent schedule recording errors. In addition, making reports takes a long time because they are still made from rental books. In terms of field reservation, it is also considered less effective because tenants have to come to the field. The solution provided is to create a web-based online field rental information system using the Waterfall method. The results of creating this information system can make it easier for admins to manage rentals and make it easier for the public to get information and field booking services online. Based on Usability testing using the ISO 9126 model, the Field Rental Information System at the Garuda Badminton Sports Hall is in good criteria with a percentage of 83%.",https://journal.uinjkt.ac.id/ti/article/download/27927/pdf,
0,"Nia Komalasari, Ahmad Sopyan, Doni Prasetyo",RANCANG BANGUN APLIKASI SEWA KENDARAAN MOBIL BERBASIS WEB DI CV. MAKMUR JAYA RENTAL MOBIL PADA TAHUN 2023,2023,Jurnal Teknologi Informasi dan Komunikasi,Universitas Nurtanio Bandung,https://doi.org/10.56244/fiki.v13i1.700,,628,2026-05-27 21:10:36,journal-article,10.56244/fiki.v13i1.700,2656-7458,,13,1,42,52,0,0.00,0,3,3,"Transportasi sekarang ini adalah suatu kebutuhan wajib, semua kegiatan sehari-hari memerlukan transportasi. Salah satu moda transportasi adalah mobil, namun tidak semua masyarakat bisa membeli mobil padahal dalam situasi tertentu orang memerlukan mobil, oleh karena itu bisnis sewa kendaraan menjadi solusi untuk memenuhi kebutuhan tersebut. Banyak CV atau perusahaan rental mobil bermunculan yang menimbulkan persaingan bisnis  yang ketat bagi para perusahaan rental mobil. Tujuan penelitian ini adalah untuk menyediakan aplikasi sewa kendaraan mobil berbasis WEB di CV. Makmur Jaya Rental untuk memudahkan pelanggan dan pemilik rental dalam proses sewanya. Saat ini proses penyewaan dan pencatatan laporan masih dilakukan secara konvensional dan manual, yang menyebabkan lambatnya penyampaian informasi dan rentannya data hilang. Oleh karena itu, aplikasi ini menjadi solusi untuk mengatasi permasalahan tersebut. Aplikasi ini berbasis web yang memudahkan masyarakat dalam menyewa kendaraan mobil dan mempercepat pendataan sewa kendaraan secara akurat, efisien, dan aman. Dengan implementasi aplikasi ini laba dan kemajuan CV. Makmur Jaya Rental Mobil jadi lebih meningkat.     Kata kunci: aplikasi sewa mobil, website, php",https://jurnal.unnur.ac.id/index.php/jurnalfiki/article/download/700/839,
0,"Ludwig Fahrmeir, Göran Kauermann, Gerhard Tutz, Michael Windmann",Spatial smoothing revisited: An application to rental data in Munich,2023,Statistical Modelling,SAGE Publications,https://doi.org/10.1177/1471082x231158465,,712,2026-05-27 21:10:36,journal-article,10.1177/1471082x231158465,1471-082X,,23,5,480,494,0,0.00,0,4,3,"Spatial smoothing makes use of spatial information to obtain better estimates in regression models. In particular flexible smoothing with B-splines and penalties, which has been propagated by Eilers and Marx (1996) , provides strong tools that can be used to include available spatial information. We consider alternative smoothing methods in spatial additive regression and employ them for analysing rental data in Munich. The first method applies tensor product P-splines to the geolocation of apartments, measured on a continuous scale through the centroid of the quarter where an apartment is. The alternative approach exploits the neighbourhood structure of districts on a discrete scale, where districts consist of a set of neighbouring quarters. The discrete modelling approach yields smooth estimates when using ridge-type penalties but can also enforce spatial clustering of districts with a homogeneous structure when using Lasso-type penalties.",https://journals.sagepub.com/doi/pdf/10.1177/1471082X231158465,
0,Andini Barata,APPLICATION OF FORCE MAJEURE CLAUSES IN AGREEMENTS BUSINESS RENTAL DURING THE COVID-19 PANDEMIC,2023,Tadulako Social Science and Humaniora Journal,Universitas Tadulako,https://doi.org/10.22487/sochum.v3i2.17391,,771,2026-05-27 21:10:36,journal-article,10.22487/sochum.v3i2.17391,2776-4885,,3,2,38,46,0,0.00,0,1,3,"The development of the COVID-19 pandemic has disrupted various aspects of life, one of which is in terms of agreements where there is a breach of contract because one party cannot fulfill its achievements due to the COVID-19 force majeure. The formulation of the problem in this research is how to apply the COVID-19 force majeure clause in leasing contracts during the pandemic and what the settlement policy is for leasing contracts that occur during the COVID-19 pandemic. This research aims to find out how the force majeure clause is applied in leasing agreements during the COVID-19 pandemic and how to resolve it. This research uses an empirical juridical research method, namely a method used to obtain primary data and find the truth based on facts in the field through interviews with related parties. The results of this research explain that the leasing institution PT. FIF Group Astra Palu City and Sinarmas Multifinance Palu City have not implemented a force majeure clause in the contract with the lessee. The two leading institutions have formed various policies to overcome defaults during the COVID-19 pandemic by referring to the Regulation of the Financial Services Authority of the Republic of Indonesia Number 14/POJK.05/2020 concerning Countercyclical Policies on the Impact of the Spread of Coronavirus Disease 2019 for Non-Bank Financial Services Institutions and continue to pay attention to the precautionary principle that does not harm the lessee or the lessor. This research provides suggestions for leasing institutions to include standard clauses regarding COVID-19 force majeure in written contracts with lessees, and for lessees to be more cooperative in responding to policies issued by leasing institutions.",https://bestjournal.untad.ac.id/index.php/sochum/article/download/17391/12061,
0,"Muh Riandi Widiyantoro, Salahudin Robo, Lora Yuliani Nikijuluw","Soundsystem Rental Information System Design, Web-Based Band Equipment and Bands",2023,Journal of Computer Science and Visual Communication Design,Universitas Nahdlatul Ulama Sidoarjo,https://doi.org/10.55732/jikdiskomvis.v8i1.890,,786,2026-05-27 21:10:36,journal-article,10.55732/jikdiskomvis.v8i1.890,2541-4585,,8,1,243,252,0,0.00,0,3,3," The manual system at Dhira Entertainment results in customer information and transactions only recorded in books or receipts, price errors, data processing irregularities, delays, and misinformation related to reports required in ineffective and efficient data recording. One of the management companies that offers rental services is Dhira Entertainment.  Building a web-based sound system rental information system, band equipment, and bands was the goal of this study. System development using waterfall method, direct observation and literature study are two data collection techniques used. Use case diagrams and class diagrams are used in the system design process. PHP is a programming language used to create and implement information systems, while MYSQL is the database. The development of a web-based band and band equipment rental information system is believed to improve information services and streamline the process of managing rentals, transactions, and reporting at Dhira Entertainment.",https://journal.unusida.ac.id/index.php/jik/article/download/890/619,
7,"Tianwei Yang, Derek Da Huo, Lennon H. T. Choy, K. W. Chau",The Impact of Measurement and Pricing Cost on Rental Transaction Prices – Evidence from the Institutional Rental Housing Market in Beijing,2022,The Journal of Real Estate Finance and Economics,Springer Science and Business Media LLC,https://doi.org/10.1007/s11146-022-09899-9,,163,2026-05-27 21:10:36,journal-article,10.1007/s11146-022-09899-9,0895-5638,,66,1,119,140,7,1.75,2,4,4,,https://link.springer.com/content/pdf/10.1007/s11146-022-09899-9.pdf,
6,"Kehinde Oluseyi Olagunju, Simone Angioloni, Ziping Wu",How has the 2013 decoupled payment reform affected farmland rental values in Northern Ireland?,2022,Land Use Policy,Elsevier BV,https://doi.org/10.1016/j.landusepol.2021.105829,,223,2026-05-27 21:10:36,journal-article,10.1016/j.landusepol.2021.105829,0264-8377,,112,,105829,105829,6,1.50,2,3,4,,https://api.elsevier.com/content/article/PII:S0264837721005524,
6,"Tongwei Qiu, Xianlei Ma, Biliang Luo, S.T. Boris Choy, Qinying He",Land defragmentation in China: does rental transaction inside acquaintance networks matter?,2022,Journal of Applied Economics,Informa UK Limited,https://doi.org/10.1080/15140326.2022.2043720,,496,2026-05-27 21:10:36,journal-article,10.1080/15140326.2022.2043720,1514-0326,,25,1,260,279,6,1.50,1,5,4,,https://www.tandfonline.com/doi/pdf/10.1080/15140326.2022.2043720,
5,"Petr Junga, Radka Smolinská, Tomáš Krulický, Veronika Machová",Evaluation of impact of the Covid-19 pandemic on rental housing prices in the city of Brno between 2020 and 2021,2022,SHS Web of Conferences,EDP Sciences,https://doi.org/10.1051/shsconf/202213201024,,357,2026-05-27 21:10:36,journal-article,10.1051/shsconf/202213201024,2261-2424,,132,,1024,1024,5,1.25,1,4,4,"The aim of the paper is an application of the basic principles in determining rental housing prices and factors that may affect them. In the experimental part, an analysis of rental housing in the city of Brno is performed for the 2020 – 2021 period affected by the covid-19 pandemic. The analysis is processed for individual city districts and divided according to apartment layout. Finally, all outputs are compared and the real estate market development is determined with a focus on the biggest changes and their occurrence.",https://www.shs-conferences.org/10.1051/shsconf/202213201024/pdf,
1,"Saarabi Parkar, Pavitra Venkatraman, Vikrant Pawar, Mrinal Khadse",Secure asset transaction using blockchain,2022,ITM Web of Conferences,EDP Sciences,https://doi.org/10.1051/itmconf/20224403009,,203,2026-05-27 21:10:36,journal-article,10.1051/itmconf/20224403009,2271-2097,,44,,3009,3009,1,0.25,0,4,4,"The current property exchange methodology includes a lot of susceptibilities and people use it to delude the common people and the government. Using blockchain, this project utilises majority consensus to implement secure asset transactions. The main objective behind the implementation of asset transaction using blockchain is to secure property transactions from vulnerabilities and to easily maintain records. The proposed solution aims at avoiding scenarios related to the same property being sold multiple times to different clients. Since very little documentation and record-keeping effort are required, the time required for performing a transaction is also less. The asset transaction will consist of n nodes which will be responsible for verifying a transaction and adding new blocks to the blockchain. The proposed implementation of the secure asset transaction using blockchain thus offers a reduction in manual effort spent in record keeping.",https://www.itm-conferences.org/10.1051/itmconf/20224403009/pdf,
1,"Syifa’ul Hariq, Rony Wijanarko",Sistem Informasi Rental Outdoor Berbasis Web (Studi Kasus Welcome Hiking Outdoor Tegalrejo),2022,Jurnal Informatika dan Rekayasa Perangkat Lunak,Fakultas Teknik Universitas Wahid Hasyim,https://doi.org/10.36499/jinrpl.v4i1.5913,,303,2026-05-27 21:10:36,journal-article,10.36499/jinrpl.v4i1.5913,2685-5518,,4,1,41,41,1,0.25,1,2,4,"Penyewaan adalah sebuah persetujuan dimana sebuah pembayaran dilakukan atas pengguna suatu barang atau properti secara sementara oleh orang lain. seperti penyewaan pada Welcome Hiking Outdoor, dimana sistem penyewaan peralatan outdoor pada welcome hiking outdoor masih kurang efesien karna masih menggunakan sisteme offline, dimana customer harus datang langsung ketempat tanpa tau barang tersedia atau tidak. Selain itu pada Welcome Hiking Outdoor pencatatanya masih manual menggunakan buku sehingga memperlambat kinerja administrator dalam pelaporan serta pengolahan data penyewa. alangkah baiknya dibuatkan sebuah sistem yang terkomputerisasi. sistem rental outdoor pada Welcome Hiking Outdoor akan dibangun menggunakan metode waterfall untuk menyelesaikan permasalahan yang ada. Dengan adanya sistem tersebut diharapkan dapat membantu pihak Welcome Hiking Outdoor dalam mengolah data penyewaan dan juga mempermudah customer dalam perentalan barang.",https://www.publikasiilmiah.unwahas.ac.id/index.php/JINRPL/article/viewFile/5913/pdf,
1,Marko Kryvobokov,Housing rental submarkets in hedonic regression: econometric arguments and practical application,2022,Journal of Housing and the Built Environment,Springer Science and Business Media LLC,https://doi.org/10.1007/s10901-022-09972-y,,756,2026-05-27 21:10:36,journal-article,10.1007/s10901-022-09972-y,1566-4910,,38,2,951,978,1,0.25,1,1,4,,https://link.springer.com/content/pdf/10.1007/s10901-022-09972-y.pdf,
0,"Linda Apriyanti, Meidi Fransisca Siregar, Endi Gozali",SISTEM INFORMASI RENTAL KAMERA BERBASIS WEB (STUDI KASUS SC STUDIO),2022,Jurnal Teknologi Informasi dan Komunikasi,Sekolah Tinggi Manajemen Informatika & Komputer Bandung,https://doi.org/10.58761/jurtikstmikbandung.v12i2.174,,51,2026-05-27 21:10:36,journal-article,10.58761/jurtikstmikbandung.v12i2.174,2722-1482,,12,2,36,42,0,0.00,0,3,4,"Sistem informasi rental kamera adalah sistem yang digunakan untuk memasukkan data transaksi peminjaman kamera ke dalam basis data, sehingga meminimalkan kesalahan dalam penginputan dan memastikan pembuatan laporan yang akurat sesuai dengan data yang diharapkan. Selain fungsi input dan output data, sistem ini juga menyimpan data pelanggan. Dengan adanya sistem informasi ini, diharapkan dapat mengurangi risiko kehilangan data lama yang mungkin diperlukan kembali. Selain itu, sistem ini juga diharapkan dapat mempercepat proses input dan output, yang pada akhirnya akan membantu admin dan pelanggan. Metode penelitian dan pengembangan yang digunakan dalam penelitian ini adalah metode sekuensial linier, dimulai dari komunikasi, perencanaan, pemodelan, konstruksi, hingga implementasi.",https://journal.stmik-bandung.ac.id/index.php/jurnalIT/article/download/26/28,
0,"Linda Apriyanti, Meidi Fransisca Siregar, Endi Gozali",SISTEM INFORMASI RENTAL KAMERA BERBASIS WEB (STUDI KASUS SC STUDIO),2022,Jurnal Teknologi Informasi dan Komunikasi,Sekolah Tinggi Manajemen Informatika & Komputer Bandung,https://doi.org/10.58761/jurtikstmikbandung.v11i2.174,,56,2026-05-27 21:10:36,journal-article,10.58761/jurtikstmikbandung.v11i2.174,2722-1482,,11,2,36,42,0,0.00,0,3,4,"Sistem informasi rental kamera adalah sistem yang digunakan untuk memasukkan data transaksi peminjaman kamera ke dalam basis data, sehingga meminimalkan kesalahan dalam penginputan dan memastikan pembuatan laporan yang akurat sesuai dengan data yang diharapkan. Selain fungsi input dan output data, sistem ini juga menyimpan data pelanggan. Dengan adanya sistem informasi ini, diharapkan dapat mengurangi risiko kehilangan data lama yang mungkin diperlukan kembali. Selain itu, sistem ini juga diharapkan dapat mempercepat proses input dan output, yang pada akhirnya akan membantu admin dan pelanggan. Metode penelitian dan pengembangan yang digunakan dalam penelitian ini adalah metode sekuensial linier, dimulai dari komunikasi, perencanaan, pemodelan, konstruksi, hingga implementasi.",https://journal.stmik-bandung.ac.id/index.php/jurnalIT/article/download/26/28,
0,"Jakaria Jakaria, David David",Penerapan Web Service Pada Aplikasi Sistem Pemesanan Rental Mobil,2022,Jurnal Ilmiah IT CIDA,Sekolah Tinggi Manajemen Informatika dan Komputer Amikom Surakarta,https://doi.org/10.55635/jic.v7i2.143,,159,2026-05-27 21:10:36,journal-article,10.55635/jic.v7i2.143,2477-8125,,7,2,,,0,0.00,0,2,4,"CV.Tritama Rental memiliki kendala dalam proses pemesanan hal ini dikarenakan sistem pemesana masih melaui via What Apps. Tujuan penelitian ini adalah menghasilkan web service pada aplikasi sistem pemesana rental mobil yang dapat dipergunakan untuk membantu memaksimalkan kinerja pelayanan untuk pemesanan, mempermudah dalam melakukan pertukaran data. Bentuk penelitian yang digunakan adalah studi kasus dengan metode DSR (Design Science Research) sebagai metode penelitian dengan tahapan yang ada yaitu : Identify Problem and Motivate, Define Objective of a Solution, Design and Spesification, Implementation, dan Evaluation, sedangkan metode perancangan yang digunakan pada penelitian ini adalah agile ux. Hasil pada penelitian ini yaitu merancang web service pada sistem pemesanan rental mobil pada CV. Tritama Rental, yang dapat membantu bagian administrator dalam melakukan pencatatan pada proses pemesanan mobil, dan mempermudah agar proses pemesanan dapat dilakukan kapan saja. Pemanfaatan web service pada saplikasi sistem pemesanan rental mobil ini diharapkan dapat memiliki kontribusi bagi CV.Tritama Rental agar dapat memberikan kemudahan dalam melakukan pelayanan kepada para calon penyewa mobil dan dapat membantu meningkatkan kemajuan usaha  pada CV.Tritama Rental. Perangkat lunak ini perlu dilakukan pengembangan menjadi lebih baik lagi, karena belum mendukung proses pembayaran menggunakan metode pembayaran elektronik, sehingga perlu dilakukan pengembangan selanjutnya untuk penambahan fitur pada perangkat lunak.",http://journal.amikomsolo.ac.id/index.php/itcida/article/viewFile/143/117,
0,"Wahyu Pramusinto, Muhammad Wishal Fajrul, Subandi Subandi",Implementasi RESTful Web Service Pada Aplikasi Rental Mobil,2022,JURNAL FASILKOM,LPPM Universitas Muhammadiyah Riau,https://doi.org/10.37859/jf.v12i2.3855,,209,2026-05-27 21:10:36,journal-article,10.37859/jf.v12i2.3855,2808-9162,,12,2,69,74,0,0.00,0,3,4,"Saat ini perkembangan teknologi informasi dan internet memberikan kemudahan dalam banyak hal, misalnya saja dalam bidang pendidikan, kesehatan dan e-commerce. Internet merupakan sarana yang efektif untuk media promosi perusahaan. PT. Nizhom Rental Mobil bergerak di bidang usaha rental mobil yang memiliki beberapa mobil untuk disewakan kepada masyarakat umum. Selama ini masyarakat yang ingin menyewa mobil harus datang ke lokasi atau melalui telepon untuk menanyakan ketersediaan mobil. Hal ini cukup merepotkan masyarakat, apalagi jika jenis mobil yang ingin disewa sudah tidak ada. Hal ini bisa diatasi dengan membuat aplikasi penyewaan mobil berbasis Android sehingga informasi ketersediaan mobil selalu update dan masyarakat bisa mengetahui ketersediaan mobil kapanpun. Aplikasi rental mobil ini dibangun menjadi dua bagian yaitu aplikasi web dan aplikasi mobile Android. Aplikasi web digunakan oleh admin untuk managemen mobil dan melihat transaksi penyewaan mobil, sementara aplikasi Android digunakan oleh pengguna yang ingin meminjam mobil. Baik aplikasi web maupun aplikasi android menggunakan database yang sama dan dijembatani oleh RESTful Web Service untuk pertukaran data yang berformat JSON. Berdasarkan hasil pengujian, semua pengujian terkait fungsionalitas sistem dan web service dapat diterima dan berjalan sesuai yang diharapkan.",https://ejurnal.umri.ac.id/index.php/JIK/article/download/3855/1961,
0,Yustina Meisella Kristania,Sistem Informasi Rental Mobil (Si Robi) Berbasis Web Pada Sewa Mobil Sahabat Purwokerto,2022,Indonesian Journal on Software Engineering (IJSE),Universitas Bina Sarana Informatika,https://doi.org/10.31294/ijse.v8i2.12989,,302,2026-05-27 21:10:36,journal-article,10.31294/ijse.v8i2.12989,2714-9935,,8,2,131,137,0,0.00,0,1,4,"Perkembangan teknologi masa kini yang semakin pesat hampir telah merambah segala bidang. Dengan meningkatnya persaingan bisnis diantara pengusaha rental mobil, para pengusaha ini senantiasa melakukan inovasi baru demi meningkatkan kualitas pelayanan usahanya bagi konsumen. Hal tersebut ditunjang dengan adanya perkembangan teknologi informasi yang telah maju pesat. Transaksi pemesanan sewa mobil di Sewa Mobil Sahabat yaitu via telepon atau pelanggan datang langsung ke rental tersebut, tentu saja hal ini membutuhkan waktu yang cukup lama untuk memperoleh informasi mengenai mobil yang disewakan. Proses pengolahan data dan pembuatan laporan juga masih manual dan menyulitkan karyawan karena jumlah data yang banyak sehingga menyebabkan terjadinya keterlambatan dalam mendapatkan informasi yang diinginkan. Berdasarkan masalah tersebut maka penulis ingin membuat sebuah perancangan sistem informasi sewa mobil berbasis web yang memenuhi kebutuhan pelayanan jasa sewa mobil melalui penulisan tugas akhir ini. Perancangan sistem informasi berbasis website ini merupakan solusi terbaik untuk melakukan pengolahan data menjadi informasi dan sebagai media promosi yang lebih luas. Data yang ada dapat diolah secara cepat, tepat dan akurat sehingga menjadi lebih efektif dan efisien. Dengan adanya sistem ini akan mengubah kebiasaan pengelolaan data secara manual menjadi terkomputerisasi yang  tidak membutuhkan waktu yang lama. Inovasi menuju sistem yang terkomputerisasi ini dapat dilakukan dengan membuat website yang menunjang keperluan bisnis yang di jalankan. Kata kunci: Rental, Teknologi, Sistem, Informasi, Website",https://ejournal.bsi.ac.id/ejurnal/index.php/ijse/article/viewFile/12989/5744,
0,"Harpelindo Harpelindo, Safni Marwa, Dedi Gusman",Rancang Bangun Sistem Informasi Reservasi Rental Mobil Berbasis Web Di Kabupaten Kampar (Planning),2022,Innovative: Journal Of Social Science Research,Universitas Pahlawan Tuanku Tambusai,https://doi.org/10.31004/innovative.v2i2.5272,,391,2026-05-27 21:10:36,journal-article,10.31004/innovative.v2i2.5272,2807-4238,,2,2,11,22,0,0.00,0,3,4,"Pesatnya perkembangan teknologi informasi pada era globalisasi, terutama dalam dunia komputer telah mempermudah proses bisnis atau dunia usaha. Teknologi komputer dan internet, memunculkan sistem informasi seperti pemesanan/reservasi dapat dilakukan secara online. Salah satu contohnya adalah sistem informasi reservasi untuk jasa penyewaan mobil atau biasa dikenal dengan rental mobil. Sistem informasi reservasi rental mobil dibuat dengan tampilan berbasis website menggunakan bahasa pemograman PHP dan database MYSQL. Sistem ini menggunakan metodologi waterfall dalam pengembangan system. Keunggulan sistem informasi reservasi rental mobil berbasis website ini yaitu dapat mempermudah pelanggan dalam mendapatkan informasi dan melalukan reservasi rental mobil dengan melalui sebuah website tanpa batasan ruang dan waktu.   Kata Kunci: Sistem Informasi Rental Mobil, Reservasi, Website, PHP, MYSQL.",http://journal.universitaspahlawan.ac.id/index.php/Innovative/article/download/5272/3774,
0,"Dicky Ghifari, Safni Marwa, Beny Setiawan",Rancang Bangun Sistem Informasi Reservasi Rental Mobil Berbasis Web Di Kabupaten Kampar (Programming),2022,Innovative: Journal Of Social Science Research,Universitas Pahlawan Tuanku Tambusai,https://doi.org/10.31004/innovative.v2i2.5270,,413,2026-05-27 21:10:36,journal-article,10.31004/innovative.v2i2.5270,2807-4238,,2,2,23,34,0,0.00,0,3,4,"Pesatnya perkembangan teknologi informasi pada era globalisasi, terutama dalam dunia komputer telah mempermudah proses bisnis atau dunia usaha. Teknologi komputer dan internet, memunculkan sistem informasi seperti pemesanan/reservasi dapat dilakukan secara online. Salah satu contohnya adalah sistem informasi reservasi untuk jasa penyewaan mobil atau biasa dikenal dengan rental mobil. Sistem informasi reservasi rental mobil dibuat dengan tampilan berbasis website menggunakan bahasa pemograman PHP dan database MYSQL. Sistem ini menggunakan metodologi waterfall dalam pengembangan system. Keunggulan sistem informasi reservasi rental mobil berbasis website ini yaitu dapat mempermudah pelanggan dalam mendapatkan informasi dan melalukan reservasi rental mobil dengan melalui sebuah website tanpa batasan ruang dan waktu.   Kata Kunci: Sistem Informasi Rental Mobil, Reservasi, Website, PHP, MYSQL.",http://journal.universitaspahlawan.ac.id/index.php/Innovative/article/download/5270/3775,
0,"Pradiva Widya Anggara, I Nyoman Yudi Anggara Wijaya, Ni Luh Putu Ning Septyarini Putri Astawa",SISTEM INFORMASI RENTAL MOTOR BERBASIS WEB DI BALI SCOOTERS,2022,Jurnal Teknologi Informasi dan Komputer,Universitas Dhyana Pura,https://doi.org/10.36002/jutik.v8i3.2070,,446,2026-05-27 21:10:36,journal-article,10.36002/jutik.v8i3.2070,2528-5211,,8,3,,,0,0.00,0,3,4,"ABSTRACTThis study discusses the design of a web-based motorbike rental information system used in Bali Scooter which allows customers to place orders and find out various updated information ranging from prices and motorbike rental packages that are offered online and can be accessed anywhere, anytime, without must visit the Bali Scooters office. The method used in making this web-based information system is the waterfall method which consists of 4 stages, namely: 1.) Analysis. 2.) Design, 3.) Code, 4.) Testing. Based on the results of the study, it can be concluded that the design in this study discusses the design of a web-based motorbike rental information system that can be used to facilitate work in Bali Scooter properly.Keywords: Information System, Rentals, Motors, Web.ABSTRAKPada penelitian ini membahas tentang rancang bangun sistem informasi rental motor berbasis web yang digunakan di Bali Scooter yang membuat pelanggan bisa melakukan pemesanan dan mengetahui berbagai informasi ter-update mulai dari harga dan paket rental motor yang ditawarkan secara online dan dapat diakses dimanapun, kapanpun, tanpa harus berkunjung ke kantor Bali Scooters. Metode yang digunakan dalam pembuatan sistem informasi berbasis web ini adalah metode waterfall yang terdiri dari 4 tahap yakni: 1.) Analisis,. 2.) Design, 3.) Code, 4.) Testing. Berdasarkan hasil penelitian, dapat disimpulkan bahwa rancang bangun pada penelitian ini membahas tentang rancang bangun sistem informasi rental motor berbasis web dapat digunakan untuk mempermudah pekerjaan di Bali Scooter dengan layak.Kata Kunci: Sistem Informasi, Penyewaan, Sepeda Motor,Web.",https://jurnal.undhirabali.ac.id/index.php/jutik/article/download/2070/pdf,
0,"Marwan M Londol, Hadis B Djapano",Sistem Informasi Pemesanan Tiket Berbasis Web Mobile Pada Rental Mobil CV. Alda Jaya,2022,Jurnal Ilmiah Sistem Manajemen Informatika dan Komputerisasi Akuntansi,Akademi Manajemen Informatika Dan Komputer Luwuk Banggai,https://doi.org/10.55501/jisimka.v5i2.77,,611,2026-05-27 21:10:36,journal-article,10.55501/jisimka.v5i2.77,2623-1956,,5,2,1,5,0,0.00,0,2,4,"Tujuan dari penelitian ini adalah untuk membangun sebuah program pembelian tiket berbasis web mobile untuk CV. ALDA JAYA, agar dapat mempermudah pelanggan dalam melakukan pembelian tiket mobil dan mencegah terjadinya kesalahan-kesalahan dalam pencatatan data pembelian bagi rental itu sendiri. Dalam metode yang penulis ambil adalah metode studi kasus. Dan penulis mengumpulkan data melalui wawancara, dan pemeriksaan dokumen. Hasil penelitian ini adalah penulis dapat membuat suatu sistem atau program aplikasi berbasis web mobile yang membantu pengelola CV. Alda Jaya dalam melakukan pembelian dan publikasi informasi, serta membantu penyebaran informasi secara efektif dan efisien.",https://jurnal.amik-nurmal.ac.id/index.php/ojsdata2018/article/download/77/52,
0,"Firman Eddy, Rivana Gracelia Panjaitan",Student Rental Apartment with Green Architecture Application in Medan City,2022,International Journal of Architecture and Urbanism,Universitas Sumatera Utara,https://doi.org/10.32734/ijau.v6i3.10405,,714,2026-05-27 21:10:36,journal-article,10.32734/ijau.v6i3.10405,2622-1640,,6,3,361,366,0,0.00,0,2,4,"Medan city has become the economic, political, educational, and socio-cultural center in North Sumatra Province. Medan has a variety of religions, cultures, and tribes. The development of education, especially universities, makes Medan one of the goals for students who have completed their education at the high school level. The college will bring students from out of town and within the city. In addition, clothing and residential food become one of the needs of students. Students from out of town will need temporary housing that can be rented during their college education. Accommodation must be tailored to the needs and culture of students. The apartment has become one of the alternative housing for students. Green Architecture is one of the alternatives in designing buildings, where this concept can minimize damage to the environment and building users. The application of energy-saving to structures will positively impact users of the building and the building itself.",https://talenta.usu.ac.id/ijau/article/download/10405/5565,
39,"Xinyi Li, Junichi Ito","An empirical study of land rental development in rural Gansu, China: The role of agricultural cooperatives and transaction costs",2021,Land Use Policy,Elsevier BV,https://doi.org/10.1016/j.landusepol.2021.105621,,333,2026-05-27 21:10:36,journal-article,10.1016/j.landusepol.2021.105621,0264-8377,,109,,105621,105621,39,7.80,20,2,5,,https://api.elsevier.com/content/article/PII:S0264837721003446,
4,"Sarah E. Tione, Stein T. Holden",Nonconvex Transaction Costs and Land Rental Market Participation in Malawi,2021,Land Economics,University of Wisconsin Press,https://doi.org/10.3368/le.98.1.062620-0092r,,88,2026-05-27 21:10:36,journal-article,10.3368/le.98.1.062620-0092r,0023-7639,,98,1,150,164,4,0.80,2,2,5,,https://syndication.highwire.org/content/doi/10.3368/le.98.1.062620-0092R,
3,"Xiaoyao Mu, Chenggang Li",Research on Clothing Rental Model under Sharing Economy,2021,E3S Web of Conferences,EDP Sciences,https://doi.org/10.1051/e3sconf/202125301075,,106,2026-05-27 21:10:36,journal-article,10.1051/e3sconf/202125301075,2267-1242,,253,,1075,1075,3,0.60,2,2,5,"In recent years, the emergence of various clothing rental platforms makes the clothing rental model has been well applied. Based on the premise of the rapid development of sharing economy, this paper discusses the necessity of clothing rental model in the boom of sharing economy. Based on the analysis of the investment scale, profit growth rate, operation mode and industry structure of the garment rental mode, this paper illustrates the problems of this mode in the supply side, transaction cost, health and safety and market positioning, and then puts forward the strategies to solve these problems.",https://www.e3s-conferences.org/10.1051/e3sconf/202125301075/pdf,
2,"Norma Yunita, Rosmawati Rosmawati",Sistem Informasi Rental Mobil Berbasis Web Pada PT Karya Mobil,2021,Simpatik: Jurnal Sistem Informasi dan Informatika,Universitas Bina Sarana Informatika,https://doi.org/10.31294/simpatik.v1i1.410,,224,2026-05-27 21:10:36,journal-article,10.31294/simpatik.v1i1.410,2777-1024,,1,1,53,62,2,0.40,1,2,5,"Di era globalisasi saat ini, kebutuhan akan teknologi informasi menjadi semakin penting dalam kaitannya dengan tujuan informasi, lebih praktis dan lebih efisien untuk mengambil keputusan yang cepat dan akurat. PT Karya Mobil masih menggunakan mekanisme konvensional/manual yang tidak terlalu efektif dalam transaksi penyewaan, mekanisme manual masih terlalu banyak kelemahan, seperti pengolahan data pemesanan yang sering terjadi kesalahan dalam penginputan data mobil. Perancangan sistem penyewaan berbasis web ini adalah solusi untuk mengatasi kendala yang terjadi pada PT Karya Mobil. Untuk metode pengembangan perangkat lunak, penulis menggunakan model waterfall. Aplikasi perancangan web yang digunakan Framework Codeigniter dan untuk bahasa pemrograman menggunakan PHP, HTML, CCSBootsrap, Javascript dan menggunakan database MySQL. sistem yang dibuat oleh penulis dinilai lebih efektif dan efisien dalam memasarkan atau mengenalkan jasa penyewaan mobil dibandingkan dengan proses yang masih manual, sehingga sistem informasi jasa penyewaan mobil dihasilkan lebih optimal.",http://jurnal.bsi.ac.id/index.php/simpatik/article/download/410/281,
2,"Chunlin Xin, Jianwen Zhang, Ziping Wang",Risk strategy analysis for an online rental problem of durable equipment with a transaction cost,2021,Journal of Algorithms &amp; Computational Technology,SAGE Publications,https://doi.org/10.1177/17483026211008411,,817,2026-05-27 21:10:36,journal-article,10.1177/17483026211008411,1748-3018,,15,,,,2,0.40,1,3,5,"This study introduces the second-hand market into the famous ski-rental model, presents an online rental problem of durable equipment with a transaction cost, and designs an optimal deterministic competitive strategy. The traditional competitive analysis is based on the worst-case scenario; hence, its results are too conservative. Even though investors want to manage and control their risks in reality, in some cases, they are willing to undertake higher risk to obtain greater benefits. Considering this situation, this study designs a risk strategy combining the decision makers’ risk tolerance with certain and probabilistic forecasts. Numerical analysis shows that the proposed risk strategy can improve the competitive ratio. This study introduces the idea of risk compensation into traditional competitive analysis and designs strategies for online rental of durable equipment based on forecast. The decision maker selects a strategy according to risk tolerance and forecast. If the forecast is correct, then a reward is obtained; otherwise, the risk is guaranteed to be within the decision maker’s risk tolerance. The optimal restricted ratio, that is, the competitive ratio of a risk strategy, is less than the optimal competitive ratio of a deterministic strategy. Therefore, the performance of the proposed risk strategy is better than a deterministic strategy. At the same time, the risk strategy based on the probabilistic forecast represents an extension of the strategy based on a certain forecast. In other words, the risk strategy based on a certain forecast is a special case of the risk strategy based on the probabilistic forecast.",https://journals.sagepub.com/doi/pdf/10.1177/17483026211008411,
1,"Zhang Yang, Wang Zhiruo, Chen Chang, Dang Xiaoyi, Wu Chengliang, Ning Yanjie",Impact of Web Page House Listing Cues on Internet Rental,2021,Applied Mathematics and Nonlinear Sciences,Walter de Gruyter GmbH,https://doi.org/10.2478/amns.2021.2.00021,,495,2026-05-27 21:10:36,journal-article,10.2478/amns.2021.2.00021,2444-8656,,6,2,483,498,1,0.20,0,6,5,"Abstract: Based on a questionnaire survey combining the stimulus-organism-response (S-O-R) theory with the cues theory, this paper establishes hypotheses and uses partial least squares structural equation modelling (PLS-SEM) to study and analyse the impact of web page house listing cues on Internet rental from the perspective of users. The results indicate that: (1) the relevant cues of Internet renting platforms are effective and worthy of attention, (2) the subjective arousal of the tenants triggers their behavioural changes to a large extent, and (3) the sensitivity of the tenants’ behavioural approaches to their feelings is greater than their purchasing intentions. In the context of the rapid development of the online market, understanding the user's response to target information is essential to promote the optimisation of the Internet rental platform, to improve the efficiency of online housing selection, and to encourage healthy development of the rental housing market.",https://www.sciendo.com/pdf/10.2478/amns.2021.2.00021,
1,"M Supriya, V S Sangeetha, A Subhasini, M Vaishnav",Mobile Application in Rental Batteries for Electronic Vehicles,2021,Journal of Physics: Conference Series,IOP Publishing,https://doi.org/10.1088/1742-6596/1916/1/012187,,717,2026-05-27 21:10:36,journal-article,10.1088/1742-6596/1916/1/012187,1742-6588,,1916,1,12187,12187,1,0.20,0,4,5,"Abstract: People nowadays are more or less familiar with buying and selling batteries. But have not really experienced batteries renting or service systems online. Here we are going to develop an application for the users to get benefits of lending, renting, selling and buying a battery through an application. Also, this application make use of people to rent batteries for various reasons including Electronic Vehicles (EV). This Application contains list of Batteries that are available for the customer, and also acts as a one stop solution for all battery related problems. The Customer has another advantage that they can easily find service centers for batteries nearby. Especially in India, the production rate and Consumers of Electronic Vehicles are fairly increasing each and every day. This Application will create a better impact amongst people and will be a Boon factor for customers.",https://iopscience.iop.org/article/10.1088/1742-6596/1916/1/012187/pdf,
0,"Muhammad Musyahya Abdul Manan, Novita Mariana",SISTEM REKOMENDASI RENTAL ALAT OUTDOOR BERBASIS WEB MENGGUNAKAN METODE LBS,2021,Jurnal Dinamika Informatika,Universitas Stikubank,https://doi.org/10.35315/informatika.v13i1.8426,,254,2026-05-27 21:10:36,journal-article,10.35315/informatika.v13i1.8426,2714-8769,,13,1,23,27,0,0.00,0,2,5,"Di zaman sekarang ini, sektor pariwisata kususnya pendakian gunung sedang mengalami perkembangan yang pesat. Hal ini dibuktikan dengan banyaknya wisatawan lokal maupun mancanegara bewisata ke gunung. Serta peran pemeintah untuk mengembangkan potensi pariwisata pendakian gunung. Untuk mendapatkan alat outdoor bisa dilakukan dengan cara membeli ataupun sewa. Permasalahan ketika mencari rental alat outdoor adalah sulit melihat peta persebaran alat rental outdoor dan tidak bisa mengetahui stok serta respon pemilik rental yang lama. Website Gooutdoor membantu penyewa untuk memberikan rekomendasi rental outdoor. Penyewa dapat melihat peta persebaran rental outdoor, stok dan dapat melakukan sewa menggunakan website gooutdoor. Selain itu website gooutdoor juga dapat membantu pemilik rental untuk mengelola stok item yang sudah disewa, mengelola sewa dan memberikan laporan pendapan",https://www.unisbank.ac.id/ojs/index.php/fti2/article/download/8426/3327,
0,"Iskandar Surdin, Rusfandy Lahia",Sistem Informasi Rental Mobil Berbasis Web Pada CV. Fortune,2021,Jurnal Ilmiah Sistem Manajemen Informatika dan Komputerisasi Akuntansi,Akademi Manajemen Informatika Dan Komputer Luwuk Banggai,https://doi.org/10.55501/jisimka.v4i2.65,,386,2026-05-27 21:10:36,journal-article,10.55501/jisimka.v4i2.65,2623-1956,,4,2,17,24,0,0.00,0,2,5,"Fortune merupakan perusahaan yang bergerak di bidang transportasi penyewaan kendaraan bermobil dan jasa angkutan. Dalam proses bisnis kesehariannya terkhusus pada proses transaksi penyewaan dan pendataannya belum menerapkan sistem terkomputerisasi. Pengelola masih menggunakan buku catatan untuk merekap data transaksi penyewaan pelanggan. Hal ini menjadi sebuah isu keamanan diantaranya memungkinkan data hilang ataupun rusak. Tujuan dari penulisan karya tulis ini adalah untuk merancang dan mengimplementasikan Sistem Informasi Rental Mobil Berbasis Web. Pada perancangannya menggunakan bahasa pemrograman PHP dan MySql sebagai dbmsnya. Metode penelitian yang digunakan penulis dalam penyusunan Karya Tulis Minor ini yaitu metode observasi atau pengamatan secara langsung, Metode Interview atau wawancara dan metode kepustakaan. Untuk menggambarkan sistem yang berjalan, sistem yang diusulkan serta menjelaskan secara detail alur sistem penulis menggunakan visualisasi notasi Unified Modelling Languange (UML) dan untuk menggambarkan desain struktur basis data sistem. Berdasarkan hasil penelitian yang diperoleh dari penerapan Sistem Informasi Rental Mobil Pada CV. Fortune dapat membantu dan memberikan kemudahan pelanggan dalam proses penyewaan kendaraan secara online serta memudahkan pengelola rental untuk melakukan pendataan transaksi penyewaan kendaraan.",https://jurnal.amik-nurmal.ac.id/index.php/ojsdata2018/article/download/65/44,
0,"Hery Dwi Yulianto, Lilis Puspitawati, Raiswati Untsa Mega",Design of Web-Based Futsal Field Rental Accounting Information System in Village-Owned Enterprises,2021,AFRE (Accounting and Financial Review),Universitas Merdeka Malang,https://doi.org/10.26905/afr.v4i2.5995,,447,2026-05-27 21:10:36,journal-article,10.26905/afr.v4i2.5995,2598-7771,,4,2,269,275,0,0.00,0,3,5,"The purpose of this research is to facilitate village-owned enterprises in developing newly initiated businesses, one of which is the rental of a futsal field. From the business process built, members, plan to accelerate the system by utilizing information system technology and comply with financial accounting standards for micro, small, and medium enterprises. To support the manufacture of this system, the method used is the prototype method with the stages of communication, planning, modelling, development, and deployment. Based on the research results by futsal field operators, the level of accounting knowledge is still low, especially accounting knowledge for micro, small and medium entities. To assist and facilitate operators in making financial reports according to standards, the development of a web-based futsal field rental application helps accelerate the business processes of Village-Owned Enterprises, digitally documenting processes, and making financial reports according to financial accounting standards for micro, small and medium enterprises.DOI: https://doi.org/10.26905/afr.v4i2.5995",https://jurnal.unmer.ac.id/index.php/afr/article/viewFile/5995/pdf_1,
0,,Retraction: Mobile Application in Rental Batteries for Electronic Vehicles (J. Phys.: Conf. Ser. 1916 012187),2021,Journal of Physics: Conference Series,IOP Publishing,https://doi.org/10.1088/1742-6596/1916/1/012424,,620,2026-05-27 21:10:36,journal-article,10.1088/1742-6596/1916/1/012424,1742-6588,,1916,1,12424,12424,0,0.00,0,0,5,This article (and all articles in the proceedings volume relating to the same conference) has been retracted by IOP Publishing following an extensive investigation in line with the COPE guidelines. This investigation has uncovered evidence of systematic manipulation of the publication process and considerable citation manipulation.,https://iopscience.iop.org/article/10.1088/1742-6596/1916/1/012424/pdf,
0,"Syerlie Annisa, Yurita Delvianti",Heavy Equipment Rental Schedule Report Application Using Visual Basic.Net and MySQL Database,2021,Knowbase : International Journal of Knowledge in Database,IAIN Bukittinggi,https://doi.org/10.30983/ijokid.v1i2.5096,,860,2026-05-27 21:10:36,journal-article,10.30983/ijokid.v1i2.5096,2797-7501,,1,2,140,140,0,0.00,0,2,5,"The heavy equipment business in Indonesia is again excited in line with the increasing demand for heavy equipment by various sectors such as the mining sector, the agro-industry sector, and the construction sector. PT. Petronesia Benimel is one of the business fields engaged in renting heavy equipment. The management of the heavy equipment rental schedule to other companies has been carried out using a computerized system, namely using the Microsoft Excel application which is still not optimal in integrating, calling and processing data at once. Using these applications independently results in the management of heavy equipment rental reports being constrained because tenant data and rental management are often out of sync. The application uses Visual Basic programming language and MySQL database supported by research and product development methods and waterfall development models. Based on the trial results of using a schedule report application that can make it easier for staff to manage heavy unit rental schedules from various partner companies (stakeholders) so that better reports are obtained.",https://ejournal.iainbukittinggi.ac.id/index.php/ijokid/article/viewFile/5096/pdf,
