Cites,Authors,Title,Year,Source,Publisher,ArticleURL,CitesURL,GSRank,QueryDate,Type,DOI,ISSN,CitationURL,Volume,Issue,StartPage,EndPage,ECC,CitesPerYear,CitesPerAuthor,AuthorCount,Age,Abstract,FullTextURL,RelatedURL
1,"Karuturi Soumya, Karuturi Sai Sharat, Nune Sreenivas",Academic certificate fraud detection by Web-based intelligent access control system: An effective role of Blockchain technology,2026,International Journal of Information Management Data Insights,Elsevier BV,https://doi.org/10.1016/j.jjimei.2025.100386,,67,2026-05-27 21:14:56,journal-article,10.1016/j.jjimei.2025.100386,2667-0968,,6,1,100386,100386,1,1.00,0,3,1,,https://api.elsevier.com/content/article/PII:S2667096825000679,
0,"Hidayatur Romadhan, Mansur Mansur",Web-based Educational Payment Information System using Role-based Access Control Security,2026,SISTEMASI,Universitas Islam Indragiri,https://doi.org/10.32520/stmsi.v15i2.5920,,1,2026-05-27 21:14:56,journal-article,10.32520/stmsi.v15i2.5920,2540-9719,,15,2,624,624,0,0.00,0,2,1,,https://sistemasi.ftik.unisi.ac.id/index.php/stmsi/article/viewFile/5920/1164,
0,Miruthula G,DESIGN OF A ROLE BASED ACCESS CONTROL SYSTEM FOR MULTI USER ENVIRONMENTS,2026,,Wiley,https://doi.org/10.22541/au.177091733.32934837/v1,,18,2026-05-27 21:14:56,posted-content,10.22541/au.177091733.32934837/v1,,,,,,,0,0.00,0,1,1,"Multi-user environments have become an integral part of modern information systems, which include enterprise applications and cloud platforms and healthcare systems and educational portals. The system requires secure access control, which must work efficiently, because multiple users with distinct roles need to access shared resources at the same time. The traditional user-based access control methods become unmanageable because they require more resources to handle increased user and resource demands. The organization faces difficulties because it needs to protect its security standards while stopping unauthorized system entry.",https://www.authorea.com/doi/pdf/10.22541/au.177091733.32934837/v1,
0,"David Fitrianto, Wicaksono Yuli Sulistyo",Penerapan Role-Based Access Control untuk Keamanan Data Multi-Tenant SIMPEL Lazismu,2026,Insect (Informatics and Security): Jurnal Teknik Informatika,"Lembaga Riset dan Inovasi, Universitas Muhammadiyah Sorong",https://doi.org/10.33506/insect.v12i01.5009,,30,2026-05-27 21:14:56,journal-article,10.33506/insect.v12i01.5009,2614-431X,,12,1,1,10,0,0.00,0,2,1,"SIMPEL (Sistem Informasi Manajemen Pelaporan) adalah sistem manajemen dan Pelaporan di Lazismu Daerah Kebumen yang digunakan oleh 23 kantor layanan atau multi enant dengan data yang terpusat di Lazismu Daerah Kebumen. Penelitian ini bertujuan untuk menjaga keamana data dan pembatasan akses antar pengguna yang dikelompokkan dengan kantor layanan. Penggunaan metode Role-Based Access Control (RBAC) bersamaan memungkinan akses data sesuai dengan ketentuan dan aman dalam sistem multi tenant. Penerapan metode ini dibangun diatas framework Laravel dan metode waterfall dalam pengembangan SIMPEL. Hasil pengujian black box yang dilakukan menunjukkan penerapan metode metode Role-Based Access Control (RBAC) berfungsi sesuai dengan spesifikasi dan kebutuhan. Implementasi yang dilakukan menunjukkan keamanan data antar kantor layanan terjaga dan tidak bisa diakses oleh user dengan kantor layanan terkait. Oleh karena itu, penerapan metode Role-Based Access Control (RBAC) pada SIMPEL ini menjadi solusi efektif dalam ekosistem sistem multi tenant di Lazismu Daerah Kebumen.",https://ejournal.um-sorong.ac.id/index.php/insect/article/download/5009/2636,
0,"Hebah I. Abu Kaf, Khair Eddin Sabri, Nadim Obeid",Temporal Defeasible Role–Group–Task Access Control: A Logic-Based Framework for Explainable Authorization,2026,IEEE Access,Institute of Electrical and Electronics Engineers (IEEE),https://doi.org/10.1109/access.2026.3664759,,43,2026-05-27 21:14:56,journal-article,10.1109/access.2026.3664759,2169-3536,,14,,28675,28700,0,0.00,0,3,1,,http://xplorestaging.ieee.org/ielx8/6287639/11323511/11404408.pdf?arnumber=11404408,
0,"Karunamoy Maji, Chittaranjan Mandal, Pabitra Mitra",<scp>ERBAC</scp> : Encrypted Role Based Access Control,2026,SECURITY AND PRIVACY,Wiley,https://doi.org/10.1002/spy2.70222,,117,2026-05-27 21:14:56,journal-article,10.1002/spy2.70222,2475-6725,,9,3,,,0,0.00,0,3,1,"ABSTRACT: Leading enterprises typically choose for a centralized, large‐scale database storage system. Data security is crucial for communication and database preservation. The principal issue is governing unauthorized access to the database. Role‐based access control (RBAC) is a recognized approach for maintaining confidentiality in database systems. Nevertheless, System Administrators (SA) and Database Administrators (DBA) can obtain critical information even within the RBAC architecture. An approach based on encryption has been developed to address this issue. The primary concern is the secure distribution of keys among individuals with shared data access and a group of individuals needing access to shared data, viewed as having a common objective. We have instituted row‐level security (RLS) in database design to establish safe access control, called Encrypted Role‐Based Access Control (ERBAC). Additionally, we deployed Enterprise Resource Planning (ERP) systems, which are essential applications where security concerns are critical. ERBAC integrates effortlessly with an operational ERP system. We offer security, performance analysis, and encrypted query processing for role‐based encrypted data storage when the database contains identical data in many forms.",https://onlinelibrary.wiley.com/doi/pdf/10.1002/spy2.70222,
0,Harris Wang,"A Formalized Zoned Role-Based Framework for the Analysis, Design, Implementation, Maintenance and Access Control of Integrated Enterprise Systems",2026,Computers,MDPI AG,https://doi.org/10.3390/computers15030187,,119,2026-05-27 21:14:56,journal-article,10.3390/computers15030187,2073-431X,,15,3,187,187,0,0.00,0,1,1,"Modern enterprise information systems must simultaneously support complex organizational structures, ensure robust security, and remain scalable and maintainable over time. Traditional Role-Based Access Control (RBAC) models, while effective for permission management, operate primarily as post-design security layers and do not provide a unified methodology for structuring system architecture. This paper introduces the Zoned Role-Based (ZRB) model, a mathematically formalized and comprehensive framework that integrates organizational modeling, system design, implementation, access control, and long-term maintenance. ZRB models an organization as a hierarchy of zones, each containing its own roles, applications, operations, and users, forming a recursive Zone Tree that directly mirrors real organizational semantics. Through formally defined role hierarchies, zone-scoped permission sets, and inter-zone inheritance mappings, ZRB provides a context-aware permission calculus that unifies authentication and authorization across all zones. The paper presents the theoretical foundations of ZRB, a multi-phase engineering methodology for constructing integrated enterprise systems, and a complete implementation architecture with permission inference, navigation design, administrative subsystems, and deployment models. Primary validation and evaluations across several developed systems demonstrate significant improvements in permission accuracy, administrative efficiency, scalability, and maintainability. ZRB thus offers a rigorously defined and practically validated framework for building secure, scalable, and organizationally aligned enterprise information systems.",https://www.mdpi.com/2073-431X/15/3/187/pdf,
0,"K. Anand, Tamilarasi R",Blockchain-Enabled Healthcare Management System Using Role-Based Access Control Smart Contract,2026,2026 IEEE International Conference on Interdisciplinary Approaches in Technology and Management for Social Innovation (IATMSI),IEEE,https://doi.org/10.1109/iatmsi68868.2026.11465899,,180,2026-05-27 21:14:56,proceedings-article,10.1109/iatmsi68868.2026.11465899,,,,,1,6,0,0.00,0,2,1,,http://xplorestaging.ieee.org/ielx8/11465166/11465169/11465899.pdf?arnumber=11465899,
0,"Yudai Okui, Michitoshi Niibori, Masaki Kohana, Shusuke Okamoto, Masaru Kamada",Location-based web access control via short-time passwords broadcast by Bluetooth low energy beacon,2026,International Journal of Grid and Utility Computing,Inderscience Publishers,https://doi.org/10.1504/ijguc.2026.152719,,212,2026-05-27 21:14:56,journal-article,10.1504/ijguc.2026.152719,1741-847X,,17,2,174,194,0,0.00,0,5,1,,http://www.inderscienceonline.com/doi/full/10.1504/IJGUC.2026.152719,
0,"Yongtao Huang, Ayu Tiwari, I-Ling Yen, Farokh Bastani",A Blockchain Aided Resource/Role Hierarchy Based Access Control Framework for Federated Learning,2026,2026 International Conference on Advances in Artificial Intelligence and Machine Learning (AAIML),IEEE,https://doi.org/10.1109/aaiml67890.2026.11498187,,258,2026-05-27 21:14:56,proceedings-article,10.1109/aaiml67890.2026.11498187,,,,,156,161,0,0.00,0,4,1,,http://xplorestaging.ieee.org/ielx8/11498067/11498069/11498187.pdf?arnumber=11498187,
0,"Lavanya S, Akhila P, Tenzin Younten, Vivek M, Balamurugan S",A Real-Time IoT-Enabled Smart Parking Management System with Session Lifecycle Validation and Role-Based Access Control,2026,International Journal For Multidisciplinary Research,International Journal for Multidisciplinary Research (IJFMR),https://doi.org/10.36948/ijfmr.2026.v08i02.75957,,303,2026-05-27 21:14:56,journal-article,10.36948/ijfmr.2026.v08i02.75957,2582-2160,,8,2,,,0,0.00,0,5,1,"Urban parking congestion arises largely from drivers circling for spaces due to absent real-time occupancy data and fragmented reservation systems. Many existing solutions treat IoT-based sensing and web-based booking platforms as independent modules, resulting in state mismatches, race conditions during concurrent bookings, weak gate authentication, and poor revenue traceability. This paper presents the design and implementation of a smart parking management system that combines infrared (IR) sensor-based occupancy detection using NodeMCU (ESP8266) with a Spring Boot backend supporting ACID transactions and finite state machine (FSM)-based session lifecycle modeling. QR-code gate authentication with encrypted time-limited tokens and hierarchical role-based access control (RBAC) are implemented through a React.js frontend. While the IoT sensing layer and web application currently operate with partial integration, the system architecture is designed for tight synchronization between physical slot states and digital records. Prototype evaluation on four instrumented slots demonstrates consistent occupancy detection, atomic booking validation to prevent double allocation, and accurate duration-based revenue computation. The mean synchronization latency measured in the web layer is 712 ms. This work provides a modular foundation toward achieving a fully integrated IoT-web smart parking platform for controlled environments such as university campuses and commercial complexes.",https://www.ijfmr.com/papers/2026/2/75957.pdf,
0,"Waleed K. Abdulraheem, Emad Mohammed Ibbini, Hasan Kanaker, Sami Smadi, Nader Abdel Karim, Hussam N. Fakhouri, Layla Albdour, Sandi Fakhouri",Least-Privilege Role-Based Access Control Improvement for Cloud Container Security,2026,Computers,MDPI AG,https://doi.org/10.3390/computers15050326,,327,2026-05-27 21:14:56,journal-article,10.3390/computers15050326,2073-431X,,15,5,326,326,0,0.00,0,8,1,"Role-Based Access Control (RBAC) is the de-facto mechanism for preserving Kubernetes and other cloud-native container platforms, however real deployments occasionally drift away from the principle of least privilege as clusters, teams, and services improve. This paper introduces an automated RBAC hardening framework that formulates least-privilege policy design as a limited optimization problem over RoleBindings and ClusterRoleBindings. The objective combines (i) a permission-risk score for namespaced and cluster-scoped actions with (ii) an operational complexity term that discourages overly large binding sets. Solid limitations encode functional requirements as well as practical security policies, which includes namespace allowlists, role scoping rules, administrative restrictions on cluster-wide bindings, binding budgets, and separation-of-duty requirements expressed by utilizing capability classes. To allow optimizer-agnostic search while protecting Kubernetes RBAC semantics, we analyze candidate policies by utilizing a unified penalty-based fitness function that compines risk, complexity, and constraint violations into a single scalar value. We utilized ten metaheuristic as a benchmark including baseline search paths on a Kubernetes-inspired instance and report feasibility and least-privilege quality metrics (precision, recall, F1, and over-privilege ratio) parallel to RB/CRB counts and excess risk as a structural indicators. Outcomes present that feasibility is the prime challenge, and is restricted to a subset of optimizers reliably arrives to entirely feasible and compact arrangements within the exact budget, indicating the practicality of metaheuristic enhancement for systematic RBAC reduction in containerized cloud computing environments.",https://www.mdpi.com/2073-431X/15/5/326/pdf,
0,"Yihan Zhang, Lin Zhong",Facial Recognition Access Control System Based on ESP32,2026,2026 9th International Conference on Advanced Algorithms and Control Engineering (ICAACE),IEEE,https://doi.org/10.1109/icaace69793.2026.11508903,,510,2026-05-27 21:14:56,proceedings-article,10.1109/icaace69793.2026.11508903,,,,,1273,1276,0,0.00,0,2,1,,http://xplorestaging.ieee.org/ielx8/11508118/11508625/11508903.pdf?arnumber=11508903,
0,"Sager Mali, Suraj Sarnobat, Tanuja Khot, Komal Pawar, Piyush Sartape",Socifarm Community Module: Design and Implementation of a Public-Private Agricultural Community Platform with Role-Based Access Control,2026,Multidisciplinary Journal of Research in Engineering and Technology,Researcher Connect Innovation and Impact Private Limited and MRI,https://doi.org/10.65521/mjret.v13i1.3111,,565,2026-05-27 21:14:56,journal-article,10.65521/mjret.v13i1.3111,2348-6953,,13,1,163,171,0,0.00,0,5,1,"The agricultural sector globally suffers from the absence of structured community platforms through which farmers, agribusinesses, and agricultural service providers can organize, collaborate, and exchange knowledge within domain-specific groups. This paper presents the design and implementation of the Socifarm Community Module, a purpose-built community subsystem within the Socifarm agricultural networking platform. The module enables any registered user—farmer, company, or shop—to create agricultural communities of two types: Public communities, which any platform user may discover and join freely; and Private communities, which are accessible only through an administrator-issued invitation or an accepted join request. The paper details the community creation workflow, membership management system, role-based access control hierarchy (Creator, Admin, Moderator, Member), join request and invitation lifecycle, content posting and interaction rules per community type, and the technical architecture supporting community operations. The module is evaluated against requirements of access control correctness, scalability, and user experience for rural agricultural users. Results demonstrate that the dual-access-type community model significantly increases both community engagement and content relevance compared to general-purpose social platforms adapted for agriculture.  ",https://journals.mriindia.com/index.php/mjret/article/download/3111/2966,
0,"Ms. Suvarna S. Wakchaure, Mr. Sarthak S. Lolge, Mr. Roshan V. Nagmal, Mr. Sarthak A. Ugale, Mr. Suyash R. Patil",VoteChain: An Integrated Web-Based Framework for Decentralized Institutional Elections with Department-Specific Granular Access Control,2026,International Research Journal on Advanced Engineering Hub (IRJAEH),RSP Science Hub,https://doi.org/10.47392/irjaeh.2026.0440,,943,2026-05-27 21:14:56,journal-article,10.47392/irjaeh.2026.0440,2584-2137,,4,5,3407,3417,0,0.00,0,5,1,"Student elections in academic institutions are essential for promoting leadership, participation, and democratic values among students. However, traditional voting methods, whether manual or basic digital systems, often face issues such as identity fraud, duplicate voting, lack of transparency, and data manipulation. These challenges reduce trust and affect the reliability of election outcomes. To address these limitations, this paper presents VoteChain, a secure and intelligent digital voting platform designed for student council elections. The system integrates Artificial Intelligence (AI), Machine Learning (ML), and a block chain-inspired ledger to ensure a reliable and tamper-resistant voting process. AI-based facial verification is used to authenticate voters and enforce the “one student, one vote” principle. Additionally, machine learning techniques monitor voting activities in real time to detect suspicious behavior. Votes are encrypted and stored in an immutable ledger, ensuring data integrity and security. The system also includes a user-friendly dashboard for monitoring participation and generating results instantly. Experimental results demonstrate improved security, efficiency, and transparency, making VoteChain a robust solution for modern digital elections.",https://irjaeh.com/index.php/journal/article/download/1720/1581,
6,"P. Chinnasamy, B. Subashini, Ramesh Kumar Ayyasamy, Ajmeera Kiran, Binay Kumar Pandey, Digvijay Pandey, Mesfin Esayas Lelisho",Blockchain based electronic educational document management with role-based access control using machine learning model,2025,Scientific Reports,Springer Science and Business Media LLC,https://doi.org/10.1038/s41598-025-99683-5,,218,2026-05-27 21:14:56,journal-article,10.1038/s41598-025-99683-5,2045-2322,,15,1,,,6,6.00,1,7,1,"Abstract: The emergence of digital technology has led to a significant increase in the importance of educational credential storage, exchange, and verification for organisations, enterprises, and universities. Academic record forgery, record misuse, credential data tampering, time-consuming verification procedures, ownership and control difficulties, and other problems plague the education sector. Machine learning (ML) and blockchain, two of the most disruptive methods, have replaced traditional techniques in the education sector with highly technological and efficient ways. Our study aims to propose a novel electronic educational document management technique using a blockchain-based fuzzy feed-forward convolutional temporal neural network that detects malicious users. Here, the training is carried out based on NLP analysis in document word weight indexing. This document management access control is based on role-based access with simulated remora swarm optimisation. In order to identify malicious users, this suggested system logs access requests on the blockchain and authenticated users. The findings demonstrate that this suggested architecture performs as intended in every case. The experimental analysis is based on a malicious user detection dataset regarding Prediction accuracy, Mean average precision, F-measure, Latency, QoS, Contract execution time, and Throughput. Based on dataset feature analysis, the proposed B-FCTNN_SRSO achieved a prediction accuracy of 98%, a mean average precision (MAP) of 95%, and an F1 score of 97%, with a latency of 96%. Additionally, based on blockchain security analysis, the B-FCTNN_SRSO attained a QoS of 97%, a precision of 94%, and a throughput of 96%.",https://www.nature.com/articles/s41598-025-99683-5.pdf,
2,Arun Kumar Akuthota,Role-Based Access Control (RBAC) in Modern Cloud Security Governance: An In-depth Analysis,2025,"International Journal of Scientific Research in Computer Science, Engineering and Information Technology",Technoscience Academy,https://doi.org/10.32628/cseit25112793,,583,2026-05-27 21:14:56,journal-article,10.32628/cseit25112793,2456-3307,,11,2,3297,3311,2,2.00,2,1,1,"This article examines the evolving role of Role-Based Access Control (RBAC) in modern cloud security governance, with particular emphasis on its implementation within SAP Business Technology Platform environments. The article investigates how RBAC has transformed from a traditional access control mechanism into an AI-enhanced security framework capable of addressing contemporary cloud security challenges. Through examination of real-world implementations, the article demonstrates RBAC's effectiveness in reducing security incidents, streamlining administrative processes, and ensuring regulatory compliance. The article explores the integration of artificial intelligence and machine learning capabilities, which have significantly enhanced RBAC's ability to detect and prevent security threats while optimizing role management. Furthermore, the article evaluates the impact of RBAC on organizational efficiency, risk management, and scalability, providing insights into best practices for implementation and future trends in access control systems. Special attention is given to the convergence of RBAC with emerging technologies such as blockchain and zero trust architecture, offering a forward-looking perspective on the evolution of cloud security governance.",https://www.ijsrcseit.com/index.php/home/article/download/CSEIT25112793/CSEIT25112793,
2,"Kanagamalliga S, Rajalingam S, Kannan A, Karthikeyan M",Biometric and IoT Integration for Secure and Remote Door Access Control Using Fingerprint Recognition and GSM Technology,2025,E3S Web of Conferences,EDP Sciences,https://doi.org/10.1051/e3sconf/202561903013,,695,2026-05-27 21:14:56,journal-article,10.1051/e3sconf/202561903013,2267-1242,,619,,3013,3013,2,2.00,1,4,1,"The research focuses on improving the security and convenience of door access control systems through the integration of advanced fingerprint recognition technology with Arduino microcontrollers and the GSM module. The reliability and flexibility of Arduino, coupled with the GSM capabilities of SIM900, are utilized to create a robust and efficient solution. Fingerprints are captured and verified using a fingerprint sensor, ensuring precise and personalized access control. The Arduino board acts as the main controller, processing fingerprint data and enabling communication with the GSM module for remote operation. This innovative setup allows authorized users to remotely lock or unlock doors using their registered fingerprints. Key functionalities of the system include fingerprint enrollment, template matching, secure data transmission, and real-time status monitoring. During enrollment, fingerprints are registered and securely stored in the system’s database. Subsequent scans are matched against these stored templates to determine access. Secure and reliable communication is ensured through encrypted data transmission between the door lock system and users’ mobile devices, facilitated by the GSM module. By combining Arduino, fingerprint recognition, and GSM technology, the research provides an effective solution for enhancing door access control systems. The integration of biometric authentication with remote management features offers a secure and user-friendly method for access control, reducing the dependency on traditional keys or access cards. The research’s DIY and open-source approach encourages innovation and customization, promoting continuous improvement in access control technology within the maker community.",https://www.e3s-conferences.org/10.1051/e3sconf/202561903013/pdf,
1,"A. H. Afolayan, T. M. Onoriode",Web-Based SIWES Logbook System with Secure Authentication and Role-Based Access,2025,"Journal of Science, Technology and Innovation Research",Federal University of Technology Akure,https://doi.org/10.51459/jostir.2025.1.special-issue.059,,40,2026-05-27 21:14:56,journal-article,10.51459/jostir.2025.1.special-issue.059,1118-3896,,1,,,,1,1.00,1,2,1,"The Student Industrial Work Experience Scheme (SIWES) is designed to connect classroom learning with real-world workplace experience across Nigerian universities. A central component of this process is the logbook, which students use to record their daily tasks and on which supervisors rely for evaluation. In many Nigerian institutions, these logbooks are still kept on paper, a familiar practice that often leads to delays, lost records, and other inefficiencies. To address these challenges, this study aims to design and implement a secure, role-based, multi-user, web-enabled SIWES logbook system to streamline documentation, supervision, and evaluation, with the objectives of improving accessibility, enhancing security through authentication, and enabling real-time monitoring for all stakeholders. The system was developed using the Waterfall Software Development Life Cycle (SDLC) and a four-tier architecture comprising a React.js presentation layer, Node.js application layer, MySQL data layer, and a security layer employing Bcrypt for password hashing and JSON Web Tokens (JWT) for stateless authentication, alongside Role-Based Access Control (RBAC) for tailored permissions. A user evaluation with 40 participants at the Federal University of Technology, Akure, demonstrated high usability, security, and adoption: 65% were very satisfied, 72.5% found navigation easy, 57.5% rated the system as very secure, and 95% preferred it over paper-based logbooks. These findings confirm that the proposed system enhances monitoring, ensures data integrity, and provides timely feedback, offering a practical, centralized, and secure alternative to traditional SIWES logbooks.",https://jostir.futa.edu.ng/jostir/article/download/59/48,
1,"Barnaba Bobbili, Charles R, D. Sudha",Multi-Modal Security Integration and Role-Based Access Control for Secure File Management System,2025,2025 International Conference on Intelligent Computing and Control Systems (ICICCS),IEEE,https://doi.org/10.1109/iciccs65191.2025.10985393,,76,2026-05-27 21:14:56,proceedings-article,10.1109/iciccs65191.2025.10985393,,,,,525,531,1,1.00,0,3,1,,http://xplorestaging.ieee.org/ielx8/10982535/10984435/10985393.pdf?arnumber=10985393,
1,"Ke Xu, Bing Zhang, Jingyue Li, Haitao He, Rong Ren, Jiadong Ren",DRacv: Detecting and auto-repairing vulnerabilities in role-based access control in web application,2025,Journal of Network and Computer Applications,Elsevier BV,https://doi.org/10.1016/j.jnca.2025.104191,,98,2026-05-27 21:14:56,journal-article,10.1016/j.jnca.2025.104191,1084-8045,,240,,104191,104191,1,1.00,0,6,1,,https://api.elsevier.com/content/article/PII:S1084804525000888,
1,"Saurabh Verma, Mukta Bhatele, Akhilesh A. Waoo",Advanced security framework for DICOM images using triple watermarking with DWT and SVD for role-based access control,2025,Next Research,Elsevier BV,https://doi.org/10.1016/j.nexres.2025.100524,,244,2026-05-27 21:14:56,journal-article,10.1016/j.nexres.2025.100524,3050-4759,,2,3,100524,100524,1,1.00,0,3,1,,https://api.elsevier.com/content/article/PII:S305047592500394X,
1,"Ahmed I. Taloba, Alanazi Rayan",A privacy preserving medical data management framework using blockchain enabled encrypted role based access control,2025,Scientific Reports,Springer Science and Business Media LLC,https://doi.org/10.1038/s41598-025-30916-3,,246,2026-05-27 21:14:56,journal-article,10.1038/s41598-025-30916-3,2045-2322,,15,1,,,1,1.00,1,2,1,,https://www.nature.com/articles/s41598-025-30916-3.pdf,
1,Vinay Reddy Male,Decoding Role-Based Access Control (RBAC),2025,"International Journal of Scientific Research in Computer Science, Engineering and Information Technology",Technoscience Academy,https://doi.org/10.32628/cseit251112211,,253,2026-05-27 21:14:56,journal-article,10.32628/cseit251112211,2456-3307,,11,1,2082,2090,1,1.00,1,1,1,"This article provides a comprehensive examination of Role-Based Access Control (RBAC) and its significance in modern cybersecurity, particularly within cloud environments. It explores the fundamental concepts of RBAC, including its core principle of assigning access rights based on organizational roles rather than individual users. The article delves into the implementation process, discussing role definition, permission assignment, and user-role association. It highlights the key advantages of RBAC, such as simplified permission management, enhanced security through the principle of least privilege, scalability in dynamic environments, and improved time efficiency in access management. A case study from the healthcare sector illustrates RBAC's practical application, emphasizing its role in maintaining regulatory compliance and efficient operations in complex organizational structures. The article also addresses potential challenges in RBAC implementation, including role explosion and over-permissive access, and provides strategies for overcoming these issues through meticulous planning, regular audits, and ongoing system optimization. By offering insights into both the benefits and challenges of RBAC, this article serves as a valuable resource for organizations seeking to enhance their access control strategies in an increasingly complex digital landscape.",https://ijsrcseit.com/index.php/home/article/download/CSEIT251112211/CSEIT251112211,
1,S.Raghavan,Ontology-Driven Cross-Domain Access Control Framework for Anomaly Detection in Cloud-Based Healthcare System,2025,,Springer Science and Business Media LLC,https://doi.org/10.21203/rs.3.rs-6128795/v1,,536,2026-05-27 21:14:56,posted-content,10.21203/rs.3.rs-6128795/v1,,,,,,,1,1.00,1,1,1,"<title>Abstract</title> <p>To enhance anomaly detection in cloud-based healthcare systems, this study suggests a novel ontology-driven cross-domain access control architecture. The framework ensures data integrity and privacy by utilizing semantic technologies to offer safe, context-aware access across several healthcare domains. The system can dynamically detect anomalous access patterns and react to possible threats in real-time by incorporating machine learning-based anomaly detection techniques. Furthermore, dynamic policy enforcement guarantees that access controls are updated and modified regularly to address changing security threats. The capacity of the suggested framework to ensure adherence to crucial legal requirements like HIPAA and GDPR, promoting a safe and open access control environment, is one of its most notable aspects. In healthcare systems, where patient data is sensitive and needs to be shielded from unwanted access, this is essential. The framework can handle complicated, cross-domain healthcare data while guaranteeing interoperability across different systems thanks to the incorporation of semantic reasoning. The framework obtains a high resilience score of 94.1%, a low false-positive rate of 3.4%, and an anomaly detection rate of 93.7%, according to performance metrics. These outcomes show how well the framework can detect and reduce security risks while preserving high efficiency. The system is a powerful option for dynamic and constantly evolving cloud healthcare environments because of its scalability, adaptability, and ability to safely manage complicated healthcare data. An efficient, scalable, and legal method for protecting cloud-based healthcare systems against changing cybersecurity threats is offered by this study.</p>",https://www.researchsquare.com/article/rs-6128795/v1,
0,Wail Zita,Secure QR Code Login System with Role-Based Access for Web Applications,2025,,Institute of Electrical and Electronics Engineers (IEEE),https://doi.org/10.36227/techrxiv.175616741.16408346/v1,,4,2026-05-27 21:14:56,posted-content,10.36227/techrxiv.175616741.16408346/v1,,,,,,,0,0.00,0,1,1,"Password logins can still be compromised through phishing and replay attacks. This paper introduces a secure QR-code authentication method that works with role-based access control for web apps. It's built using Python Flask. The QR code contains an AES-GCM encrypted JSON Web Token. {sid, uid, role, nonce, iat, exp} with ≤30 s validity. Security hardening includes single-use nonces with server-side replay caches, strict issuer/audience/alg checks, device/IP binding at session issuance, and deny-by-default RBAC with endpoint-level policy checks. We evaluate the system via 10,000 simulated login attempts under heterogeneous network latency and adversarial traffic (phishing pages, token replay, and brute-force probes). Compared to a baseline username/password + TOTP flow, the proposed design reduces mean login time from 4.82 s to 2.35 s (−51.2%), lowers p95 latency from 7.05 s to 3.80 s, and increases authentication throughput by 74.6%. In security tests, phishing success drops from 12% to 0%, replay acceptance from 0.8% to 0%, and unauthorized role escalation from 3 cases to 0. The cryptographic and policy checks add modest overhead (average CPU 16.7%→18.3%). These results indicate that QR-based authentication, when combined with robust RBAC and shortlived, nonce-bound tokens, can simultaneously improve usability and security for modern web applications.",https://www.techrxiv.org/doi/pdf/10.36227/techrxiv.175616741.16408346/v1,
0,"Indra Gamayanto, Michael Christ Kurniawan, Gabriello Klavin Sanyoto",Security Evaluation of Keycloak-Based Role-Based Access Control in Microservice Architectures Using the OWASP ASVS Framework,2025,Journal of Applied Informatics and Computing,Politeknik Negeri Batam,https://doi.org/10.30871/jaic.v9i6.11604,,34,2026-05-27 21:14:56,journal-article,10.30871/jaic.v9i6.11604,2548-6861,,9,6,3964,3973,0,0.00,0,3,1,"The Rocket Car Wash Semarang application operates using a microservice architecture that handles sensitive information such as user identity data, transaction history, and vehicle details. As multiple services interact through authenticated API calls, strong access control is required to protect the system from unauthorized access and privilege escalation. This research evaluates the Keycloak-based Role-Based Access Control (RBAC) implementation by referencing relevant domains of the OWASP Application Security Verification Standard (ASVS) Level 2, specifically V2: Authentication, V3: Session Management, V4: Access Control, and V14: Configuration. The RBAC structure consists of three primary roles—Admin, Owner, and Customer—and the assessment examines the correctness of role–permission mapping and token-based authorization across microservices. The security evaluation was conducted through configuration auditing, API endpoint verification using Postman, JWT token validation, and automated penetration testing using OWASP Zed Attack Proxy (ZAP). The ZAP scan targeted common web vulnerabilities, particularly misconfigurations and weaknesses in HTTP security headers. The results indicate that Keycloak effectively enforces centralized authentication and authorization, with no critical issues such as Broken Access Control identified. However, several non-critical weaknesses were found, including incomplete Content Security Policy (CSP) directives and missing HSTS headers. These findings show that the RBAC implementation meets core ASVS Level 2 controls, while further improvements in security header configuration are required to enhance overall system resilience.",https://jurnal.polibatam.ac.id/index.php/JAIC/article/download/11604/3276,
0,"Jin Hyok Pak, Chol Jin Ma",AGABAC: Implementing and Evaluating an Attribute-Group Access Control Model for Secure Web-Based Spreadsheet Interfaces in Large-Scale e-Government Systems,2025,,Wiley,https://doi.org/10.22541/au.175851927.71637394/v1,,51,2026-05-27 21:14:56,posted-content,10.22541/au.175851927.71637394/v1,,,,,,,0,0.00,0,2,1,"The proliferation of large-scale e-government information systems has introduced complex challenges in securing access to vast and dynamic information resources. A critical trend is the integration of Web-based dynamic data style sheets, such as Web Excel, for flexible data manipulation and reporting. However, implementing granular and efficient access control for these interfaces remains a significant, unaddressed research problem. Traditional and existing attribute-based access control (ABAC) models suffer from administrative overhead due to the explosion of attribute relations (m×n×k) and lack a formal framework for defining permissions on spreadsheet elements (cells, ranges). This paper proposes the Attribute-Group ABAC (AGABAC) model to overcome these limitations. AGABAC introduces a novel attribute-grouping mechanism to minimize policy management costs and a secure authorization proxy framework for decentralized administration. Furthermore, it formalizes access control policies specifically for dynamic spreadsheet operations. We implemented a full prototype and evaluated AGABAC against standard ABAC and RBAC models. Our experimental results demonstrate that AGABAC reduces policy configuration time by over 47% compared to standard ABAC and maintains access decision latency below 15ms under a load of 10,000 concurrent users, proving its efficacy for secure and efficient access control in large-scale environments.",https://www.authorea.com/doi/pdf/10.22541/au.175851927.71637394/v1,
0,"Albert Ramadhan Manik, Dedy Kiswanto, Muhammad Budi Akbar, Jogi Purba","Academic Portal with MFA (WhatsApp OTP via Fonnte), Role-Based Access Control, and Logging System for Network Monitoring",2025,Jurnal Ilmiah Sistem Informasi,Universitas Sains dan Teknologi Komputer,https://doi.org/10.51903/qwz6pt87,,55,2026-05-27 21:14:56,journal-article,10.51903/qwz6pt87,2809-1507,,4,3,674,687,0,0.00,0,4,1,"This study aims to develop a web-based academic portal with a multi-layered security system to enhance data protection and operational efficiency. The system integrates Multi-Factor Authentication (MFA) using WhatsApp OTP via Fonnte, Role-Based Access Control (RBAC), and a user activity logging mechanism to ensure security, transparency, and accountability. Additionally, a web-based security monitoring feature is implemented, allowing administrators to observe user activities in real-time and respond promptly to potential threats. The testing results indicate that the combination of MFA, RBAC, and logging effectively strengthens the system against unauthorized access while improving its stability and reliability. Therefore, the developed system proves to be an effective solution for securing academic data, minimizing security risks, and optimizing the management of educational information.",https://ejurnal.provisi.ac.id/index.php/JUISI/article/download/1316/917,
0,Lina Song,A Hybrid Data Protection Mechanisms Using Attribute Based Encryption and Role Based Access Control Mechanism for Digital Music Classrooms,2025,Journal of Cyber Security and Mobility,River Publishers,https://doi.org/10.13052/jcsm2245-1439.1451,,83,2026-05-27 21:14:56,journal-article,10.13052/jcsm2245-1439.1451,2245-4578,,,,,,0,0.00,0,1,1,"Network Security in Cloud-Based Digital Music Classrooms (NS-CDMC) is a novel architecture that secures critical educational environments. RBAC, fine-grained ABE, dynamic TBAR, secure session creation, data integrity verification, and proactive anomaly-based intrusion detection are used in NS-CDMC. The NS-CDMC model has demonstrated superior performance across critical security metrics compared to several benchmark methods. Key results include an Anomaly Detection Rate (ADR) of 0.96, outperforming other methods and indicating the model’s ability to detect sophisticated threats and insider misuse. The model handles access requests efficiently with an Access Control Decision Latency of 48 ms, comparable to or lower than other benchmark techniques. Additionally, the NS-CDMC model has a substantially lower False Positive Rate (FPR) of 0.03, minimizing unnecessary interruptions and improving operational smoothness in digital music classrooms. Simulations for the NS-CDMC model captured access choices, trust score changes, anomaly scores, and Attribute-Based Encryption (ABE) policy applications. The NS-CDMC security framework provides a secure, real-time, and user-friendly environment for digital music classrooms using ABE, Trust-Based Access Refinement (TBAR), and anomaly detection. ABE restricts content decryption to authorized users based on roles, courses, and instruments. TBAR dynamically adjusts access control based on user trust scores, which reflect behavior in the system.",https://journals.riverpublishers.com/index.php/JCSANDM/article/download/29823/22879,
0,"Lavanya K N, Janakiraman S",Enhancing Security and Efficiency Through Role-Based Access Control in Modern Systems,2025,International Journal For Multidisciplinary Research,International Journal for Multidisciplinary Research (IJFMR),https://doi.org/10.36948/ijfmr.2025.v07i03.47059,,90,2026-05-27 21:14:56,journal-article,10.36948/ijfmr.2025.v07i03.47059,2582-2160,,7,3,,,0,0.00,0,2,1,"Ensuring that sensitive data is secure and accessible at all times is very important, especially in healthcare systems. In this research, HealthChain is proposed, a secure system that uses RBAC, combines ABE with blockchain technology and helps manage electronic health records (EHRs) by decentralization. Defining people’s roles as static and lacking strong audit controls are problems with conventional access control models that make them inefficient and easy to exploit. To address the issues above, HealthChain uses dynamic access control which ensures access is given according to who uses the system and what they are doing right now. Because of blockchain, logging remains unalterable, contracts are managed automatically by smarts and cloud services make it possible to enhance data handling. According to comparisons, using this hybrid strategy supports stronger data privacy, better operations and compliance with laws such as HIPAA and GDPR.",https://www.ijfmr.com/papers/2025/3/47059.pdf,
0,"Jin Hyok Pak, Gyong Il Choe, Un Song Pak, Chol Jin Ma, Guk Jun Ri",AGABAC: Implementing and Evaluating an Attribute-Group Access Control Model for Secure Web-Based Spreadsheet Interfaces in Large-Scale e-Government Systems,2025,,Wiley,https://doi.org/10.22541/au.176098201.10378910/v1,,136,2026-05-27 21:14:56,posted-content,10.22541/au.176098201.10378910/v1,,,,,,,0,0.00,0,5,1,"As e-government systems grow in scale and complexity, securing access to their dynamic information resources has become increasingly difficult. We’ve observed a particular challenge emerging with the widespread adoption of web-based spreadsheet interfaces for data analysis and reporting. While these tools offer valuable flexibility, implementing practical and fine-grained access control for them remains an open problem. Traditional Attribute-Based Access Control (ABAC) models, though flexible in theory, become administratively burdensome in practice due to the combinatorial explosion of attribute relationships (m×n×k). Furthermore, they lack a formal way to define permissions for specific spreadsheet elements like individual cells or ranges. In this paper, we present AGABAC (Attribute-Group ABAC), a new model that addresses these limitations through two key contributions. First, we introduce an attribute-grouping mechanism that dramatically reduces policy management overhead. Second, we’ve created a formalized model specifically designed for controlling access to dynamic spreadsheet operations. To validate our approach, we built a complete prototype and conducted thorough experiments comparing AGABAC against standard ABAC and RBAC models. The results are promising: AGABAC reduced policy configuration time by 47% compared to standard ABAC, while maintaining access decision times under 15ms even with 10,000 concurrent users. These findings suggest that AGABAC offers a practical solution for implementing efficient and secure access control in large-scale e-government systems.",https://www.authorea.com/doi/pdf/10.22541/au.176098201.10378910/v1,
0,"Zeyu Xiao, Kui Jiang, Mingyu Tan, Yongcun Lin",A Web Identity and Attribute Assessment-Based Zero Trust Access Control Model,2025,"2025 18th International Congress on Image and Signal Processing, BioMedical Engineering and Informatics (CISP-BMEI)",IEEE,https://doi.org/10.1109/cisp-bmei68103.2025.11259222,,138,2026-05-27 21:14:56,proceedings-article,10.1109/cisp-bmei68103.2025.11259222,,,,,1,9,0,0.00,0,4,1,,http://xplorestaging.ieee.org/ielx8/11259119/11259122/11259222.pdf?arnumber=11259222,
0,"Ashutosh Gupta, Yuvraj Bhatnagar, Usha Jain",A Secure Blockchain-Based Role-Based Access Control Framework Using Proof of Work and One-Time Tokens for Identity Protection,2025,2025 IEEE 6th India Council International Subsections Conference (INDISCON),IEEE,https://doi.org/10.1109/indiscon66021.2025.11251600,,146,2026-05-27 21:14:56,proceedings-article,10.1109/indiscon66021.2025.11251600,,,,,1,6,0,0.00,0,3,1,,http://xplorestaging.ieee.org/ielx8/11251510/11251524/11251600.pdf?arnumber=11251600,
0,"Sadia Akter, Tahsina Farah Sanam",A Blockchain Framework for Secure Healthcare Data Management Using Role-Based Access Control and Smart Contracts,2025,"2025 International Conference on Electrical, Computer and Communication Engineering (ECCE)",IEEE,https://doi.org/10.1109/ecce64574.2025.11013162,,184,2026-05-27 21:14:56,proceedings-article,10.1109/ecce64574.2025.11013162,,,,,1,6,0,0.00,0,2,1,,http://xplorestaging.ieee.org/ielx8/11012671/11012919/11013162.pdf?arnumber=11013162,
0,"Thomson Mary, Nia Febriyani",Peningkatan Keamanan Sistem Informasi Berbasis Laravel 12 dengan Rate Limiting dan Role-Based Access Control (RBAC),2025,Jurnal Teknologi  Dan Sistem Informasi Bisnis,Universitas Dharma Andalas,https://doi.org/10.47233/jteksis.v7i3.1976,,220,2026-05-27 21:14:56,journal-article,10.47233/jteksis.v7i3.1976,2655-8238,,7,3,473,481,0,0.00,0,2,1,"This study aims to enhance the security of a Laravel  12-based news information system by implementing Rate Limiting and Role-Based Access Control (RBAC). The current website-based information system is vulnerable to hacking and redirection to online gambling sites, indicating serious security weaknesses in the programming. Leveraging the robust capabilities of Laravel  12, this research implements security features such as rate limiting to prevent brute force attacks and RBAC to manage user access rights based on roles. In addition, it utilizes the advanced security features of Spatie Role Permissions in Laravel  12 to achieve layered protection. This is supported by the use of the MariaDB database in conjunction with Laravel 's Spatie Permissions package for more structured permission management. The research method employed is evaluative with a quantitative and descriptive approach, used to measure and analyze the quality of the software code before and after improvements. The results of this study provide a more secure solution for the information system.  ",https://jurnal.unidha.ac.id/index.php/jteksis/article/download/1976/1141,
0,Daisy Sharmah,Integrating Honey Bee Load Balancing Algorithm with Role-Based Access Control in Blockchain Technology to Minimise Response Time in Cloud Computing,2025,Journal of Information Systems Engineering and Management,Science Research Society,https://doi.org/10.52783/jisem.v10i33s.5629,,276,2026-05-27 21:14:56,journal-article,10.52783/jisem.v10i33s.5629,2468-4376,,10,33,702,713,0,0.00,0,1,1,"The RBAC is considered one of the best security mechanisms used in cloud computing to assign roles and grant specific permissions. The implementation of a RBAC mechanism for load balancing can enhance the overall performance of the server. In this paper, we are focusing on the significance of using the RBAC mechanism in the Honey Bee Load Balancing Algorithm to improve the security of the blockchain consortium system. We have proposed an algorithm using the concept of RBAC with Honey Bee Load Balancing Algorithm in Blockchain to minimize the response time in the Cloud computing. The proposed algorithm is simulated using CloudAnalyst and the results of simulation are shown in this paper. We have made a comparison study of our proposed algorithm with other four algorithms in blockchain technology.",https://jisem-journal.com/index.php/journal/article/download/5629/2629,
0,"OLABISI MATEMILAYO DADA, FEMI SAMSON OYEDEPO, KOLAWOLE ABUBAKAR SADIQ, SIKIRU SULIMAN",A HOLISTIC ONLINE RESULT PROCESSING: USING ROLE-BASED ACCESS CONTROL,2025,International Journal of Research in Education Humanities and Commerce,White Wing Publications,https://doi.org/10.37602/ijrehc.2025.6424,,300,2026-05-27 21:14:56,journal-article,10.37602/ijrehc.2025.6424,2583-0333,,6,4,324,340,0,0.00,0,4,1,"The security surrounding Result Processing in an online environment necessitates swift intervention, given the rapidly evolving technology that is now crucial for both students and Staff, as thoroughly examined in this work. Access Control presents serious security risks that require careful attention. Despite numerous researchers discussing various measures to address the overall system, the findings highlight the importance of prioritising data security, integrity, and user experience to uphold academic confidentiality in a digital world. With the transformation in the digital world, educational institutions should endeavour to manage student records effectively while maintaining data security. This work examined the security and safety of student results and transcripts in an online environment. An Agile methodology was employed, which supports Iterative development and flexibility, allowing for constant feedback and quick adjustments to requirements. This approach ensures data integrity, confidentiality, and accessibility. The system is designed to simplify the management of academic records. It has a well-defined interface for administrators, Exam Officers, the Academic Planning Unit, and students, with role-based access control, to ensure a holistic online result processing system that secures authentication and data encryption for non-illegal access and data breaches, which are essential in good system development. This work covers the system's design, implementation, and holistic data security and operational efficiency. The systems that were successfully implemented also indicate that they can be used to meet the needs of educational institutions that are willing to improve their result-processing procedures.",https://ijrehc.com/uploads2025/ijrehc06_147.pdf,
0,"J. Umamageswaran, Anish Shivakumar, Achanta Srinivas Varshith, Prabu M",Developing a More Adaptive and Dynamic Trust Evaluation System Using a Task Role Based Access Control Module (T-RBAC),2025,2025 International Conference on Data Science and Business Systems (ICDSBS),IEEE,https://doi.org/10.1109/icdsbs63635.2025.11031714,,319,2026-05-27 21:14:56,proceedings-article,10.1109/icdsbs63635.2025.11031714,,,,,1,5,0,0.00,0,4,1,,http://xplorestaging.ieee.org/ielx8/11031246/11031251/11031714.pdf?arnumber=11031714,
0,Pratiksha Patil,Design and Performance Analysis of a Secure Multi-User Database with Role- Based Access Control and Audit Trail,2025,International Journal of Innovative Science and Research Technology,International Journal of Innovative Science and Research Technology,https://doi.org/10.38124/ijisrt/25jul1399,,335,2026-05-27 21:14:56,journal-article,10.38124/ijisrt/25jul1399,,,,,2184,2184,0,0.00,0,1,1,"In multi-user database systems, guaranteeing both secure access and traceability is essential. This research introduces a relational database architecture leveraging Role-Based Access Control (RBAC) and comprehensive Audit Logging. Users are classified into Admin, Editor, and Viewer roles, each assigned distinct permissions. Every database operation is recorded to ensure accountability. Through performance tests measuring query latency and storage impact, we find that adding role enforcement and logging results in a minor slowdown—well within acceptable limits for most institutional use cases. This balance makes the system practical for environments demanding both security and transparency.",https://www.ijisrt.com/assets/upload/files/IJISRT25JUL1399.pdf,
0,"Mbark ABOUESSAOUAB, Youssef A. Abi, Anass Khannous, Said Bouchkaren",Adaptive Blockchain Based Access Control ABAC for Secure Cloud Data Access: A Comprehensive Approach,2025,,Springer Science and Business Media LLC,https://doi.org/10.21203/rs.3.rs-7409434/v1,,350,2026-05-27 21:14:56,posted-content,10.21203/rs.3.rs-7409434/v1,,,,,,,0,0.00,0,4,1,"<title>Abstract</title> <p>Cloud computing has become a cornerstone for modern enterprises, offering scalable and on-demand resources. However, its centralized architecture poses significant security challenges, especially concerning data access control and integrity. This paper proposes a novel approach that integrates blockchain technology with Attribute-Based Access Control (ABAC) to improve secure, context-aware data access in the cloud. The proposed solution leverages blockchain’s decentralized, immutable infrastructure to store access policies as smart contracts, providing dynamic and fine-grained access control. A middleware layer facilitates the evaluation of access requests, collecting contextual attributes such as time, location, and device type, which are validated against policies stored on the blockchain. The framework ensures traceability, transparency, and scalability while mitigating vulnerabilities associated with traditional Role-Based Access Control (RBAC) systems. Comparative analysis highlights the advantages of the blockchain-based ABAC system over conventional methods, demonstrating its potential to address evolving cloud security challenges. Furthermore, scenarios illustrating unauthorized and authorized access underline the robustness and functionality of the proposed approach. This work lays the foundation for secure and adaptive cloud environments, advancing the adoption of blockchain-based access control mechanisms.</p>",https://www.researchsquare.com/article/rs-7409434/v1,
0,"Richa Verma, Ravindara Bhatt",Hybrid DCN-transformer framework with role-based access control (RBAC) policy for threats classification in cloud,2025,International Journal of Information Technology,Springer Science and Business Media LLC,https://doi.org/10.1007/s41870-025-02743-2,,361,2026-05-27 21:14:56,journal-article,10.1007/s41870-025-02743-2,2511-2104,,18,1,507,514,0,0.00,0,2,1,,https://link.springer.com/content/pdf/10.1007/s41870-025-02743-2.pdf,
0,"Bello A. Buhari, Afolayan A. Obiniyi, Sahalu B. Junaidu, Armand F. Donfack Kana",Web-based User Authentication and Access Control: An Enhanced Multi-Factor Biometric Cryptographic Scheme Based on Client File and S13 Quantum Key Distribution Protocol,2025,Journal of High-Frequency Communication Technologies,Blue Martin Press,https://doi.org/10.58399/veha6215,,379,2026-05-27 21:14:56,journal-article,10.58399/veha6215,2836-9009,,3,2,315,338,0,0.00,0,4,1,"Several remote user authentication schemes have been proposed using external memory and smart cards. Smart card-based schemes have user mobility and deployment problems, and those based on external memory have a tamper resistance problem. Although Cherbal and Benchetioui’s scheme solved remote authentication problems using Elliptical Curve Cryptography and 2-Factor authentication, they still have not addressed key distribution, perfect forward secrecy, and session hijacking issues. This research proposes an enhanced multi-factor authentication and access control scheme based on the S13 quantum key distribution protocol, using a client file in an external memory. The proposed scheme combines the powers of an enhanced quantum key distribution, a lightweight tamper-resistance client file, and biometrics to overcome these limitations. The security of the proposed scheme was verified, validated, and evaluated against the reviewed scheme using various tools. The AVISPA simulation results showed that the proposed scheme is validated, secure against session hijacking, has a secure key distribution policy, and ensures perfect forward secrecy. The security functionalities analysis shows that the proposed scheme has the highest security index of 13 and is the only scheme that used the tamper-resistance client file in an external memory for the first time. The performance evaluation results showed that the proposed scheme is more efficient than the reviewed scheme with a computation cost of 0.83125s and 0.25902s and a percentage improvement of 48.48% and 73.98% for the respective user and server and a more efficient communication costs of 2112 bits than the reviewed scheme with a percentage improvement of 16.46%.",https://bluemartinpress.com/ojs/index.php/jhct/article/download/78/52,
0,"Omessead Benmbarak, Anis Naanaa, Sadok Elasmi",New Attribute-Based Access Control (ABAC) Based on Skew Tent Map for Secure Decision,2025,,Springer Science and Business Media LLC,https://doi.org/10.21203/rs.3.rs-6558908/v1,,446,2026-05-27 21:14:56,posted-content,10.21203/rs.3.rs-6558908/v1,,,,,,,0,0.00,0,3,1,"<title>Abstract</title> <p>Massive migration and accelerated cloud computing adoption have exacerbated data protection concerns. Most data hosted on the cloud are sensitive, and unauthorized disclosure can lead to identity theft and privacy violations. Traditional access control systems struggle to meet these challenges in the cloud environment, leaving data vulnerable to unauthorized access. Attribute-based access Control (ABAC) models, particularly those defined by NIST, offer enhanced flexibility in access management. However, their implementation often has shortcomings, such as a lack of effective real-time encryption mechanisms and dynamic policies , making them vulnerable to advanced threats. Attribute-based encryption, specifically Ciphertext-Policy Attribute-Based Encryption (CP-ABE), emerges as a promising solution to ensure precise access control and secure data sharing. Nevertheless, CP-ABE must be protected against attacks such as user collusion and attempts at concealment. Furthermore, in the dynamic context of a cloud environment where users are regularly added or removed, it is crucial to ensure the revocation of access rights when users leave the system, preventing them from accessing cloud resources with previously assigned attributes and secret keys. This article presents Chaos-ABAC, a new framework based on a chaotic system that enhances the security and reliability of ABAC models. By integrating dynamic policy authorization and real-time encryption of attribute credentials , Chaos-ABAC ensures existential unforgeability against attacks involving attributes and nonce. A comprehensive security analysis demonstrates that Chaos-ABAC effectively mitigates selective attribute plaintext attacks and preserves user confidentiality. The experimental results further validate its reliability, ease of implementation, and superior performance compared to existing schemes.</p>",https://www.researchsquare.com/article/rs-6558908/v1,
0,Mateus Yonathan,Access-Controlled Semantic Search: Implementing Role-Based Filtering in Vector Databases for Enterprise Document Management,2025,,Springer Science and Business Media LLC,https://doi.org/10.21203/rs.3.rs-7338381/v1,,450,2026-05-27 21:14:56,posted-content,10.21203/rs.3.rs-7338381/v1,,,,,,,0,0.00,0,1,1,"<title>Abstract</title> <p>Vector databases used for semantic search in enterprise environments lack integrated access control mechanisms, creating security gaps when deploying retrieval-augmented generation (RAG) systems. This paper presents a technical approach for implementing role-based access control by embedding access metadata directly in vector database payloads. We formalize access-controlled vector operations and demonstrate their conceptual implementation using Qdrant’s payload filtering capabilities with .NET 9. Our approach enables atomic operations where access control decisions and semantic similarity rankings occur within the same database transaction. The conceptual framework demonstrates feasibility of fine-grained access control for semantic search without requiring separate security systems or application-layer filtering. We position this as an engineering contribution that applies existing database filtering capabilities to enterprise document management rather than a fundamental algorithmic innovation.</p>",https://www.researchsquare.com/article/rs-7338381/v1,
0,Rex Igwe,Lattice-Based Post-Quantum Access Control with Fair Resource Allocation via Convex Optimization,2025,,Springer Science and Business Media LLC,https://doi.org/10.21203/rs.3.rs-7635870/v1,,465,2026-05-27 21:14:56,posted-content,10.21203/rs.3.rs-7635870/v1,,,,,,,0,0.00,0,1,1,"<title>Abstract</title> <p>We present a lattice-based framework for post-quantum access control that integrates fairness-aware resource allocation without compromising cryptographic security. Building on the hardness of Learning with Errors (LWE) and Ring-LWE problems, we introduce a generalized lattice function combined with convex optimization to balance computational efficiency and equitable distribution of cryptographic resources. Formal analysis establishes convergence guarantees for fairness-aware allocation in large-scale systems. Empirical validation across blockchain networks, cloud storage, and smart grid datasets demonstrates a 41.3% reduction in fairness loss and a 39.7% improvement in resource retention accuracy compared with baseline lattice protocols. These results highlight the scalability and robustness of the proposed scheme, providing a mathematically grounded extension of lattice-based cryptography for secure and fair post-quantum infrastructures.</p>",https://www.researchsquare.com/article/rs-7635870/v1,
0,"Kusnana Kusnana, Prayoga Gymnastiar, Beny Riswanto",Analisis Kerentanan Insecure Direct Object Reference (IDOR) dan Broken Access Control pada Aplikasi Invoice Berbasis Web,2025,Digital Transformation Technology,Information Technology and Science (ITScience),https://doi.org/10.47709/digitech.v5i2.6948,,480,2026-05-27 21:14:56,journal-article,10.47709/digitech.v5i2.6948,2807-9000,,5,2,106,114,0,0.00,0,3,1,"Keamanan aplikasi web merupakan aspek krusial dalam melindungi data sensitif pengguna sekaligus menjaga kepercayaan terhadap layanan digital. Seiring meningkatnya pemanfaatan aplikasi berbasis web, risiko serangan siber juga semakin kompleks, terutama terkait kontrol akses dan kerahasiaan data. Penelitian ini bertujuan untuk mengidentifikasi serta menganalisis kerentanan keamanan pada aplikasi invoice berbasis web dengan alamat https://invoice.masdzikry.com. Metode penelitian menggunakan pendekatan eksperimen melalui penetration testing, dengan bantuan Burp Suite untuk melakukan manipulasi permintaan (request), analisis parameter, serta pengujian bypass otorisasi. Hasil pengujian mengungkapkan dua kerentanan utama yang bersifat kritis. Pertama, Insecure Direct Object Reference (IDOR), di mana pengguna biasa dapat mengakses faktur milik pengguna lain hanya dengan memodifikasi parameter id pada endpoint /invoices/{id}. Kedua, Broken Access Control yang disertai dengan Sensitive Data Exposure, ditemukan melalui penyisipan header X-Original-Url yang memungkinkan pengguna tanpa hak istimewa memperoleh akses tidak sah ke halaman administratif serta data sensitif administrator. Kedua temuan ini memiliki tingkat risiko tinggi menurut klasifikasi OWASP, karena berpotensi menyebabkan kebocoran data finansial, penyalahgunaan akses, hingga pengambilalihan akun. Berdasarkan temuan tersebut, penelitian ini merekomendasikan penerapan kontrol otorisasi berbasis peran (Role-Based Access Control), validasi parameter di sisi server, penonaktifan header manipulatif, serta penerapan logging, monitoring, dan audit keamanan secara berkala sesuai dengan standar OWASP Application Security Verification Standard (ASVS). Implementasi langkah-langkah mitigasi ini diharapkan dapat meningkatkan ketahanan aplikasi terhadap ancaman eksploitasi dan memperkuat kepercayaan pengguna terhadap sistem.",https://itscience.org/jurnal/index.php/digitech/article/download/6948/5063,
0,"Satyanarayana Asundi, Sarat Piridi",Enhancing Role-Based Access Control (RBAC) in Dataverse for Secure Enterprise Applications – Analyzing Advanced Security Models and Governance for Power Apps and Dynamics 365 CRM,2025,Journal of Information Systems Engineering and Management,Science Research Society,https://doi.org/10.52783/jisem.v10i41s.9747,,570,2026-05-27 21:14:56,journal-article,10.52783/jisem.v10i41s.9747,2468-4376,,10,41,1214,1224,0,0.00,0,1,1,"The purpose of this research is to enhance Role Based Access Control (RBAC) in Microsoft Dataverse to achieve secure deployment of enterprise application in Power Apps and Dynamics 365 CRM. The study shows this by integrating the integration of an advanced security model such as Authorizing Workflow Task RBAC (AW-TRBAC), AI driven threat detection and dynamic separation of duties to result in dramatic improvements in governance of access, anomaly detection and operational efficiency. The paper presents scalable solutions to the identified limitations of traditional RBAC using quantitative analysis and in the case of real-world enterprise. These results indicate that the RBAC models with enhanced capabilities help strengthen the compliance and data security of business and also allow for flexible and context aware access control to be used for helping the business grow.",https://jisem-journal.com/index.php/journal/article/download/9747/4502,
0,"Chandra Prakash Singh, Rohita Yamagati, Lokendra Singh Umrao",Lightweight Blockchain-Based Access Control for Smart IoT Devices,2025,,Springer Science and Business Media LLC,https://doi.org/10.21203/rs.3.rs-6332530/v1,,646,2026-05-27 21:14:56,posted-content,10.21203/rs.3.rs-6332530/v1,,,,,,,0,0.00,0,3,1,"<title>Abstract</title> <p>Due to the rapid expansion of smart cities, security threats have peaked in the form of cyber security threats especially in the case of IoT based access control system. In general, centralized access control mechanisms are the SOFT SPOTS for breaches of personal data and unauthorized access. This paper presents SecureBlock, a lightweight blockchain based framework to address the above challenges for decentralized and cyber resilient access control in the smart cities. SecureBlock employs hybrid consensus (PBFT + PoA) in order to provide tamper resistant, low latency and scalable authentication for intelligent IoT devices. The key functionality of the framework encompasses four layers: including (1) the IoT Security Layer for the real-time access authentication, (2) the Blockchain Layer for the distributed access logs, (3) the Threat Intelligence Layer for the AI based robust anomaly monitoring and (4) the Smart Contract Layer that deploys Cyber Resilient Smart Contract (CRSC) for the autonomous response to threats. Contrary to the typical Role Based Access Control (RBAC), or centralized OAuth, the SecureBlock authentication is real time, immutable, trustless — and consequently, extremely low risk of spoofing identity and intrusions.Hyperledger Fabric is used for the deployment of the blockchain and Flask &amp; SQLite is used for IoT authentication with Python. The metrics such as authentication latency, transaction throughput (TPS) and energy consumption are analyzed. The results show that SecureBlock can achieve to authenticate up to 50 percent faster than the traditional blockchain models and reduce to up to 30 percent energy consumption. In addition, AI based anomaly detection in CRSC allows for high levels of cyber security with an accuracy greater than 90%. Thus, this research illustrates the application of blockchain in the area of smart cities, as a secure, decentralized and scalable platform to access control and thus resulting in a more cyber resilient smart city. Future work will be to deploy SecureBlock in real world urban environment and integrate machine learning adaptive secure policies into the next generation IoT cyber security for smart cities.</p>",https://www.researchsquare.com/article/rs-6332530/v1,
0,"Ulayya Salmaa Khoirunnisaa, Aditya Akbar Riadi, Evanita Evanita",PENERAPAN METODE ROLE-BASED ACCESS CONTROL PADA APLIKASI CUTI ONLINE DI YAYASAN AL-ACHSANIYYAH UNTUK STAF BERBASIS WEBSITE,2025,JIPI (Jurnal Ilmiah Penelitian dan Pembelajaran Informatika),STKIP PGRI Tulungagung,https://doi.org/10.29100/jipi.v10i4.7084,,710,2026-05-27 21:14:56,journal-article,10.29100/jipi.v10i4.7084,2540-8984,,10,4,4009,4022,0,0.00,0,3,1,"Penerapan teknologi dalam pengelolaan cuti staf merupakan langkah untuk meningkatkan keefektifan administrasi cuti di Yayasan Al-Achsaniyyah. Permasalahan yang dihadapi meliputi proses pengelolaan cuti yang masih manual, rentan terhadap kesalahan, kurangnya transparansi, dan kurang optimal dalam arsip cuti. Penelitian ini bertujuan untuk membuat aplikasi cuti online berbasis website yang menerapkan metode Role-Based Access Control (RBAC) untuk mengatur akses pengguna berdasarkan peran, seperti pimpinan, kepala bagian, dan staf. Pengembangan aplikasi ini meggunakan Framework Laravel 11 dan metode pengembangan sistem model Waterfall. Metode Role-Based Access Control (RBAC) diterapkan melalui middleware untuk memastikan pengelolaan akses yang terstruktur dan sesuai dengan peran masing-masing pengguna. Pengujian sistem dilakukan menggunakan beberaapa pengujian seperti Black Box testing, User Acceptance Testing (UAT), pengujian performa, dan pengujian kompatibilitas. Hasil penelitian ini menunjukkan solusi bahwa aplikasi cuti online di Yayasan Al-Achsaniyyah berbasis website dapat mempercepat proses pengelolaan cuti termasuk meningkatkan transparansi, dan mengurangi kesalahan dalam administrasi cuti. Metode Role-Based Access Control (RBAC) yang diterapkan berhasil memberikan pegaturan akses yang terstruktur. Serta, berdasarkan hasil pengujian User Acceptance Testing (UAT) yang menghasilkan rata-rata 87% dan System Usability Scale (SUS) menghasilkan rata-rata 80% yang menunjukkan bahwa apalikasi ini dapat membantu dan menjadi solusi yang baik untuk pengelolaan cuti di yayasan menjadi lebih efektif.",https://jurnal.stkippgritulungagung.ac.id/index.php/jipi/article/viewFile/7084/3228,
0,Shweta Shirpurkar,A Data Mining–Based Multimodal Biometric Authentication System for Secure Access Control,2025,Anusandhanvallari,Science Research Society,https://doi.org/10.52783/anuval.1461,,742,2026-05-27 21:14:56,journal-article,10.52783/anuval.1461,2229-3388,,,,4425,4430,0,0.00,0,1,1,"The rising need to have safe and trustworthy access control systems has increased the rate at which biometric authentication systems are being adopted. Unimodal biometric systems are however usually plagued with limitations like noise, intra-class variations and spoofing attacks. In order to overcome these obstacles, this paper presents the suggested multimodal biometric authentication system based on data mining; the system combines fingerprint, face, and iris modalities through feature-level and score-level fusion. The evaluation of the system performance based on the conventional measures of biometrics was an experiment based on the following measures: accuracy of authentication, False Acceptance Rate (FAR), False Rejection Rate (FRR), system reliability, and acceptance of the system by its users. Results of the experiment indicate that the suggested multimodal system has a great accuracy of authentication of 98.2% with much lower FAR (0.9) and FRR (1.3) than unimodal systems. Moreover, the system is highly reliable (96.9%) and is well accepted by the users (95.4%), which proves its strength and practicability. The results indicate that the pattern of using a combination of several biometric characteristics plus data mining methods are effective in increasing the security, accuracy, and general system efficiency, which implies the framework of correlation to the actual secure access control systems.",https://psvmkendra.com/index.php/journal/article/download/1461/1246,
0,"Priyanka S. Yengantwar, Ujwal A. Lanjewar",Authentication and Access Control in Fog-IoT Enabled Framework based on Blockchain Technology: A Survey,2025,2025 6th International Conference on IoT Based Control Networks and Intelligent Systems (ICICNIS),IEEE,https://doi.org/10.1109/icicnis66685.2025.11315832,,781,2026-05-27 21:14:56,proceedings-article,10.1109/icicnis66685.2025.11315832,,,,,228,232,0,0.00,0,2,1,,http://xplorestaging.ieee.org/ielx8/11315170/11315492/11315832.pdf?arnumber=11315832,
0,"Saranya R, Suresh G",AI-Driven Dynamic Access Control for IoT Devices at the Edge: A Trust-based Approach,2025,,Springer Science and Business Media LLC,https://doi.org/10.21203/rs.3.rs-6757754/v1,,834,2026-05-27 21:14:56,posted-content,10.21203/rs.3.rs-6757754/v1,,,,,,,0,0.00,0,2,1,<title>Abstract</title> <p>The challenge of Internet of Things data management has grown considerably since recent times which make its security establishment especially problematic. The complex nature of IoT data security occurs because IoT environments feature diverse dynamic elements. The solution of these security challenges necessitates using sophisticated machine learning along with deep learning algorithms. Part of delivering IoT security consists of giving the correct authorization to devices that meet specified requirements. The proposed work presents a trust based dynamic access control protocol for IoT devices at the edge which uses AI-driven algorithms for operation. The system can monitor device conduct over time and current analysis to determine trust levels which then allows it to modify access permissions automatically for security improvement. Research performs an analysis of the proposed methodology to verify its ability to prevent unauthorized system entry while safeguarding data integrity in IoT networks. Several tests ran in an IoT emulation platform simulated different attack sequences that included invasive access attempts and device intrusions. The experimental testing showed that attack detection reliability increased substantially through the replacement of traditional static access control approaches. Under the trust based model attackers had better detection results because it proved more efficient at differentiating between both legitimate and malicious activities than traditional controls.</p>,https://www.researchsquare.com/article/rs-6757754/v1,
0,"Federico M. Grino, Erika M. Abellar, Jessel M. Cagmat, Cristemi F. Lasco","A Secure Role-Based Access Control Framework for Employee Plantilla Management System in the Local Government Unit of Magallanes, Agusan del Norte",2025,2025 International Conference on Emerging Technologies and Innovation for Sustainability (EmergIN),IEEE,https://doi.org/10.1109/emergin67762.2025.11450678,,883,2026-05-27 21:14:56,proceedings-article,10.1109/emergin67762.2025.11450678,,,,,23,29,0,0.00,0,4,1,,http://xplorestaging.ieee.org/ielx8/11450550/11450562/11450678.pdf?arnumber=11450678,
0,"Amrita Jakaraddi, Chandan G Y, Charith B R, Chinmayi C, Jyothi S K",Real-Time Fingerprint-based Access Control System for Examination Security,2025,2025 6th International Conference on IoT Based Control Networks and Intelligent Systems (ICICNIS),IEEE,https://doi.org/10.1109/icicnis66685.2025.11315822,,909,2026-05-27 21:14:56,proceedings-article,10.1109/icicnis66685.2025.11315822,,,,,540,545,0,0.00,0,5,1,,http://xplorestaging.ieee.org/ielx8/11315170/11315492/11315822.pdf?arnumber=11315822,
0,"Sabarish Manivannan, Sahidhyan D, Ashmi R, Sathya Priya S",An AI-Assisted Web Vulnerability Scanner for Server Side Request Forgery and Broken Access Control Detection,2025,2025 Second International Conference on Networks and Soft Computing (ICNSoC),IEEE,https://doi.org/10.1109/icnsoc66817.2025.00054,,929,2026-05-27 21:14:56,proceedings-article,10.1109/icnsoc66817.2025.00054,,,,,240,244,0,0.00,0,4,1,,http://xplorestaging.ieee.org/ielx8/11344070/11344079/11344167.pdf?arnumber=11344167,
0,"Farbod Zorriassatine, Abdallah Naser, Ahmad Lotfi",Intelligent Gait-based Access Control System,2025,2025 IEEE Symposium on Computers and Communications (ISCC),IEEE,https://doi.org/10.1109/iscc65549.2025.11325934,,980,2026-05-27 21:14:56,proceedings-article,10.1109/iscc65549.2025.11325934,,,,,1,7,0,0.00,0,3,1,,http://xplorestaging.ieee.org/ielx8/11325745/11324448/11325934.pdf?arnumber=11325934,
30,"Soubhagya Ranjan Mallick, Rakesh Kumar Lenka, Pradyumna Kumar Tripathy, D. Chandrasekhar Rao, Suraj Sharma, Niranjan Kumar Ray",Fog-Assisted Blockchain-IoMT Healthcare Framework with Role-Based Access Control for Critically Ill Patients,2024,SN Computer Science,Springer Science and Business Media LLC,https://doi.org/10.1007/s42979-024-02987-y,,556,2026-05-27 21:14:56,journal-article,10.1007/s42979-024-02987-y,2661-8907,,5,6,,,30,15.00,5,6,2,,https://link.springer.com/content/pdf/10.1007/s42979-024-02987-y.pdf,
22,"Muhammad Usman, Muhammad Shahzad Sarfraz, Muhammad Umar Aftab, Usman Habib, Saleha Javed",A Blockchain Based Scalable Domain Access Control Framework for Industrial Internet of Things,2024,IEEE Access,Institute of Electrical and Electronics Engineers (IEEE),https://doi.org/10.1109/access.2024.3390842,,431,2026-05-27 21:14:56,journal-article,10.1109/access.2024.3390842,2169-3536,,12,,56554,56570,22,11.00,4,5,2,,http://xplorestaging.ieee.org/ielx7/6287639/10380310/10504806.pdf?arnumber=10504806,
16,"Jiao Yin, Guihong Chen, Wei Hong, Jinli Cao, Hua Wang, Yuan Miao",A heterogeneous graph-based semi-supervised learning framework for access control decision-making,2024,World Wide Web,Springer Science and Business Media LLC,https://doi.org/10.1007/s11280-024-01275-2,,66,2026-05-27 21:14:56,journal-article,10.1007/s11280-024-01275-2,1386-145X,,27,4,,,16,8.00,3,6,2,"Abstract: For modern information systems, robust access control mechanisms are vital in safeguarding data integrity and ensuring the entire system’s security. This paper proposes a novel semi-supervised learning framework that leverages heterogeneous graph neural network-based embedding to encapsulate both the intricate relationships within the organizational structure and interactions between users and resources. Unlike existing methods focusing solely on individual user and resource attributes, our approach embeds organizational and operational interrelationships into the hidden layer node embeddings. These embeddings are learned from a self-supervised link prediction task based on a constructed access control heterogeneous graph via a heterogeneous graph neural network. Subsequently, the learned node embeddings, along with the original node features, serve as inputs for a supervised access control decision-making task, facilitating the construction of a machine-learning access control model. Experimental results on the open-sourced Amazon access control dataset demonstrate that our proposed framework outperforms models using original or manually extracted graph-based features from previous works. The prepossessed data and codes are available on GitHub,facilitating reproducibility and further research endeavors.",https://link.springer.com/content/pdf/10.1007/s11280-024-01275-2.pdf,
10,"Jaibir Singh, Suman Rani, Vipin Kumar",Role-Based Access Control (RBAC) Enabled Secure and Efficient Data Processing Framework for IoT Networks,2024,International Journal of Communication Networks and Information Security (IJCNIS),"Auricle Technologies, Pvt., Ltd.",https://doi.org/10.17762/ijcnis.v16i2.6697,,333,2026-05-27 21:14:56,journal-article,10.17762/ijcnis.v16i2.6697,2073-607X,,,,,,10,5.00,3,3,2,"Internet of Things (IoT) has the potential to significantly impact various domains e.g. health, transportation, automation, and emergency response to both man-made and natural disasters, particularly in scenarios where human decision is challenging. In this research a Role-Based Access Control (RBAC) Enabled Secure and Efficient Data Processing Framework for IoT Networks has been proposed. This framework ensures robust security and optimized data handling through granular access control mechanisms based on predefined roles. By leveraging RBAC, it mitigates unauthorized access risks, thereby safeguarding sensitive IoT data during transmission and storage. Our approach emphasizes efficiency by streamlining data processing workflows, reducing latency, and optimizing resource utilization. The framework is designed to scale with IoT network expansions and adapt to evolving security needs, promising enhanced reliability and trustworthiness in data operations for contemporary IoT environments. According to this research work current security effectiveness is 99 percent.Home area network (HAN) can be used for smart connectivity of different home appliances using IoT and automatic start and stop feature may be possible.Access control server (ACS) is used to control access and provide permission for different operations.",https://ijcnis.org/index.php/ijcnis/article/download/6697/1327,
7,"Ge Zhao, Xiangrong Li, Hao Li",A Trusted Authentication Scheme Using Semantic LSTM and Blockchain in IoT Access Control System,2024,International Journal on Semantic Web and Information Systems,IGI Global,https://doi.org/10.4018/ijswis.341233,,978,2026-05-27 21:14:56,journal-article,10.4018/ijswis.341233,1552-6283,,20,1,1,27,7,3.50,2,3,2,"<p>In edge computing scenarios, due to the wide distribution of devices, complex application environments, and limited computing and storage capabilities, their authentication and access control efficiency is low. To address the above issues, a secure trusted authentication scheme based on semantic Long Short-Term Memory (LSTM) and blockchain is proposed for IoT applications. The attribute-based access control model is optimized, combining blockchain technology with access control models, effectively improving the robustness and credibility of access control systems. Semantic LSTM is used to predict environmental attributes that can further restrict user access and dynamically meet the minimum permission granting requirements. Experiments show that when the number of certificates is 60, the computational overhead of the proposed method is only 203s, which is lower than other state-of-the-art methods. Therefore, the performance of the proposed schema in information security protection in IoT environments shows promise as a scalable authentication solution for IoT applications.</p>",https://www.igi-global.com/viewtitle.aspx?TitleId=341233,
6,"Ezichi Mpamugo, Godwin Ansa",Enhancing Network Security in Mobile Applications with Role-Based Access Control,2024,Journal of Information Systems and Informatics,Asosiasi Doktor Sistem Informasi Indonesia,https://doi.org/10.51519/journalisi.v6i3.863,,134,2026-05-27 21:14:56,journal-article,10.51519/journalisi.v6i3.863,2656-4882,,6,3,1872,1899,6,3.00,3,2,2,"In today's dynamic networking environment, securing access to resources has become increasingly challenging due to the growth and progress of connected devices. This study explores the integration of Role-Based Access Control (RBAC) and OAuth 2.0 protocols to enhance network access management and security enforcement in an Android mobile application. The study adopts a waterfall methodology to implement access control mechanisms that govern authentication and authorization. OAuth 2.0, a widely adopted open-standard authorization framework, was implemented to secure user authentication by allowing third-party access without exposing user credentials. Meanwhile, RBAC was leveraged to streamline access permissions based on predefined user roles, ensuring that access privileges are granted according to hierarchical role structures. The main outcomes of this study show significance towards the improvements in security enforcement and user access management. Specifically, the implementation of multi-factor authentication, session timeout mechanisms, and user role-based authorization ensured robust protection of sensitive data while maintaining system usability. RBAC proved effective in controlling access to various system resources, such as database operations which was presented in scenario of physical access to doors, while OAuth 2.0 provided a secure communication channel for authentication events. These protocols, working in tandem, addressed key issues like unauthorized access, data integrity, and scalability in network security policy enforcement. This research deduces that combining RBAC and OAuth 2.0 protocols in mobile applications enhances security posture, simplifies access management, and mitigates evolving threats.",https://journal-isi.org/index.php/isi/article/download/863/421,
5,"Taisho Sasada, Yuzo Taenaka, Youki Kadobayashi, Doudou Fall",Web-Biometrics for User Authenticity Verification in Zero Trust Access Control,2024,IEEE Access,Institute of Electrical and Electronics Engineers (IEEE),https://doi.org/10.1109/access.2024.3413696,,156,2026-05-27 21:14:56,journal-article,10.1109/access.2024.3413696,2169-3536,,12,,129611,129622,5,2.50,1,4,2,,http://xplorestaging.ieee.org/ielx8/6287639/10380310/10555260.pdf?arnumber=10555260,
4,"Somchart Fugkeaw, Sorravich Rattagool, Pawat Jiangthiranan, Peerawichaya Pholwiset",FPRESSO: Fast and Privacy-Preserving SSO Authentication With Dynamic Load Balancing for Multi-Cloud-Based Web Applications,2024,IEEE Access,Institute of Electrical and Electronics Engineers (IEEE),https://doi.org/10.1109/access.2024.3485996,,274,2026-05-27 21:14:56,journal-article,10.1109/access.2024.3485996,2169-3536,,12,,157888,157900,4,2.00,1,4,2,,http://xplorestaging.ieee.org/ielx8/6287639/10380310/10734102.pdf?arnumber=10734102,
4,"Ahmed Anas, Salwa Elgamal, Basheer Youssef",Survey on detecting and preventing web application broken access control attacks,2024,International Journal of Electrical and Computer Engineering (IJECE),Institute of Advanced Engineering and Science,https://doi.org/10.11591/ijece.v14i1.pp772-781,,579,2026-05-27 21:14:56,journal-article,10.11591/ijece.v14i1.pp772-781,2722-2578,,14,1,772,772,4,2.00,1,3,2,"Web applications are an essential component of the current wide range of digital services proposition including financial and governmental services as well as social networking and communications. Broken access control vulnerabilities pose a huge risk to that echo system because they allow the attacker to circumvent the allocated permissions and rights and perform actions that he is not authorized to perform. This paper gives a broad survey of the current research progress on approaches used to detect access control vulnerabilities exploitations and attacks in web application components. It categorizes these approaches based on their key techniques and compares the different detection methods in addition to evaluating their strengths and weaknesses. We also spotted and elaborated on some exciting research gaps found in the current literature, Finally, the paper summarizes the general detection approaches and suggests potential research directions for the future.",https://ijece.iaescore.com/index.php/IJECE/article/viewFile/33835/17135,
3,"Janessa Sarah Destini, Tony Tony",Implementing Hierarchical Role-Based Access Control for Document Administration in Student Organizations,2024,Internet of Things and Artificial Intelligence Journal,ASCEE Publications,https://doi.org/10.31763/iota.v4i4.832,,144,2026-05-27 21:14:56,journal-article,10.31763/iota.v4i4.832,2774-4353,,4,4,785,802,3,1.50,2,2,2,"Student organizations in higher education institutions play a pivotal role in fostering leadership and collaboration. Despite their importance, many still utilize manual document administration processes, resulting in inefficiencies, delays, and a lack of transparency. This research introduces the design and implementation of a web-based Document Management System integrated with Hierarchical Role-Based Access Control (HRBAC) for student organizations at Universitas Tarumanagara. The system adopts a structured and secure framework tailored to the organization’s approval hierarchy, encompassing roles such as UKM/HIMA, BEM, DPM, Faculty Advisors, Deans, and the Student Affairs Office. Each role is assigned specific access privileges to ensure secure and efficient document submission and approval workflows, aligned with organizational needs. The system was developed using the Laravel framework, PHP, HTML, SCSS, JavaScript, and MySQL, following the Waterfall methodology. Usability was evaluated using the System Usability Scale (SUS), achieving a score of 78.33, categorizing it as “Good” in terms of user experience and navigability. The findings indicate significant improvements in process automation, role-based access control, and document traceability. This research offers a comprehensive model for digital transformation in student organization administration, emphasizing the effectiveness of hierarchical access control in optimizing administrative workflows within academic institutions.",https://pubs.ascee.org/index.php/iota/article/download/832/427,
3,"Hafiz Adnan Hussain, Zulkefli Mansor, Zarina Shukur, Uzma Jafar",Cost-Optimized Dynamic Access Control Policy Using Blockchain and Machine Learning for Enhanced Security in IoT Smart Homes,2024,ITM Web of Conferences,EDP Sciences,https://doi.org/10.1051/itmconf/20246301009,,691,2026-05-27 21:14:56,journal-article,10.1051/itmconf/20246301009,2271-2097,,63,,1009,1009,3,1.50,1,4,2,"The rapid adoption of Internet of Things (IoT) devices in smart homes has led to growing security vulnerabilities, primarily due to the limitations of traditional, static access control mechanisms. This paper presents a novel, dynamic access control policy that leverages the immutable and transparent nature of Blockchain technology, specifically Ethereum, along with machine learning algorithms to enhance security measures. By integrating machine learning algorithms like Support Vector Machines (SVM) and Neural Networks, the proposed system can adapt and respond to changing behavioural patterns and potential threats in real time. Additionally, a caching mechanism implemented on the Ethereum Blockchain is introduced to optimize system performance and reduce latency. Experimental results demonstrate significant improvements in access control security, system efficiency, and adaptability. The findings of this paper not only contribute to the advancement of secure access control policies for IoT smart homes but pave the way for future research in integrating Blockchain and machine learning for robust and scalable IoT security solutions.",https://www.itm-conferences.org/10.1051/itmconf/20246301009/pdf,
2,"Mary Jane C. Samonte, Clarisse Q. Dalina, Yuri Emyrald M. Pingol, Ferdinand Nino Migel E. Yee",Secure Healthcare Access: Design and Implementation of a Web Application through Role-Based Access Control in an Integrated Diagnostic Health Center,2024,2024 14th International Conference on Software Technology and Engineering (ICSTE),IEEE,https://doi.org/10.1109/icste63875.2024.00048,,29,2026-05-27 21:14:56,proceedings-article,10.1109/icste63875.2024.00048,,,,,237,242,2,1.00,1,4,2,,http://xplorestaging.ieee.org/ielx8/10840337/10840327/10840373.pdf?arnumber=10840373,
2,"Amang Sudarsono, Rahardhita Widyatra Sudibyo, Idris Winarno, Mike Yuliana",An Efficient Authentication System to Access Electric Vehicle Data in The Cloud Based on Identity Role-based Access Control,2024,2024 International Electronics Symposium (IES),IEEE,https://doi.org/10.1109/ies63037.2024.10665809,,54,2026-05-27 21:14:56,proceedings-article,10.1109/ies63037.2024.10665809,,,,,207,214,2,1.00,1,4,2,,http://xplorestaging.ieee.org/ielx8/10665754/10665755/10665809.pdf?arnumber=10665809,
2,"Renlong Wei, Guobing Li",Ship Platform Access Control Method Based on Zero Trust,2024,"2024 IEEE 7th Information Technology, Networking, Electronic and Automation Control Conference (ITNEC)",IEEE,https://doi.org/10.1109/itnec60942.2024.10733279,,684,2026-05-27 21:14:56,proceedings-article,10.1109/itnec60942.2024.10733279,,,,,947,952,2,1.00,1,2,2,,http://xplorestaging.ieee.org/ielx8/10732029/10732904/10733279.pdf?arnumber=10733279,
1,"P. Kiran Kumar, C. Raghavendra, Ratnam Dodda, Ahmed Shahebaaz",A Novel Approach to Strengthening Web-Based Cloud Services: Two-Factor Access Control,2024,E3S Web of Conferences,EDP Sciences,https://doi.org/10.1051/e3sconf/202447202001,,49,2026-05-27 21:14:56,journal-article,10.1051/e3sconf/202447202001,2267-1242,,472,,2001,2001,1,0.50,0,4,2,"In this paper we introduce a recent and evolved two-factor authentication (2FA) access govern system specially designed for webbased cloud computing services. Our innovative system encompasses an attribute-based access govern mechanism that combines a user’s secret key with a lightweight safety device. Our system significantly improves security, particularly in scenarios where multiple users share a single computer for web-based cloud services, as access is contingent on the presence of both components. In addition, the attribute-based govern mechanism enables the cloud server to enforce access constraints based on users with identical attributes, while maintaining the highest extent of user confidentiality protection. The server’s verification procedure focuses exclusively on verifying that users meet the necessitated criteria, without accessing their exact identities. To further confirm the practicability and usefulness of our 2FA system, we conduct an in-depth simulation as a portion of our study.",https://www.e3s-conferences.org/10.1051/e3sconf/202447202001/pdf,
1,"Danil Kolmahin, Anatoliy Sergiyenko",Combining Pretty Good Privacy and Role-Based Access Control Technologies for Access Protection to Confidential Data,2024,"Information, Computing and Intelligent systems",Igor Sikorsky Kyiv Polytechnic Institute,https://doi.org/10.20535/2786-8729.4.2024.305130,,99,2026-05-27 21:14:56,journal-article,10.20535/2786-8729.4.2024.305130,2786-8729,,,4,69,78,1,0.50,1,2,2,"This article presents a granular access protection model for confidential information, combining PGP (Pretty Good Privacy) and RBAC (Role-Based Access Control) technologies. The aim of the research is to develop and justify a model that ensures a high level of security through efficient data encryption and flexible role-based access management. The article examines the research objects, which include modern information systems processing confidential data, and the subject of the study, which encompasses encryption and access control methods. To achieve the stated goal, an analysis of modern approaches to data encryption and access management was conducted, their advantages and disadvantages were studied, and current issues related to data security at rest were identified. A protection model combining PGP and RBAC was developed, implemented in real conditions, and tested to evaluate its efficiency and usability. PGP usage ensures data security at rest and during transmission, while RBAC allows flexible configuration of user access rights. Research results demonstrated that the proposed model provides a high level of security, flexible access management, and improved system performance. The use of public and private keys for encrypting symmetric keys further enhances protection by preventing unauthorized data access. Defining roles and privileges for each user ensures authorized access to confidential information, minimizing the risk of accidental or malicious data access. Despite the complexity of encryption and key management processes, the system showed high performance, optimized encryption and decryption processes, and effective user role and privilege management. The proposed model proved its effectiveness in ensuring a high level of security and flexible access management for confidential data.",https://itvisnyk.kpi.ua/article/download/305130/303224,
1,"Fubao Zhu, Chenguang Yang, Liang Zhu, Jingzhong Gu",Application of Matrix Factorization Role Mining Algorithm in Role-Based Access Control for Edge RMP,2024,2024 9th International Conference on Electronic Technology and Information Science (ICETIS),IEEE,https://doi.org/10.1109/icetis61828.2024.10593712,,106,2026-05-27 21:14:56,proceedings-article,10.1109/icetis61828.2024.10593712,,,,,761,767,1,0.50,0,4,2,,http://xplorestaging.ieee.org/ielx8/10592861/10593657/10593712.pdf?arnumber=10593712,
1,"Marjay C. Bumalod, Rose Mary A. Velasco","Synergistic Information Security Design Implementation based on Role-Based Access Control, Information Classification, and AES Cryptographic Encryption",2024,"International Journal in Information Technology in Governance, Education and Business",Sekolah Tinggi Informatika dan Komputer Indonesia,https://doi.org/10.32664/ijitgeb.v6i1.136,,260,2026-05-27 21:14:56,journal-article,10.32664/ijitgeb.v6i1.136,2721-0030,,6,1,68,85,1,0.50,1,2,2,"Security technology has undergone significant development and research in response to increasing cyber threats. The Intranet Document Management System (IDMS) was created to centralize documents within organizations, ensuring efficiency and streamlining processes. Given the critical nature of document management in organizational workflows, secure and safe management is paramount. This study aims to develop a secure IDMS using Advanced Encryption Standard (AES) encryption, Role-Based Access Control (RBAC), and an Information Classification Model. We also provide a comprehensive overview of the key characteristics and performance metrics of each access control model and cryptographic algorithm, facilitating decision-making for system design and implementation. The system offers high granularity, ease of administration through role assignments with document classification, high flexibility with customized permissions, and scalability with roles and classification. AES is chosen for its high security and fast performance, making it a widely used encryption standard. Keywords: Advanced Encryption Standard (AES), Access Control, Cryptographic Algorithm, Document Management System, Information Classification   Received Date: April 2, 2024Revised Date: May 10, 2024Accepted Date: May 14, 2024",https://ijitgeb.org/ijitgeb/article/download/136/74,
1,"Limian Ci, Liyuan Zhang, Yonghong Wu, Benchawan Wiwatanapataphee",Blockchain-based Access Control Protocol with collaborative authentication,2024,,Springer Science and Business Media LLC,https://doi.org/10.21203/rs.3.rs-4413100/v1,,531,2026-05-27 21:14:56,posted-content,10.21203/rs.3.rs-4413100/v1,,,,,,,1,0.50,0,4,2,"<title>Abstract</title> <p>In a complex and globalized business environment, cross-organizational cooperation has become increasingly important for enterprises, due to the growing need for information sharing. However, traditional access control models have limitations in the scenarios of cross-organizational cooperation scenarios without central leadership. To address these challenges, this paper proposes a decentralized access control framework with identity verification based on the blockchain technology and zero-knowledge proof. The access control protocol in the proposed access control framework integrates the role-based access control with the attribute-based access control, enabling our model to achieve more granular access control while requiring low computing resources. We implement the proposed access control protocol using smart contracts and apply it in a supply chain scenario to verify its feasibility. In addition, we analyze and evaluate the proposed protocol in terms of cost, running time, security and flexibility. For the limitation of no administrator rights brought by complete decentralization, we propose to use governance protocols to achieve high flexibility and scalability while maintaining the complete decentralization of the proposed framework.</p>",https://www.researchsquare.com/article/rs-4413100/v1,
1,Kristy Hancock,Academic Libraries can Expand Institutional Repository Holdings with Gold Open Access Publications Collected Through Web Scraping,2024,Evidence Based Library and Information Practice,University of Alberta Libraries,https://doi.org/10.18438/eblip30614,,814,2026-05-27 21:14:56,journal-article,10.18438/eblip30614,1715-720X,,19,4,111,114,1,0.50,1,1,2,"A Review of:  Clark, B. (2023). Proactive institutional repository collection development techniques: Archiving gold open access articles and metadata retrieved with web scraping. Journal of Library Administration, 63(6), 743–765. https://doi.org/10.1080/01930826.2023.2240190  Objective – To describe a method for collecting gold open access publications from the web and packaging them for batch deposit in an institutional repository. The goal of this project is to expand institutional repository holdings and increase the comprehensiveness of the collection with gold open access content.   Design – Web scraping and analysis of institutional repository usage metrics.   Setting – A library at a public doctoral university with very high research activity in Alabama, United States.   Subjects – Articles and metadata from the Multidisciplinary Digital Publishing Institute (MDPI) website and the Sponsoring Consortium for Open Access Publishing in Participle Physics (SCOAP3) repository. MDPI is an open access publisher of over 400 journals spanning all disciplines. All articles published in MDPI journals are made freely and immediately accessible on the MDPI website. SCOAP3 is a global partnership of libraries, funding agencies, and research centers that support open access publishing in the field of high-energy physics. The SCOAP3 repository contains research funded by the organization and published in open access journals.   Methods – The MDPI website and SCOAP3 repository were selected because they contained a substantial amount of scholarship by University of Alabama affiliates. On the MDPI website, an author affiliation search across all journals retrieved University of Alabama publications. The Python library Beautiful Soup was used with the parser package lxml to collect articles and metadata. The first script iterated through the pages of search results, downloaded article PDFs, and wrote abstract page URLs to a text file. The second script collected metadata by iterating through the text file of abstract page URLs, parsing the HTML of each URL, and writing Dublin Core metadata to a CSV file. Articles already archived in the institutional repository were removed from the CSV file, and the remaining metadata were reviewed for errors. To pair each PDF with the correct metadata, the file names of all PDFs were added to the CSV file. Article PDFs and the metadata file were packaged using the DSpace CSV Archive and batch deposited in the University of Alabama’s institutional repository.  In SCOAP3, an author affiliation search retrieved University of Alabama publications. The browser automation software Selenium was used to collect articles and metadata. The first script iterated through the pages of search results and wrote article record page URLs to a text file. The second script downloaded article PDFs and extracted DOIs to use for PDF file names. The third script collected metadata by using the article record page URLs to query the SCOAP3 metadata harvesting API and writing MARCXML metadata to a CSV file. To pair each PDF with the correct metadata, the DOI column in the CSV file was duplicated, and the “.pdf” extension added to each DOI. The metadata in the CSV file was reviewed for errors, and citations and keywords were added manually. Articles and the metadata file were packaged and deposited using the MDPI method.   The impact of SCOAP3 content on institutional repository downloads from the physics and astronomy collection was measured in the 100 days preceding and following the deposits.  Main Results – 1,005 articles with corresponding metadata were collected from the MDPI website and SCOAP3 repository. After removing duplicate articles that were already archived in the University of Alabama institutional repository, 937 articles (272 from MDPI, 665 from SCOAP3) were deposited. The amount of faculty research available in the institutional repository increased from 1,639 articles before the project to 2,513 articles, or 37.3%.  678 articles were added to the physics and astronomy collection, which reflects the fact that most of the deposited articles were from a subject repository. The rest of the deposited articles were from MDPI and spanned various disciplines. The next best represented collections were civil, construction, and environmental engineering (26 articles); biological sciences (26 articles); electrical and computer engineering (24 articles); and geography (22 articles). The SCOAP3 articles also contributed to a significant increase in downloads from the physics and astronomy collection. Total downloads increased from 5,765 in the 100 days preceding the deposits to 7,243 in the 100 days following the deposits, with SCOAP3 articles representing 3,421 downloads, or 47.2%.   Conclusion – This project was successful in proactively increasing the amount of scholarship in the institutional repository without faculty or researcher participation. This semi-automated workflow requires considerable technical skills but is manageable for one person. Since the articles and metadata were freely accessible and issued under permissive Creative Commons licenses, there was no need to consult publisher self-archiving policies or solicit permission to copy the articles to the institutional repository. This project did not make any research openly accessible that was otherwise unavailable or behind a paywall, but the added publications contribute to making the institution’s scholarly record more complete.  This approach may be particularly helpful for academic library staff looking to build the holdings of a brand-new institutional repository, or for those dealing with an underpopulated institutional repository due to low self-archiving rates. Additional repositories containing a substantial amount of University of Alabama scholarship will be identified and considered for web scraping, to continue expanding the institutional repository holdings. The MDPI website and SCOAP3 repository will also be re-scraped in the future for research added since this project.  ",https://journals.library.ualberta.ca/eblip/index.php/EBLIP/article/download/30614/22896,
1,"Samer I. Mohamed, Manal Mostafa, Jalal Assaly, Ahmed S. Shalabi",ABACS: Attribute-Based Access Control System using digital keys,2024,,Springer Science and Business Media LLC,https://doi.org/10.21203/rs.3.rs-4630516/v1,,828,2026-05-27 21:14:56,posted-content,10.21203/rs.3.rs-4630516/v1,,,,,,,1,0.50,0,4,2,"<title>Abstract</title> <p>Access control systems are the most utilized preventive and protective solution for guaranteeing highly secure and monitored environments where people can move about and live in complete safety. The Smart Building Access Management System using Digital Keys provides an efficient means of granting or revoking access to users in residential and commercial buildings. It responds to the ever-increasing demand for internet-connected devices and the need for a system that is secure, convenient, and easy to manage. Despite the pivotal role of access control systems, the current technological standing shows severe security vulnerabilities, a lack of practical management solutions and a non-optimized user conveniency. Majorly used credential technologies show an absence of encryption capabilities. Some user management solutions do not scale well and present a lack of proper scalability. Our proposed system in this paper is the Attribute-Based Access Control System (ABACS) for Smart Building Access Management System, which offers an internet-oriented physical access control system, based on an end-to-end secured solution, an easy-to-use hybrid cloud-based system for effective access management and a mobile user application for optimal convenience. Authentication, integrity, and confidentiality are guaranteed using multiple security methods, including a Trusted Execution Environment (TEE) for a safe digital key storage and encryption, and the Transport Layer Security (TLS) protocol for secured channel communication, supported by a trusted third-party Certification Authority (CA). The Near-Field Communication (NFC) channel is used for quick key sharing. Access policies and user management is achieved using the hybrid fog-cloud paradigm and the Attribute-Based Access Control (ABAC) model. Finally, user convenience and optimal user experience are reached by means of an aesthetic mobile application for digital key generation and storage. The testing results and performance evaluation show that our proposed system’s backend, efficiently processes requests in both sequential and concurrent scenarios. With sequential requests, our proposed system’s longest-performing request outperforms iPACS’s by at least tenfold. In addition, with concurrent requests, our system shows a performance at least twice better than iPACS’s.</p>",https://www.researchsquare.com/article/rs-4630516/v1,
0,"Kinsey K. S. Ng, Farah Yan, Kevin Hung",Preliminary Study of LLM-Based Wordlist Generation for Validating Broken Web Access Control,2024,TENCON 2024 - 2024 IEEE Region 10 Conference (TENCON),IEEE,https://doi.org/10.1109/tencon61640.2024.10902771,,68,2026-05-27 21:14:56,proceedings-article,10.1109/tencon61640.2024.10902771,,,,,1088,1091,0,0.00,0,3,2,,http://xplorestaging.ieee.org/ielx8/10902665/10902666/10902771.pdf?arnumber=10902771,
0,"Yudai Okui, Michitoshi Niibori, Masaki Kohana, Shusuke Okamoto, Masaru Kamada",Location-based web access control via short-time passwords broadcast by Bluetooth low energy beacon,2024,International Journal of Grid and Utility Computing,Inderscience Publishers,https://doi.org/10.1504/ijguc.2024.10076261,,171,2026-05-27 21:14:56,journal-article,10.1504/ijguc.2024.10076261,1741-847X,,1,1,,,0,0.00,0,5,2,,http://www.inderscienceonline.com/doi/full/10.1504/IJGUC.2024.10076261,
0,AKEEM A. FAMOUS,"INTERNET OF THINGS DEVICES, ROLE-BASED ACCESS CONTROL SYSTEM, AND EFFICIENT DATA SECURITY AND MANAGEMENT IN HEALTHCARE SECTOR",2024,International Journal of Science Research and Technology,Mediterranean Publications and Research International,https://doi.org/10.70382/tijsrat.v06i9.018,,185,2026-05-27 21:14:56,journal-article,10.70382/tijsrat.v06i9.018,3026-8796,,,,,,0,0.00,0,1,2,"As the 21st century security challenges persist in the healthcare sector, it is worthwhile for result-oriented and problem-solving measures to be devised and deployed for lasting solutions. To that end, this study proposes significant leveraging of IoT devices for efficient security and data management in the healthcare sector. The study’s proposed and developed novel web-based architecture, regarded as “Role Based Access Control (RBAC), can ensure efficient security and data management in the healthcare sector, if implemented. The model, which involves using IoT devices for implementation can restrict unauthorized persons from accessing critical healthcare data. The security of the architecture has been implemented and tested to show the efficiency of protecting healthcare data using IoT devices at a significant extent. Therefore, IoT devices and RBAC are recommended to stakeholders in healthcare sector for the attainment of efficiency in data security and management.",https://taapublications.com/tijsrat/article/download/508/566,
0,"Neelam Saleem Khan, Roohie Naaz Mir, Mohammad Ahsan Chishti, Mahreen Saleem",B-ERAC: Blockchain-Enabled Role-Based Access Control for Secure IoT Device Communication,2024,Scalable Computing: Practice and Experience,Scalable Computing: Practice and Experience,https://doi.org/10.12694/scpe.v25i6.2936,,206,2026-05-27 21:14:56,journal-article,10.12694/scpe.v25i6.2936,1895-1767,,25,6,,,0,0.00,0,4,2,"Security risks are increasingly concerning as the Internet of Things (IoT) expands. Authentication, access control, and authorization present significant challenges for resource-constrained IoT devices. Traditional authentication methods often require enhancements for these devices, but Blockchain technology presents a potential solution. Decentralized and distributed, Blockchain eliminates a single point of failure and relies on Elliptic Curve Cryptography (ECC) for robust security. We have introduced a cutting-edge solution to fortify communication security within IoT devices across supply chain ecosystems. By harnessing the power of Blockchain technology, our framework incorporates smart contracts, adheres to ES256 encryption standards, and seamlessly integrates with Infura API. These components establish stringent access controls, ensure data integrity, and enhance transparency throughout supply chain processes. The framework’s robust architecture facilitates swift and secure transactions, bolsters traceability efforts, and effectively mitigates potential security risks. With its scalable design and reliable functionality, this framework emerges as a pivotal asset for optimizing IoT device communication within dynamic supply chain environments. The use of ProVerif in our analysis provides a formal guarantee of the correctness of our access control mechanisms.",https://www.scpe.org/index.php/scpe/article/download/2936/1366,
0,"Shanu Khare, Payal Thakur, Navjot Singh Talwandi, Vikash Yadav",Securing Microservice Architecture: Load Balancing and Role-Based Access Control,2024,"International Journal on Engineering Artificial Intelligence Management, Decision Support, and Policies",Adroid Connectz Private Limited,https://doi.org/10.63503/j.ijaimd.2024.7,,268,2026-05-27 21:14:56,journal-article,10.63503/j.ijaimd.2024.7,3048-8788,,1,1,21,28,0,0.00,0,4,2,"This study focuses on the security aspects within microservice architecture, particularly addressing load balancing and role-based access control (RBAC). Exploring the intersection of load balancing techniques and RBAC mechanisms, the research aims to enhance the security posture of microservices. By evalu-ating strategies for efficient load distribution and implementing RBAC proto-cols, the study seeks to fortify the architecture against potential vulnerabili-ties. The integration of load balancing and RBAC not only ensures optimized resource utilization but also strengthens access control measures, bolstering the overall security framework in microservice-based systems",https://submissions.adroidjournals.com/index.php/ijaimd/article/download/7/4,
0,Navnath B. Pokale,Blockchain-Based Access Control for Securing Critical Infrastructures,2024,Computer Fraud and Security,Auricle Global Society of Education and Research,https://doi.org/10.52710/cfs.67,,996,2026-05-27 21:14:56,journal-article,10.52710/cfs.67,1873-7056,,,,109,116,0,0.00,0,1,2,"In the recent world of digital transformation, securing critical infrastructures such as power grids, transportation systems, and communication networks has become paramount. The conventional methods for access control, which largely depend on centralized models, are increasingly vulnerable to cyber-attacks and data breaches. This paper introduces a novel approach to enhance the security of critical infrastructures using blockchain technology. By leveraging the inherent properties of blockchain, such as decentralization, transparency, and immutability, our method establishes a robust framework for access control. This decentralized access control system (DACS) utilizes smart contracts to automate and enforce access policies without the need for a central authority. The blockchain-based system ensures that all access requests and approvals are recorded on a tamper-proof ledger, enhancing the auditability and accountability of the access control process. We evaluate the performance of our proposed system through simulations that demonstrate its resilience against common security threats, including unauthorized access and insider attacks. Additionally, the system's scalability and efficiency in handling large-scale networks are analysed. Our findings indicate that blockchain-based access control significantly enhances the security posture of critical infrastructures while ensuring compliance with stringent regulatory requirements.",https://computerfraudsecurity.com/index.php/journal/article/download/67/52,
74,"Jiatao Li, Dezhi Han, Zhongdai Wu, Junxiang Wang, Kuan-Ching Li, Arcangelo Castiglione",A novel system for medical equipment supply chain traceability based on alliance chain and attribute and role access control,2023,Future Generation Computer Systems,Elsevier BV,https://doi.org/10.1016/j.future.2022.12.037,,897,2026-05-27 21:14:56,journal-article,10.1016/j.future.2022.12.037,0167-739X,,142,,195,211,74,24.67,12,6,3,,https://api.elsevier.com/content/article/PII:S0167739X22004411,
53,"T. Haritha, A. Anitha",Multi-Level Security in Healthcare by Integrating Lattice-Based Access Control and Blockchain- Based Smart Contracts System,2023,IEEE Access,Institute of Electrical and Electronics Engineers (IEEE),https://doi.org/10.1109/access.2023.3324740,,493,2026-05-27 21:14:56,journal-article,10.1109/access.2023.3324740,2169-3536,,11,,114322,114340,53,17.67,27,2,3,,http://xplorestaging.ieee.org/ielx7/6287639/10005208/10285844.pdf?arnumber=10285844,
13,Garsha Rostami,Role-based Access Control (RBAC) Authorization in Kubernetes,2023,Journal of ICT Standardization,River Publishers,https://doi.org/10.13052/jicts2245-800x.1132,,41,2026-05-27 21:14:56,journal-article,10.13052/jicts2245-800x.1132,2246-0853,,,,,,13,4.33,13,1,3,"In computer systems security, role-based access control (RBAC) or role-based security is an approach to restricting system access to authorized users [1]. This paper will describe how the Kubernetes RBAC authorization sub-system works, how to leverage it to secure access to resources in the cluster, and how to validate the set policies through impersonation to ensure users and service accounts are granted the intended rights.",https://journals.riverpublishers.com/index.php/JICTS/article/download/18185/18729,
11,"Christoph H.-J. Braun, Vasil Papanchev, Tobias Käfer",SISSI: An Architecture for Semantic Interoperable Self-Sovereign Identity-based Access Control on the Web,2023,Proceedings of the ACM Web Conference 2023,ACM,https://doi.org/10.1145/3543507.3583409,,78,2026-05-27 21:14:56,proceedings-article,10.1145/3543507.3583409,,,,,3011,3021,11,3.67,4,3,3,,https://dl.acm.org/doi/10.1145/3543507.3583409,
7,"Simon Anderer, Tobias Kempter, Bernd Scheuermann, Sanaz Mostaghim",Dynamic Optimization of Role Concepts for Role-Based Access Control Using Evolutionary Algorithms,2023,SN Computer Science,Springer Science and Business Media LLC,https://doi.org/10.1007/s42979-023-01805-1,,165,2026-05-27 21:14:56,journal-article,10.1007/s42979-023-01805-1,2661-8907,,4,4,,,7,2.33,2,4,3,"Abstract: To ensure the security of current information systems, role-based access control (RBAC) is a widely used concept. For this purpose, based on an initial assignment of permissions to users, permissions are grouped to roles, which are then assigned to users. The corresponding (NP-complete) optimization problem, the so-called role mining problem (RMP), aims at finding a minimal set of roles and a corresponding assignment of those roles to users. Previously, the RMP has been considered as a static optimization problem. However, the application of RBAC in real business use cases requires the inclusion of dynamically occurring events that reflect changes in the business environment of companies, as well as events that result from direct user interaction with the role mining process. Therefore, in this paper, we provide a comprehensive overview and classification of the most relevant events for role mining and present methods for integrating them into the framework of an evolutionary role mining algorithm. The functional performance of these methods as well as the overall performance gain of dynamic role mining compared to the static approach is then examined in a series of experiments.",https://link.springer.com/content/pdf/10.1007/s42979-023-01805-1.pdf,
6,"Sankari M, Kamatchi KS, Venketbabu T, Sangeetha G, Sheema D",Dynamic Access Control Through Cryptography in Cloud,2023,ITM Web of Conferences,EDP Sciences,https://doi.org/10.1051/itmconf/20235606001,,208,2026-05-27 21:14:56,journal-article,10.1051/itmconf/20235606001,2271-2097,,56,,6001,6001,6,2.00,1,5,3,"In recent days, enabling encrypted access control to hosted data is attractive to organizations and many users in untrusted cloud. However, an efficient encrypted progressive access control system designing in the cloud remains a challenge. This paper proposes DAC in cryptographic, for effective access control that provides practical encryption in the system. DAC in cryptography removes permission by designate to update the encrypted data in cloud. DAC in cryptography includes file encryption with a well- formed key list that document a file key and a set of lock keys. A dedicated administrator is required to replace a new revocation key by comparing the previous key. Revocation requires a dedicated administrator to upload a new revocation key to encrypt files with the new encryption level and update the encryption key list accordingly in cloud. DAC in cryptography proposes a three-key technique to limit the key list size and later on encryption. As a result, change in access control is enforced using DAC in cryptography. This improves efficiency by not requiring high decryption or re-encryption and to upload or re-upload of large quantity of data by the administrator and assures security by revoking permissions immediately. It demonstrates the construction safety and efficiency using formalization framework and system implementations.",https://www.itm-conferences.org/10.1051/itmconf/20235606001/pdf,
3,"Cristoffer Leite, Jerry den Hartog, Paul Koster",A Framework for Privacy-Preserving White-Box Anomaly Detection using a Lattice-Based Access Control,2023,Proceedings of the 28th ACM Symposium on Access Control Models and Technologies,ACM,https://doi.org/10.1145/3589608.3593831,,890,2026-05-27 21:14:56,proceedings-article,10.1145/3589608.3593831,,,,,7,18,3,1.00,1,3,3,,https://dl.acm.org/doi/10.1145/3589608.3593831,
2,Ruben Asratian,Safe Internet Tunnel with Access Control Features to Web-services Based on SSL/TLS Protocol,2023,2023 16th International Conference Management of large-scale system development (MLSD),IEEE,https://doi.org/10.1109/mlsd58227.2023.10303908,,58,2026-05-27 21:14:56,proceedings-article,10.1109/mlsd58227.2023.10303908,,,,,1,4,2,0.67,2,1,3,,http://xplorestaging.ieee.org/ielx7/10303766/10303767/10303908.pdf?arnumber=10303908,
2,"Avani Dadhania , Dr.Hiren Patel",DRBAC-Healthchain (DRBAC-HC): Decentralized Role Based Access Control Framework For Achieving Security And Privacy Using Blockchain In Healthcare System,2023,Journal of Pharmaceutical Negative Results,SynthesisHub Advance Scientific Research,https://doi.org/10.47750/pnr.2023.14.03.368,,328,2026-05-27 21:14:56,journal-article,10.47750/pnr.2023.14.03.368,2229-7723,,,,2931,2942,2,0.67,2,1,3,"With the Internet of Things' (IoTs) rapid expansion, effect, and potential, the healthcare industry is shifting to a new paradigm that permits wearable devices to collect patient medical data and use it for monitoring and diagnosis. Tamper-proof data and avoidance of the centralized record-keeping mechanism are crucial requirements in any wellness system due to its exigent and precise necessity of data requests. Along with the same, transactions’ auditability and revocation of access rights upon certain records for specific stakeholders are also a few of the other prerequisites in the medical segment. Blockchain, as a distributed ledger, offers a solution for securely storing data while providing transparency in transactions and interactions among stakeholders. Synchronous interaction among patient, doctor, pharmacy, consultant, hospital, etc. with all possible data security is another concern that could be resolved through the usage of Blockchain’s smart contracts wherein interaction among these stakeholders is permitted in a traceable and irreversible mode. The purpose of this paper is to discuss the potential use of Blockchain technology in the healthcare sector to achieve data security, transparency, and reliability without the involvement of a trusted third party. In terms of security and privacy, we survey and provide an exhaustive review of Blockchain-based access control systems for the healthcare system. In addition, for the healthcare system, we propose and implemented a decentralized role-based access control model based on Ethereum smart contract.",https://www.pnrjournal.com/index.php/home/article/download/9305/12828,
2,"ANU RAJ, Shiva Prakash",An Efficient Blockchain-based Access Control Framework for IoT-Healthcare System,2023,,Springer Science and Business Media LLC,https://doi.org/10.21203/rs.3.rs-2839405/v1,,459,2026-05-27 21:14:56,posted-content,10.21203/rs.3.rs-2839405/v1,,,,,,,2,0.67,1,2,3,"<title>Abstract</title> <p>Nowadays, the adoption of the Internet of Things (IoT) framework in various healthcare industries has grown rapidly in the recent years. The IoT devices generates huge amount of data which are often sensitive, such as personal health information. It is mandatory to ensure that this data is protected from unauthorized access and use. However, the resource-constrained nature of these devices can make it difficult to implement robust security measures, such as encryption and authentication. Blockchain is a promising approach for the secure management of medical record in immutable way. This problem can be resolved with ciphertext-policy attribute-based encryption, which allows granular access control. The local gateways that are directly interfaced to the Ethereum blockchain-based smart contract platform are utilised to create and implement a distributed and dependable user authentication and access control mechanism for smart based healthcare. In this paper, the use of a DBC-based CP-ABE approach offers a secure and decentralized solution for secure communication and data protection, and providing a more secure and trustworthy system. The proposed system is based on the idea of an Elliptical Curve Cryptography (ECC)-based CP-ABE method reduce complexity and provide data security in remote patient monitoring. On the other hand, blockchain-based smart contracts offer a dynamic, optimal, and self-adjusted access control in smart healthcare system. It lowers the overhead associated with conducting resource-intensive authentication procedures and blockchain communications at IoT devices. The result shows the effectiveness of the proposed scheme in terms of computation and processing time as well as its resistance to several security intrusions over existing schemes.</p>",https://www.researchsquare.com/article/rs-2839405/v1,
2,"Utsa Roy, Nirnay Ghosh",BloAC : A Blockchain-based Secure Access Control Management for the Internet of Things,2023,,Institute of Electrical and Electronics Engineers (IEEE),https://doi.org/10.36227/techrxiv.23282816,,468,2026-05-27 21:14:56,posted-content,10.36227/techrxiv.23282816,,,,,,,2,0.67,1,2,3,"<p>The Internet of Things (IoT) paradigm has widespread applications across many fields in which private and sensitive user or environmental data are sensed and shared. Most present-day IoT applications depend on centralized cloud servers for authentication and access control. Validating the identity of a user and determining the legitimacy of his/her access requests require multiple rounds of data communications over the untrusted Internet, exposing sensitive data to potential attacks. Thus, protecting these data from security and privacy attacks and ensuring legitimate access is imperative. To address this challenge, we adopt an emerging technology called blockchain to propose a decentralized security framework called BloAC. It ensures secure access control in IoT networks without the intervention of the back-end cloud. We have used the Hyperledger Fabric, an open-source, permissioned blockchain platform, for implementing a prototype system using customized attribute-based access control (ABAC) policies. We have performed simulated and real test bed-based experiments to illustrate that BloAC outperforms the cloud server-based access control in latency and scalability. Finally, we conduct a security analysis to formally verify the ABAC policies used in BloAC and establish its robustness against attacks theoretically and using the AVISPA tool.</p>",https://ndownloader.figshare.com/files/41034848,
1,"Yuricha Yuricha, Irwan Kurnia Phan",Penerapan Role Based Access Control dalam Sistem Supply Chain Management Berbasis Cloud,2023,MALCOM: Indonesian Journal of Machine Learning and Computer Science,Institut Riset dan Publikasi Indonesia,https://doi.org/10.57152/malcom.v3i2.1259,,28,2026-05-27 21:14:56,journal-article,10.57152/malcom.v3i2.1259,2775-8575,,3,2,339,348,1,0.33,1,2,3,"Sistem Supply Chain Management (SCM) yang berbasis cloud telah menjadi salah satu terobosan yang mendukung skalabilitas dan fleksibilitas bisnis. Kompleksitas SCM dalam mendukung proses bisnis, tidak hanya terdapat pada beragamnya modul dan fitur, tetapi juga berbagai tingkat pengguna yang mengakses sistem sesuai dengan tujuannya masing-masing. Berbagai penelitian mengenai pengembangan sistem SCM telah banyak dilakukan dengan berbagai implementasi yang telah dilakukan di berbagai sektor, dan dapat dikonklusikan bahwa akses sistem melalui internet yang dapat dilakukan dari mana saja, kapan saja dan oleh siapa saja memungkinkan adanya celah keamanan data berupa akses sumber daya oleh pengguna yang tidak memiliki otorisasi maupun hak akses. Penerapan Role-Based Access Control (RBAC) menjadi solusi yang dapat diterapkan dan mencegah akses resource dari pihak-pihak yang tidak memiliki otorisasi. Penerapan RBAC dalam salah satu framework yang banyak digunakan hingga saat ini, yaitu Framework Laravel, sangat dapat dilakukan dengan memanfaatkan library Laravel Spatie. Dengan adanya penerapan ini, tujuan dari penelitian dapat terpenuhi, yaitu menjawab tantangan keamanan data dan menjaga integritas otorisasi setiap peran stakeholder pada sistem SCM berbasis cloud yang kompleks dengan berbagai tingkat level stakeholder akses yang ada.",https://journal.irpi.or.id/index.php/malcom/article/download/1259/547,
1,"Utsa Roy, Nirnay Ghosh",BloAC : A Blockchain-based Secure Access Control Management for the Internet of Things,2023,,Institute of Electrical and Electronics Engineers (IEEE),https://doi.org/10.36227/techrxiv.23282816.v1,,464,2026-05-27 21:14:56,posted-content,10.36227/techrxiv.23282816.v1,,,,,,,1,0.33,1,2,3,"The Internet of Things (IoT) paradigm has widespread applications across many fields in which private and sensitive user or environmental data are sensed and shared. Most present-day IoT applications depend on centralized cloud servers for authentication and access control. Validating the identity of a user and determining the legitimacy of his/her access requests require multiple rounds of data communications over the untrusted Internet, exposing sensitive data to potential attacks. Thus, protecting these data from security and privacy attacks and ensuring legitimate access is imperative. To address this challenge, we adopt an emerging technology called blockchain to propose a decentralized security framework called BloAC. It ensures secure access control in IoT networks without the intervention of the back-end cloud. We have used the Hyperledger Fabric, an open-source, permissioned blockchain platform, for implementing a prototype system using customized attribute-based access control (ABAC) policies. We have performed simulated and real test bed-based experiments to illustrate that BloAC outperforms the cloud server-based access control in latency and scalability. Finally, we conduct a security analysis to formally verify the ABAC policies used in BloAC and establish its robustness against attacks theoretically and using the AVISPA tool.",https://www.techrxiv.org/doi/pdf/10.36227/techrxiv.23282816.v1,
0,"Padmavathi Iyer, Amir Masoumzadeh",Towards Automated Learning of Access Control Policies Enforced by Web Applications,2023,Proceedings of the 28th ACM Symposium on Access Control Models and Technologies,ACM,https://doi.org/10.1145/3589608.3594743,,91,2026-05-27 21:14:56,proceedings-article,10.1145/3589608.3594743,,,,,163,168,0,0.00,0,2,3,,https://dl.acm.org/doi/pdf/10.1145/3589608.3594743,
0,Bouadjemi Abbdelkrim,FORMAL DECISION MODELING FOR ROLE-BASED ACCESS CONTROL POLICIES,2023,Advances in Mathematics: Scientific Journal,Union of Researchers of Macedonia,https://doi.org/10.37418/amsj.12.3.4,,100,2026-05-27 21:14:56,journal-article,10.37418/amsj.12.3.4,1857-8365,,12,3,465,477,0,0.00,0,1,3,"Role-Based Access Control (RBAC) has been widely used in information systems, including so-called critical systems. In business, workflows are used to control the flow of processes. One of the major issues concerning these processes is to be able to verify that a proposed process model strictly corresponds to the specifications to which it is supposed to respond. Access control models describe the frameworks that dictate permissions. The RBAC model is generally static, i.e. the access control decisions are: grant or deny. Dynamic and flexible access control is required. In order to increase the flexibility of access control, the notion of decision has been proposed. Decisions execute the requirements to be fulfilled. The main of this article is to use the decision to produce a dynamic model. Our model augments the dynamics of the RBAC model. It allows dynamically assigning permissions. For illustration, Feather's meeting management system is used. Finally, first-order logic is used to analyze the validity of the proposed model.",https://www.research-publication.com/amsj/uploads/papers/vol-12/iss-03/AMSJ-2023-N03-04.pdf,
0,"Kehe Wu, Yang Han, Zheng Tian, Weidong Wu, Yizhen Sun",Temporal Role Access Control Model for New Power Systems Based on Trust Degree,2023,Journal of Physics: Conference Series,IOP Publishing,https://doi.org/10.1088/1742-6596/2615/1/012015,,354,2026-05-27 21:14:56,journal-article,10.1088/1742-6596/2615/1/012015,1742-6588,,2615,1,12015,12015,0,0.00,0,5,3,"Abstract: With the continuous development of information construction in the new power system and the power information network system, users have their own role identities in the corresponding business systems, and access permissions change over time. Traditional access control permanently assigns user roles, which has made the issue of power information security increasingly prominent. This article introduces time constraints in the role-based access control of the new power system. Building on the research of GTRBAC, a trust-based time-constrained role-based access control model for the new power system is proposed. The model’s semantics, execution model, and formal verification are defined.",https://iopscience.iop.org/article/10.1088/1742-6596/2615/1/012015/pdf,
0,"Nilima V. Pardakhe, Vaishali M. Deshmukh",Consortium-Based Algorithm for Access Control and Pattern Analysis Models,2023,,Research Square Platform LLC,https://doi.org/10.21203/rs.3.rs-3070326/v1,,542,2026-05-27 21:14:56,posted-content,10.21203/rs.3.rs-3070326/v1,,,,,,,0,0.00,0,2,3,"Abstract: Inappropriate ownership transfers, weak access control, and incorrect authentication are just some of the most common external risks to public cloud installations. Cloud application developers may intentionally or unintentionally introduce these design-level issues. The difficulty that modern large-scale cloud deployments have in identifying and patching these vulnerabilities is a contributing factor to the decline in cloud QoS (quality of service) and the rise in overall system cost. Many different models of security patches have been developed by researchers and penetration testers in an effort to counteract this widespread issue. In this paper the Novel architecture is proposed that is applied to the header level to allow access to all data in incoming traffic. For the purpose of determining the most effective means of restricting access for possible internal and external attackers, this data is being processed by a context-aware rule-based engine. Moreover, it uses pattern analysis to assess the possibility of attacks like man-in-the-middle, cross-site scripting (XSS), SQL injection (SQLi), denial of service (DoS), and cross-site request forgery (CORS). By designing the network around the concept of a blockchain consortium, it is feasible to effectively exert ownership control without affecting the system's operation. This blockchain-based method stores all ownership requests in a private cloud until the content owner approves or rejects them, at which point they are transferred to the public cloud. These three properties of the model—distributed computing, immutability, and verifiability—are maintained by using a public/private chaining mechanism. The method has been evaluated across many cloud implementations, with consistent findings showing a 99.9% improvement in lowering the probability of external assaults while preserving or improving upon the efficiency of latency, throughput, and ownership transfer.",https://www.researchsquare.com/article/rs-3070326/v1,
0,"Babawale Patrick Okare, Tope David Aduloju, Olanrewaju Oluwaseun Ajayi, Okeoma Onunka, Linda Azah",A Role-Based Access Control Model for Multi-Cloud Data Pipelines: Governance and Compliance Perspective,2023,International Journal of Scientific Research in Civil Engineering,Technoscience Academy,https://doi.org/10.32628/ijsrce237318,,881,2026-05-27 21:14:56,journal-article,10.32628/ijsrce237318,2456-6667,,7,3,163,179,0,0.00,0,5,3,"The rapid adoption of multi-cloud architectures has introduced significant complexity in managing secure and compliant access to data pipelines that span diverse cloud platforms. Traditional Role-Based Access Control (RBAC) models, while effective in isolated systems, struggle to provide unified and governance-compliant access control across heterogeneous cloud environments. This paper proposes a layered, compliance-aware RBAC model designed specifically for multi-cloud data pipelines. The model introduces a role abstraction layer, policy harmonization mechanisms, and identity federation to enable consistent role definitions and cross-platform enforcement. Decoupling organizational roles from platform-specific configurations ensures scalable and auditable access control while maintaining the principle of least privilege. The model integrates seamlessly with native cloud tools such as AWS IAM, Azure RBAC, and Google Cloud IAM, and aligns with enterprise Identity and Access Governance (IAG) frameworks. It supports onboarding, role lifecycle management, policy translation, and continuous auditing to meet stringent regulatory requirements such as GDPR, HIPAA, and SOX. Practical implementation considerations and mitigation strategies are also discussed, addressing challenges such as role explosion, policy conflict, and trust boundary management. Finally, the paper explores future research directions, including dynamic access control extensions and zero-trust architecture integration. This RBAC framework provides both theoretical grounding and operational guidance for securing data pipelines in complex, regulated multi-cloud ecosystems.",https://ijsrce.com/index.php/home/article/download/IJSRCE237318/IJSRCE237318,
0,"Sahraeni Maulida, Satria Gunawan Zain, Muhammad Yahya",Development Of MAC-Based Smarthome Access Rights Authentication (Media Access Control) Address,2023,Micronic: Journal of Multidisciplinary Electrical and Electronics Engineering,PT. Lontara Digitech Indonesia,https://doi.org/10.61220/micronic.v1i1.20234,,930,2026-05-27 21:14:56,journal-article,10.61220/micronic.v1i1.20234,3025-2091,,,,26,41,0,0.00,0,3,3,"This study seeks to understand the purpose of using the ESP32 module as a control center in the electronic equipment control system on Smarthome and to ascertain the outcomes of the application design by utilizing Mac Address as Authentication Access rights to control electronic equipment. A methods for gathering data utilized literary analysis. In this study, access rights authentication was conducted on the software, and two hardware test, manual mode testing and automatic mode testing, were applied. Software testing was done by registering the user and Mac address of the device by the admin, then the data is stored in the firebase. In software testing, three smartphones were used whose MAC addresses were registered by the administrator. Each registered device was tried to log in ten times, and the success rate was 100%. In contrast, three devices' MAC addresses were not registered, and they were unable to log in ten times, with a 100% failure rate. Hardware testing is carried out by manual testing mode, in manual model testing the input from the controller application is in accordance with the prototype output, while automatic mode testing is carried out based on conditions at room temperature, namely in room conditions > 30 then the fan turns on automatically, the temperature room <30 the lights turn on automatically, so the automatic mode test has been matched to the output of the prototype. Based on the results of the study, a control system was produced with a MAC Address as an id and a user to login to an application called “Controller” which can be used to control electronic equipment in the house.",https://journal.lontaradigitech.com/Micronic/article/download/42/34,
0,"Chaoming Huang, Zhenghuan Xu, Jian Yang, Xiaobin Tan, Quan Zheng",An Effective Access Control Scheme for ICN Based Vehicle Exhaust Monitor System,2023,2023 42nd Chinese Control Conference (CCC),IEEE,https://doi.org/10.23919/ccc58697.2023.10240814,,968,2026-05-27 21:14:56,proceedings-article,10.23919/ccc58697.2023.10240814,,,,,6187,6192,0,0.00,0,5,3,,http://xplorestaging.ieee.org/ielx7/10239690/10239711/10240814.pdf?arnumber=10240814,
71,"Mingshan You, Jiao Yin, Hua Wang, Jinli Cao, Kate Wang, Yuan Miao, Elisa Bertino",A knowledge graph empowered online learning framework for access control decision-making,2022,World Wide Web,Springer Science and Business Media LLC,https://doi.org/10.1007/s11280-022-01076-5,,404,2026-05-27 21:14:56,journal-article,10.1007/s11280-022-01076-5,1386-145X,,26,2,827,848,71,17.75,10,7,4,"Abstract: Knowledge graph, as an extension of graph data structure, is being used in a wide range of areas as it can store interrelated data and reveal interlinked relationships between different objects within a large system. This paper proposes an algorithm to construct an access control knowledge graph from user and resource attributes. Furthermore, an online learning framework for access control decision-making is proposed based on the constructed knowledge graph. Within the framework, we extract topological features to represent high cardinality categorical user and resource attributes. Experimental results show that topological features extracted from knowledge graph can improve the access control performance in both offline learning and online learning scenarios with different degrees of class imbalance status.",https://link.springer.com/content/pdf/10.1007/s11280-022-01076-5.pdf,
61,"Marcela Tuler De Oliveira, Lucio Henrik Amorim Reis, Yiannis Verginadis, Diogo Menezes Ferrazani Mattos, Silvia Delgado Olabarriaga",SmartAccess: Attribute-Based Access Control System for Medical Records Based on Smart Contracts,2022,IEEE Access,Institute of Electrical and Electronics Engineers (IEEE),https://doi.org/10.1109/access.2022.3217201,,898,2026-05-27 21:14:56,journal-article,10.1109/access.2022.3217201,2169-3536,,10,,117836,117854,61,15.25,12,5,4,,http://xplorestaging.ieee.org/ielx7/6287639/9668973/09930340.pdf?arnumber=9930340,
47,"Sarra Namane, Imed Ben Dhaou",Blockchain-Based Access Control Techniques for IoT Applications,2022,Electronics,MDPI AG,https://doi.org/10.3390/electronics11142225,,847,2026-05-27 21:14:56,journal-article,10.3390/electronics11142225,2079-9292,,11,14,2225,2225,47,11.75,24,2,4,"The Internet of Things is gaining more importance in the present era of Internet technology. It is considered as one of the most important technologies of everyday life. Moreover, IoT systems are ceaselessly growing with more and more devices. They are scalable, dynamic, and distributed, hence the origin of the crucial security requirements in IoT. One of the most challenging issues that the IoT community must handle recently is how to ensure an access control approach that manages the security requirements of such a system. Traditional access control technologies are not suitable for a large-scale and distributed network structure. Most of them are based on a centralized approach, where the use of a trusted third party (TTP) is obligatory. Furthermore, the emergence of blockchain technology has allowed researchers to come up with a solution for these security issues. This technology is highly used to record access control data. Additionally, it has great potential for managing access control requests. This paper proposed a blockchain-based access control taxonomy according to the access control nature: partially decentralized and fully decentralized. Furthermore, it presents an overview of blockchain-based access control solutions proposed in different IoT applications. Finally, the article analyzes the proposed works according to certain criteria that the authors deem important.",https://www.mdpi.com/2079-9292/11/14/2225/pdf,
21,"Mohammad Fareed, Ali A. Yassin",Privacy-preserving multi-factor authentication and role-based access control scheme for the E-healthcare system,2022,Bulletin of Electrical Engineering and Informatics,Institute of Advanced Engineering and Science,https://doi.org/10.11591/eei.v11i4.3658,,271,2026-05-27 21:14:56,journal-article,10.11591/eei.v11i4.3658,2302-9285,,11,4,2131,2141,21,5.25,11,2,4,"E-healthcare assists medical specialists in remotely collecting patient health data and providing remote health diagnoses. The roles are distributed among the system's users, contrasted between admin to data entry within certain rules and policies. Role-based access control (RBAC) is a technique of advanced access control that restricts key operations of users (addition, deletion and modification) access based on a user's role within a healthcare system. This paper proposes a privacy-preserving using RBAC and smart multi-factor authentication for the healthcare system to overcome the limitation flaw in previous schemes such as security risk tolerance, scalability and dynamism. This work relies on low-complexity cryptographic hash functions and symmetric operations to authenticate users while using an asymmetric cryptosystem based on the Schnorr digital signature lightweight operation to authenticate the administrator to provide multi-factor authentication. The administrator represents the system's core, and any his information leak could attack the entire system and its components. The proposed scheme conducted two thorough formal security proofs for the proposed work based on informal analysis and the Scyther tool. Furthermore, comparisons with other schemes reveal that the proposed scheme provides greater security features, and resisting attacks than the others while also being efficient in computing and communication costs.",https://beei.org/index.php/EEI/article/viewFile/3658/2785,
15,"Ha Thanh Le, Lwin Khin Shar, Domenico Bianculli, Lionel Claude Briand, Cu Duy Nguyen",Automated reverse engineering of role-based access control policies of web applications,2022,Journal of Systems and Software,Elsevier BV,https://doi.org/10.1016/j.jss.2021.111109,,195,2026-05-27 21:14:56,journal-article,10.1016/j.jss.2021.111109,0164-1212,,184,,111109,111109,15,3.75,3,5,4,,https://api.elsevier.com/content/article/PII:S0164121221002065,
5,"Qiang Guo, Mahesh Tripunitara",The Secrecy Resilience of Access Control Policies and Its Application to Role Mining,2022,Proceedings of the 27th ACM on Symposium on Access Control Models and Technologies,ACM,https://doi.org/10.1145/3532105.3535030,,181,2026-05-27 21:14:56,proceedings-article,10.1145/3532105.3535030,,,,,115,126,5,1.25,3,2,4,,https://dl.acm.org/doi/10.1145/3532105.3535030,
3,"S. Neelavathy Pari, S. Rajashree, Adithya Prakash, R. M. Shanthosh",Role Based Access Control Framework for Healthcare Records Using Hyperledger Fabric,2022,2022 3rd International Conference on Issues and Challenges in Intelligent Computing Techniques (ICICT),IEEE,https://doi.org/10.1109/icict55121.2022.10064512,,247,2026-05-27 21:14:56,proceedings-article,10.1109/icict55121.2022.10064512,,,,,1,7,3,0.75,1,4,4,,http://xplorestaging.ieee.org/ielx7/10064384/10064487/10064512.pdf?arnumber=10064512,
3,"Xin Zhang, Yifan Zhang",Achieving resource-centric access control for web-app interactions on android,2022,High-Confidence Computing,Elsevier BV,https://doi.org/10.1016/j.hcc.2022.100073,,509,2026-05-27 21:14:56,journal-article,10.1016/j.hcc.2022.100073,2667-2952,,2,3,100073,100073,3,0.75,2,2,4,,https://api.elsevier.com/content/article/PII:S2667295222000253,
2,Mohammed Shaya Baihan,Role-based Access Control Solution for GraphQL-based Fast Healthcare Interoperability Resources Health Application Programming Interface,2022,"2022 IEEE International Conference on E-health Networking, Application &amp; Services (HealthCom)",IEEE,https://doi.org/10.1109/healthcom54947.2022.9982782,,95,2026-05-27 21:14:56,proceedings-article,10.1109/healthcom54947.2022.9982782,,,,,1,6,2,0.50,2,1,4,,http://xplorestaging.ieee.org/ielx7/9982624/9982728/09982782.pdf?arnumber=9982782,
1,"Franklin Coronel, Norma Barreno, Paúl Muñoz, David Zabala-Blanco, Noemí Onofa, Marco Flores-Calero",Web-based personal access control system using facial recognition with deep learning techniques,2022,2022 IEEE Colombian Conference on Communications and Computing (COLCOM),IEEE,https://doi.org/10.1109/colcom56784.2022.10107868,,154,2026-05-27 21:14:56,proceedings-article,10.1109/colcom56784.2022.10107868,,,,,1,6,1,0.25,0,6,4,,http://xplorestaging.ieee.org/ielx7/10107825/10107780/10107868.pdf?arnumber=10107868,
0,giovanni bartolomeo,Attribute-Based Encryption for Access Control in Cloud Ecosystems,2022,,Institute of Electrical and Electronics Engineers (IEEE),https://doi.org/10.36227/techrxiv.13546871.v4,,188,2026-05-27 21:14:56,posted-content,10.36227/techrxiv.13546871.v4,,,,,,,0,0.00,0,1,4,"We introduce a distributed, fine-granuled, policy-based resource access control protocol leveraging on Attribute-Based Encryption. The protocol secures the whole access control procedure from the authorization issuer to the resource server providing grant confidentiality, proof of possession, antiforgery and may be implemented through a common web token exchange flow plus a HTTP basic authentication. As such, it may easily map to Cloud computing SaaS paradigms, enabling services integration into a single authorization-centric ecosystem even across multiple identity domains. We also present the results of a performance evaluation on a first prototype implementation.",https://www.techrxiv.org/doi/pdf/10.36227/techrxiv.13546871.v4,
0,giovanni bartolomeo,Attribute-Based Encryption for Access Control in Cloud Ecosystems,2022,,Institute of Electrical and Electronics Engineers (IEEE),https://doi.org/10.36227/techrxiv.13546871,,194,2026-05-27 21:14:56,posted-content,10.36227/techrxiv.13546871,,,,,,,0,0.00,0,1,4,"<p>We introduce a distributed, fine-granuled, policy-based resource access control protocol leveraging on Attribute-Based Encryption. The protocol secures the whole access control procedure from the authorization issuer to the resource server providing grant confidentiality, proof of possession, antiforgery and may be implemented through a common web token exchange flow plus a HTTP basic authentication. As such, it may easily map to Cloud computing SaaS paradigms, enabling services integration into a single authorization-centric ecosystem even across multiple identity domains. We also present the results of a performance evaluation on a first prototype implementation.</p>",https://ndownloader.figshare.com/files/32824289,
0,"ChangHong Li, Takeshi Yashiro",AFWA: Flexible IoT Access Control Framework with Web API Integration,2022,2022 IEEE 4th Global Conference on Life Sciences and Technologies (LifeTech),IEEE,https://doi.org/10.1109/lifetech53646.2022.9754921,,259,2026-05-27 21:14:56,proceedings-article,10.1109/lifetech53646.2022.9754921,,,,,354,356,0,0.00,0,2,4,,http://xplorestaging.ieee.org/ielx7/9754591/9754592/09754921.pdf?arnumber=9754921,
0,"Muhammad Faraz Hyder, Saadia Arshad, Asad Arfeen, Tasbiha Fatima",Privacy preserving mobile forensic framework using role‐based access control and cryptography,2022,Concurrency and Computation: Practice and Experience,Wiley,https://doi.org/10.1002/cpe.7178,,347,2026-05-27 21:14:56,journal-article,10.1002/cpe.7178,1532-0626,,34,23,,,0,0.00,0,4,4,"Summary: The rise of social media‐related crimes has led to the rise of mobile forensics. Since mobile forensics and privacy preservation are conflicting fields, it is important to find a middle ground where forensics can be performed on any device without compromising the confidentiality of an individual. This paper presents a framework called “role‐based mobile forensics framework with cryptography (RBMF2C)” that can be easily implemented and protects users' privacy and does not interfere with the forensic process. A mobile forensic platform called Sher‐locked phones developed using C# is also presented in this paper that is developed following the aforementioned RBMF2C framework. This platform consists of five layers: access control, evidence gathering, data analysis, privacy, and reporting layer. The developed platform implements the RBMF2C framework on the evidence gathering, analysis, and reporting layer to protect the evidential image, evidential findings, and final report from being accessed by unauthorized users. The implementation of privacy preservation techniques as proposed by the proposed framework such as role‐based access control, keyword search, and encryption/ decryption did not hinder the performance of the developed toolkit, and suspects data privacy is also preserved to a substantial extent.",https://onlinelibrary.wiley.com/doi/pdf/10.1002/cpe.7178,
0,"Bin Zhao, Guiyue Zheng, Yilong Gao, Yanchen Zhao",Access-Control Model of Super Business System Based on Business Entity,2022,Electronics,MDPI AG,https://doi.org/10.3390/electronics11193073,,845,2026-05-27 21:14:56,journal-article,10.3390/electronics11193073,2079-9292,,11,19,3073,3073,0,0.00,0,4,4,"To address the problem that the traditional access-control model is no longer suitable for access control and authorization in the super business system—which has the characteristics of many businesses and complex permissions—a business entity-based access-control model (BE-BAC) is proposed in this paper. The BE-BAC model realizes the relationship between users, business entities, and business permissions. Firstly, according to the characteristics of the super business system, the concept of business entity is put forward, introducing the composition and relationship of the business entity. Secondly, the business entity is introduced into the access-control model, formally describing the basic relationship, constraint, mapping, and authorization strategy of the BE-BAC model. Finally, the access-control workflow, based on the business entity, is designed, and the security analysis and comprehensive comparison of the model are carried out. Compared with the existing access-control model, the BE-BAC model has higher security and flexibility, and better protects resources, through more secure access-request decisions.",https://www.mdpi.com/2079-9292/11/19/3073/pdf,
114,"Shuang Sun, Rong Du, Shudong Chen, Weiwei Li","Blockchain-Based IoT Access Control System: Towards Security, Lightweight, and Cross-Domain",2021,IEEE Access,Institute of Electrical and Electronics Engineers (IEEE),https://doi.org/10.1109/access.2021.3059863,,709,2026-05-27 21:14:56,journal-article,10.1109/access.2021.3059863,2169-3536,,9,,36868,36878,114,22.80,29,4,5,,http://xplorestaging.ieee.org/ielx7/6287639/9312710/09355161.pdf?arnumber=9355161,
101,"Konstantina Spanaki, Erisa Karafili, Stella Despoudi",AI applications of data sharing in agriculture 4.0: A framework for role-based data access control,2021,International Journal of Information Management,Elsevier BV,https://doi.org/10.1016/j.ijinfomgt.2021.102350,,298,2026-05-27 21:14:56,journal-article,10.1016/j.ijinfomgt.2021.102350,0268-4012,,59,,102350,102350,101,20.20,34,3,5,,https://api.elsevier.com/content/article/PII:S0268401221000438,
66,"Sara Rouhani, Rafael Belchior, Rui S. Cruz, Ralph Deters",Distributed attribute-based access control system using permissioned blockchain,2021,World Wide Web,Springer Science and Business Media LLC,https://doi.org/10.1007/s11280-021-00874-7,,46,2026-05-27 21:14:56,journal-article,10.1007/s11280-021-00874-7,1386-145X,,24,5,1617,1644,66,13.20,17,4,5,,https://link.springer.com/content/pdf/10.1007/s11280-021-00874-7.pdf,
26,"Salah T. Alshammari, Aiiad Albeshri, Khalid Alsubhi",Integrating a High-Reliability Multicriteria Trust Evaluation Model with Task Role-Based Access Control for Cloud Services,2021,Symmetry,MDPI AG,https://doi.org/10.3390/sym13030492,,567,2026-05-27 21:14:56,journal-article,10.3390/sym13030492,2073-8994,,13,3,492,492,26,5.20,9,3,5,"Cloud data storage is revolutionary because it eliminates the need for additional hardware, which is often costly, inconvenient, and requires additional space. Cloud data storage allows data owners to store large amounts of data in a flexible way and at low cost. The number of online cloud storage services and their consumers has therefore increased dramatically. However, ensuring the privacy and security of data on a digital platform is often a challenge. A cryptographic task-role-based access control (T-RBAC) approach can be used to protect data privacy. This approach ensures the accessibility of data for authorized consumers and keeps it safe from unauthorized consumers. However, this type of cryptographic approach does not address the issue of trust. In this paper, we propose a comprehensive trust model integrated with a cryptographic T-RBAC to enhance the privacy and security of data stored in cloud storage systems, and suggests that trust models involve inheritance and hierarchy in the roles and tasks of trustworthiness evaluation, where this study aims to identify the most feasible solution for the trust issue in T-RBAC approaches. Risk evaluations regarding other possible flaws of the design are also performed. The proposed design can decrease risk by providing high security for cloud storage systems and improve the quality of decisions of cloud operators and data owners.",https://www.mdpi.com/2073-8994/13/3/492/pdf,
15,"Yogesh M Gajmal, R. Udayakumar",Blockchain-Based Access Control and Data Sharing Mechanism in Cloud Decentralized Storage System,2021,Journal of Web Engineering,River Publishers,https://doi.org/10.13052/jwe1540-9589.2054,,47,2026-05-27 21:14:56,journal-article,10.13052/jwe1540-9589.2054,1544-5976,,,,,,15,3.00,8,2,5,"Access control is a major factor in enhancing data security in the cloud storage system. However, the existing data sharing and the access control method have privacy data leakage and key abuse, which is a major challenge in the research community. Therefore, an effective method named Blockchain-based access control and data sharing approach is developed in the cloud storage system to increase data security. The proposed Blockchain-based access control and data sharing approach effectively solve single-point failure in the cloud system. It provides more benefits by increasing the throughput and reducing the cost. The Data user (DU) makes the registration request using the ID and password and forwards it to the Data Owner (DO), which processes the request and authenticates the Data user. The information of the data owner is embedded in the transactional blockchain using the encrypted master key. The Data owner achieves the data encryption process, and encrypted files are uploaded to the Interplanetary File System (IPFS). Based on the encrypted file location and encrypted key, the Data owner generates the ciphertext metadata and is embedded in the transactional blockchain. The proposed Blockchain-based access control and data sharing approach achieved better performance using the metrics, like a better genuine user detection rate of 95% and lower responsiveness of 25sec with the blockchain of 100 sizes.",https://journals.riverpublishers.com/index.php/JWE/article/download/5837/9079,
9,"Rubina Ghazal, Ahmad Malik, Basit Raza, Nauman Qadeer, Nafees Qamar, Sajal Bhatia",Agent-Based Semantic Role Mining for Intelligent Access Control in Multi-Domain Collaborative Applications of Smart Cities,2021,Sensors,MDPI AG,https://doi.org/10.3390/s21134253,,273,2026-05-27 21:14:56,journal-article,10.3390/s21134253,1424-8220,,21,13,4253,4253,9,1.80,2,6,5,"Significance and popularity of Role-Based Access Control (RBAC) is inevitable; however, its application is highly challenging in multi-domain collaborative smart city environments. The reason is its limitations in adapting the dynamically changing information of users, tasks, access policies and resources in such applications. It also does not incorporate semantically meaningful business roles, which could have a diverse impact upon access decisions in such multi-domain collaborative business environments. We propose an Intelligent Role-based Access Control (I-RBAC) model that uses intelligent software agents for achieving intelligent access control in such highly dynamic multi-domain environments. The novelty of this model lies in using a core I-RBAC ontology that is developed using real-world semantic business roles as occupational roles provided by Standard Occupational Classification (SOC), USA. It contains around 1400 business roles, from nearly all domains, along with their detailed task descriptions as well as hierarchical relationships among them. The semantic role mining process is performed through intelligent agents that use word embedding and a bidirectional LSTM deep neural network for automated population of organizational ontology from its unstructured text policy and, subsequently, matching this ontology with core I-RBAC ontology to extract unified business roles. The experimentation was performed on a large number of collaboration case scenarios of five multi-domain organizations and promising results were obtained regarding the accuracy of automatically derived RDF triples (Subject, Predicate, Object) from organizational text policies as well as the accuracy of extracted semantically meaningful roles.",https://www.mdpi.com/1424-8220/21/13/4253/pdf,
9,"Tanvi Garg, Navid Kagalwalla, Shubha Puthran, Prathamesh Churi, Ambika Pawar",A novel approach of privacy-preserving data sharing system through data-tagging with role-based access control,2021,World Journal of Engineering,Emerald,https://doi.org/10.1108/wje-04-2021-0218,,724,2026-05-27 21:14:56,journal-article,10.1108/wje-04-2021-0218,1708-5284,,20,1,12,28,9,1.80,2,5,5,"Purpose: This paper aims to design a secure and seamless system that ensures quick sharing of health-care data to improve the privacy of sensitive health-care data, the efficiency of health-care infrastructure, effective treatment given to patients and encourage the development of new health-care technologies by researchers. These objectives are achieved through the proposed system, a “privacy-aware data tagging system using role-based access control for health-care data.” Design/methodology/approach: Health-care data must be stored and shared in such a manner that the privacy of the patient is maintained. The method proposed, uses data tags to classify health-care data into various color codes which signify the sensitivity of data. It makes use of the ARX tool to anonymize raw health-care data and uses role-based access control as a means of ensuring only authenticated persons can access the data. Findings: The system integrates the tagging and anonymizing of health-care data coupled with robust access control policies into one architecture. The paper discusses the proposed architecture, describes the algorithm used to tag health-care data, analyzes the metrics of the anonymized data against various attacks and devises a mathematical model for role-based access control. Originality/value: The paper integrates three disparate topics – data tagging, anonymization and role-based access policies into one seamless architecture. Codifying health-care data into different tags based on International Classification of Diseases 10th Revision (ICD-10) codes and applying varying levels of anonymization for each data tag along with role-based access policies is unique to the system and also ensures the usability of data for research.",https://www.emerald.com/insight/content/doi/10.1108/WJE-04-2021-0218/full/html,
4,"Shamil Magomedov, Alexander Gusev, Dmitry Ilin, Evgeny Nikulchev",Users’ Reaction Time for Improvement of Security and Access Control in Web Services,2021,Applied Sciences,MDPI AG,https://doi.org/10.3390/app11062561,,419,2026-05-27 21:14:56,journal-article,10.3390/app11062561,2076-3417,,11,6,2561,2561,4,0.80,1,4,5,"This paper concerns the case of the development of a technology for increasing the efficiency of access control based on the user behavior monitoring built into a software system’s user interface. It is proposed to use the time of user reactions as individual indicators of psychological and psychophysical state. This paper presents the results and interpretation of user reactions collected during a mass web survey of students of the Russian Federation. The total number of users was equal to 22,357. To reveal the patterns in user reactions, both quantitative and qualitative approaches were applied. The analysis of the data demonstrated that the user could be characterized by their psychomotor reactions, collected during the answering of a set of questions. Those reactions reflected the personal skills of the interface interaction, the speed of reading, and the speed of answering. Thus, those observations can be used as a supplement to personal verification in information systems. The collection of the reaction times did not load the data volumes significantly nor transmit confidential information.",https://www.mdpi.com/2076-3417/11/6/2561/pdf,
3,"Liu Hui, He Xudong, Gao Fan, Wang KaiLun, Yuan Enze",Web Service Access Control Based on Browser Fingerprint Detection,2021,Journal of Web Engineering,River Publishers,https://doi.org/10.13052/jwe1540-9589.20512,,22,2026-05-27 21:14:56,journal-article,10.13052/jwe1540-9589.20512,1544-5976,,,,,,3,0.60,1,5,5,"Web services have covered all areas of social life, and various browsers have become necessary software on computers and mobile phones, and they are also the entrances to Web services. All kinds of threats to web data security continue to appear, so web services and browsers have become the focus of security. In response to the requirements of Web service for access entity identification and data access control, this paper proposes a multi-dimensional browser fingerprint detection method based on adversarial learning, and designs a Web service access control framework combined with browser fingerprint detection. Through the joint use of multi-dimensional browser features, adversarial learning is used to improve the accuracy and robustness of browser fingerprint detection; a cross-server and browser-side Web service access control framework is established by creating tags for Web data resources and access entities. Based on the mapping relationship between browser fingerprint detection entities and data resources, fine-grained hierarchical data access control is realized. Through experiments and analysis, the browser fingerprint detection method proposed in this paper is superior to existing machine learning detection methods in terms of accuracy and robustness. Based on the adversarial learning method, good detection results can be obtained in the case of a small number of user samples. At the same time, the open source data set is further used to verify the advantages of the method in this paper. The Web service access control framework can satisfy the requirements of Web data security control, is an effective supplement to user identification technology, and is implementable.",https://journals.riverpublishers.com/index.php/JWE/article/download/7167/8991,
3,"Alivia Maraqonita Tillah, Dion Ogi, Mohammad Febriyanto, Devi Asria Farhatin",Access Control System based on Secret Sharing Scheme with Secure Web Database and SHA-3 Password Authentication,2021,2021 6th International Workshop on Big Data and Information Security (IWBIS),IEEE,https://doi.org/10.1109/iwbis53353.2021.9631847,,158,2026-05-27 21:14:56,proceedings-article,10.1109/iwbis53353.2021.9631847,,,,,145,152,3,0.60,1,4,5,,http://xplorestaging.ieee.org/ielx7/9631759/9631838/09631847.pdf?arnumber=9631847,
2,"Xin Zhang, Yifan Zhang",ReACt: A Resource-centric Access Control System for Web-app Interactions on Android,2021,Proceedings of the Web Conference 2021,ACM,https://doi.org/10.1145/3442381.3449960,,92,2026-05-27 21:14:56,proceedings-article,10.1145/3442381.3449960,,,,,1459,1470,2,0.40,1,2,5,,https://dl.acm.org/doi/10.1145/3442381.3449960,
2,"Vaishnavi Agarwal, Nandita Pandey, KM. Anjali, Anandhan. K, Damodharan. D",Virtual E-Learning in Indian Educational System for Web-Based Access Control Scheme,2021,2021 International Conference on Advance Computing and Innovative Technologies in Engineering (ICACITE),IEEE,https://doi.org/10.1109/icacite51222.2021.9404719,,135,2026-05-27 21:14:56,proceedings-article,10.1109/icacite51222.2021.9404719,,,,,703,706,2,0.40,0,5,5,,http://xplorestaging.ieee.org/ielx7/9404366/9404367/09404719.pdf?arnumber=9404719,
0,Ling Chen,Research on Role Access Control Model Based on Identity Authentication,2021,Journal of Physics: Conference Series,IOP Publishing,https://doi.org/10.1088/1742-6596/2025/1/012105,,118,2026-05-27 21:14:56,journal-article,10.1088/1742-6596/2025/1/012105,1742-6588,,2025,1,12105,12105,0,0.00,0,1,5,"Abstract: Cryptography and access control are the core technologies for a secure operating system. Cryptography can guarantee the confidentiality, integrity, availability and unforgeability of information in the access control system. In the identity-based cryptosystem, the user’s private key is centrally generated by the key distribution center, and key escrow is a major security risk. In view of this problem, it is proposed that multiple trusted entities participate in the key distribution scheme in a serial manner. At the same time, this paper adds a separate blind factor to each user to increase security of the scheme; it also introduces the concept of virtual key, which uses additivity of the key space in the pair-based encryption scheme. In key generation, a timestamp T is added, which enables one-time pad of the system, enhances security of the system, and eliminates collusion attacks by KGC and multiple KPA. Finally, the improved signcryption scheme is combined with the RBAC model, and the I_RBAC model is proposed, which enables identity authentication and information confidentiality of users in simple communication in the RBAC model. Finally, the efficiency and safety of this scheme are analyzed.",https://iopscience.iop.org/article/10.1088/1742-6596/2025/1/012105/pdf,
0,giovanni bartolomeo,Attribute-Based Encryption for Access Control in Cloud Ecosystems,2021,,Institute of Electrical and Electronics Engineers (IEEE),https://doi.org/10.36227/techrxiv.13546871.v1,,189,2026-05-27 21:14:56,posted-content,10.36227/techrxiv.13546871.v1,,,,,,,0,0.00,0,1,5,"We introduce a distributed, fine-granuled, policy-based resource access control protocol leveraging on Attribute-Based Encryption. The protocol secures the whole access control procedure from the authorization issuer to the resource server providing grant confidentiality, proof of possession, antiforgery and may be implemented through a developer familiar web token exchange flow plus a HTTP basic authentication flow. As such, it may map to Cloud computing SaaS paradigm, enabling microservices integration into a single, authorization-centric digital ecosystem, even across multiple identity domains. We also present the results of a performance evaluation on a first prototype implementation.",https://www.techrxiv.org/doi/pdf/10.36227/techrxiv.13546871.v1,
0,giovanni bartolomeo,Attribute-Based Encryption for Access Control in Cloud Ecosystems,2021,,Institute of Electrical and Electronics Engineers (IEEE),https://doi.org/10.36227/techrxiv.13546871.v3,,190,2026-05-27 21:14:56,posted-content,10.36227/techrxiv.13546871.v3,,,,,,,0,0.00,0,1,5,"We introduce a distributed, fine-granuled, policy-based resource access control protocol leveraging on Attribute-Based Encryption. The protocol secures the whole access control procedure from the authorization issuer to the resource server providing grant confidentiality, proof of possession, antiforgery and may be implemented through a common web token exchange flow plus a HTTP basic authentication. As such, it may easily map to Cloud computing SaaS paradigms, enabling services integration into a single authorization-centric ecosystem even across multiple identity domains. We also present the results of a performance evaluation on a first prototype implementation.",https://www.techrxiv.org/doi/pdf/10.36227/techrxiv.13546871.v3,
0,giovanni bartolomeo,Attribute-Based Encryption for Access Control in Cloud Ecosystems,2021,,Institute of Electrical and Electronics Engineers (IEEE),https://doi.org/10.36227/techrxiv.13546871.v2,,193,2026-05-27 21:14:56,posted-content,10.36227/techrxiv.13546871.v2,,,,,,,0,0.00,0,1,5,"We introduce a distributed, fine-granuled, policy-based resource access control protocol leveraging on Attribute-Based Encryption. The protocol secures the whole access control procedure from the authorization issuer to the resource server providing grant confidentiality, proof of possession, antiforgery and may be implemented through a developer familiar web token exchange flow plus a HTTP basic authentication flow. As such, it may map to Cloud computing SaaS paradigm, enabling microservices integration into a single, authorization-centric digital ecosystem, even across multiple identity domains. We also present the results of a performance evaluation on a first prototype implementation.",https://www.techrxiv.org/doi/pdf/10.36227/techrxiv.13546871.v2,
0,"Kamarudin Kamarudin, Mukhaimy Gazali",Sistem Keamanan Berlapis Menggunakan Metode Access Control List Dan Enkripsi Source Code Pada Web Login,2021,Jurnal Teknologi Informasi (JUTECH),Institut Teknologi dan Bisnis Ahmad Dahlan Jakarta,https://doi.org/10.32546/jutech.v2i2.1657,,374,2026-05-27 21:14:56,journal-article,10.32546/jutech.v2i2.1657,2797-4111,,2,2,48,60,0,0.00,0,2,5,"Web documents are the most important assets for organizations to represent reports managed by servers. Meanwhile, the form is the entrance for the input provided by the user to be able to take advantage of server resources, be it a database, or other features that are owned by the server. This research focuses on the security of the web login form which is the entry point for various users. The level of authority (authorization) of users is set based on the Access Control List (ACL) which is arranged in such a way by the administrator. Multi-layered security goes through several stages that must be passed by the user, from validation, verification, authentication to authorizing according to the rights given to him by the administrator. The results found provide more value for web developers to set a standard security system for the web login form they build. However, various other security opportunities may be found in subsequent research, as developments",https://ojs.itb-ad.ac.id/index.php/JUTECH/article/download/1657/368,
0,"hideyat zerga, Asma AMRAOUI, badr BENMAMMAR",A Smart Contract-based Access Control Architecture for Telemedicine During Covid-19,2021,,Springer Science and Business Media LLC,https://doi.org/10.21203/rs.3.rs-982468/v1,,739,2026-05-27 21:14:56,posted-content,10.21203/rs.3.rs-982468/v1,,,,,,,0,0.00,0,3,5,"<title>Abstract</title> <p>In the fight against the COVID-19 epidemic that is currently a major global public health issue, social distancing has been imposed to prevent the massive transmission, thus doctors in hospitals have turned to telemedicine in order to be able to monitor their patient notably those suffering from chronic diseases. To do so, patients need to share their physiological data with doctors. In order to share this data safely, prevent malicious users from tampering with it and protect the privacy of patients, access control becomes a fundamental requirement. In order to set up a real-time (Internet of Thing) IoT enabled healthcare system (HS) scenario like telemedicine, Fog computing (FC) seems to be the best solution comparing to Cloud computing since it provides low latency, highly mobile and geo-distributed services and temporary storage. In this paper, the focus is on access control in the telemedicine systems. Our proposal is based, on one hand, the concept of Fog computing to ensure the distributed aspect needed in the monitoring of patient health remotely; and on the other hand Blockchain (BC) smart contracts, in order to provide a dynamic, optimized and self-adjusted access control.</p>",https://www.researchsquare.com/article/rs-982468/v1,
