Cites,Authors,Title,Year,Source,Publisher,ArticleURL,CitesURL,GSRank,QueryDate,Type,DOI,ISSN,CitationURL,Volume,Issue,StartPage,EndPage,ECC,CitesPerYear,CitesPerAuthor,AuthorCount,Age,Abstract,FullTextURL,RelatedURL
0,"Hidayatur Romadhan, Mansur Mansur","Web-based Educational Payment Information System using Role-based Access Control Security",2026,"SISTEMASI","Universitas Islam Indragiri","https://doi.org/10.32520/stmsi.v15i2.5920","",1,"2026-05-27 21:14:56","journal-article","10.32520/stmsi.v15i2.5920","2540-9719",,15,2,624,624,0,0.00,0,2,1,"","https://sistemasi.ftik.unisi.ac.id/index.php/stmsi/article/viewFile/5920/1164",""
0,"","SchoolEvHub: Design and Development of a Web-Based School Event Management System with Role-Based Access Control",2026,"International Journal of Innovative Research in Technology","Amplionix LLP","https://doi.org/10.64643/ijirtv12i11-197549-459","",2,"2026-05-27 21:14:56","journal-article","10.64643/ijirtv12i11-197549-459","2349-6002",,12,11,,,0,0.00,0,0,1,"","",""
0,"Nilay Dedhia","Secure Web Authentication Using JWT and Role-Based Access Control",2026,"INTERNATIONAL JOURNAL OF SCIENTIFIC RESEARCH IN ENGINEERING AND MANAGEMENT","Edtech Publishers (OPC) Private Limited","https://doi.org/10.55041/ijsrem60274","",3,"2026-05-27 21:14:56","journal-article","10.55041/ijsrem60274","2582-3930",,10,4,1,9,0,0.00,0,1,1,"Abstract Web applications play a critical role in modern digital systems and handle large amounts of sensitive user data, making them a major target for cyber attacks. Weak authentication mechanisms, poor session management, and inadequate access control can lead to vulnerabilities such as Cross-Site Scripting (XSS), Cross-Site Request Forgery (CSRF), and session hijacking, resulting in unauthorized access and data breaches. This research presents the design and implementation of a secure role-based authentication framework. The system uses JSON Web Tokens (JWT) for stateless authentication and stores tokens in HTTP-only cookies to prevent client-side access and reduce XSS risks. Role-Based Access Control (RBAC) is implemented to restrict access based on user roles, while secure password hashing and middleware validation enhance overall security. The proposed framework improves authentication security, strengthens session management, and reduces common web vulnerabilities. It is scalable and suitable for integration into modern web applications. Keyword: JWT, RBAC, Authentication, Web Security, HTTP-only Cookies","",""
0,"Nurul Asrofi, Kasmawi Kasmawi, Pretti Ristra","Implementation of role-based access control (RBAC) in a web-based mosque information system",2026,"Jurnal Ilmiah Teknologi Informasi Asia","Institut Teknologi dan Bisnis Asia Malang","https://doi.org/10.32815/jitika.1233","",7,"2026-05-27 21:14:56","journal-article","10.32815/jitika.1233","2580-8397",,20,2,1,10,0,0.00,0,3,1,"This study addresses the challenges of mosque administrative and financial management, which are still predominantly handled manually, resulting in inefficiency, limited transparency, and potential security risks. To address these issues, this research designs and implements a web-based mosque information system incorporating Role-Based Access Control (RBAC) to regulate user access based on predefined organizational roles. The system supports the management of mosque activities, financial transactions, announcements, and public information services. RBAC is applied to ensure that each user can only access system functionalities relevant to their responsibilities, including administrators, mosque management staff, treasurers, and public users. System evaluation includes functional testing, role-based access testing, a basic security assessment, and an initial performance evaluation using page-load time measurements. The performance evaluation shows that the most resource-intensive module achieves an average page load time of approximately 2.3 seconds, indicating acceptable performance for a small-scale community-based information system. The results suggest that the proposed system supports structured administrative workflows, improves access organization, and enhances transparency while maintaining controlled access to sensitive information. The proposed system provides a practical foundation for secure and accountable digital mosque management.","",""
0,"Prof. Shital Gujar","A Web- Based Student Attendance Management System Using MERN Stack with Role-Based Access Control",2026,"International Journal for Research in Applied Science and Engineering Technology","International Journal for Research in Applied Science and Engineering Technology (IJRASET)","https://doi.org/10.22214/ijraset.2026.78565","",8,"2026-05-27 21:14:56","journal-article","10.22214/ijraset.2026.78565","2321-9653",,14,3,2957,2961,0,0.00,0,1,1,"Many engineering colleges still use manual methods like paper registers and notice boards for managing attendance and results. This makes things slow and students often do not get information on time. In this paper we present a web- based Student Portal built during our Second Year Engineering project. The system supports four types of users - Student, Faculty, Admin, and Parent - each with their own login and dashboard. We used React.js for the frontend, Node.js and Express.js for the backend, and MongoDB Atlas to store data. Login is secured using JSON Web Tokens (JWT). Access to each dashboard is controlled based on the user role, both on the frontend and the backend. Role separation was confirmed - no user could access another role's data. The system is a simple but working solution to replace paper- based academic management","",""
0,"Ayodeji Bolanle Balogun","A Secure Web-Based Investment Club Management System with Integrated Accounting and Role-Based Access Control",2026,"International Journal for Research in Applied Science and Engineering Technology","International Journal for Research in Applied Science and Engineering Technology (IJRASET)","https://doi.org/10.22214/ijraset.2026.82399","",9,"2026-05-27 21:14:56","journal-article","10.22214/ijraset.2026.82399","2321-9653",,14,5,3423,3429,0,0.00,0,1,1,"Cooperative savings and investment clubs play a crucial role in domestic finance in sub-Saharan Africa, but most rely on handwritten records that are error-prone, vulnerable to fraud, and easily lost. This paper describes the design and development of an online Investment Club Management System (ICMS) that digitises the entire operating cycle of a cooperative savings and loan society. The system integrates type-safe client–server communication, role-based access control, and a structured Know Your Customer onboarding process. A four-stage loan workflow is implemented with capacity-aware guarantor allocation, alongside automated amortisation and double-entry accounting within a general ledger framework. The proposed design improves data integrity, operational transparency, and financial reporting accuracy. Experimental evaluation demonstrates reliable performance and consistency in transaction processing. The system enhances transparency and efficiency and provides an architectural template for developing secure financial management systems for community organisations.","",""
0,"Nakum Mohammadyasin Firozbhai","A Review Paper OnJob Consultancy Web SoftwareA Laravel-Based Recruitment Management System With Role-Based Access And Visual Analytics",2026,"International Journal of Research Publication and Reviews","Genesis Global Publication","https://doi.org/10.55248/gengpi.07.0426.c1006","",10,"2026-05-27 21:14:56","journal-article","10.55248/gengpi.07.0426.c1006","2582-7421",,7,4,6362,6370,0,0.00,0,1,1,"","",""
0,"Madhuri Margam","Understanding Authentication and Authorization: A Comparative Analysis of Role-Based Access Control (RBAC), Attribute-Based Access Control (ABAC), and Relationship-Based Access Control (ReBAC) Authorization Models",2026,"International Journal of Advanced Computer Science and Applications","The Science and Information Organization","https://doi.org/10.14569/ijacsa.2026.0170211","",13,"2026-05-27 21:14:56","journal-article","10.14569/ijacsa.2026.0170211","2156-5570",,17,2,,,0,0.00,0,1,1,"This study elucidates the distinctions between authentication and authorization within information security, two fundamental yet frequently conflated concepts. While authentication serves to confirm an entity’s identity, authorization determines the permissible actions that entity may execute. A thorough understanding of these mechanisms is critical for architecting secure, scalable systems and reducing vulnerabilities. The study further explores three widely adopted authorization paradigms using a gymnasium analogy: Role-Based Access Control (RBAC), which assigns privileges based on predefined roles; Attribute-Based Access Control (ABAC), which leverages a dynamic evaluation of user and contextual attributes; and Relationship-Based Access Control (ReBAC), which determines access based on defined relationships among entities. The concluding discussion emphasizes that optimal security is realized when authentication and authorization function cohesively.","http://thesai.org/Downloads/Volume17No2/Paper_11-Understanding_Authentication_and_Authorization.pdf",""
0,"Ammar Najmi Adra, Zulfahmi Syahputra, Hafni","Perancangan Sistem POS Berbasis Web dengan Role-Based Access Control pada Bisnis Parfum Decant",2026,"Jurnal Komputer Teknologi Informasi Sistem Komputer (JUKTISI)","LKP Karya Prima","https://doi.org/10.62712/juktisi.v4i3.853","",14,"2026-05-27 21:14:56","journal-article","10.62712/juktisi.v4i3.853","2963-7104",,4,3,2326,2335,0,0.00,0,3,1,"Bisnis parfum decant memiliki karakteristik operasional yang unik karena satu botol parfum utama dijual kembali dalam berbagai ukuran volume kecil, sehingga pengelolaan stok menjadi rentan terhadap kesalahan jika dilakukan secara manual. Permasalahan ini semakin kompleks ketika stok harus dihitung dan dipotong berdasarkan volume mililiter yang berbeda-beda pada setiap transaksi, sementara sistem pencatatan manual kurang mampu menangani komputasi tersebut secara akurat. Penelitian ini bertujuan untuk merancang dan membangun sistem informasi Point of Sale (POS) berbasis web yang mampu menangani pengelolaan stok berbasis volume (mililiter) serta meningkatkan keamanan data transaksi melalui pembatasan hak akses pengguna. Sistem dikembangkan menggunakan Framework Laravel dengan penerapan Role-Based Access Control (RBAC) untuk membedakan hak akses antara Admin dan Kasir secara tepat. Metodologi pengembangan perangkat lunak yang digunakan adalah System Development Life Cycle (SDLC) model Waterfall, sedangkan pengujian fungsionalitas dilakukan menggunakan metode Black Box Testing untuk memastikan seluruh fitur berfungsi sesuai kebutuhan. Hasil penelitian menunjukkan bahwa sistem dapat melakukan pengurangan stok otomatis secara presisi berdasarkan volume mililiter yang terjual, serta membatasi akses fitur sensitif sesuai peran pengguna. Implementasi sistem ini diharapkan dapat meningkatkan akurasi pencatatan inventaris, efisiensi operasional, dan keamanan data pada operasional toko parfum decant.","https://ejurnal.lkpkaryaprima.id/index.php/juktisi/article/download/853/586",""
0,"Miruthula G","DESIGN OF A ROLE BASED ACCESS CONTROL SYSTEM FOR MULTI USER ENVIRONMENTS",2026,"","Wiley","https://doi.org/10.22541/au.177091733.32934837/v1","",18,"2026-05-27 21:14:56","posted-content","10.22541/au.177091733.32934837/v1","",,,,,,0,0.00,0,1,1,"Multi-user environments have become an integral part of modern information systems, which include enterprise applications and cloud platforms and healthcare systems and educational portals. The system requires secure access control, which must work efficiently, because multiple users with distinct roles need to access shared resources at the same time. The traditional user-based access control methods become unmanageable because they require more resources to handle increased user and resource demands. The organization faces difficulties because it needs to protect its security standards while stopping unauthorized system entry.","https://www.authorea.com/doi/pdf/10.22541/au.177091733.32934837/v1",""
0,"Ijeoma Blessing Omenihu, P.C. Nwosu, M.E. Benson-Emenike, C. Ugwu","Development and Performance Evaluation of a Secure Web-Based Attendance and Payroll System with GPS Verification and Role-Based Access Control",2026,"International Journal of Computer Applications","Foundation of Computer Science","https://doi.org/10.5120/ijca67453507bc51","",21,"2026-05-27 21:14:56","journal-article","10.5120/ijca67453507bc51","0975-8887",,187,95,53,59,0,0.00,0,4,1,"","",""
0,"Thenmozhi P, Saralesh V D, Sakthi R","Geocrypt: Location-Based Secure File Encryption and Access Control",2026,"ITM Web of Conferences","EDP Sciences","https://doi.org/10.1051/itmconf/20268203019","",27,"2026-05-27 21:14:56","journal-article","10.1051/itmconf/20268203019","2271-2097",,82,,3019,3019,0,0.00,0,3,1,"In the digital age, traditional file-sharing systems are vulnerable to unwanted access, data manipulation, and a lack of transparency, especially in applications that depend on location and have time limits. Secure Timeshare, a dual encryption system that uses geographic and time-based controls, along with blockchain technology, is the solution this project offers to address these issues. Users and administrators can safely upload and exchange encrypted files using RSA. Access is tightly regulated, hinging on both the user's physical location and time-limited sessions. Ethereum smart contracts, deployed using Truffle and Ganache, create unchangeable records of file-sharing transactions. This setup ensures openness, accountability, and the capacity to conduct audits. The system supports both direct user-to-user exchanges and broadcasts managed by administrators, all while providing robust monitoring and rule-based access control. The innovation lies in the integration of several key elements: dual-layer encryption, geolocation for location verification, time-limited access controls, and the unalterable nature of the blockchain. This creates a highly secure, decentralized, and context-sensitive platform for file sharing. It's particularly well-suited for sensitive applications within government, corporate, healthcare, and defence environments.","https://www.itm-conferences.org/10.1051/itmconf/20268203019/pdf",""
0,"David Fitrianto, Wicaksono Yuli Sulistyo","Penerapan Role-Based Access Control untuk Keamanan Data Multi-Tenant SIMPEL Lazismu",2026,"Insect (Informatics and Security): Jurnal Teknik Informatika","Lembaga Riset dan Inovasi, Universitas Muhammadiyah Sorong","https://doi.org/10.33506/insect.v12i01.5009","",30,"2026-05-27 21:14:56","journal-article","10.33506/insect.v12i01.5009","2614-431X",,12,1,1,10,0,0.00,0,2,1,"SIMPEL (Sistem Informasi Manajemen Pelaporan) adalah sistem manajemen dan Pelaporan di Lazismu Daerah Kebumen yang digunakan oleh 23 kantor layanan atau multi enant dengan data yang terpusat di Lazismu Daerah Kebumen. Penelitian ini bertujuan untuk menjaga keamana data dan pembatasan akses antar pengguna yang dikelompokkan dengan kantor layanan. Penggunaan metode Role-Based Access Control (RBAC) bersamaan memungkinan akses data sesuai dengan ketentuan dan aman dalam sistem multi tenant. Penerapan metode ini dibangun diatas framework Laravel dan metode waterfall dalam pengembangan SIMPEL. Hasil pengujian black box yang dilakukan menunjukkan penerapan metode metode Role-Based Access Control (RBAC) berfungsi sesuai dengan spesifikasi dan kebutuhan. Implementasi yang dilakukan menunjukkan keamanan data antar kantor layanan terjaga dan tidak bisa diakses oleh user dengan kantor layanan terkait. Oleh karena itu, penerapan metode Role-Based Access Control (RBAC) pada SIMPEL ini menjadi solusi efektif dalam ekosistem sistem multi tenant di Lazismu Daerah Kebumen.","https://ejournal.um-sorong.ac.id/index.php/insect/article/download/5009/2636",""
0,"Suguna S, Ravin Kumar K, Selva Kumar N, Surya L","BidSphere: A Secure, Real-Time Web-Based Smart Online Auction Platform with Role-Based Access Control and High-Concurrency Bidding Architecture",2026,"International Journal for Research in Applied Science and Engineering Technology","International Journal for Research in Applied Science and Engineering Technology (IJRASET)","https://doi.org/10.22214/ijraset.2026.82889","",35,"2026-05-27 21:14:56","journal-article","10.22214/ijraset.2026.82889","2321-9653",,14,5,5056,5061,0,0.00,0,4,1,"BidSphere is an enterprise-grade, secure web-based online auction platform designed and developed to modernize traditional offline auction frameworks using real-time distributed bidding technology and a highly available software stack. The system supports fine-grained role-based access control explicitly classified into three discrete tiers: Administrators, Auctioneers, and Bidders. To preserve transactional integrity across high-concurrency event states, the backend layer implements high-speed state-machine tracking coupled with microsecond-accurate data reconciliation. A decoupled architecture cleanly separates the dynamic UI layer from data persistence routines, isolating long-duration archiving tasks from high-velocity operational loops and reducing cross-component query contention to nominal background levels. Comprehensive testing criteria — including functional unit tests, cross-component integration pipelines, and thorough User Acceptance Testing — were executed to ensure full coverage against operational failures. Experimental logs confirm structural stability, low latency responses, and immediate interface synchronization across concurrent multi-user environments, making BidSphere ideal for scalable localized deployment configurations.","",""
0,"Hebah I. Abu Kaf, Khair Eddin Sabri, Nadim Obeid","Temporal Defeasible Role–Group–Task Access Control: A Logic-Based Framework for Explainable Authorization",2026,"IEEE Access","Institute of Electrical and Electronics Engineers (IEEE)","https://doi.org/10.1109/access.2026.3664759","",43,"2026-05-27 21:14:56","journal-article","10.1109/access.2026.3664759","2169-3536",,14,,28675,28700,0,0.00,0,3,1,"","http://xplorestaging.ieee.org/ielx8/6287639/11323511/11404408.pdf?arnumber=11404408",""
0,"Anirudh Parupalli","Modular Role-Based Access Control Architecture for Multi-Module ERP Applications",2026,"2026 World Conference on Computational Science and Technology (WcCST)","IEEE","https://doi.org/10.1109/wccst67302.2026.11495995","",61,"2026-05-27 21:14:56","proceedings-article","10.1109/wccst67302.2026.11495995","",,,,916,921,0,0.00,0,1,1,"","http://xplorestaging.ieee.org/ielx8/11495592/11495598/11495995.pdf?arnumber=11495995",""
1,"Karuturi Soumya, Karuturi Sai Sharat, Nune Sreenivas","Academic certificate fraud detection by Web-based intelligent access control system: An effective role of Blockchain technology",2026,"International Journal of Information Management Data Insights","Elsevier BV","https://doi.org/10.1016/j.jjimei.2025.100386","",67,"2026-05-27 21:14:56","journal-article","10.1016/j.jjimei.2025.100386","2667-0968",,6,1,100386,100386,1,1.00,0,3,1,"","https://api.elsevier.com/content/article/PII:S2667096825000679",""
0,"Harris Wang","A Formalized Zoned Role‑Based Framework for the Analysis, Design, Implementation, Maintenance and Access Control of Integrated Enterprise Systems",2026,"","MDPI AG","https://doi.org/10.20944/preprints202602.0025.v1","",72,"2026-05-27 21:14:56","posted-content","10.20944/preprints202602.0025.v1","",,,,,,0,0.00,0,1,1,"Modern enterprise information systems must simultaneously support complex organizational structures, ensure robust security, and remain scalable and maintainable over time. Traditional Role‑Based Access Control (RBAC) models, while effective for permission management, operate primarily as post‑design security layers and do not provide a unified methodology for structuring system architecture. This paper introduces the Zoned Role‑Based (ZRB) model, a mathematically formalized and comprehensive framework that integrates organizational modeling, system design, implementation, access control, and long‑term maintenance. ZRB models an organization as a hierarchy of zones, each containing its own roles, applications, operations, and users, forming a recursive Zone Tree that directly mirrors real organizational semantics. Through formally defined role hierarchies, zone‑scoped permission sets, and inter‑zone inheritance mappings, ZRB provides a context‑aware permission calculus that unifies authentication and authorization across all zones. The paper presents the theoretical foundations of ZRB, a multi‑phase engineering methodology for constructing integrated enterprise systems, and a complete implementation architecture with permission inference, navigation design, administrative subsystems, and deployment models. Empirical evaluations across several deployed systems demonstrate significant improvements in permission accuracy, administrative efficiency, scalability, and maintainability. ZRB thus offers a rigorously defined and practically validated framework for building secure, scalable, and organizationally aligned enterprise information systems.","",""
0,"","A Comprehensive Review of Real-Time Collaborative Coding Platforms with Role-Based Access Control",2026,"International Research Journal of Modernization in Engineering Technology &amp; Science","International Research Journal of Modernization in Engineering Technology and Science","https://doi.org/10.56726/irjmets89618","",87,"2026-05-27 21:14:56","journal-article","10.56726/irjmets89618","2582-5208",,,,,,0,0.00,0,0,1,"","",""
0,"","Design And Implementation of An Intelligent Erp System Integrated with A Role-Based Access Control (RBAC) Mechanism",2026,"Iconic Research and Engineering Journals","Iconic Digital Lab","https://doi.org/10.64388/irev9i8-1714299","",101,"2026-05-27 21:14:56","journal-article","10.64388/irev9i8-1714299","2456-8880",,9,8,,,0,0.00,0,0,1,"","",""
0,"Dea Agustina Purba, Nurmi Hidayasari","Implementation of Role-Based Access Control (RBAC) in a Drug Stock Management Information System",2026,"SISTEMASI","Universitas Islam Indragiri","https://doi.org/10.32520/stmsi.v15i2.5958","",104,"2026-05-27 21:14:56","journal-article","10.32520/stmsi.v15i2.5958","2540-9719",,15,2,684,684,0,0.00,0,2,1,"","https://sistemasi.ftik.unisi.ac.id/index.php/stmsi/article/viewFile/5958/1168",""
0,"Karunamoy Maji, Chittaranjan Mandal, Pabitra Mitra","<scp>ERBAC</scp> : Encrypted Role Based Access Control",2026,"SECURITY AND PRIVACY","Wiley","https://doi.org/10.1002/spy2.70222","",117,"2026-05-27 21:14:56","journal-article","10.1002/spy2.70222","2475-6725",,9,3,,,0,0.00,0,3,1,"ABSTRACT: Leading enterprises typically choose for a centralized, large‐scale database storage system. Data security is crucial for communication and database preservation. The principal issue is governing unauthorized access to the database. Role‐based access control (RBAC) is a recognized approach for maintaining confidentiality in database systems. Nevertheless, System Administrators (SA) and Database Administrators (DBA) can obtain critical information even within the RBAC architecture. An approach based on encryption has been developed to address this issue. The primary concern is the secure distribution of keys among individuals with shared data access and a group of individuals needing access to shared data, viewed as having a common objective. We have instituted row‐level security (RLS) in database design to establish safe access control, called Encrypted Role‐Based Access Control (ERBAC). Additionally, we deployed Enterprise Resource Planning (ERP) systems, which are essential applications where security concerns are critical. ERBAC integrates effortlessly with an operational ERP system. We offer security, performance analysis, and encrypted query processing for role‐based encrypted data storage when the database contains identical data in many forms.","https://onlinelibrary.wiley.com/doi/pdf/10.1002/spy2.70222",""
0,"Harris Wang","A Formalized Zoned Role-Based Framework for the Analysis, Design, Implementation, Maintenance and Access Control of Integrated Enterprise Systems",2026,"Computers","MDPI AG","https://doi.org/10.3390/computers15030187","",119,"2026-05-27 21:14:56","journal-article","10.3390/computers15030187","2073-431X",,15,3,187,187,0,0.00,0,1,1,"Modern enterprise information systems must simultaneously support complex organizational structures, ensure robust security, and remain scalable and maintainable over time. Traditional Role-Based Access Control (RBAC) models, while effective for permission management, operate primarily as post-design security layers and do not provide a unified methodology for structuring system architecture. This paper introduces the Zoned Role-Based (ZRB) model, a mathematically formalized and comprehensive framework that integrates organizational modeling, system design, implementation, access control, and long-term maintenance. ZRB models an organization as a hierarchy of zones, each containing its own roles, applications, operations, and users, forming a recursive Zone Tree that directly mirrors real organizational semantics. Through formally defined role hierarchies, zone-scoped permission sets, and inter-zone inheritance mappings, ZRB provides a context-aware permission calculus that unifies authentication and authorization across all zones. The paper presents the theoretical foundations of ZRB, a multi-phase engineering methodology for constructing integrated enterprise systems, and a complete implementation architecture with permission inference, navigation design, administrative subsystems, and deployment models. Primary validation and evaluations across several developed systems demonstrate significant improvements in permission accuracy, administrative efficiency, scalability, and maintainability. ZRB thus offers a rigorously defined and practically validated framework for building secure, scalable, and organizationally aligned enterprise information systems.","https://www.mdpi.com/2073-431X/15/3/187/pdf",""
0,"Sivadharshini A","AcademiSync: A Centralized System for Project Management with Role-Based Access Control",2026,"International Journal for Research in Applied Science and Engineering Technology","International Journal for Research in Applied Science and Engineering Technology (IJRASET)","https://doi.org/10.22214/ijraset.2026.79720","",145,"2026-05-27 21:14:56","journal-article","10.22214/ijraset.2026.79720","2321-9653",,14,4,5965,5974,0,0.00,0,1,1,"This paper presents an web-based academic project management system designed to streamline the process of final year project submission, evaluation, and monitoring in educational institutions. Traditional project management methods often rely on manual processes and fragmented communication, leading to inefficiencies in tracking, evaluation, and data management. To overcome these limitations, the proposed system introduces a centralized platform that integrates student, staff, and administrative functionalities within a single environment. The system is built using a role-based access control mechanism, where students can upload and manage project submissions, staff members can review and provide feedback, and administrators monitor overall system activities. A key feature of the system is the implementation of automated activity monitoring, which tracks user behavior such as login attempts and data modifications. Suspicious activities, including unauthorized access and abnormal usage patterns, are detected using adaptive threshold mechanisms, and alerts are generated to notify administrators. The system also includes a project gallery that displays approved projects categorized by domain, allowing external users to access and reference academic work. By integrating structured workflow management, real-time monitoring, and secure data handling, the proposed system improves efficiency, enhances transparency, and ensures data integrity. This solution provides a scalable and secure approach for managing academic projects in modern educational environments.","",""
0,"","Zero Trust Access Control Framework for NDN-based Healthcare Systems Using Attribute-based Access Control and Proxy Re-Encryption",2026,"KSII Transactions on Internet and Information Systems","Korean Society for Internet Information (KSII)","https://doi.org/10.3837/tiis.2026.02.019","",149,"2026-05-27 21:14:56","journal-article","10.3837/tiis.2026.02.019","1976-7277",,20,2,,,0,0.00,0,0,1,"","",""
0,"Kushal B. C","EstateManager: A JWT-Secured Real Estate Platform with Role-Based Access Control",2026,"International Journal for Research in Applied Science and Engineering Technology","International Journal for Research in Applied Science and Engineering Technology (IJRASET)","https://doi.org/10.22214/ijraset.2026.77369","",167,"2026-05-27 21:14:56","journal-article","10.22214/ijraset.2026.77369","2321-9653",,14,2,948,960,0,0.00,0,1,1,"The digital transformation of real estate transactions faces significant scalability and security challenges, with small-tomedium agencies frequently relying on fragmented manual processes. Existing web platforms often lack robust authentication mechanisms and granular access control, exposing sensitive property data and complicating regulatory compliance. This paper presents EstateManager, a comprehensive Real Estate Management System designed to address these gaps through a secure, scalable full-stack implementation. The system integrates a Thyme- leafbased frontend, Spring Boot backend, and MySQL database with JSON Web Token (JWT) authentication and role-based access control (RBAC). EstateManager implements two-tier security validation and property synchronization through REST API communication. The system architecture supports complete property lifecycle management, advanced client filtering with pricerange optimization, secure contact channels with audit trails, and mobile-responsive design validated across multiple device categories. Functional testing with a dataset of 500 property records demonstrated query response times under 100 milliseconds for filtered searches and successful enforcement of role- based permissions across all test scenarios. EstateManager pro- vides a technically validated framework for modern property management, demonstrating how modular architecture with integrated security protocols can address current market gaps while establishing implementable standards for transaction efficiency and data protection.","",""
0,"K. Anand, Tamilarasi R","Blockchain-Enabled Healthcare Management System Using Role-Based Access Control Smart Contract",2026,"2026 IEEE International Conference on Interdisciplinary Approaches in Technology and Management for Social Innovation (IATMSI)","IEEE","https://doi.org/10.1109/iatmsi68868.2026.11465899","",180,"2026-05-27 21:14:56","proceedings-article","10.1109/iatmsi68868.2026.11465899","",,,,1,6,0,0.00,0,2,1,"","http://xplorestaging.ieee.org/ielx8/11465166/11465169/11465899.pdf?arnumber=11465899",""
0,"Ryu Watanabe, Jun Kurihara, Toshiaki Tanaka, Kouichi Sakurai","Emergency Traffic Control with Capability-Based Access Control for the V2X Communication Environment",2026,"Proceedings of the 12th International Conference on Information Systems Security and Privacy","SCITEPRESS - Science and Technology Publications","https://doi.org/10.5220/0014245900004061","",198,"2026-05-27 21:14:56","proceedings-article","10.5220/0014245900004061","",,,,515,523,0,0.00,0,4,1,"","",""
0,"","Authoritative Data Fabric Architecture for Enterprise Permissions at Scale: A Single-Source-of-Truth Model for Role-Based Access Control Across Unified Platform Ecosystems",2026,"Journal of Computational Analysis and Applications","Institute for Advanced Studies","https://doi.org/10.48047/jocaaa.2026.35.05.06","",201,"2026-05-27 21:14:56","journal-article","10.48047/jocaaa.2026.35.05.06","",,35,5,,,0,0.00,0,0,1,"","",""
0,"Urmal Chide, Arvind Dhage","AI-Integrated Secure Employee Management System Using Spring Boot with Role-Based Access Control",2026,"INTERNATIONAL JOURNAL OF SCIENTIFIC RESEARCH IN ENGINEERING AND MANAGEMENT","Edtech Publishers (OPC) Private Limited","https://doi.org/10.55041/ijsrem58160","",207,"2026-05-27 21:14:56","journal-article","10.55041/ijsrem58160","2582-3930",,10,3,1,9,0,0.00,0,2,1,"Abstract - This paper presents the design and development of an AI-integrated Employee Management System (EMS) that enhances organizational efficiency through secure, role-based access and intelligent decision-making capabilities. The system is built using a modern full-stack architecture, with React and JavaScript for the frontend, and Java with Spring Boot for the backend, while PostgreSQL is used for robust and scalable data management. To ensure security and controlled access, the system implements JSON Web Token (JWT)-based authentication combined with Role-Based Access Control (RBAC), supporting multiple user roles such as Admin, Manager, HR, and Employee. The application follows RESTful principles and integrates AI functionalities using Spring AI / REST AI services to provide advanced automation and insights. Key Words:  Spring Boot, Spring AI, Role-Based Access Control (RBAC), JWT.","",""
0,"","AI-INSPIRED BEHAVIOURAL INTRUSION DETECTION WITH DECEPTIVE ACCESS CONTROL FOR WEB APPLICATIONS",2026,"International Research Journal of Modernization in Engineering Technology &amp; Science","International Research Journal of Modernization in Engineering Technology and Science","https://doi.org/10.56726/irjmets89617","",210,"2026-05-27 21:14:56","journal-article","10.56726/irjmets89617","2582-5208",,,,,,0,0.00,0,0,1,"","",""
0,"Yudai Okui, Michitoshi Niibori, Masaki Kohana, Shusuke Okamoto, Masaru Kamada","Location-based web access control via short-time passwords broadcast by Bluetooth low energy beacon",2026,"International Journal of Grid and Utility Computing","Inderscience Publishers","https://doi.org/10.1504/ijguc.2026.152719","",212,"2026-05-27 21:14:56","journal-article","10.1504/ijguc.2026.152719","1741-847X",,17,2,174,194,0,0.00,0,5,1,"","http://www.inderscienceonline.com/doi/full/10.1504/IJGUC.2026.152719",""
0,"Maduabuchukwu Christopher, Anazia Eluemunor Kizito, Nwokolo Geofrey Augustine","An Intelligent Role-Based Access Control Model Enhanced with Risk-Based Multi-Factor Authentication",2026,"International Journal of Research and Innovation in Applied Science","RSIS International","https://doi.org/10.51584/ijrias.2026.110400057","",217,"2026-05-27 21:14:56","journal-article","10.51584/ijrias.2026.110400057","2454-6194",,11,4,898,907,0,0.00,0,3,1,"This study presents an Intelligent Role-Based Access Control model enhanced with Risk-Based Multi-Factor Authentication (R-MFA) to overcome the limitations of traditional Role-Based Access Control (RBAC) and standard role-based access control with Multi-Factor Authentication (MFA) approaches. The model combines structured authorization with adaptive, context-aware authentication to achieve a better balance between security and system performance. Its effectiveness was assessed by comparing it with traditional role-based access control and role-based access control integrated with multi-factor authentication using key performance metrics such as authentication time, access success rate, false acceptance rate (FAR), system throughput, and security strength index. The findings reveal that traditional role-based access control offers the fastest authentication time (1.2 seconds) and highest throughput (120 requests per second), but suffers from weaker security, with a 6.5% FAR and a security strength index of 68.0%. The introduction of standard multi-factor authentication improves security, increasing the success rate to 96.2% and reducing FAR to 3.1%, although it leads to higher authentication time (3.8 seconds) and lower throughput (95 requests per second). In contrast, the Intelligent role-based access control model enhanced with risk-based multi-factor authentication achieves a more balanced outcome, delivering a 97.8% success rate, a low FAR of 1.2%, moderate authentication time of 2.4 seconds, throughput of 110 requests per second, and the highest security strength index of 94.2%. Overall, the results highlight the model’s ability to enhance security without significantly compromising system efficiency.","",""
0,"Cameron J. Wohlbach, Md Minhaz Chowdhury","Cyber Defense by Access Control Hardening: Dynamic Web-Security Based on User Access Behavior",2026,"Communications in Computer and Information Science","Springer Nature Switzerland","https://doi.org/10.1007/978-3-032-14893-3_11","",219,"2026-05-27 21:14:56","book-chapter","10.1007/978-3-032-14893-3_11","1865-0929",,,,145,159,0,0.00,0,2,1,"","https://link.springer.com/content/pdf/10.1007/978-3-032-14893-3_11",""
0,"Sameer Mankotia, Daniel Conte De Leon, Hasan M. Jamil","ReactSmart: ML-Driven Adaptation for Scalable React-Based Web Application Performance",2026,"IEEE Access","Institute of Electrical and Electronics Engineers (IEEE)","https://doi.org/10.1109/access.2026.3650873","",233,"2026-05-27 21:14:56","journal-article","10.1109/access.2026.3650873","2169-3536",,14,,5522,5540,0,0.00,0,3,1,"","http://xplorestaging.ieee.org/ielx8/6287639/11323511/11328049.pdf?arnumber=11328049",""
0,"Yaxuan Wu, Ke Xi","Automatic in-building access control system based on single access interval",2026,"Fifth International Conference on Mechatronics and Intelligent Control (MIC 2025)","SPIE","https://doi.org/10.1117/12.3111002","",257,"2026-05-27 21:14:56","proceedings-article","10.1117/12.3111002","",,,,115,115,0,0.00,0,2,1,"","",""
0,"Yongtao Huang, Ayu Tiwari, I-Ling Yen, Farokh Bastani","A Blockchain Aided Resource/Role Hierarchy Based Access Control Framework for Federated Learning",2026,"2026 International Conference on Advances in Artificial Intelligence and Machine Learning (AAIML)","IEEE","https://doi.org/10.1109/aaiml67890.2026.11498187","",258,"2026-05-27 21:14:56","proceedings-article","10.1109/aaiml67890.2026.11498187","",,,,156,161,0,0.00,0,4,1,"","http://xplorestaging.ieee.org/ielx8/11498067/11498069/11498187.pdf?arnumber=11498187",""
0,"Ibnu Ubaedila, Ida Farida","Optimization Control Access User Use Access Control List Based Mikrotik On Amami Event Organizer",2026,"Jurnal Indonesia Sosial Teknologi","Publikasi Indonesia","https://doi.org/10.59141/jist.v7i1.9185","",264,"2026-05-27 21:14:56","journal-article","10.59141/jist.v7i1.9185","2745-5254",,7,1,43,59,0,0.00,0,2,1,"Technological developments are not only used as a medium for disseminating information but can also be used as a medium for marketing products and services. Amami event organizer is one of the companies engaged in providing services for exhibition events in the city of Cirebon in particular, this company has utilized internet services as part of their service marketing strategy. This study aims to optimize user access control using a Mikrotik-based Access Control List (ACL) to enhance network security and efficiency. Therefore, we need a method that can control internet access effectively and efficiently, the solution is to use the access control list method. The access control list method is a method that is specifically designed to carry out rules in determining the number of packets that may be used and passed by the router or should not be passed. Based on the results obtained from hypothesis testing, it is found that the T count is 37.291 and the comparison of the T table value is 1.724. So with the results that have been found, it can be concluded that Ho is rejected and H1 is accepted. It can be concluded that optimizing user access control by using access control lists can work effectively and is well received by the amami event organizer company. In conclusion, the implementation of ACL using Mikrotik proves to be an effective solution for optimizing user access control and strengthening network security in organizational environments.","https://jist.publikasiindonesia.id/index.php/jist/article/download/9185/3026",""
0,"Jonas Schneider, Carl Pfannschmidt, Peter Nyhuis, Matthias Schmidt","The Role of Reinforcement Learning in Production Control: A Systematic Literature Review",2026,"IEEE Access","Institute of Electrical and Electronics Engineers (IEEE)","https://doi.org/10.1109/access.2026.3668903","",302,"2026-05-27 21:14:56","journal-article","10.1109/access.2026.3668903","2169-3536",,14,,34375,34389,0,0.00,0,4,1,"","http://xplorestaging.ieee.org/ielx8/6287639/11323511/11415616.pdf?arnumber=11415616",""
0,"Lavanya S, Akhila P, Tenzin Younten, Vivek M, Balamurugan S","A Real-Time IoT-Enabled Smart Parking Management System with Session Lifecycle Validation and Role-Based Access Control",2026,"International Journal For Multidisciplinary Research","International Journal for Multidisciplinary Research (IJFMR)","https://doi.org/10.36948/ijfmr.2026.v08i02.75957","",303,"2026-05-27 21:14:56","journal-article","10.36948/ijfmr.2026.v08i02.75957","2582-2160",,8,2,,,0,0.00,0,5,1,"Urban parking congestion arises largely from drivers circling for spaces due to absent real-time occupancy data and fragmented reservation systems. Many existing solutions treat IoT-based sensing and web-based booking platforms as independent modules, resulting in state mismatches, race conditions during concurrent bookings, weak gate authentication, and poor revenue traceability. This paper presents the design and implementation of a smart parking management system that combines infrared (IR) sensor-based occupancy detection using NodeMCU (ESP8266) with a Spring Boot backend supporting ACID transactions and finite state machine (FSM)-based session lifecycle modeling. QR-code gate authentication with encrypted time-limited tokens and hierarchical role-based access control (RBAC) are implemented through a React.js frontend. While the IoT sensing layer and web application currently operate with partial integration, the system architecture is designed for tight synchronization between physical slot states and digital records. Prototype evaluation on four instrumented slots demonstrates consistent occupancy detection, atomic booking validation to prevent double allocation, and accurate duration-based revenue computation. The mean synchronization latency measured in the web layer is 712 ms. This work provides a modular foundation toward achieving a fully integrated IoT-web smart parking platform for controlled environments such as university campuses and commercial complexes.","https://www.ijfmr.com/papers/2026/2/75957.pdf",""
0,"Saurabh Mishra, Sunny Singh, Subir Das, Aleksandra Lekić","Enhanced Dynamic Performance of Modular Multilevel Converters Using Exponential Cost Function-Based Model Predictive Control",2026,"IEEE Access","Institute of Electrical and Electronics Engineers (IEEE)","https://doi.org/10.1109/access.2026.3689159","",314,"2026-05-27 21:14:56","journal-article","10.1109/access.2026.3689159","2169-3536",,14,,67967,67990,0,0.00,0,4,1,"","http://xplorestaging.ieee.org/ielx8/6287639/11323511/11501674.pdf?arnumber=11501674",""
0,"Waleed K. Abdulraheem, Emad Mohammed Ibbini, Hasan Kanaker, Sami Smadi, Nader Abdel Karim, Hussam N. Fakhouri, Layla Albdour, Sandi Fakhouri","Least-Privilege Role-Based Access Control Improvement for Cloud Container Security",2026,"Computers","MDPI AG","https://doi.org/10.3390/computers15050326","",327,"2026-05-27 21:14:56","journal-article","10.3390/computers15050326","2073-431X",,15,5,326,326,0,0.00,0,8,1,"Role-Based Access Control (RBAC) is the de-facto mechanism for preserving Kubernetes and other cloud-native container platforms, however real deployments occasionally drift away from the principle of least privilege as clusters, teams, and services improve. This paper introduces an automated RBAC hardening framework that formulates least-privilege policy design as a limited optimization problem over RoleBindings and ClusterRoleBindings. The objective combines (i) a permission-risk score for namespaced and cluster-scoped actions with (ii) an operational complexity term that discourages overly large binding sets. Solid limitations encode functional requirements as well as practical security policies, which includes namespace allowlists, role scoping rules, administrative restrictions on cluster-wide bindings, binding budgets, and separation-of-duty requirements expressed by utilizing capability classes. To allow optimizer-agnostic search while protecting Kubernetes RBAC semantics, we analyze candidate policies by utilizing a unified penalty-based fitness function that compines risk, complexity, and constraint violations into a single scalar value. We utilized ten metaheuristic as a benchmark including baseline search paths on a Kubernetes-inspired instance and report feasibility and least-privilege quality metrics (precision, recall, F1, and over-privilege ratio) parallel to RB/CRB counts and excess risk as a structural indicators. Outcomes present that feasibility is the prime challenge, and is restricted to a subset of optimizers reliably arrives to entirely feasible and compact arrangements within the exact budget, indicating the practicality of metaheuristic enhancement for systematic RBAC reduction in containerized cloud computing environments.","https://www.mdpi.com/2073-431X/15/5/326/pdf",""
0,"Tymoteusz Zwierzchowski","Model Reference-Based Sliding Mode Control of Supply Chains With Defined Suppliers’ Delivery Capabilities",2026,"IEEE Access","Institute of Electrical and Electronics Engineers (IEEE)","https://doi.org/10.1109/access.2026.3653110","",338,"2026-05-27 21:14:56","journal-article","10.1109/access.2026.3653110","2169-3536",,14,,7764,7775,0,0.00,0,1,1,"","http://xplorestaging.ieee.org/ielx8/6287639/11323511/11346488.pdf?arnumber=11346488",""
0,"Mahnoor Fatima, Omid Beik","DC-Link Voltage Control for a Hybrid Generator-Based Wind Turbine System",2026,"IEEE Access","Institute of Electrical and Electronics Engineers (IEEE)","https://doi.org/10.1109/access.2026.3693180","",345,"2026-05-27 21:14:56","journal-article","10.1109/access.2026.3693180","2169-3536",,14,,73698,73707,0,0.00,0,2,1,"","http://xplorestaging.ieee.org/ielx8/6287639/11323511/11517389.pdf?arnumber=11517389",""
0,"Vincent Onyekweli Osilonya, Patrick Ogholuwarami Ejeh, Anthony Isizoh","Enhanced Centralized Medical Records Security In a Zero-Trust-based MFA Framework Using Formal Verification of Role-Based Access Control",2026,"Advances in Multidisciplinary &amp; Scientific Research Journal Publication","Creative Research Publishers","https://doi.org/10.22624/aims/maths/v14n1p3","",368,"2026-05-27 21:14:56","journal-article","10.22624/aims/maths/v14n1p3","2488-8699",,14,1,31,56,0,0.00,0,3,1,"The increased digitalization of the healthcare sector, has rippled across increased use of centralized medical data system to ensure interoperability, efficiency, and data-driven decision-making for better clinical outcomes. Increased usability and collaborative capabilities has yielded associated security and confidentiality concerns owing to the handling of extremely confidential patient data. Traditional security schemes are perimeter-focused and compliance-oriented, have inadequately dealt with sophisticated attacks and complex access behaviors. This study proposes a formally verified Zero Trust in a centralized medical data system, to improve reliability and trustworthiness. It explores role-based access control systems, MFA, and AES-256 encryption to implement continuous authentication, fine-grained authorization, and end-to-end data confidentiality. It dynamically assesses every request for access in terms of formally verified security attributes. Its model checking and formal verification are test to ensure authentication integrity, accuracy of the enforcement of the Access Control System, and resistance of the system to privilege escalation attacks and attacks, respectively. Based on the results obtained, the entire unauthorized and privilege escalation attack has been completely removed, and the resistance rate has been reported to be 100 percent, which is much higher than comparable architectures. Performance metrics, including response times and availability, the entire scenario has been tested, and the results revealed that the response times are measured at least at 120 milliseconds, and the entire system can handle the throughput of up to 500 requests per second, which is quite higher than existing architectures and approaches. For evaluating the performance and efficiency of the constructed approach, the entire scenario has been compared with the available blockchain-based security architectures, and the results concluded that the resultant approach possesses higher efficiency and lower complexity, which are associated with shorter response times without sacrificing the security functionalities and goals, respectively. Keywords: Zero Trust, Formal Verification, Healthcare Data, Role-Based Access Control, MFA Ejeh, P.O. & Onyekweli, O.V. (2026): Enhanced Centralized Medical Records Security In a Zero-Trust-based MFA Framework Using Formal Verification of Role-Based Access Control. Journal of Advances in Mathematical & Computational Science. Vol. 14, No. 1. Pp 31-56 Available online at www.isteams.net/mathematics-computationaljournal. dx.doi.org/10.22624/AIMS/MATHS/V14N1P3","",""
0,"Chengyang Cui, Donglai Hao, Cunning Suo, Wenshuo Jia, Zhouyan Zhu","Reinforcement Learning-Based Attitude Control for UAVs",2026,"IEEE Access","Institute of Electrical and Electronics Engineers (IEEE)","https://doi.org/10.1109/access.2026.3686862","",389,"2026-05-27 21:14:56","journal-article","10.1109/access.2026.3686862","2169-3536",,14,,76574,76583,0,0.00,0,5,1,"","http://xplorestaging.ieee.org/ielx8/6287639/11323511/11493887.pdf?arnumber=11493887",""
0,"Zeeshan Ansari","A Hybrid Time-Based Dynamic PIN System for Low-Cost Physical Access Control",2026,"","Elsevier BV","https://doi.org/10.2139/ssrn.6195459","",393,"2026-05-27 21:14:56","posted-content","10.2139/ssrn.6195459","",,,,,,0,0.00,0,1,1,"Traditional physical access systems relying on static passwords are vulnerable to shoulder-surfing, password sharing, and repeated breaches. This study presents a hybrid time-based dynamic PIN system that functions in both standalone and networked modes. The system uses an ESP32 microcontroller and a Python-based server to generate SHA-256 hash-based PINs, valid for configurable time intervals. Mobile apps and web dashboards provide authorized users with current valid PINs, synchronized with the devices. Implementation in a small office environment demonstrated that unauthorized access attempts dropped to zero. The system is low-cost, secure, and scalable, providing an affordable alternative to commercial dynamic access systems.","",""
0,"Muhammet Emre Sanci","AI-Enabled Dual-Rate Predictive Control With ELM-Based Learning and Kalman State Estimation",2026,"IEEE Access","Institute of Electrical and Electronics Engineers (IEEE)","https://doi.org/10.1109/access.2026.3672484","",398,"2026-05-27 21:14:56","journal-article","10.1109/access.2026.3672484","2169-3536",,14,,41350,41379,0,0.00,0,1,1,"","http://xplorestaging.ieee.org/ielx8/6287639/11323511/11430178.pdf?arnumber=11430178",""
0,"Kuncheng Xie","Integrating Biochar-Based Microbial Technologies with Ecosystem Regulation for Lake Organic Pollution Control",2026,"MATEC Web of Conferences","EDP Sciences","https://doi.org/10.1051/matecconf/202642003006","",415,"2026-05-27 21:14:56","journal-article","10.1051/matecconf/202642003006","2261-236X",,420,,3006,3006,0,0.00,0,1,1,"In recent years, lake water pollution has become increasingly serious, especially organic pollution, which has become a major problem affecting water quality and ecological security. Many physical/chemical methods used for treatment have instead caused secondary pollution to the environment. This study aims to explore the feasibility of using this multiscale synergistic mechanism to treat organic pollutants in lakes and some future research directions, providing a sustainable and environmentally friendly approach to the treatment of organic pollutants in lakes. The combination of biochar-microbe systems with technologies such as constructed wetlands, submerged plant restoration, and food chain regulation, which utilize the ecosystem's own repair capabilities to restore the ecological environment, has formed a multi-scale synergistic system of “biochar-microbes-ecosystem regulation.” Studies have shown that this system enhances the ability of microorganisms to degrade organic pollutants at the microscopic level, promotes plant-microbe interactions at the mesoscopic level, and strengthens the self-repair capacity of the ecosystem at the macroscopic level. This synergistic system can significantly improve the removal rate of organic pollution and the efficiency of ecological restoration. This method is highly sustainable and environmentally friendly and is expected to reduce reliance on traditional physical or chemical methods, avoid potential secondary pollution, and fully leverage the ecosystem's own regulatory and self-repair capabilities to achieve effective governance of lake water environments. Challenges include key bottlenecks in the mechanism of action, material stability, and ecological adaptability of this synergistic system. Future research should focus on multi-scale mechanism analysis and interdisciplinary integration to promote its advancement towards ecological engineering and large-scale application.","https://www.matec-conferences.org/10.1051/matecconf/202642003006/pdf",""
0,"Jong-Hyun Kim","Learning-Based Airflow Templates for Real-Time Hand–Wind Interaction in Web-Based Cloth Simulation",2026,"IEEE Access","Institute of Electrical and Electronics Engineers (IEEE)","https://doi.org/10.1109/access.2026.3695306","",417,"2026-05-27 21:14:56","journal-article","10.1109/access.2026.3695306","2169-3536",,,,1,1,0,0.00,0,1,1,"","http://xplorestaging.ieee.org/ielx8/6287639/6514899/11527184.pdf?arnumber=11527184",""
0,"Sevinc Gunsel, Seref Naci Engin, Mustafa Dogan","Visual-Based Fixed Wing UAV Trajectory Tracking With Optimal Control Methods",2026,"IEEE Access","Institute of Electrical and Electronics Engineers (IEEE)","https://doi.org/10.1109/access.2026.3666053","",429,"2026-05-27 21:14:56","journal-article","10.1109/access.2026.3666053","2169-3536",,14,,27675,27689,0,0.00,0,3,1,"","http://xplorestaging.ieee.org/ielx8/6287639/11323511/11398086.pdf?arnumber=11398086",""
0,"Yubo Liu, Yanggen Huang, Zhuangsheng Jiang, Junlong Fang","Speed Control of BP Neural Networks Feed-Forward Compensation With Parameter Adaptation Based on Active Disturbance Rejection Control for PMSM",2026,"IEEE Access","Institute of Electrical and Electronics Engineers (IEEE)","https://doi.org/10.1109/access.2026.3655149","",435,"2026-05-27 21:14:56","journal-article","10.1109/access.2026.3655149","2169-3536",,14,,15483,15495,0,0.00,0,4,1,"","http://xplorestaging.ieee.org/ielx8/6287639/11323511/11357901.pdf?arnumber=11357901",""
0,"Cullen M. Lilley, Azmer Khan, Anaisa S. Quintanilla-Arteaga, Brian K. Cox, Alisha D. Ware, Marissa J. White, Kamran M. Mirza","The role of web-based platforms as a novel approach to addressing access to pathology education: The PathElective.com experience",2026,"Academic Pathology","Elsevier BV","https://doi.org/10.1016/j.acpath.2025.100235","",461,"2026-05-27 21:14:56","journal-article","10.1016/j.acpath.2025.100235","2374-2895",,13,1,100235,100235,0,0.00,0,7,1,"","https://api.elsevier.com/content/article/PII:S2374289525000776",""
0,"Takashi Honda","Realization of DDoS Resilience Through XDP-Based Communication Control With Individual Identification Tokens in UDP Data",2026,"IEEE Access","Institute of Electrical and Electronics Engineers (IEEE)","https://doi.org/10.1109/access.2026.3665591","",463,"2026-05-27 21:14:56","journal-article","10.1109/access.2026.3665591","2169-3536",,14,,33034,33045,0,0.00,0,1,1,"","http://xplorestaging.ieee.org/ielx8/6287639/11323511/11397576.pdf?arnumber=11397576",""
0,"Dheerendra Panwar","Grid Modernization in the Era of Inverter-Based Resources: Stability, Protection, and Control Perspectives",2026,"EPJ Web of Conferences","EDP Sciences","https://doi.org/10.1051/epjconf/202635101008","",495,"2026-05-27 21:14:56","journal-article","10.1051/epjconf/202635101008","2100-014X",,351,,1008,1008,0,0.00,0,1,1,"The fast penetration of inverter interface energy resources (IIERs), such as solar PV, wind power and battery ES, is changing fundamentally the structure of modern power systems. Although these devices allow for decarbonization and power system flexibility, they lead to important issues in terms of reduced inertia, weakening of the systems’ strength, changing fault characteristics, or interactions control problems. Conventional grid topologies and protection/control are designed for synchronous machine systems and more ill-suited to this new mode of operation. This paper investigates grid modernization in the context of stability, protection, and control of IBR-plagued grids. It provides a systematic integration of emerging challenges for the full range of time scales, reports recent control and protection schemes as well as technology developments, and discusses validation and deployment aspects. This paper emphasizes the importance of coordinated grid-forming control, adaptive protection, and planning by the entity responsible for system operation in guaranteeing reliable resilient secure operation of power systems.","https://www.epj-conferences.org/10.1051/epjconf/202635101008/pdf",""
0,"Yihan Zhang, Lin Zhong","Facial Recognition Access Control System Based on ESP32",2026,"2026 9th International Conference on Advanced Algorithms and Control Engineering (ICAACE)","IEEE","https://doi.org/10.1109/icaace69793.2026.11508903","",510,"2026-05-27 21:14:56","proceedings-article","10.1109/icaace69793.2026.11508903","",,,,1273,1276,0,0.00,0,2,1,"","http://xplorestaging.ieee.org/ielx8/11508118/11508625/11508903.pdf?arnumber=11508903",""
0,"Yoonjee Jung, Jeeye Mun, Cheol Soo Park","Correlation vs. causal graph-based analysis of heat pump control",2026,"E3S Web of Conferences","EDP Sciences","https://doi.org/10.1051/e3sconf/202668908007","",515,"2026-05-27 21:14:56","journal-article","10.1051/e3sconf/202668908007","2267-1242",,689,,8007,8007,0,0.00,0,3,1,"Data-driven models are widely used to capture HVAC dynamics but often yield physically inconsistent and non-generalizable predictions, especially under unseen conditions, as they rely on statistical correlations rather than causal mechanisms. To address this limitation, this study proposes a shift from correlation-based to causality-driven reasoning for comprehending HVAC thermal dynamics. Using 14 days of data from an indoor zone with a heat pump (HP), a domain-informed causal graph was constructed to represent how HP controls shape the measured indoor thermal dynamics. Average Treatment Effect (ATE) along the target path was estimated using two approaches, followed by linear regression: a causality-driven approach, controlling for adjustment variables to block backdoor paths; a correlation-based approach, without adjustment. Results show that causality-driven approach yields more physically meaningful relationships. While correlation suggests a 1°C increase in HP return air temperature (RAT) is associated with a 2.1°C decrease in supply air temperature (SAT), the causality-driven approach reveals a 3.6°C decrease after blocking the backdoor path. Furthermore, the causal graph decomposes the total effect of setpoint temperature on indoor air temperature (0.513°C) into contributions like thermal inertia (0.511°C) and supply air convection (0.294°C). This study demonstrates that causality-driven analysis enhances the physical consistency and interpretability of data-driven HVAC analysis.","https://www.e3s-conferences.org/10.1051/e3sconf/202668908007/pdf",""
0,"Abigail Nelson","The Survival Algorithm III: Conditional Logic and Rule-Based Access Control in Trauma-Organized Cognition",2026,"","Elsevier BV","https://doi.org/10.2139/ssrn.6703538","",526,"2026-05-27 21:14:56","posted-content","10.2139/ssrn.6703538","",,,,,,0,0.00,0,1,1,"Contemporary trauma literature has extensively documented the long-term neurobiological, cognitive, emotional, and relational consequences of chronic developmental threat. Yet one central inconsistency remains insufficiently explained: trauma survivors often retain factual recognition, comprehension, or reflective insight while losing full ownership, expressive access, interpretive flexibility, or vivid conscious presence under changing conditions. Existing frameworks describe many trauma-related symptoms, but they offer less explanation for why access to meaning, language, ownership, and conscious presence repeatedly narrows in patterned ways despite preserved knowledge. This paper proposes a formal conceptual model of these asymmetries as outputs of a survival-based processing architecture governed by conditional access control. Within this framework, conscious accessibility is not uniformly open, but selectively managed according to perceived survival significance, such that language, ownership, emotional meaning, interpretive coherence, and experiential vividness may be granted, narrowed, or suppressed depending on internal survival demands. Four recurring conditional survival rules are identified to explain why autobiographical ownership, expressive functioning, external attribution, and conscious vividness selectively constrict under survivalrelevant conditions. Trauma-related inconsistency is therefore interpreted not as random symptom fluctuation or generalized dysfunction, but as patterned shifts in conscious usability produced by survival-organized access regulation. Reconceptualizing trauma adaptation through conditional accessibility shifts trauma theory away from broad symptom description and toward the internal rule structure governing conscious usability itself.","",""
0,"Sager Mali, Suraj Sarnobat, Tanuja Khot, Komal Pawar, Piyush Sartape","Socifarm Community Module: Design and Implementation of a Public-Private Agricultural Community Platform with Role-Based Access Control",2026,"Multidisciplinary Journal of Research in Engineering and Technology","Researcher Connect Innovation and Impact Private Limited and MRI","https://doi.org/10.65521/mjret.v13i1.3111","",565,"2026-05-27 21:14:56","journal-article","10.65521/mjret.v13i1.3111","2348-6953",,13,1,163,171,0,0.00,0,5,1,"The agricultural sector globally suffers from the absence of structured community platforms through which farmers, agribusinesses, and agricultural service providers can organize, collaborate, and exchange knowledge within domain-specific groups. This paper presents the design and implementation of the Socifarm Community Module, a purpose-built community subsystem within the Socifarm agricultural networking platform. The module enables any registered user—farmer, company, or shop—to create agricultural communities of two types: Public communities, which any platform user may discover and join freely; and Private communities, which are accessible only through an administrator-issued invitation or an accepted join request. The paper details the community creation workflow, membership management system, role-based access control hierarchy (Creator, Admin, Moderator, Member), join request and invitation lifecycle, content posting and interaction rules per community type, and the technical architecture supporting community operations. The module is evaluated against requirements of access control correctness, scalability, and user experience for rural agricultural users. Results demonstrate that the dual-access-type community model significantly increases both community engagement and content relevance compared to general-purpose social platforms adapted for agriculture.  ","https://journals.mriindia.com/index.php/mjret/article/download/3111/2966",""
0,"Moch Afdal Dzikri Maulana, Arip Solehudin, M.Kom. -, Carudin, M.Kom. -","IMPLEMENTASI ROLE-BASED ACCESS CONTROL (RBAC) PADA ACTIVE DIRECTORY DOMAIN SERVICE UNTUK MANAJEMEN HAK AKSES PENGGUNA DI SERVER SMK AL-BADAR",2026,"Jurnal Informatika dan Teknik Elektro Terapan","Lembaga Penelitian dan Pengabdian kepada Masyarakat Universitas Lampung","https://doi.org/10.23960/jitet.v14i2.9106","",566,"2026-05-27 21:14:56","journal-article","10.23960/jitet.v14i2.9106","2830-7062",,14,2,,,0,0.00,0,3,1,"Pengelolaan hak akses pengguna yang belum terstruktur dapat menyebabkan tumpang tindih akses, serta menyulitkan administrasi jaringan. Permasalahan tersebut terjadi di SMK Al-Badar, di mana pengelolaan akun pengguna masih dilakukan secara manual dan belum berbasis peran. Penelitian ini bertujuan mengimplementasikan Role-Based Access Control (RBAC) pada Active Directory Domain Services (AD DS) untuk meningkatkan manajemen hak akses pengguna di Server SMK Al-Badar. Metode yang digunakan adalah Network Development Life Cycle (NDLC) yang meliputi tahapan analisis, perancangan, simulasi, implementasi, monitoring, dan manajemen. Implementasi dilakukan menggunakan Windows Server 2022 dengan pembentukan domain, organizational unit, grup keamanan, akun pengguna, serta konfigurasi Group Policy sesuai peran pengguna, yaitu administrator, staf tata usaha, guru, dan siswa. Pengujian dilakukan melalui skenario akses folder dan perhitungan violation rate. Hasil penelitian menunjukkan bahwa penerapan RBAC pada AD DS mampu meningkatkan efisiensi pengelolaan akun, memperjelas pembagian hak akses, serta meminimalkan akses tidak sah terhadap sumber daya jaringan.","https://journal.eng.unila.ac.id/index.php/jitet/article/download/9106/4088",""
0,"Bauyrzhan Yedilbayev, Shugyla Amirtayeva, Zhumagali Ismailov, Zhanar Akimbayeva, Akmaral Shokanova","The role of ultraviolet light in air cleaning: A mini review on microbial and pollution control",2026,"E3S Web of Conferences","EDP Sciences","https://doi.org/10.1051/e3sconf/202668804001","",569,"2026-05-27 21:14:56","journal-article","10.1051/e3sconf/202668804001","2267-1242",,688,,4001,4001,0,0.00,0,5,1,"Since the onset of the COVID-19 pandemic, the importance of indoor air quality (IAQ) has gained significant attention, as SARS-CoV-2 and other infectious agents can spread through inhalable aerosols. Air-cleaning devices that combine filtration with pollutant-targeted treatments offer a promising approach to improving IAQ. Yet, relatively few filtration systems incorporating UV (Ultraviolet) technology have undergone rigorous performance testing, and publicly available data on their effectiveness, including comparable UV doses, remain limited. In this study, we enhanced an existing particulate matter (PM) filtration prototype by integrating germicidal UV-C light to expand its disinfection capability. This mini review explores the application of ultraviolet (UV) light as amethod to improve indoor air quality by reducing airborne bacteria, viruses, and pollutants. UV disinfection is shown to be effective in inactivating microorganisms while also contributing to the reduction of particulate pollution, thereby supporting healthier indoor environments. Importantly, the study emphasizes that UV technologies achieve the greatest impact when integrated with other engineering controls, such as filtration and ventilation, offering a comprehensive strategy for protecting human health.","https://www.e3s-conferences.org/10.1051/e3sconf/202668804001/pdf",""
0,"Mahbobeh Rashedi, Seyed Mohammadbagher Jafari","Evaluating the Role of Web-Based and AI Data-Driven Platforms in Shaping the Green City Entrepreneurial Ecosystem",2026,"2026 12th International Conference on Web Research (ICWR)","IEEE","https://doi.org/10.1109/icwr69602.2026.11513343","",577,"2026-05-27 21:14:56","proceedings-article","10.1109/icwr69602.2026.11513343","",,,,102,110,0,0.00,0,2,1,"","http://xplorestaging.ieee.org/ielx8/11513287/11513294/11513343.pdf?arnumber=11513343",""
0,"Suresh Maruthai, Srivarshini S, Varnisha S","Mediapipe-based keypoint extraction with optimized neural models for offline smart control",2026,"ITM Web of Conferences","EDP Sciences","https://doi.org/10.1051/itmconf/20268201011","",593,"2026-05-27 21:14:56","journal-article","10.1051/itmconf/20268201011","2271-2097",,82,,1011,1011,0,0.00,0,3,1,"Hand gesture recognition is a natural way of interaction between humans and computers. Among the many areas where it could be applied, smart homes and assistive systems are the most interesting ones. Still, most methods currently in use require sophisticated systems and cloud computing, thus, the setup causes latency, real-time and battery-operated applications are thereby limited. The present work proposes a straightforward, keypoint-based gesture recognition framework that employs the MediaPipe library for the efficient extraction of landmarks and optimized neural network classifiers for decision-making. By concentrating on four main gestures—Palm (ON), Fist (OFF), Thumbs Up (Increase), and Thumbs Down (Decrease)—the system enables offline, reliable, and fast control of home appliances. The experimental results have proved that the method reaches high accuracy while maintaining low computational cost, hence it becomes a suitable technology for embedded and real-time applications.","https://www.itm-conferences.org/10.1051/itmconf/20268201011/pdf",""
0,"Anand Kumar Myla, Srinivasa Rao Gorantla","Artificial neural network based dynamic dump load control for integrated standalone microgrid",2026,"E3S Web of Conferences","EDP Sciences","https://doi.org/10.1051/e3sconf/202669201020","",595,"2026-05-27 21:14:56","journal-article","10.1051/e3sconf/202669201020","2267-1242",,692,,1020,1020,0,0.00,0,2,1,"ANN control approach for DC-link stabilization and power flow coordination in a standalone hybrid microgrid formed by a 10 kWp photovoltaic array, a 20 kW wind turbine generator, and a 60 kWh battery storage system operating on a 600 V bus. A controllable dump-load branch is integrated into the design to dissipate surplus energy when the battery reaches its upper state-of-charge limit. The ANN dynamically generates converter duty ratios based on its inputs of DC-link error, its rate of change, and real-time renewable power. Simulation studies conducted in MATLAB demonstrate that the proposed controller maintains DC-link variations within ±2 %, reduces voltage ripple to approximately 3.2 V, and limits current distortion to 2.64 %, while a PI controller exhibits slower recovery, higher overshoot, and post-filter harmonics of about 3.82 %. The results confirm that ANN-based dump-load coordination ensures stable operation, prevents converter stress due to power surplus, and improves the overall utilization of renewable energy in standalone microgrid environments.","https://www.e3s-conferences.org/10.1051/e3sconf/202669201020/pdf",""
1,"He Sun, Chuanchao Liu, Songxiang Tang, Tao Suo","Adaptive PID Control of UAV Variable-Pitch Propellers Based on Lightweight Neural Networks",2026,"IEEE Access","Institute of Electrical and Electronics Engineers (IEEE)","https://doi.org/10.1109/access.2025.3648468","",607,"2026-05-27 21:14:56","journal-article","10.1109/access.2025.3648468","2169-3536",,14,,3386,3401,1,1.00,0,4,1,"","http://xplorestaging.ieee.org/ielx8/6287639/11323511/11316116.pdf?arnumber=11316116",""
0,"Muthu Logesh Shanmugam, Prakash Mani","Koopman Operator based Integral Reinforcement Learning for <i>H</i> <sub>∞</sub> Tracking Control of Nonlinear Systems",2026,"IEEE Access","Institute of Electrical and Electronics Engineers (IEEE)","https://doi.org/10.1109/access.2026.3697146","",608,"2026-05-27 21:14:56","journal-article","10.1109/access.2026.3697146","2169-3536",,,,1,1,0,0.00,0,2,1,"","http://xplorestaging.ieee.org/ielx8/6287639/6514899/11535332.pdf?arnumber=11535332",""
0,"Gaurav Yadav, Yuan Liao, Dan M. Ionel","Study of Clustering Technique and Communication Topologies for Cooperative Control-Based Volt-Var Optimization",2026,"IEEE Access","Institute of Electrical and Electronics Engineers (IEEE)","https://doi.org/10.1109/access.2026.3683382","",611,"2026-05-27 21:14:56","journal-article","10.1109/access.2026.3683382","2169-3536",,14,,58016,58029,0,0.00,0,3,1,"","http://xplorestaging.ieee.org/ielx8/6287639/11323511/11480853.pdf?arnumber=11480853",""
0,"Geethu Asokkumar Seena, Christopher D.Townsend, Hossein Dehghani Tafti, Nestor Vazquez, Farzad Farajizadeh","Observer-Based Distributed Control of Grid-Connected Cascaded Multilevel Converters",2026,"IEEE Access","Institute of Electrical and Electronics Engineers (IEEE)","https://doi.org/10.1109/access.2026.3679391","",625,"2026-05-27 21:14:56","journal-article","10.1109/access.2026.3679391","2169-3536",,,,1,1,0,0.00,0,5,1,"","http://xplorestaging.ieee.org/ielx8/6287639/6514899/11458809.pdf?arnumber=11458809",""
0,"Miguel Ángel Florencio Martínez, Angelino Feliciano Morales, Arnulfo Catalán Villegas, René Edmundo Cuevas Valencia","DISEÑO DE UN MODELO DE CONTROL DE ACCESO BASADO EN ROLES Y SEGURIDAD A NIVEL DE FILAS EN APIS ACADÉMICAS",2026,"FEGLININ","Federación Global de Profesiones","https://doi.org/10.70417/t23ojujqv(27","",668,"2026-05-27 21:14:56","journal-article","10.70417/t23ojujqv(27","2594-2298",,,,48,54,0,0.00,0,4,1,"This study proposes a Role-Based Access Control model with Row-Level Security for the academic sector. The purpose is to strengthen data protection in institutional environments where services that consume academic and personal information interact. It adopts a technological approach applied through an experimental design in a simulated environment, grounded in principles of technological validation. The study considers role definition, access control, policy configuration on a relational database, and the execution of controlled tests to record the system’s behavior under different authorization scenarios. The expected results suggest that the integration of security models will enable the establishment of granular access control, reducing risk and improving defined policies and permitted or denied access. It’s concluded that this architecture constitutes a robust and scalable alternative for improving the security of digital academic environments, with its validation in real systems proposed as future work","",""
0,"Johannes Vogel, Maximilian Berthold","umweltapir: Access Umwelt.Info API",2026,"CRAN: Contributed Packages","The R Foundation","https://doi.org/10.32614/cran.package.umweltapir","",698,"2026-05-27 21:14:56","dataset","10.32614/cran.package.umweltapir","",,,,,,0,0.00,0,2,1,"","",""
0,"Daniel Große, Simon Reitinger, Lucas Klemmer","SonicRV: An Educational Platform for Web-Based Simulation and Visualization of RISC-V Processor Architectures",2026,"IEEE Access","Institute of Electrical and Electronics Engineers (IEEE)","https://doi.org/10.1109/access.2026.3656022","",701,"2026-05-27 21:14:56","journal-article","10.1109/access.2026.3656022","2169-3536",,14,,13849,13864,0,0.00,0,3,1,"","http://xplorestaging.ieee.org/ielx8/6287639/11323511/11359194.pdf?arnumber=11359194",""
0,"Veni Soraya Dewi, Farida Farida, Achmad Setyo Adi Nugroho","Driving SDGs Through Better Financial Reporting: The Role of Accounting Information Technology and Internal Control in Village-Owned Enterprises",2026,"E3S Web of Conferences","EDP Sciences","https://doi.org/10.1051/e3sconf/202670604012","",721,"2026-05-27 21:14:56","journal-article","10.1051/e3sconf/202670604012","2267-1242",,706,,4012,4012,0,0.00,0,3,1,"This study aims to analyze the influence of accounting information technology and internal control systems on the financial reporting quality of BUMDes, as well as their implications for achieving the SDGs. Research on financial reporting quality has primarily focused on local government agencies and companies, rather than on BUMDes as hybrid village entities. The study population was all BUMDes in Magelang Regency, with a sample of 72 people involved in the preparation and reporting of BUMDes financial reports. The sampling technique used purposive sampling and data analysis was conducted using multiple linear regression. The results show that Accounting Information Technology and Internal Control Systems have a positive effect on the financial reporting quality of BUMDes. Improved financial report quality encourages transparency and accountability in BUMDes management, which contributes to strengthening village institutions and the economy.","https://www.e3s-conferences.org/10.1051/e3sconf/202670604012/pdf",""
0,"Carlene Linda","AI-Based Access Control In Zero-Trust &lt;p&gt;Architecture For Cloud Services&lt;/p&gt;",2026,"","Elsevier BV","https://doi.org/10.2139/ssrn.5891422","",730,"2026-05-27 21:14:56","posted-content","10.2139/ssrn.5891422","",,,,,,0,0.00,0,1,1,"","",""
0,"Bian Zhu, Ling Niu","Semantic-Enhanced Risk-Aware Dual-Layer Privacy-Preserving Verifiable Access Control for OT Systems",2026,"International Journal on Semantic Web and Information Systems","IGI Global Scientific Publishing","https://doi.org/10.4018/ijswis.408111","",731,"2026-05-27 21:14:56","journal-article","10.4018/ijswis.408111","1552-6283",,22,1,1,24,0,0.00,0,2,1,"<p>Industrial operational technology systems are becoming more intelligent and interconnected, requiring remote maintenance and multiparty collaboration. While traditional approaches improve efficiency, they introduce risks like data leakage and unauthorized operations. Existing access control schemes struggle with compliance verification and auditing while ensuring privacy. A novel access control scheme was proposed that combines zero-knowledge proof with the publicly verifiable covert security model. The scheme features a dual-layer verification mechanism: a basic layer using zero-knowledge proof to protect identities and permissions during remote maintenance and an enhanced layer for high-risk operations that uses oblivious transfer and digital signatures to detect malicious behavior and generate cheating certificates. Security analysis showed the scheme ensures privacy, access legitimacy, and non-repudiation. Experiments demonstrated the scheme had faster proof generation and verification compared to existing methods with effective malicious behavior detection and accountability.</p>","https://www.igi-global.com/viewtitle.aspx?TitleId=408111",""
0,"Dong-Won Kang, Jiyeon Kim","Identification of Criminal Networks Via External Identifier-Based Clustering on the Dark Web",2026,"IEEE Access","Institute of Electrical and Electronics Engineers (IEEE)","https://doi.org/10.1109/access.2026.3658951","",733,"2026-05-27 21:14:56","journal-article","10.1109/access.2026.3658951","2169-3536",,14,,15394,15413,0,0.00,0,2,1,"","http://xplorestaging.ieee.org/ielx8/6287639/11323511/11366852.pdf?arnumber=11366852",""
0,"Kaibo Zhang","Advances and Prospects in Motor Intent Prediction Based on Surface Electromyography Signals to Aid Upper Limb Exoskeleton Control",2026,"ITM Web of Conferences","EDP Sciences","https://doi.org/10.1051/itmconf/20268401024","",743,"2026-05-27 21:14:56","journal-article","10.1051/itmconf/20268401024","2271-2097",,84,,1024,1024,0,0.00,0,1,1,"This paper introduces two basic technologies, surface electromyography signals (sEMG) processing and motion intention prediction models. To begin with, the system describes the main directions of signal preprocessing and feature extraction, filtering and denoising, and a multi-source synchronization mechanism, and compares representational dissimilarities between time-frequency domain features and deep learning features. Secondly, two mainstream models: discrete action recognition and continuous motion estimation are explored in this paper. It discusses the benefits of deep architectures like Transformer and multi-stream fusion networks to operate on long-term time-series dependencies and summarizes the three key bottlenecks that the current technology encounters in balancing real-time operations and real-time performance with accuracy, cross-individual flexibility, and resilience in complex settings. Last but not least, in three dimensions of having a multimodal perception fusion, low-weight computing models, and adaptive learning, the objective of the paper is to propose a theoretical reference point in designing a highly accurate and low-latency upper limb exoskeleton control system.","https://www.itm-conferences.org/10.1051/itmconf/20268401024/pdf",""
0,"Kateryna Babii, Tetiana Afanasieva, Serhii Onishchenko","Web Application Performance Engineering Using Gemini AI",2026,"IEEE Access","Institute of Electrical and Electronics Engineers (IEEE)","https://doi.org/10.1109/access.2026.3687193","",746,"2026-05-27 21:14:56","journal-article","10.1109/access.2026.3687193","2169-3536",,14,,73479,73501,0,0.00,0,3,1,"","http://xplorestaging.ieee.org/ielx8/6287639/11323511/11493967.pdf?arnumber=11493967",""
0,"Karol Najdek, Radoslaw Nalepa","Feedback Control of a Boost Converter Using a NARX-NN-Based Digital Twin Instance: Multi-Domain Analysis and Comparison",2026,"IEEE Access","Institute of Electrical and Electronics Engineers (IEEE)","https://doi.org/10.1109/access.2026.3669779","",761,"2026-05-27 21:14:56","journal-article","10.1109/access.2026.3669779","2169-3536",,14,,36239,36256,0,0.00,0,2,1,"","http://xplorestaging.ieee.org/ielx8/6287639/11323511/11418635.pdf?arnumber=11418635",""
1,"Imran Khan, Suheel Abdullah Malik, Amil Daraz, Muhammad Majid Gulzar, Baitullah Bareer","Starfish Optimization-Based Fractional Order 3DoF Control Strategy for Enhanced Frequency Stability in RES-Based Microgrids",2026,"IEEE Access","Institute of Electrical and Electronics Engineers (IEEE)","https://doi.org/10.1109/access.2026.3660831","",792,"2026-05-27 21:14:56","journal-article","10.1109/access.2026.3660831","2169-3536",,14,,21312,21336,1,1.00,0,5,1,"","http://xplorestaging.ieee.org/ielx8/6287639/11323511/11370790.pdf?arnumber=11370790",""
0,"","Waste Collection Tracker System Using Full-Stack Web Architecture with Role-Based Management",2026,"Iconic Research and Engineering Journals","Iconic Digital Lab","https://doi.org/10.64388/irev9i10-1716285","",793,"2026-05-27 21:14:56","journal-article","10.64388/irev9i10-1716285","2456-8880",,9,10,,,0,0.00,0,0,1,"","",""
0,"","Three-Tier Role-Based Authentication with RC-SSO and Mobile Secret Code Access",2026,"National Journal of Antennas and Propagation","SynthesisHub Advance Scientific Research","https://doi.org/10.31838/njap/08.02.22","",796,"2026-05-27 21:14:56","journal-article","10.31838/njap/08.02.22","",,8,2,,,0,0.00,0,0,1,"","",""
0,"","Waste Collection Tracker System Using Full-Stack Web Architecture with Role-Based Management",2026,"Iconic Research and Engineering Journals","Iconic Digital Lab","https://doi.org/10.64388/irev9i10-1716285","",805,"2026-05-27 21:14:56","journal-article","10.64388/irev9i10-1716285","2456-8880",,9,10,,,0,0.00,0,0,1,"","",""
0,"Mohammad Shadi Alhakeem","Investigating Cryptocurrency-Enabled Illicit Activities on the Arabic Deep/Dark Web",2026,"IEEE Access","Institute of Electrical and Electronics Engineers (IEEE)","https://doi.org/10.1109/access.2026.3685112","",823,"2026-05-27 21:14:56","journal-article","10.1109/access.2026.3685112","2169-3536",,14,,60480,60488,0,0.00,0,1,1,"","http://xplorestaging.ieee.org/ielx8/6287639/11323511/11483161.pdf?arnumber=11483161",""
0,"Hendri Alamsyah, Abdussalam Al Akbar","Design and Implementation of a Web-Based Internet Access Monitoring System Using a MikroTik Router",2026,"Jurnal Media Computer Science","Unived Press","https://doi.org/10.37676/jmcs.v5i1.10547","",836,"2026-05-27 21:14:56","journal-article","10.37676/jmcs.v5i1.10547","2828-0490",,5,1,753,764,0,0.00,0,2,1,"Internet network is a primary need in educational environment especially at SMP Negeri 3 of Lebong Regency of Bengkulu Province. SMP Negeri 3 of Lebong Regency already has internet network using Telkom Indihome provider with 30 Mbps Bandwidth. School does not have a system that can help monitor user internet access, where this can allow better control over user behavior on the network and can ensure that access to the website is in accordance with school policy. The internet access monitoring application is built using PHP programming language with MySQL database. The database is used to store the results of taking user internet access logs and blocked websites. The internet access monitoring application is accessed on the local network by activating the apache web server on the admin laptop and opening a browser to open a web-based application with the localhost/monitoring link. Based on the testing that has been conducted at SMP Negeri 3 of Lebong Regency, the results obtained are that the internet access monitoring application at SMP Negeri 3 of Lebong Regency based on the web can provide information related to users (IP Address) who are active on the internet network and information on sites (IP Address) that have been accessed by each user. In addition, this application can help block websites that are not desired to be accessed by users.","https://jurnal.unived.ac.id/index.php/jmcs/article/download/10547/7401",""
0,"Gundu Bhavana, Dhanyasree Thallapalli, S. Saravanan","Armos: A Proxy Based Security Architecture for Mitigating Unauthorized LLM Access to Web Applications",2026,"2026 World Conference on Computational Science and Technology (WcCST)","IEEE","https://doi.org/10.1109/wccst67302.2026.11495654","",837,"2026-05-27 21:14:56","proceedings-article","10.1109/wccst67302.2026.11495654","",,,,525,530,0,0.00,0,3,1,"","http://xplorestaging.ieee.org/ielx8/11495592/11495598/11495654.pdf?arnumber=11495654",""
0,"Hongbin Zhong, Matthew Lentz, Nina Narodytska, Adriana Szekeres, Kexin Rong","HONEYBEE: Efficient Role-based Access Control for Vector Databases via Dynamic Partitioning",2026,"Proceedings of the ACM on Management of Data","Association for Computing Machinery (ACM)","https://doi.org/10.1145/3786625","",856,"2026-05-27 21:14:56","journal-article","10.1145/3786625","2836-6573",,4,1,1,26,0,0.00,0,5,1,"Enterprise deployments of vector databases require access control policies to protect sensitive data. These systems often implement access control through hybrid vector queries that combine nearest-neighbor search with relational predicates based on user permissions. However, existing approaches face a fundamental trade-off: dedicated per-user indexes minimize query latency but incur high memory redundancy, while shared indexes with post-search filtering reduce memory overhead at the cost of increased latency.","https://dl.acm.org/doi/pdf/10.1145/3786625",""
0,"Mads Cornelius Hansen, Pınar Tözün, Martin Hentschel","Benchmarking Role-Based Access Control in Data Management Systems",2026,"Lecture Notes in Computer Science","Springer Nature Switzerland","https://doi.org/10.1007/978-3-032-18070-4_2","",874,"2026-05-27 21:14:56","book-chapter","10.1007/978-3-032-18070-4_2","0302-9743",,,,20,36,0,0.00,0,3,1,"","https://link.springer.com/content/pdf/10.1007/978-3-032-18070-4_2",""
0,"D.О. Larin, R. I. Zaharchenko, S. А. Dichenko","MANDATORY ROLE-CENTRIC ATTRIBUTE-BASED ACCESS CONTROL MODEL FOR LARGE-SCALE INFORMATION SYSTEMS",2026,"IZVESTIYA SFedU. ENGINEERING SCIENCES","Southern Federal University","https://doi.org/10.18522/2311-3103-2026-1-179-191","",875,"2026-05-27 21:14:56","journal-article","10.18522/2311-3103-2026-1-179-191","1999-9429",,,1,179,191,0,0.00,0,3,1,"","",""
0,"Muhamad Daerobi, Abdul Wahab, Muhammad Bintang Raitama, Fauzan Muhamad Ahwan, Muhamad Ilham Alkhairi, Andre Fajar Ramadan, Muhammad Yusuf Ramadhani","PERANCANGAN SISTEM INFORMASI PONDOK PESANTREN DENGAN PENERAPAN ROLE-BASED ACCESS CONTROL DAN FITUR SOSIAL BERBASIS WEBSITE",2026,"JATI (Jurnal Mahasiswa Teknik Informatika)","LPPM ITN Malang","https://doi.org/10.36040/jati.v10i2.17789","",877,"2026-05-27 21:14:56","journal-article","10.36040/jati.v10i2.17789","2598-828X",,10,2,3354,3361,0,0.00,0,7,1,"Pondok pesantren merupakan lembaga pendidikan yang memiliki sistem administrasi dan akademik yang kompleks, meliputi pengelolaan data user. Namun, masih banyak pondok pesantren yang menggunakan sistem manual sehingga berpotensi menimbulkan permasalahan dalam pengelolaan data dan keamanan informasi. Penelitian ini bertujuan untuk merancang dan membangun sistem informasi pondok pesantren berbasis website dengan penerapan Role-Based Access Control (RBAC) dan fitur sosial. Metode pengembangan sistem yang digunakan adalah metode waterfall yang meliputi tahap analisis kebutuhan, perancangan sistem, implementasi, dan pengujian. Sistem ini dirancang dengan beberapa peran pengguna, yaitu admin, user, dan public, yang masing-masing memiliki hak akses berbeda. Selain itu, sistem dilengkapi dengan fitur sosial berupa pengumuman dan forum diskusi untuk meningkatkan interaksi antar pengguna. Hasil penelitian menunjukkan bahwa sistem yang dibangun mampu meningkatkan efisiensi pengelolaan data serta keamanan akses informasi di lingkungan pondok pesantren. Dengan demikian, sistem informasi ini dapat menjadi solusi digital yang efektif bagi pondok pesantren.","https://ejournal.itn.ac.id/jati/article/download/17789/9290",""
0,"Omkar Sawant, Pratik Mokashi, Dhruv Gawali, Pallavi Chavan","Design and Development of Customized Role-Based Access Control Mechanism for Learning Management System",2026,"Lecture Notes in Networks and Systems","Springer Nature Switzerland","https://doi.org/10.1007/978-3-032-19690-3_37","",882,"2026-05-27 21:14:56","book-chapter","10.1007/978-3-032-19690-3_37","2367-3370",,,,396,403,0,0.00,0,4,1,"","https://link.springer.com/content/pdf/10.1007/978-3-032-19690-3_37",""
0,"Krishna Swaroop A, Meghana K, Gunashree R Gowda, Chinmayi S, B.N. Nithya","Thermovision Based Cursor Control Using Infrared Imaging and Deep Learning",2026,"E3S Web of Conferences","EDP Sciences","https://doi.org/10.1051/e3sconf/202669205004","",904,"2026-05-27 21:14:56","journal-article","10.1051/e3sconf/202669205004","2267-1242",,692,,5004,5004,0,0.00,0,5,1,"Touchless human-computer interaction is gaining significant attention for enhancing accessibility and hygiene. This project presents a cursor control system using thermovision, integrating deep learning with infrared imaging to enable screen navigation via hand gestures. The framework consists of four core components: a real-time thermal image processing pipeline that tracks the hottest regions via contour analysis and adaptive thresholding; a gesture classifier built on a TensorFlow Lite model, trained on thermal data to recognize five static gestures (FIST, ONE, PALM, SUPER, OPEN); a cursor engine that maps tracked hand movements to on-screen coordinates; and a stabilization module employing exponential moving averages and majority voting for improved accuracy and smoothness. By leveraging thermal tracking with a lightweight neural network, the system robustly handles varying lighting conditions, a common limitation of conventional RGB-based gesture systems. This thermographic approach provides reliable, contactless interaction without requiring visible light, making it highly suitable for assistive technology, industrial automation, and other touch-free applications. The entire system operates in real-time with low latency and is readily adaptable for edge device deployment.","https://www.e3s-conferences.org/10.1051/e3sconf/202669205004/pdf",""
0,"","The Role of Java Package Architecture and Access Control Mechanisms in Enhancing Software Security and Modularity",2026,"International Research Journal of Modernization in Engineering Technology &amp; Science","International Research Journal of Modernization in Engineering Technology and Science","https://doi.org/10.56726/irjmets92256","",906,"2026-05-27 21:14:56","journal-article","10.56726/irjmets92256","2582-5208",,,,,,0,0.00,0,0,1,"","",""
0,"Xin Wang, Yuzhuo Bi","A Real-Time Textile Defect Inspection System for Industrial Polyester Reinforcement Layers Based on YOLO and PLC-Driven Closed-Loop Control",2026,"IEEE Access","Institute of Electrical and Electronics Engineers (IEEE)","https://doi.org/10.1109/access.2026.3669364","",922,"2026-05-27 21:14:56","journal-article","10.1109/access.2026.3669364","2169-3536",,14,,33873,33889,0,0.00,0,2,1,"","http://xplorestaging.ieee.org/ielx8/6287639/11323511/11417779.pdf?arnumber=11417779",""
0,"Saleh A Ali, Farshid Mahmouditabar, Volker Pickert, Shafiq Odhano, Muhammad Awan, Zepeng Liu","A Review on the Control of Magnetless Inductive Rotary Transformer-Based Excitation Systems",2026,"IEEE Access","Institute of Electrical and Electronics Engineers (IEEE)","https://doi.org/10.1109/access.2026.3695371","",926,"2026-05-27 21:14:56","journal-article","10.1109/access.2026.3695371","2169-3536",,,,1,1,0,0.00,0,6,1,"","http://xplorestaging.ieee.org/ielx8/6287639/6514899/11527149.pdf?arnumber=11527149",""
0,"Bonnie Guan, Zhe Wang, Ricardo V. Godoy, Mahonri Owen, Minas Liarokapis","Combining Augmented Reality With Semi-Autonomous, Lightmyography-Based Control to Improve Usability of Prostheses",2026,"IEEE Access","Institute of Electrical and Electronics Engineers (IEEE)","https://doi.org/10.1109/access.2026.3677129","",942,"2026-05-27 21:14:56","journal-article","10.1109/access.2026.3677129","2169-3536",,14,,50537,50548,0,0.00,0,5,1,"","http://xplorestaging.ieee.org/ielx8/6287639/11323511/11455092.pdf?arnumber=11455092",""
0,"Ms. Suvarna S. Wakchaure, Mr. Sarthak S. Lolge, Mr. Roshan V. Nagmal, Mr. Sarthak A. Ugale, Mr. Suyash R. Patil","VoteChain: An Integrated Web-Based Framework for Decentralized Institutional Elections with Department-Specific Granular Access Control",2026,"International Research Journal on Advanced Engineering Hub (IRJAEH)","RSP Science Hub","https://doi.org/10.47392/irjaeh.2026.0440","",943,"2026-05-27 21:14:56","journal-article","10.47392/irjaeh.2026.0440","2584-2137",,4,5,3407,3417,0,0.00,0,5,1,"Student elections in academic institutions are essential for promoting leadership, participation, and democratic values among students. However, traditional voting methods, whether manual or basic digital systems, often face issues such as identity fraud, duplicate voting, lack of transparency, and data manipulation. These challenges reduce trust and affect the reliability of election outcomes. To address these limitations, this paper presents VoteChain, a secure and intelligent digital voting platform designed for student council elections. The system integrates Artificial Intelligence (AI), Machine Learning (ML), and a block chain-inspired ledger to ensure a reliable and tamper-resistant voting process. AI-based facial verification is used to authenticate voters and enforce the “one student, one vote” principle. Additionally, machine learning techniques monitor voting activities in real time to detect suspicious behavior. Votes are encrypted and stored in an immutable ledger, ensuring data integrity and security. The system also includes a user-friendly dashboard for monitoring participation and generating results instantly. Experimental results demonstrate improved security, efficiency, and transparency, making VoteChain a robust solution for modern digital elections.","https://irjaeh.com/index.php/journal/article/download/1720/1581",""
0,"Milad Ashourpour, Ghazaleh Azizpour","Dual-Stream Autoencoder Architecture for Audio-Based Anomaly Detection in Industrial Quality Control",2026,"IEEE Access","Institute of Electrical and Electronics Engineers (IEEE)","https://doi.org/10.1109/access.2026.3695777","",949,"2026-05-27 21:14:56","journal-article","10.1109/access.2026.3695777","2169-3536",,,,1,1,0,0.00,0,2,1,"","http://xplorestaging.ieee.org/ielx8/6287639/6514899/11533367.pdf?arnumber=11533367",""
0,"","MEDASSIST: A ROLE-BASED WEB PLATFORM FOR DIGITAL HEALTH RECORDS AND TELEMEDICINE",2026,"International Research Journal of Modernization in Engineering Technology &amp; Science","International Research Journal of Modernization in Engineering Technology and Science","https://doi.org/10.56726/irjmets80406","",970,"2026-05-27 21:14:56","journal-article","10.56726/irjmets80406","2582-5208",,,,,,0,0.00,0,0,1,"","",""
0,"","SECURE WEB-BASED CONTROL OF INDUSTRIAL DEVICES USING RASPBERRY PI",2026,"International Research Journal of Modernization in Engineering Technology &amp; Science","International Research Journal of Modernization in Engineering Technology and Science","https://doi.org/10.56726/irjmets84325","",995,"2026-05-27 21:14:56","journal-article","10.56726/irjmets84325","2582-5208",,,,,,0,0.00,0,0,1,"","",""
0,"Wail Zita","Secure QR Code Login System with Role-Based Access for Web Applications",2025,"","Institute of Electrical and Electronics Engineers (IEEE)","https://doi.org/10.36227/techrxiv.175616741.16408346/v1","",4,"2026-05-27 21:14:56","posted-content","10.36227/techrxiv.175616741.16408346/v1","",,,,,,0,0.00,0,1,1,"Password logins can still be compromised through phishing and replay attacks. This paper introduces a secure QR-code authentication method that works with role-based access control for web apps. It's built using Python Flask. The QR code contains an AES-GCM encrypted JSON Web Token. {sid, uid, role, nonce, iat, exp} with ≤30 s validity. Security hardening includes single-use nonces with server-side replay caches, strict issuer/audience/alg checks, device/IP binding at session issuance, and deny-by-default RBAC with endpoint-level policy checks. We evaluate the system via 10,000 simulated login attempts under heterogeneous network latency and adversarial traffic (phishing pages, token replay, and brute-force probes). Compared to a baseline username/password + TOTP flow, the proposed design reduces mean login time from 4.82 s to 2.35 s (−51.2%), lowers p95 latency from 7.05 s to 3.80 s, and increases authentication throughput by 74.6%. In security tests, phishing success drops from 12% to 0%, replay acceptance from 0.8% to 0%, and unauthorized role escalation from 3 cases to 0. The cryptographic and policy checks add modest overhead (average CPU 16.7%→18.3%). These results indicate that QR-based authentication, when combined with robust RBAC and shortlived, nonce-bound tokens, can simultaneously improve usability and security for modern web applications.","https://www.techrxiv.org/doi/pdf/10.36227/techrxiv.175616741.16408346/v1",""
3,"Osman Durdag, Ahmet Coskuncay","Reconfiguring Role-Based Access Control via Role Clustering",2025,"IEEE Access","Institute of Electrical and Electronics Engineers (IEEE)","https://doi.org/10.1109/access.2025.3563057","",5,"2026-05-27 21:14:56","journal-article","10.1109/access.2025.3563057","2169-3536",,13,,72984,72993,3,3.00,2,2,1,"","http://xplorestaging.ieee.org/ielx8/6287639/10820123/10971937.pdf?arnumber=10971937",""
0,"Dr. V Manikandan","Secure E-Voting System Using Web Technologies and Role-Based Access Control",2025,"International Scientific Journal of Engineering and Management","Edtech Publishers (OPC) Private Limited","https://doi.org/10.55041/isjem03397","",6,"2026-05-27 21:14:56","journal-article","10.55041/isjem03397","2583-6129",,4,5,1,7,0,0.00,0,1,1,"Abstract- This research explores the development of a secure, reliable, and accessible electronic voting system leveraging modern web technologies and robust access control mechanisms. With democratic institutions increasingly turning to digital solutions for civic processes, there is a pressing need to ensure these systems maintain high standards of security, transparency, and user-friendliness. The proposed system is built using Angular as the frontend framework and Spring Boot for backend services. It incorporates essential security features such as JSON Web Tokens (JWT) for authentication and authorization, and BCrypt encryption for password protection. A key architectural component is Role- Based Access Control (RBAC), which separates system privileges between administrators and voters, thereby reinforcing operational integrity and data security. This paper presents a detailed system architecture, workflow, and highlights the implementation challenges and their solutions. The proposed system demonstrates the potential to improve trust and efficiency in the electoral process.","",""
0,"Andi Anzanul Zikra, Aulia Darnilasari, Rahmat Yanuary, Komala Sari","Design of Web-Based Project Management System with Multi-Level Role-Based Access Control",2025,"Journal of Computer Science and Informatics Engineering","Ali Institute of Research and Publication","https://doi.org/10.55537/cosie.v4i3.1179","",11,"2026-05-27 21:14:56","journal-article","10.55537/cosie.v4i3.1179","2827-8356",,4,3,201,215,0,0.00,0,4,1,"Conventional project management using WhatsApp and email creates problems in progress tracking and inefficient team coordination. Research shows 70% of projects fail to deliver what was promised to customers. This research aims to design a web-based project management system using Laravel 12, Filament Shield, and Tailwind CSS. The research methodology employs waterfall SDLC with problem identification, data collection, UML system design, and black box testing stages. The system is designed with an Role-Based Access Control (RBAC) for 6 roles: Super Admin, Project Manager, Team Lead, Developer, QA Tester, and Client. Results demonstrate successful system implementation with integrated platform features, multi-level RBAC, real-time tracking through kanban dashboard, and responsive interface. Black box testing with 21 test cases covering 5 core system functions (authentication, RBAC, project CRUD operations, task management, and kanban board) achieved 100% success rate. The system successfully addresses progress tracking and coordination issues with an integrated solution supporting organizational scalability","https://journal.aira.or.id/index.php/cosie/article/download/1179/488",""
1,"Adhithiyan E","Secure Health Record Storing Using Blockchain With Role Based Access Control",2025,"","Elsevier BV","https://doi.org/10.2139/ssrn.5313917","",17,"2026-05-27 21:14:56","posted-content","10.2139/ssrn.5313917","",,,,,,1,1.00,1,1,1,"","",""
0,"Adhithiyan E","Blockchain-Based Medical Records Management System with Role-Based Access Control and On-Chain Verification",2025,"","Elsevier BV","https://doi.org/10.2139/ssrn.5285510","",20,"2026-05-27 21:14:56","posted-content","10.2139/ssrn.5285510","",,,,,,0,0.00,0,1,1,"","",""
1,"SURENDRA VITLA","Role-Based Access Control (Rbac) and its Impact on Organizational Cybersecurity Policies",2025,"","Elsevier BV","https://doi.org/10.2139/ssrn.5079310","",25,"2026-05-27 21:14:56","posted-content","10.2139/ssrn.5079310","",,,,,,1,1.00,1,1,1,"","",""
3,"Aadil  Gani Ganie","Securing Ai Agents: Implementing Role-Based Access Control for Industrial Applications",2025,"","Elsevier BV","https://doi.org/10.2139/ssrn.5204283","",26,"2026-05-27 21:14:56","posted-content","10.2139/ssrn.5204283","",,,,,,3,3.00,3,1,1,"","",""
0,"Indra Gamayanto, Michael Christ Kurniawan, Gabriello Klavin Sanyoto","Security Evaluation of Keycloak-Based Role-Based Access Control in Microservice Architectures Using the OWASP ASVS Framework",2025,"Journal of Applied Informatics and Computing","Politeknik Negeri Batam","https://doi.org/10.30871/jaic.v9i6.11604","",34,"2026-05-27 21:14:56","journal-article","10.30871/jaic.v9i6.11604","2548-6861",,9,6,3964,3973,0,0.00,0,3,1,"The Rocket Car Wash Semarang application operates using a microservice architecture that handles sensitive information such as user identity data, transaction history, and vehicle details. As multiple services interact through authenticated API calls, strong access control is required to protect the system from unauthorized access and privilege escalation. This research evaluates the Keycloak-based Role-Based Access Control (RBAC) implementation by referencing relevant domains of the OWASP Application Security Verification Standard (ASVS) Level 2, specifically V2: Authentication, V3: Session Management, V4: Access Control, and V14: Configuration. The RBAC structure consists of three primary roles—Admin, Owner, and Customer—and the assessment examines the correctness of role–permission mapping and token-based authorization across microservices. The security evaluation was conducted through configuration auditing, API endpoint verification using Postman, JWT token validation, and automated penetration testing using OWASP Zed Attack Proxy (ZAP). The ZAP scan targeted common web vulnerabilities, particularly misconfigurations and weaknesses in HTTP security headers. The results indicate that Keycloak effectively enforces centralized authentication and authorization, with no critical issues such as Broken Access Control identified. However, several non-critical weaknesses were found, including incomplete Content Security Policy (CSP) directives and missing HSTS headers. These findings show that the RBAC implementation meets core ASVS Level 2 controls, while further improvements in security header configuration are required to enhance overall system resilience.","https://jurnal.polibatam.ac.id/index.php/JAIC/article/download/11604/3276",""
0,"TEJAS VAIBHAV V, SHILPA C","A Framework to Control Web Access by Adaptive Blocking, Time Based Restriction, and Oversight Monitored Exception Processing",2025,"","Elsevier BV","https://doi.org/10.2139/ssrn.5369536","",36,"2026-05-27 21:14:56","posted-content","10.2139/ssrn.5369536","",,,,,,0,0.00,0,2,1,"","",""
0,"Lawal G. Anand","Scalable Role-Based Access Control Architectures for IoT Ecosystems: Balancing Security, Usability, and Performance",2025,"","Elsevier BV","https://doi.org/10.2139/ssrn.5248801","",37,"2026-05-27 21:14:56","posted-content","10.2139/ssrn.5248801","",,,,,,0,0.00,0,1,1,"","",""
8,"Adedayo Jalil Bello, Muhammad Diyan, Ikram Asghar","Zero Trust Implementation for Legacy Systems using Dynamic Microsegmentation, Role-Based Access Control (RBAC), and Attribute-Based Access Control (ABAC)",2025,"2025 4th International Conference on Computing and Information Technology (ICCIT)","IEEE","https://doi.org/10.1109/iccit63348.2025.10989392","",38,"2026-05-27 21:14:56","proceedings-article","10.1109/iccit63348.2025.10989392","",,,,181,189,8,8.00,3,3,1,"","http://xplorestaging.ieee.org/ielx8/10989281/10989283/10989392.pdf?arnumber=10989392",""
1,"A. H. Afolayan, T. M. Onoriode","Web-Based SIWES Logbook System with Secure Authentication and Role-Based Access",2025,"Journal of Science, Technology and Innovation Research","Federal University of Technology Akure","https://doi.org/10.51459/jostir.2025.1.special-issue.059","",40,"2026-05-27 21:14:56","journal-article","10.51459/jostir.2025.1.special-issue.059","1118-3896",,1,,,,1,1.00,1,2,1,"The Student Industrial Work Experience Scheme (SIWES) is designed to connect classroom learning with real-world workplace experience across Nigerian universities. A central component of this process is the logbook, which students use to record their daily tasks and on which supervisors rely for evaluation. In many Nigerian institutions, these logbooks are still kept on paper, a familiar practice that often leads to delays, lost records, and other inefficiencies. To address these challenges, this study aims to design and implement a secure, role-based, multi-user, web-enabled SIWES logbook system to streamline documentation, supervision, and evaluation, with the objectives of improving accessibility, enhancing security through authentication, and enabling real-time monitoring for all stakeholders. The system was developed using the Waterfall Software Development Life Cycle (SDLC) and a four-tier architecture comprising a React.js presentation layer, Node.js application layer, MySQL data layer, and a security layer employing Bcrypt for password hashing and JSON Web Tokens (JWT) for stateless authentication, alongside Role-Based Access Control (RBAC) for tailored permissions. A user evaluation with 40 participants at the Federal University of Technology, Akure, demonstrated high usability, security, and adoption: 65% were very satisfied, 72.5% found navigation easy, 57.5% rated the system as very secure, and 95% preferred it over paper-based logbooks. These findings confirm that the proposed system enhances monitoring, ensures data integrity, and provides timely feedback, offering a practical, centralized, and secure alternative to traditional SIWES logbooks.","https://jostir.futa.edu.ng/jostir/article/download/59/48",""
0,"Vijay Alturi, David Ferraiolo","Role-Based Access Control",2025,"Encyclopedia of Cryptography, Security and Privacy","Springer Nature Switzerland","https://doi.org/10.1007/978-3-030-71522-9_829","",42,"2026-05-27 21:14:56","book-chapter","10.1007/978-3-030-71522-9_829","",,,,2124,2127,0,0.00,0,2,1,"","https://link.springer.com/content/pdf/10.1007/978-3-030-71522-9_829",""
0,"Sudhakar Tiwari","BLOCKCHAIN-BASED ROLE-BASED ACCESS CONTROL FOR DISTRIBUTED CLOUD SYSTEMS",2025,"International Journal of Applied Mathematics","Academic Publications","https://doi.org/10.12732/ijam.v38i11s.1243","",44,"2026-05-27 21:14:56","journal-article","10.12732/ijam.v38i11s.1243","1314-8060",,38,11,1226,1238,0,0.00,0,1,1,"This study presents a blockchain-backed Role-Based Access Control (RBAC) service for distributed clouds, addressing auditable authorization under multi-region latency and consistency constraints. Although end-to-end costs and tail impacts of permissioned ledgers in RBAC are under-quantified, the present study implements a multi-region deployment with Istanbul Byzantine Fault Tolerance (IBFT), batched commits, and an off-chain cache, with evaluation against centralized and event-sourced baselines, throughput reported in requests per second (RPS), and calibration via Expected Calibration Error (ECE) and Brier Score using multi-seed runs and moving-block bootstrap. At the target load, the candidate achieved 145.0 +/- 4.6 ms 95th percentile (p95) latency and 1008 +/- 13 RPS while meeting the 150.0 ms Service Level Objective at 1000 rps; the 99th percentile (p99) policy-update consistency lag measured 1750.0 +/- 150.0 ms. Connectivity remains the bottleneck. The parts are familiar; the sequencing is not, combining ledger finality with cache-assisted reads and bounded block intervals to narrow the gap to centralized designs under controlled failures. These findings indicate that tamper-evident auditing can be added with modest overhead for enterprise security operators planning multi-region cloud authorization.","https://ijamjournal.org/ijam/publication/index.php/ijam/article/download/1243/1135",""
0,"Lawal G. Anand","Decentralized Role-Based Access Control in IoT Using Blockchain A Trustless Approach to Device Authorization",2025,"","Center for Open Science","https://doi.org/10.31219/osf.io/5xcv2_v1","",48,"2026-05-27 21:14:56","posted-content","10.31219/osf.io/5xcv2_v1","",,,,,,0,0.00,0,1,1,"<p>The rapid expansion of the Internet of Things (IoT) has intensified the need for robust and scalable access control mechanisms to manage device interactions and protect sensitive data. Traditional Role-Based Access Control (RBAC) systems, while effective in centralized environments, face significant challenges in distributed IoT ecosystems due to their reliance on trusted third parties and centralized policy enforcement. This paper presents a decentralized RBAC model powered by blockchain technology, offering a trustless, transparent, and tamper-resistant solution for device authorization in IoT networks. By leveraging smart contracts, access policies are enforced autonomously and immutably, reducing administrative overhead and enhancing security. We outline the architecture of the proposed system, evaluate its performance, and discuss its advantages in terms of scalability, interoperability, and resistance to single points of failure. The results demonstrate that blockchain-based RBAC can significantly enhance the resilience and integrity of access control in heterogeneous and large-scale IoT environments.</p>","",""
0,"Henrik Dibowski","Views, Semantic Data Catalog and Role-Based Access Control for Ontologies and Knowledge Graphs",2025,"Lecture Notes in Computer Science","Springer Nature Switzerland","https://doi.org/10.1007/978-3-031-81221-7_4","",50,"2026-05-27 21:14:56","book-chapter","10.1007/978-3-031-81221-7_4","0302-9743",,,,47,61,0,0.00,0,1,1,"","https://link.springer.com/content/pdf/10.1007/978-3-031-81221-7_4",""
0,"Jin Hyok Pak, Chol Jin Ma","AGABAC: Implementing and Evaluating an Attribute-Group Access Control Model for Secure Web-Based Spreadsheet Interfaces in Large-Scale e-Government Systems",2025,"","Wiley","https://doi.org/10.22541/au.175851927.71637394/v1","",51,"2026-05-27 21:14:56","posted-content","10.22541/au.175851927.71637394/v1","",,,,,,0,0.00,0,2,1,"The proliferation of large-scale e-government information systems has introduced complex challenges in securing access to vast and dynamic information resources. A critical trend is the integration of Web-based dynamic data style sheets, such as Web Excel, for flexible data manipulation and reporting. However, implementing granular and efficient access control for these interfaces remains a significant, unaddressed research problem. Traditional and existing attribute-based access control (ABAC) models suffer from administrative overhead due to the explosion of attribute relations (m×n×k) and lack a formal framework for defining permissions on spreadsheet elements (cells, ranges). This paper proposes the Attribute-Group ABAC (AGABAC) model to overcome these limitations. AGABAC introduces a novel attribute-grouping mechanism to minimize policy management costs and a secure authorization proxy framework for decentralized administration. Furthermore, it formalizes access control policies specifically for dynamic spreadsheet operations. We implemented a full prototype and evaluated AGABAC against standard ABAC and RBAC models. Our experimental results demonstrate that AGABAC reduces policy configuration time by over 47% compared to standard ABAC and maintains access decision latency below 15ms under a load of 10,000 concurrent users, proving its efficacy for secure and efficient access control in large-scale environments.","https://www.authorea.com/doi/pdf/10.22541/au.175851927.71637394/v1",""
0,"Albert Ramadhan Manik, Dedy Kiswanto, Muhammad Budi Akbar, Jogi Purba","Academic Portal with MFA (WhatsApp OTP via Fonnte), Role-Based Access Control, and Logging System for Network Monitoring",2025,"Jurnal Ilmiah Sistem Informasi","Universitas Sains dan Teknologi Komputer","https://doi.org/10.51903/qwz6pt87","",55,"2026-05-27 21:14:56","journal-article","10.51903/qwz6pt87","2809-1507",,4,3,674,687,0,0.00,0,4,1,"This study aims to develop a web-based academic portal with a multi-layered security system to enhance data protection and operational efficiency. The system integrates Multi-Factor Authentication (MFA) using WhatsApp OTP via Fonnte, Role-Based Access Control (RBAC), and a user activity logging mechanism to ensure security, transparency, and accountability. Additionally, a web-based security monitoring feature is implemented, allowing administrators to observe user activities in real-time and respond promptly to potential threats. The testing results indicate that the combination of MFA, RBAC, and logging effectively strengthens the system against unauthorized access while improving its stability and reliability. Therefore, the developed system proves to be an effective solution for securing academic data, minimizing security risks, and optimizing the management of educational information.","https://ejurnal.provisi.ac.id/index.php/JUISI/article/download/1316/917",""
0,"","Context Secure AI For Role Based Access Control",2025,"IARJSET","Tejass Publishers","https://doi.org/10.17148/iarjset.2025.12320","",69,"2026-05-27 21:14:56","journal-article","10.17148/iarjset.2025.12320","2394-1588",,12,3,,,0,0.00,0,0,1,"","",""
0,"Michael Schlaubitz, Onur Veyisoglu, Marc Rennhard","A2CT: Automated Detection of Function and Object-Level Access Control Vulnerabilities in Web Applications",2025,"Proceedings of the 11th International Conference on Information Systems Security and Privacy","SCITEPRESS - Science and Technology Publications","https://doi.org/10.5220/0013092700003899","",71,"2026-05-27 21:14:56","proceedings-article","10.5220/0013092700003899","",,,,425,436,0,0.00,0,3,1,"","",""
1,"Shamsu Sabo, Abubakar Muhammad Umaru, Umar Lirwan Mohammed, Lawan Abdullahi Yusuf","A Secure Web-Based School Management System Using Role-Based Access: Case Study from Nigeria",2025,"Journal of Science and Technology","University of Science and Technology, Yemen","https://doi.org/10.20428/jst.v30i11.3194","",74,"2026-05-27 21:14:56","journal-article","10.20428/jst.v30i11.3194","1607-2073",,30,11,,,1,1.00,0,4,1,"The presence of manual and disjointed digital systems in secondary schools across Nigeria leads to inefficiencies in the processes of student registration, grade management, and ID card distribution. This article presents a secure web-based School Management System (SMS) that was created with Node.js, Express.js, MySQL, and Bcrypt for Imamu Hafsin Model International School in Kano. Among its main features are easy login recovery, a tiered role-based access control system, automated ID card creation, and demographic analysis tools. The system has undergone field testing and has shown improved performance compared to Fedena and OpenSIS in areas such as security, access control, and localization. This development enhances administrative effectiveness within resource-limited settings.","",""
0,"Alban Gabillon","Web Access Control Strategies",2025,"Encyclopedia of Cryptography, Security and Privacy","Springer Nature Switzerland","https://doi.org/10.1007/978-3-030-71522-9_664","",75,"2026-05-27 21:14:56","book-chapter","10.1007/978-3-030-71522-9_664","",,,,2755,2762,0,0.00,0,1,1,"","https://link.springer.com/content/pdf/10.1007/978-3-030-71522-9_664",""
1,"Barnaba Bobbili, Charles R, D. Sudha","Multi-Modal Security Integration and Role-Based Access Control for Secure File Management System",2025,"2025 International Conference on Intelligent Computing and Control Systems (ICICCS)","IEEE","https://doi.org/10.1109/iciccs65191.2025.10985393","",76,"2026-05-27 21:14:56","proceedings-article","10.1109/iciccs65191.2025.10985393","",,,,525,531,1,1.00,0,3,1,"","http://xplorestaging.ieee.org/ielx8/10982535/10984435/10985393.pdf?arnumber=10985393",""
0,"Lina Song","A Hybrid Data Protection Mechanisms Using Attribute Based Encryption and Role Based Access Control Mechanism for Digital Music Classrooms",2025,"Journal of Cyber Security and Mobility","River Publishers","https://doi.org/10.13052/jcsm2245-1439.1451","",83,"2026-05-27 21:14:56","journal-article","10.13052/jcsm2245-1439.1451","2245-4578",,,,,,0,0.00,0,1,1,"Network Security in Cloud-Based Digital Music Classrooms (NS-CDMC) is a novel architecture that secures critical educational environments. RBAC, fine-grained ABE, dynamic TBAR, secure session creation, data integrity verification, and proactive anomaly-based intrusion detection are used in NS-CDMC. The NS-CDMC model has demonstrated superior performance across critical security metrics compared to several benchmark methods. Key results include an Anomaly Detection Rate (ADR) of 0.96, outperforming other methods and indicating the model’s ability to detect sophisticated threats and insider misuse. The model handles access requests efficiently with an Access Control Decision Latency of 48 ms, comparable to or lower than other benchmark techniques. Additionally, the NS-CDMC model has a substantially lower False Positive Rate (FPR) of 0.03, minimizing unnecessary interruptions and improving operational smoothness in digital music classrooms. Simulations for the NS-CDMC model captured access choices, trust score changes, anomaly scores, and Attribute-Based Encryption (ABE) policy applications. The NS-CDMC security framework provides a secure, real-time, and user-friendly environment for digital music classrooms using ABE, Trust-Based Access Refinement (TBAR), and anomaly detection. ABE restricts content decryption to authorized users based on roles, courses, and instruments. TBAR dynamically adjusts access control based on user trust scores, which reflect behavior in the system.","https://journals.riverpublishers.com/index.php/JCSANDM/article/download/29823/22879",""
0,"","Hierarchical Role-Based Access Control Architecture for CRM/ERM Systems with Complex Data Topologies",2025,"PHYSICO-MATHEMATICAL MODELLING AND INFORMATIONAL TECHNOLOGIES","National Academy of Sciences of Ukraine (Co. LTD Ukrinformnauka) (Publications)","https://doi.org/10.15407/fmmit2025.41.072","",86,"2026-05-27 21:14:56","journal-article","10.15407/fmmit2025.41.072","1816-1545",,41,,,,0,0.00,0,0,1,"","",""
0,"Ioannis Nikolaou, Leonidas Anthopoulos","REST API Access Control - an OPTIONS Based Approach",2025,"Companion Proceedings of the ACM on Web Conference 2025","ACM","https://doi.org/10.1145/3701716.3718327","",89,"2026-05-27 21:14:56","proceedings-article","10.1145/3701716.3718327","",,,,1719,1723,0,0.00,0,2,1,"","https://dl.acm.org/doi/10.1145/3701716.3718327",""
0,"Lavanya K N, Janakiraman S","Enhancing Security and Efficiency Through Role-Based Access Control in Modern Systems",2025,"International Journal For Multidisciplinary Research","International Journal for Multidisciplinary Research (IJFMR)","https://doi.org/10.36948/ijfmr.2025.v07i03.47059","",90,"2026-05-27 21:14:56","journal-article","10.36948/ijfmr.2025.v07i03.47059","2582-2160",,7,3,,,0,0.00,0,2,1,"Ensuring that sensitive data is secure and accessible at all times is very important, especially in healthcare systems. In this research, HealthChain is proposed, a secure system that uses RBAC, combines ABE with blockchain technology and helps manage electronic health records (EHRs) by decentralization. Defining people’s roles as static and lacking strong audit controls are problems with conventional access control models that make them inefficient and easy to exploit. To address the issues above, HealthChain uses dynamic access control which ensures access is given according to who uses the system and what they are doing right now. Because of blockchain, logging remains unalterable, contracts are managed automatically by smarts and cloud services make it possible to enhance data handling. According to comparisons, using this hybrid strategy supports stronger data privacy, better operations and compliance with laws such as HIPAA and GDPR.","https://www.ijfmr.com/papers/2025/3/47059.pdf",""
0,"Kiran Kumar Pappula, Guru Pramod Rusum, Sunil Anasuri","Role-Based vs. Attribute-Based Access Control in Multi-Tenant Full-Stack Applications",2025,"American International Journal of Computer Science and Technology","ScienceTech Xplore","https://doi.org/10.63282/3117-5481/aijcst-v7i2p107","",94,"2026-05-27 21:14:56","journal-article","10.63282/3117-5481/aijcst-v7i2p107","3117-5481",,7,,,,0,0.00,0,3,1,"","https://aijcst.org/index.php/aijcst/article/view/90/81",""
1,"Ke Xu, Bing Zhang, Jingyue Li, Haitao He, Rong Ren, Jiadong Ren","DRacv: Detecting and auto-repairing vulnerabilities in role-based access control in web application",2025,"Journal of Network and Computer Applications","Elsevier BV","https://doi.org/10.1016/j.jnca.2025.104191","",98,"2026-05-27 21:14:56","journal-article","10.1016/j.jnca.2025.104191","1084-8045",,240,,104191,104191,1,1.00,0,6,1,"","https://api.elsevier.com/content/article/PII:S1084804525000888",""
1,"","Adaptive Role-Based Access Control and Policy Enforcement in ERP Systems for Governmental and Military Applications",2025,"International Journal of Emerging Research in Engineering and Technology","ScienceTech Xplore","https://doi.org/10.63282/3050-922x.ijeret-v6i3p109","",116,"2026-05-27 21:14:56","journal-article","10.63282/3050-922x.ijeret-v6i3p109","3050-922X",,6,,,,1,1.00,0,0,1,"","",""
3,"Raja Rout, Ashok Kumar Kumawat","Reinforcement Learning-Based Position Tracking Control for Proportional Directional Control Valve-Based Electro-Hydraulic System",2025,"IEEE Access","Institute of Electrical and Electronics Engineers (IEEE)","https://doi.org/10.1109/access.2025.3608253","",122,"2026-05-27 21:14:56","journal-article","10.1109/access.2025.3608253","2169-3536",,13,,159597,159609,3,3.00,2,2,1,"","http://xplorestaging.ieee.org/ielx8/6287639/10820123/11155041.pdf?arnumber=11155041",""
2,"Omar Bait Shaweesh, Omar Zalloum, Yazan Al-Hadid, Anastassia Gharib","Hyperledger Fabric-Based Decentralized Role-Based Access Control for Sustainable and Resilient Industrial IoT Networks",2025,"2025 IEEE 101st Vehicular Technology Conference (VTC2025-Spring)","IEEE","https://doi.org/10.1109/vtc2025-spring65109.2025.11174727","",123,"2026-05-27 21:14:56","proceedings-article","10.1109/vtc2025-spring65109.2025.11174727","",,,,1,6,2,2.00,1,4,1,"","http://xplorestaging.ieee.org/ielx8/11174123/11174275/11174727.pdf?arnumber=11174727",""
3,"Yuyun Liang","Robot Trajectory Tracking Control Based on Neural Networks and Sliding Mode Control",2025,"IEEE Access","Institute of Electrical and Electronics Engineers (IEEE)","https://doi.org/10.1109/access.2025.3574358","",129,"2026-05-27 21:14:56","journal-article","10.1109/access.2025.3574358","2169-3536",,13,,96740,96757,3,3.00,3,1,1,"","http://xplorestaging.ieee.org/ielx8/6287639/10820123/11016719.pdf?arnumber=11016719",""
0,"Jin Hyok Pak, Gyong Il Choe, Un Song Pak, Chol Jin Ma, Guk Jun Ri","AGABAC: Implementing and Evaluating an Attribute-Group Access Control Model for Secure Web-Based Spreadsheet Interfaces in Large-Scale e-Government Systems",2025,"","Wiley","https://doi.org/10.22541/au.176098201.10378910/v1","",136,"2026-05-27 21:14:56","posted-content","10.22541/au.176098201.10378910/v1","",,,,,,0,0.00,0,5,1,"As e-government systems grow in scale and complexity, securing access to their dynamic information resources has become increasingly difficult. We’ve observed a particular challenge emerging with the widespread adoption of web-based spreadsheet interfaces for data analysis and reporting. While these tools offer valuable flexibility, implementing practical and fine-grained access control for them remains an open problem. Traditional Attribute-Based Access Control (ABAC) models, though flexible in theory, become administratively burdensome in practice due to the combinatorial explosion of attribute relationships (m×n×k). Furthermore, they lack a formal way to define permissions for specific spreadsheet elements like individual cells or ranges. In this paper, we present AGABAC (Attribute-Group ABAC), a new model that addresses these limitations through two key contributions. First, we introduce an attribute-grouping mechanism that dramatically reduces policy management overhead. Second, we’ve created a formalized model specifically designed for controlling access to dynamic spreadsheet operations. To validate our approach, we built a complete prototype and conducted thorough experiments comparing AGABAC against standard ABAC and RBAC models. The results are promising: AGABAC reduced policy configuration time by 47% compared to standard ABAC, while maintaining access decision times under 15ms even with 10,000 concurrent users. These findings suggest that AGABAC offers a practical solution for implementing efficient and secure access control in large-scale e-government systems.","https://www.authorea.com/doi/pdf/10.22541/au.176098201.10378910/v1",""
0,"Zeyu Xiao, Kui Jiang, Mingyu Tan, Yongcun Lin","A Web Identity and Attribute Assessment-Based Zero Trust Access Control Model",2025,"2025 18th International Congress on Image and Signal Processing, BioMedical Engineering and Informatics (CISP-BMEI)","IEEE","https://doi.org/10.1109/cisp-bmei68103.2025.11259222","",138,"2026-05-27 21:14:56","proceedings-article","10.1109/cisp-bmei68103.2025.11259222","",,,,1,9,0,0.00,0,4,1,"","http://xplorestaging.ieee.org/ielx8/11259119/11259122/11259222.pdf?arnumber=11259222",""
0,"Hassan Bediar Hashim","Securing Data Transfer in MySQL Cloud Environments Using Role-Based Access Control",2025,"International Journal of Computational and Applied Mathematics &amp; Computer Science","World Scientific and Engineering Academy and Society (WSEAS)","https://doi.org/10.37394/232028.2025.5.8","",141,"2026-05-27 21:14:56","journal-article","10.37394/232028.2025.5.8","2769-2477",,5,,66,72,0,0.00,0,1,1,"The purpose of this study is to examine and improve the security of data transfer for MySQL databases in cloud environments by integrating the Role-Based Access Control (RBAC) architecture. Sensitive data is increasingly at risk during network transmission due to the quick spread of cloud solutions, which makes the implementation of multi-layered security measures necessary. To safeguard data while it is in transit, this study suggests an architecture that integrates encryption methods with the RBAC permissions governance mechanism. To assess how well this system mitigates intrusion assaults and unauthorized access, the methodology uses a simulation model. The findings show that RBAC and encryption together greatly lower vulnerabilities and offer defines in depth that conforms with strict security regulations like GDPR and HIPAA. This approach provides a comprehensive and practical solution for data security in hybrid and public cloud systems by streamlining access control and enhancing auditability. The study highlights that the suggested strategy is a necessary addition that improves the resilience and integrity of cloud infrastructure rather than a replacement for other security measures.","",""
0,"Kiran M, N. Kumaresh","Implementation of Dynamic Role Based Access Control in Multi-Tenant Cloud",2025,"2025 2nd International Conference on New Frontiers in Communication, Automation, Management and Security (ICCAMS)","IEEE","https://doi.org/10.1109/iccams65118.2025.11234495","",142,"2026-05-27 21:14:56","proceedings-article","10.1109/iccams65118.2025.11234495","",,,,1,6,0,0.00,0,2,1,"","http://xplorestaging.ieee.org/ielx8/11233230/11233235/11234495.pdf?arnumber=11234495",""
0,"Shivam Agarwal","Implementing Role-Based Access Control in Cloud-Native Big Data Warehouses",2025,"International Journal of Research in Modern Engineering &amp; Emerging Technology","Resagate Global","https://doi.org/10.63345/ijrmeet.org.v13.i7.1","",143,"2026-05-27 21:14:56","journal-article","10.63345/ijrmeet.org.v13.i7.1","2320-6586",,13,7,1,8,0,0.00,0,1,1,"","",""
0,"Ashutosh Gupta, Yuvraj Bhatnagar, Usha Jain","A Secure Blockchain-Based Role-Based Access Control Framework Using Proof of Work and One-Time Tokens for Identity Protection",2025,"2025 IEEE 6th India Council International Subsections Conference (INDISCON)","IEEE","https://doi.org/10.1109/indiscon66021.2025.11251600","",146,"2026-05-27 21:14:56","proceedings-article","10.1109/indiscon66021.2025.11251600","",,,,1,6,0,0.00,0,3,1,"","http://xplorestaging.ieee.org/ielx8/11251510/11251524/11251600.pdf?arnumber=11251600",""
0,"M. Naveena","Reinforcing Health Record Access Control Systems Leveraging Blockchain for Role-Based Security",2025,"International Journal for Research in Applied Science and Engineering Technology","International Journal for Research in Applied Science and Engineering Technology (IJRASET)","https://doi.org/10.22214/ijraset.2025.72636","",150,"2026-05-27 21:14:56","journal-article","10.22214/ijraset.2025.72636","2321-9653",,13,6,2333,2341,0,0.00,0,1,1,"Cloud computing provides efficient data storage and sharing with low-cost resource utilization, but security issues are still a major challenge, especially data confidentiality and access control. Conventional approaches depend on encrypting data prior to uploading it to the cloud, but dynamic group management and secure key distribution are still challenging problems. To overcome these issues, this study suggests a secure and decentralized data-sharing model using blockchain technology and RoleBased Access Control (RBAC) combined with Elliptic Curve Cryptography (ECC). The system supports effective key management so that encrypted data can be accessed by authorized users only without any direct intervention of the data owner. Hybrid cloud model is implemented, where sensitive role structures and user mappings are kept in a private cloud and encrypted data is handled in a public cloud, for better security and scalability. The suggested method guarantees smooth revocation of group members by updating group keys automatically without re-encrypting the initial data, thus eliminating unauthorized access. Blockchain technology is also utilized to offer tamper evidence and solve issues of data modification. This new combination of blockchain, ECC encryption, and RBAC provides strong data privacy, secure key distribution, and effective rolebased access, and hence is a very secure and scalable solution for cloud-based data sharing.","",""
0,"Sergey Usov","On the representation of role-based access control models by object-oriented HRU model: hierarchical coverage leaf approach",2025,"Mathematical Structures and Modeling","Dostoevsky Omsk State University","https://doi.org/10.24147/2222-8772.2025.2.138-145","",152,"2026-05-27 21:14:56","journal-article","10.24147/2222-8772.2025.2.138-145","2222-8772",,,,138,138,0,0.00,0,1,1,"In this paper the possibility of representing of some types of role-based access control models by object-oriented discretionary access control model is considered. The rolebased security models with non-taxonomic hierarchy are considered. The permissions of the role-based access control model are represented as a set of pairs of object and access right. A hierarchy of classes of the object-oriented HRU model, based on the role-based access control policy, is constructed.","",""
1,"Xiaoye Zhang, Sen Wang","Prediction and Performance Optimization of Hospital Web Application Access Modes Based on Big Data Analysis",2025,"Journal of Web Engineering","River Publishers","https://doi.org/10.13052/jwe1540-9589.2456","",155,"2026-05-27 21:14:56","journal-article","10.13052/jwe1540-9589.2456","1544-5976",,,,,,1,1.00,1,2,1,"Data in hospital information systems contain errors, inconsistencies, and other issues that mask the true underlying patterns in the data, making the existing time series patterns blurry and leading to increased prediction errors in access patterns. To this end, research is being conducted on the prediction and performance optimization of hospital web application access patterns based on big data analysis. Firstly, semi-structured log data and structured information data from hospital web applications are collected and preprocessed. Then, a deep belief network (DBN) is used for feature extraction, and a deep learning model consisting of a stacked restricted Boltzmann machine (RBM) and a BP neural network is utilized to automatically extract multidimensional information such as user behavior features, temporal features, and page features, constructing a comprehensive feature system. Finally, based on the gated recurrent unit (GRU) neural network for access mode prediction, the control information selection mechanism of GRU is utilized to capture time series information and improve the accuracy of prediction. The experimental results show that the proposed prediction method has a practical application value with a mean square error of 0–50 for predicting traffic and a response rate within 5 seconds after application.","https://journals.riverpublishers.com/index.php/JWE/article/download/28889/22383",""
0,"Abdullahi  N Buhmean, Ankita Ankita","Enhancing Cinema Access in Liberia: Development of a Web-Based Movie Ticket Booking Platform",2025,"International Journal of Research Publication and Reviews","Genesis Global Publication","https://doi.org/10.55248/gengpi.6.1025.3662","",159,"2026-05-27 21:14:56","journal-article","10.55248/gengpi.6.1025.3662","2582-7421",,6,10,2729,2738,0,0.00,0,2,1,"","",""
0,"Vijay Mohan Shrimal, Girish Paliwal, Naveen Bansal, Pooja Sharma, Kanta Prasad Sharma, Gagandeep Kaur","Enhancing Election Integrity Using Aadhar-Based Authentication and Role-Based Access Control",2025,"2025 International Conference on Digital Innovations for Sustainable Solutions (ICDISS)","IEEE","https://doi.org/10.1109/icdiss68238.2025.11320763","",160,"2026-05-27 21:14:56","proceedings-article","10.1109/icdiss68238.2025.11320763","",,,,1,4,0,0.00,0,6,1,"","http://xplorestaging.ieee.org/ielx8/11320457/11320582/11320763.pdf?arnumber=11320763",""
0,"S. Saraswathi","SmartChain RBAC: A Lightweight Role based Access Control Protocol using Private Blockchain for Smart Cities",2025,"2025 6th International Conference on Intelligent Communication Technologies and Virtual Mobile Networks (ICICV)","IEEE","https://doi.org/10.1109/icicv64824.2025.11085754","",162,"2026-05-27 21:14:56","proceedings-article","10.1109/icicv64824.2025.11085754","",,,,1662,1670,0,0.00,0,1,1,"","http://xplorestaging.ieee.org/ielx8/11085142/11085448/11085754.pdf?arnumber=11085754",""
0,"","A COMPARATIVE ANALYSIS OF MODERN APPROACHES TO ROLE-BASED ACCESS CONTROL: SECURITY MECHANISMS, DOMAIN-SPECIFIC ADAPTATIONS, AND VALIDATION TECHNIQUES",2025,"International Research Journal of Modernization in Engineering Technology and Science","International Research Journal of Modernization in Engineering Technology and Science","https://doi.org/10.56726/irjmets79378","",164,"2026-05-27 21:14:56","journal-article","10.56726/irjmets79378","2582-5208",,,,,,0,0.00,0,0,1,"","",""
0,"Ahmad Sulaeman, Joko Aryanto","Implementasi Token-Based Access Control dan Proteksi Konten pada Manajemen Pembelajaran Berbasis Web untuk Meningkatkan Keamanan Data di Institusi Pendidikan Medis",2025,"JSAI (Journal Scientific and Applied Informatics)","Universitas Muhammadiyah Bengkulu","https://doi.org/10.36085/jsai.v8i3.9374","",169,"2026-05-27 21:14:56","journal-article","10.36085/jsai.v8i3.9374","2614-3054",,8,3,703,707,0,0.00,0,2,1,"Keamanan konten digital merupakan aspek krusial dalam implementasi sistem pembelajaran daring, khususnya di institusi pendidikan medis yang mengelola data video sensitif. Penelitian ini bertujuan untuk mengembangkan dan menguji sistem proteksi konten video berbasis web dengan mengintegrasikan tiga metode utama, yaitu AES-128 encryption, Token-Based Access Control, dan Dynamic Watermarking. Metode AES-128 digunakan untuk mengenkripsi file video sehingga hanya pengguna berotorisasi yang dapat mengaksesnya, sementara Token-Based Access Control berfungsi sebagai autentikasi dinamis berbasis sesi untuk mencegah akses ilegal, dan Dynamic Watermarking memberikan identitas pengguna pada setiap tayangan video guna mendeteksi potensi penyebaran konten tanpa izin. Hasil pengujian menunjukkan Token Validation Success Rate sebesar 100% dan Intrusion Detection Rate sebesar 90%, menandakan bahwa sistem mampu mengelola otentikasi serta mendeteksi akses tidak sah dengan tingkat keandalan tinggi. Pengujian performa HTTP Live Streaming (HLS) menghasilkan waktu respon rata-rata 1.79 detik dengan 1000 request berhasil tanpa kegagalan, membuktikan bahwa sistem tetap stabil meskipun menerapkan lapisan keamanan tambahan. Secara keseluruhan, penelitian ini menyimpulkan bahwa integrasi AES-128 encryption, Token-Based Access Control, dan Dynamic Watermarking dapat menjadi solusi efektif untuk memperkuat keamanan data dan proteksi konten video dalam sistem manajemen pembelajaran berbasis web di lingkungan pendidikan medis.","https://jurnal.umb.ac.id/index.php/JSAI/article/download/9374/5494",""
0,"Ch’ng Guo Yang, Mohd Azam Osman, Mohammad Ali Sarvghadi","A Web-Based Platform for Korean Calligraphy Learners Using Deep Learning",2025,"IEEE Access","Institute of Electrical and Electronics Engineers (IEEE)","https://doi.org/10.1109/access.2025.3612578","",174,"2026-05-27 21:14:56","journal-article","10.1109/access.2025.3612578","2169-3536",,13,,165970,165988,0,0.00,0,3,1,"","http://xplorestaging.ieee.org/ielx8/6287639/10820123/11174948.pdf?arnumber=11174948",""
0,"Mehdi Nozad Bonab, Jafar Tanha, Mohammad Masdari","Corrections to “A Semi-Supervised Learning Approach to Quality-Based Web Service Classification”",2025,"IEEE Access","Institute of Electrical and Electronics Engineers (IEEE)","https://doi.org/10.1109/access.2025.3534337","",175,"2026-05-27 21:14:56","journal-article","10.1109/access.2025.3534337","2169-3536",,13,,19862,19862,0,0.00,0,3,1,"","http://xplorestaging.ieee.org/ielx8/6287639/10820123/10862983.pdf?arnumber=10862983",""
6,"Giacomo Pedemonte, Maurizio Leotta, Marina Ribaudo","Improving Web Accessibility With an LLM-Based Tool: A Preliminary Evaluation for STEM Images",2025,"IEEE Access","Institute of Electrical and Electronics Engineers (IEEE)","https://doi.org/10.1109/access.2025.3577519","",177,"2026-05-27 21:14:56","journal-article","10.1109/access.2025.3577519","2169-3536",,13,,107566,107582,6,6.00,2,3,1,"","http://xplorestaging.ieee.org/ielx8/6287639/10820123/11027076.pdf?arnumber=11027076",""
0,"Septian Ridho Syah Putra, Mike Yuliana, Amang Sudarsono","Implementation of Role-Based Access Control using Identity-Based Encryption for Secure Internet of Vehicle Data Communications",2025,"2025 8th International Seminar on Research of Information Technology and Intelligent Systems (ISRITI)","IEEE","https://doi.org/10.1109/isriti68345.2025.11393425","",183,"2026-05-27 21:14:56","proceedings-article","10.1109/isriti68345.2025.11393425","",,,,695,700,0,0.00,0,3,1,"","http://xplorestaging.ieee.org/ielx8/11392715/11393087/11393425.pdf?arnumber=11393425",""
0,"Sadia Akter, Tahsina Farah Sanam","A Blockchain Framework for Secure Healthcare Data Management Using Role-Based Access Control and Smart Contracts",2025,"2025 International Conference on Electrical, Computer and Communication Engineering (ECCE)","IEEE","https://doi.org/10.1109/ecce64574.2025.11013162","",184,"2026-05-27 21:14:56","proceedings-article","10.1109/ecce64574.2025.11013162","",,,,1,6,0,0.00,0,2,1,"","http://xplorestaging.ieee.org/ielx8/11012671/11012919/11013162.pdf?arnumber=11013162",""
2,"Awwal Ishiaku, Christian Bassey","Optimizing Synchronization and Role-Based Access Control in Double-Surgeon Telesurgery Cockpits",2025,"Journal of Internet Services and Information Security","SASA Publications","https://doi.org/10.58346/jisis.2025.i1.021","",186,"2026-05-27 21:14:56","journal-article","10.58346/jisis.2025.i1.021","2182-2069",,15,1,330,347,2,2.00,1,2,1,"The double-surgeon cockpit is an innovation in telesurgery that allows two surgeons to collaborate by remotely controlling a robot to perform surgical operations. However, it also introduces new challenges in synchronization and Role-Based Access Control (RBAC) due to the need for precise coordination and secure operation. In this paper, we address these challenges and propose an optimized synchronization strategy and implement RBAC within double-surgeon cockpits. The synchronization strategy combines passive latency monitoring and active command throttling to ensure coordinated actions from multiple surgeon consoles. Meanwhile, RBAC ensures that we assign specific permissions to each surgeon based on their roles, restricting access to only necessary robotic components, and preventing unauthorized actions. This dual approach aims to improve the operational efficiency, security, and overall success of telesurgical operations. The simulation results demonstrate the effectiveness of the proposed synchronization strategy, while a detailed RBAC framework ensures secure and efficient role management in telesurgery.","",""
0,"Sundos Mojahed, Réjean Drouin, Lokman Sboui","ODACE-RMS: A Remote Web-Based Platform for Automated Multi-Device Android Testing and Certification",2025,"IEEE Access","Institute of Electrical and Electronics Engineers (IEEE)","https://doi.org/10.1109/access.2025.3576823","",191,"2026-05-27 21:14:56","journal-article","10.1109/access.2025.3576823","2169-3536",,13,,99863,99878,0,0.00,0,3,1,"","http://xplorestaging.ieee.org/ielx8/6287639/10820123/11025833.pdf?arnumber=11025833",""
0,"Aditya Sissodiya, Ulf Bodin, Olov Schelén","Objective- and Utility-Based Negotiation for Access Control",2025,"Proceedings of the 11th International Conference on Information Systems Security and Privacy","SCITEPRESS - Science and Technology Publications","https://doi.org/10.5220/0013130000003899","",199,"2026-05-27 21:14:56","proceedings-article","10.5220/0013130000003899","",,,,493,501,0,0.00,0,3,1,"","",""
0,"Garimella Sri Krishna Aditya, Sannuthi Krishna Nihar, V. S. Saranya","Advanced Authentication and Secure File Management System with Multi-Modal Security Integration and Role-Based Access Control",2025,"SSRN Electronic Journal","Elsevier BV","https://doi.org/10.2139/ssrn.5089188","",204,"2026-05-27 21:14:56","journal-article","10.2139/ssrn.5089188","1556-5068",,,,,,0,0.00,0,3,1,"","",""
0,"Astri Purwitasari, Reisa Permatasari, Agung Brastama Putra","Implementasi Role-Based Access Control (RBAC) untuk Keamanan Sistem Informasi Penjualan Perhiasan pada Postgresql di Pgadmin4 dan Dbeaver",2025,"Jurnal SCRIPT","Institut Sains and Teknologi AKPRIND Yogyakarta","https://doi.org/10.34151/script.v13i2.5464","",211,"2026-05-27 21:14:56","journal-article","10.34151/script.v13i2.5464","2338-6304",,13,2,134,143,0,0.00,0,3,1,"Sistem informasi penjualan perhiasan memerlukan tingkat keamanan yang tinggi karena mengelola data sensitif bernilai ekonomi tinggi seperti informasi pelanggan, transaksi penjualan, inventaris, dan data keuangan. Penelitian ini mengimplementasikan Role-Based Access Control (RBAC) sebagai mekanisme keamanan berlapis pada sistem informasi penjualan perhiasan yang mengelola 3 brand dengan 5 toko, 20 produk, 30 pelanggan, dan 100 transaksi penjualan bernilai miliaran rupiah. Sistem dikembangkan menggunakan database PostgreSQL dengan implementasi melalui tools pgAdmin 4 dan DBeaver Implementasi RBAC membatasi akses ke 14 tabel kritis melalui empat role: Customer_User (akses SELECT pada 8 tabel), Sales_Staff (akses penuh pada tabel operasional), Supplier_User (akses terbatas pada tabel terkait), dan Admin (kontrol penuh). Hasil implementasi menunjukkan bahwa RBAC berhasil membatasi akses berdasarkan prinsip least privilege dengan tingkat keberhasilan 100% dalam validasi privilege melalui testing di DBeaver. Testing koneksi membuktikan setiap role hanya dapat mengakses dan memodifikasi data sesuai privilege yang diberikan, sedangkan testing kegagalan mengonfirmasi sistem menolak akses tidak sah dengan pesan error yang sesuai (""relation does not exist"" dan ""permission denied""). Implementasi RBAC pada PostgreSQL menggunakan perintah GRANT dan REVOKE terbukti efektif untuk mengamankan sistem informasi penjualan perhiasan dari ancaman internal dan eksternal, memastikan integritas data, serta meningkatkan kepercayaan stakeholder dalam pengelolaan aset informasi bernilai tinggi.","https://ejournal.akprind.ac.id/index.php/script/article/download/5464/3712",""
6,"P. Chinnasamy, B. Subashini, Ramesh Kumar Ayyasamy, Ajmeera Kiran, Binay Kumar Pandey, Digvijay Pandey, Mesfin Esayas Lelisho","Blockchain based electronic educational document management with role-based access control using machine learning model",2025,"Scientific Reports","Springer Science and Business Media LLC","https://doi.org/10.1038/s41598-025-99683-5","",218,"2026-05-27 21:14:56","journal-article","10.1038/s41598-025-99683-5","2045-2322",,15,1,,,6,6.00,1,7,1,"Abstract: The emergence of digital technology has led to a significant increase in the importance of educational credential storage, exchange, and verification for organisations, enterprises, and universities. Academic record forgery, record misuse, credential data tampering, time-consuming verification procedures, ownership and control difficulties, and other problems plague the education sector. Machine learning (ML) and blockchain, two of the most disruptive methods, have replaced traditional techniques in the education sector with highly technological and efficient ways. Our study aims to propose a novel electronic educational document management technique using a blockchain-based fuzzy feed-forward convolutional temporal neural network that detects malicious users. Here, the training is carried out based on NLP analysis in document word weight indexing. This document management access control is based on role-based access with simulated remora swarm optimisation. In order to identify malicious users, this suggested system logs access requests on the blockchain and authenticated users. The findings demonstrate that this suggested architecture performs as intended in every case. The experimental analysis is based on a malicious user detection dataset regarding Prediction accuracy, Mean average precision, F-measure, Latency, QoS, Contract execution time, and Throughput. Based on dataset feature analysis, the proposed B-FCTNN_SRSO achieved a prediction accuracy of 98%, a mean average precision (MAP) of 95%, and an F1 score of 97%, with a latency of 96%. Additionally, based on blockchain security analysis, the B-FCTNN_SRSO attained a QoS of 97%, a precision of 94%, and a throughput of 96%.","https://www.nature.com/articles/s41598-025-99683-5.pdf",""
0,"Thomson Mary, Nia Febriyani","Peningkatan Keamanan Sistem Informasi Berbasis Laravel 12 dengan Rate Limiting dan Role-Based Access Control (RBAC)",2025,"Jurnal Teknologi  Dan Sistem Informasi Bisnis","Universitas Dharma Andalas","https://doi.org/10.47233/jteksis.v7i3.1976","",220,"2026-05-27 21:14:56","journal-article","10.47233/jteksis.v7i3.1976","2655-8238",,7,3,473,481,0,0.00,0,2,1,"This study aims to enhance the security of a Laravel  12-based news information system by implementing Rate Limiting and Role-Based Access Control (RBAC). The current website-based information system is vulnerable to hacking and redirection to online gambling sites, indicating serious security weaknesses in the programming. Leveraging the robust capabilities of Laravel  12, this research implements security features such as rate limiting to prevent brute force attacks and RBAC to manage user access rights based on roles. In addition, it utilizes the advanced security features of Spatie Role Permissions in Laravel  12 to achieve layered protection. This is supported by the use of the MariaDB database in conjunction with Laravel 's Spatie Permissions package for more structured permission management. The research method employed is evaluative with a quantitative and descriptive approach, used to measure and analyze the quality of the software code before and after improvements. The results of this study provide a more secure solution for the information system.  ","https://jurnal.unidha.ac.id/index.php/jteksis/article/download/1976/1141",""
0,"Rohit Reddy Kommareddy","Security and Access Control Implementations using SAML in Modern Web Services",2025,"International Journal for Research Trends and Innovation","IJ Research Organization","https://doi.org/10.56975/ijrti.v10i8.205666","",236,"2026-05-27 21:14:56","journal-article","10.56975/ijrti.v10i8.205666","2456-3315",,10,8,,,0,0.00,0,1,1,"","",""
5,"Çağatay Umut Öğdü, Kübra Arslanoğlu, Mehmet Karaköse","An Adaptive Multi-Agent LLM-Based Clinical Decision Support System Integrating Biomedical RAG and Web Intelligence",2025,"IEEE Access","Institute of Electrical and Electronics Engineers (IEEE)","https://doi.org/10.1109/access.2025.3613340","",238,"2026-05-27 21:14:56","journal-article","10.1109/access.2025.3613340","2169-3536",,13,,167390,167404,5,5.00,2,3,1,"","http://xplorestaging.ieee.org/ielx8/6287639/10820123/11176078.pdf?arnumber=11176078",""
1,"Saurabh Verma, Mukta Bhatele, Akhilesh A. Waoo","Advanced security framework for DICOM images using triple watermarking with DWT and SVD for role-based access control",2025,"Next Research","Elsevier BV","https://doi.org/10.1016/j.nexres.2025.100524","",244,"2026-05-27 21:14:56","journal-article","10.1016/j.nexres.2025.100524","3050-4759",,2,3,100524,100524,1,1.00,0,3,1,"","https://api.elsevier.com/content/article/PII:S305047592500394X",""
1,"Ahmed I. Taloba, Alanazi Rayan","A privacy preserving medical data management framework using blockchain enabled encrypted role based access control",2025,"Scientific Reports","Springer Science and Business Media LLC","https://doi.org/10.1038/s41598-025-30916-3","",246,"2026-05-27 21:14:56","journal-article","10.1038/s41598-025-30916-3","2045-2322",,15,1,,,1,1.00,1,2,1,"","https://www.nature.com/articles/s41598-025-30916-3.pdf",""
5,"Erdal Kiliç","Deep Reinforcement Learning-Based Controller for Field-Oriented Control of SynRM",2025,"IEEE Access","Institute of Electrical and Electronics Engineers (IEEE)","https://doi.org/10.1109/access.2024.3524156","",249,"2026-05-27 21:14:56","journal-article","10.1109/access.2024.3524156","2169-3536",,13,,2855,2861,5,5.00,5,1,1,"","http://xplorestaging.ieee.org/ielx8/6287639/10820123/10818488.pdf?arnumber=10818488",""
0,"Preeti Matey","Enhancing Backup Strategies in Large Enterprises: A Unified Approach to Role-Based Access Control, Encryption, and Disaster Recovery",2025,"INTERANTIONAL JOURNAL OF SCIENTIFIC RESEARCH IN ENGINEERING AND MANAGEMENT","Edtech Publishers (OPC) Private Limited","https://doi.org/10.55041/ijsrem41338","",250,"2026-05-27 21:14:56","journal-article","10.55041/ijsrem41338","2582-3930",,,2,1,9,0,0.00,0,1,1,"In today’s rapidly evolving digital landscape, safeguarding critical data has become a top priority for large enterprises. With rising threats like cyber-attacks, data breaches, and system failures, it is vital for organizations to implement effective backup solutions that ensure data integrity and availability. This research examines the significance of integrating key security measures such as Role-Based Access Control (RBAC), encryption, and disaster recovery planning to create a strong, secure backup infrastructure. RBAC helps restrict access to sensitive data, ensuring only authorized users can interact with it, while encryption safeguards data both in storage and during transit. Disaster recovery planning further enhances business continuity by offering clear protocols for data restoration after catastrophic events. The study investigates how combining these strategies not only enhances data security but also minimizes operational downtime, ensures compliance with regulatory standards, and improves overall system resilience. The paper reviews current practices, identifies common challenges, and anticipates future trends shaping enterprise backup and recovery systems. Keywords: Data Backup, Role-Based Access Control (RBAC), Encryption, Disaster Recovery Planning, Data Security, Enterprise Solutions, Cybersecurity, Compliance, Business Continuity","",""
1,"Luigi Logrippo","Data flow security in Role-based access control",2025,"Journal of Information Security and Applications","Elsevier BV","https://doi.org/10.1016/j.jisa.2025.103997","",251,"2026-05-27 21:14:56","journal-article","10.1016/j.jisa.2025.103997","2214-2126",,90,,103997,103997,1,1.00,1,1,1,"","https://api.elsevier.com/content/article/PII:S2214212625000353",""
1,"Vinay Reddy Male","Decoding Role-Based Access Control (RBAC)",2025,"International Journal of Scientific Research in Computer Science, Engineering and Information Technology","Technoscience Academy","https://doi.org/10.32628/cseit251112211","",253,"2026-05-27 21:14:56","journal-article","10.32628/cseit251112211","2456-3307",,11,1,2082,2090,1,1.00,1,1,1,"This article provides a comprehensive examination of Role-Based Access Control (RBAC) and its significance in modern cybersecurity, particularly within cloud environments. It explores the fundamental concepts of RBAC, including its core principle of assigning access rights based on organizational roles rather than individual users. The article delves into the implementation process, discussing role definition, permission assignment, and user-role association. It highlights the key advantages of RBAC, such as simplified permission management, enhanced security through the principle of least privilege, scalability in dynamic environments, and improved time efficiency in access management. A case study from the healthcare sector illustrates RBAC's practical application, emphasizing its role in maintaining regulatory compliance and efficient operations in complex organizational structures. The article also addresses potential challenges in RBAC implementation, including role explosion and over-permissive access, and provides strategies for overcoming these issues through meticulous planning, regular audits, and ongoing system optimization. By offering insights into both the benefits and challenges of RBAC, this article serves as a valuable resource for organizations seeking to enhance their access control strategies in an increasingly complex digital landscape.","https://ijsrcseit.com/index.php/home/article/download/CSEIT251112211/CSEIT251112211",""
5,"Suzan Ejura Ojonuba, Güzin Türkmen, Sacip Toker","Enhancing Web Development Education With Game-Based and Gamification Learning: A Study of Engagement, Motivation, and Performance",2025,"IEEE Access","Institute of Electrical and Electronics Engineers (IEEE)","https://doi.org/10.1109/access.2025.3595510","",262,"2026-05-27 21:14:56","journal-article","10.1109/access.2025.3595510","2169-3536",,13,,137048,137066,5,5.00,2,3,1,"","http://xplorestaging.ieee.org/ielx8/6287639/10820123/11108228.pdf?arnumber=11108228",""
0,"Yongbing Xiang","Research on Dynamic Coordination Control of Mode Switching in Ship Diesel–Electric Hybrid Power System Based on Model Prediction Control",2025,"IEEE Access","Institute of Electrical and Electronics Engineers (IEEE)","https://doi.org/10.1109/access.2025.3643204","",263,"2026-05-27 21:14:56","journal-article","10.1109/access.2025.3643204","2169-3536",,13,,211251,211269,0,0.00,0,1,1,"","http://xplorestaging.ieee.org/ielx8/6287639/10820123/11298185.pdf?arnumber=11298185",""
1,"Sungjae Kim, Jin-Ho Suh","A Study on Robust Control Scheme Using Prescribed Performance-Based Time Delay Control and RBF Neural Network",2025,"IEEE Access","Institute of Electrical and Electronics Engineers (IEEE)","https://doi.org/10.1109/access.2025.3622695","",265,"2026-05-27 21:14:56","journal-article","10.1109/access.2025.3622695","2169-3536",,13,,180513,180522,1,1.00,1,2,1,"","http://xplorestaging.ieee.org/ielx8/6287639/10820123/11206362.pdf?arnumber=11206362",""
0,"Daisy Sharmah","Integrating Honey Bee Load Balancing Algorithm with Role-Based Access Control in Blockchain Technology to Minimise Response Time in Cloud Computing",2025,"Journal of Information Systems Engineering and Management","Science Research Society","https://doi.org/10.52783/jisem.v10i33s.5629","",276,"2026-05-27 21:14:56","journal-article","10.52783/jisem.v10i33s.5629","2468-4376",,10,33,702,713,0,0.00,0,1,1,"The RBAC is considered one of the best security mechanisms used in cloud computing to assign roles and grant specific permissions. The implementation of a RBAC mechanism for load balancing can enhance the overall performance of the server. In this paper, we are focusing on the significance of using the RBAC mechanism in the Honey Bee Load Balancing Algorithm to improve the security of the blockchain consortium system. We have proposed an algorithm using the concept of RBAC with Honey Bee Load Balancing Algorithm in Blockchain to minimize the response time in the Cloud computing. The proposed algorithm is simulated using CloudAnalyst and the results of simulation are shown in this paper. We have made a comparison study of our proposed algorithm with other four algorithms in blockchain technology.","https://jisem-journal.com/index.php/journal/article/download/5629/2629",""
1,"Issam Al-Azzoni, Reiko Heckel, Zobia Erum","Dynamic Role-Based Access Control Scenarios for Smart Contracts: Graph Rewriting for Testing Domain-specific Models.",2025,"The Journal of Object Technology","AITO - Association Internationale pour les Technologies Objets","https://doi.org/10.5381/jot.2025.24.2.a4","",277,"2026-05-27 21:14:56","journal-article","10.5381/jot.2025.24.2.a4","1660-1769",,24,2,2,2,1,1.00,0,3,1,"","",""
0,"Huawei Hong, Yimin Shen, Xiaorui Qian, Songyan Du, Xinling Zheng, Xingye Lin","Web-based Framework for Unified Channel Access and Data Integrity in Smart Electricity Billing",2025,"Journal of Web Engineering","River Publishers","https://doi.org/10.13052/jwe1540-9589.2486","",284,"2026-05-27 21:14:56","journal-article","10.13052/jwe1540-9589.2486","1544-5976",,,,,,0,0.00,0,6,1,"Addressing heterogeneous data access and integrity assurance remains a critical challenge for modern smart electricity billing systems. Conventional solutions are often fragmented, with limited interoperability and inconsistent validation processes, which undermines scalability, data quality, and user trust. This paper proposes a Web engineering-driven framework that integrates service-oriented architecture, semantic modeling, and automated integrity verification into a unified, component-based Web application. Unlike prior energy-focused studies, the framework explicitly advances Web engineering principles by embedding metadata-driven routing, ontology-based interoperability, and real-time validation mechanisms into a distributed smart billing environment. The system architecture is designed for modular extensibility, with semantic reasoning enabling dynamic service orchestration and adaptive Web interfaces providing role-based usability across devices. Evaluation demonstrated low latency (120 ms), high availability (99.98%), and scalability to 5000 concurrent users, while the integrity module improved validation success rates from 96.2% to 98.9% over four weeks. Usability testing achieved a 97.5% task completion rate and a system usability score of 88.6, confirming accessibility and adaptability. By combining semantic-driven service orchestration, end-to-end integrity verification, and adaptive user interaction within a single Web framework, this work contributes a novel, holistic approach to Web engineering in critical infrastructure. Beyond smart billing, the proposed methods provide a transferable foundation for secure, interoperable, and user-centric Web applications in other distributed domains.","https://journals.riverpublishers.com/index.php/JWE/article/download/30383/23119",""
6,"Mathieu d’Aquin","On the role of knowledge graphs in AI-based scientific discovery",2025,"Journal of Web Semantics","Elsevier BV","https://doi.org/10.1016/j.websem.2024.100854","",286,"2026-05-27 21:14:56","journal-article","10.1016/j.websem.2024.100854","1570-8268",,84,,100854,100854,6,6.00,6,1,1,"","https://api.elsevier.com/content/article/PII:S1570826824000404",""
1,"Abdulrahman Alamer","A Security and Privacy-Preserving Consortium Blockchain-Based Accessing Control in Mobile Crowdsensing",2025,"IEEE Access","Institute of Electrical and Electronics Engineers (IEEE)","https://doi.org/10.1109/access.2025.3554600","",289,"2026-05-27 21:14:56","journal-article","10.1109/access.2025.3554600","2169-3536",,13,,53815,53834,1,1.00,1,1,1,"","http://xplorestaging.ieee.org/ielx8/6287639/10820123/10938540.pdf?arnumber=10938540",""
42,"Adisu Tadese Demora, Chala Merga Abdissa","Neural Network-Based Lower Limb Prostheses Control Using Super Twisting Sliding Mode Control",2025,"IEEE Access","Institute of Electrical and Electronics Engineers (IEEE)","https://doi.org/10.1109/access.2025.3538689","",291,"2026-05-27 21:14:56","journal-article","10.1109/access.2025.3538689","2169-3536",,13,,24929,24953,42,42.00,21,2,1,"","http://xplorestaging.ieee.org/ielx8/6287639/10820123/10870247.pdf?arnumber=10870247",""
2,"Wenwen Wang, Zhihua Chen","Observer-Based Deep Reinforcement Learning for Robust Missile Guidance and Control",2025,"IEEE Access","Institute of Electrical and Electronics Engineers (IEEE)","https://doi.org/10.1109/access.2025.3542129","",299,"2026-05-27 21:14:56","journal-article","10.1109/access.2025.3542129","2169-3536",,13,,32769,32780,2,2.00,1,2,1,"","http://xplorestaging.ieee.org/ielx8/6287639/10820123/10887184.pdf?arnumber=10887184",""
0,"OLABISI MATEMILAYO DADA, FEMI SAMSON OYEDEPO, KOLAWOLE ABUBAKAR SADIQ, SIKIRU SULIMAN","A HOLISTIC ONLINE RESULT PROCESSING: USING ROLE-BASED ACCESS CONTROL",2025,"International Journal of Research in Education Humanities and Commerce","White Wing Publications","https://doi.org/10.37602/ijrehc.2025.6424","",300,"2026-05-27 21:14:56","journal-article","10.37602/ijrehc.2025.6424","2583-0333",,6,4,324,340,0,0.00,0,4,1,"The security surrounding Result Processing in an online environment necessitates swift intervention, given the rapidly evolving technology that is now crucial for both students and Staff, as thoroughly examined in this work. Access Control presents serious security risks that require careful attention. Despite numerous researchers discussing various measures to address the overall system, the findings highlight the importance of prioritising data security, integrity, and user experience to uphold academic confidentiality in a digital world. With the transformation in the digital world, educational institutions should endeavour to manage student records effectively while maintaining data security. This work examined the security and safety of student results and transcripts in an online environment. An Agile methodology was employed, which supports Iterative development and flexibility, allowing for constant feedback and quick adjustments to requirements. This approach ensures data integrity, confidentiality, and accessibility. The system is designed to simplify the management of academic records. It has a well-defined interface for administrators, Exam Officers, the Academic Planning Unit, and students, with role-based access control, to ensure a holistic online result processing system that secures authentication and data encryption for non-illegal access and data breaches, which are essential in good system development. This work covers the system's design, implementation, and holistic data security and operational efficiency. The systems that were successfully implemented also indicate that they can be used to meet the needs of educational institutions that are willing to improve their result-processing procedures.","https://ijrehc.com/uploads2025/ijrehc06_147.pdf",""
2,"Tymoteusz Zwierzchowski, Katarzyna Adamiak","Desired Trajectory-Based Sliding Mode Control for Multiple Perishable Inventory Systems",2025,"IEEE Access","Institute of Electrical and Electronics Engineers (IEEE)","https://doi.org/10.1109/access.2025.3587812","",306,"2026-05-27 21:14:56","journal-article","10.1109/access.2025.3587812","2169-3536",,13,,120085,120101,2,2.00,1,2,1,"","http://xplorestaging.ieee.org/ielx8/6287639/10820123/11077136.pdf?arnumber=11077136",""
0,"K. Kishore, A. Manoj, B. Naveen","Dual Access Control For Cloud-Based Data Storage And Sharing",2025,"International Journal of Research Publication and Reviews","Genesis Global Publication","https://doi.org/10.55248/gengpi.6.0725.25128","",313,"2026-05-27 21:14:56","journal-article","10.55248/gengpi.6.0725.25128","2582-7421",,6,7,3134,3135,0,0.00,0,3,1,"","",""
0,"J. Umamageswaran, Anish Shivakumar, Achanta Srinivas Varshith, Prabu M","Developing a More Adaptive and Dynamic Trust Evaluation System Using a Task Role Based Access Control Module (T-RBAC)",2025,"2025 International Conference on Data Science and Business Systems (ICDSBS)","IEEE","https://doi.org/10.1109/icdsbs63635.2025.11031714","",319,"2026-05-27 21:14:56","proceedings-article","10.1109/icdsbs63635.2025.11031714","",,,,1,5,0,0.00,0,4,1,"","http://xplorestaging.ieee.org/ielx8/11031246/11031251/11031714.pdf?arnumber=11031714",""
0,"Maha Saddal, Gohar Rahman, Mehmood Ahmed, Adeel Ahmed, Salmah Binti Fattah","Effective Two Factor Role-based Access Control for Cloud Computing using Twofish encrypted JAR File",2025,"2025 International Conference on Advances in Machine Intelligence, and Cybersecurity Technologies (AMICT)","IEEE","https://doi.org/10.1109/amict65811.2025.11402811","",322,"2026-05-27 21:14:56","proceedings-article","10.1109/amict65811.2025.11402811","",,,,25,30,0,0.00,0,5,1,"","http://xplorestaging.ieee.org/ielx8/11400725/11400729/11402811.pdf?arnumber=11402811",""
0,"","Time-Based Access Control",2025,"Encyclopedia of Cryptography, Security and Privacy","Springer Nature Switzerland","https://doi.org/10.1007/978-3-030-71522-9_300983","",324,"2026-05-27 21:14:56","book-chapter","10.1007/978-3-030-71522-9_300983","",,,,2616,2616,0,0.00,0,0,1,"","https://link.springer.com/content/pdf/10.1007/978-3-030-71522-9_300983",""
0,"TUTAN GHOSH, Ira Nath","Federated Offloading Based Tokenized Access Control for Intelligent Intrusion Detection",2025,"","Elsevier BV","https://doi.org/10.2139/ssrn.5345874","",325,"2026-05-27 21:14:56","posted-content","10.2139/ssrn.5345874","",,,,,,0,0.00,0,2,1,"","",""
1,"Enukonda Siri Chandana, Ganguru Sandeep Kumar, Ediga Sai Murari Goud, Balaji K","Building an Enhanced Task-Role Based Access Control (E-TRBAC) Model to Secure Cloud Services",2025,"2025 3rd World Conference on Communication &amp;amp; Computing (WCONF)","IEEE","https://doi.org/10.1109/wconf64849.2025.11233364","",326,"2026-05-27 21:14:56","proceedings-article","10.1109/wconf64849.2025.11233364","",,,,1,6,1,1.00,0,4,1,"","http://xplorestaging.ieee.org/ielx8/11233223/11232529/11233364.pdf?arnumber=11233364",""
0,"","A MODEL FOR IMPLEMENTING ROLE-BASED ACCESS CONTROL (RBAC) IN A TIERED DATA WAREHOUSE ARCHITECTURE",2025,"Modern Information Security","State University of Information and Communication Technologies","https://doi.org/10.31673/2409-7292.2025.031671","",331,"2026-05-27 21:14:56","journal-article","10.31673/2409-7292.2025.031671","2409-7292",,63,3,137,149,0,0.00,0,0,1,"","",""
2,"Vivekchowdary Attaluri, Venu Madhav Aragani","Sustainable Business Models",2025,"Advances in Business Strategy and Competitive Advantage","IGI Global","https://doi.org/10.4018/979-8-3693-9750-3.ch018","",334,"2026-05-27 21:14:56","book-chapter","10.4018/979-8-3693-9750-3.ch018","2327-3429",,,,341,356,2,2.00,1,2,1,"As the world increasingly grapples with environmental challenges, businesses are turning to data science and artificial intelligence (AI) to forge sustainable models that drive both economic and ecological benefits. This chapter explores the transformative potential of eco-analytics in reshaping traditional business practices. It delves into how organizations leverage advanced data analytics and AI-driven insights to optimize resource usage, reduce waste, and enhance decision-making processes. By examining various case studies across different industries, the chapter illustrates practical applications of eco-analytics that have led to measurable improvements in sustainability performance and operational efficiency. Furthermore, it discusses the ethical considerations and best practices for implementing data-driven sustainability strategies.","https://www.igi-global.com/viewtitle.aspx?TitleId=370057",""
0,"Pratiksha Patil","Design and Performance Analysis of a Secure Multi-User Database with Role- Based Access Control and Audit Trail",2025,"International Journal of Innovative Science and Research Technology","International Journal of Innovative Science and Research Technology","https://doi.org/10.38124/ijisrt/25jul1399","",335,"2026-05-27 21:14:56","journal-article","10.38124/ijisrt/25jul1399","",,,,2184,2184,0,0.00,0,1,1,"In multi-user database systems, guaranteeing both secure access and traceability is essential. This research introduces a relational database architecture leveraging Role-Based Access Control (RBAC) and comprehensive Audit Logging. Users are classified into Admin, Editor, and Viewer roles, each assigned distinct permissions. Every database operation is recorded to ensure accountability. Through performance tests measuring query latency and storage impact, we find that adding role enforcement and logging results in a minor slowdown—well within acceptable limits for most institutional use cases. This balance makes the system practical for environments demanding both security and transparency.","https://www.ijisrt.com/assets/upload/files/IJISRT25JUL1399.pdf",""
1,"Yonghwan Jeong","Disturbance Observer-Based Optimal Active Suspension Control for Vehicle-Trailer Systems",2025,"IEEE Access","Institute of Electrical and Electronics Engineers (IEEE)","https://doi.org/10.1109/access.2025.3592193","",340,"2026-05-27 21:14:56","journal-article","10.1109/access.2025.3592193","2169-3536",,13,,132303,132317,1,1.00,1,1,1,"","http://xplorestaging.ieee.org/ielx8/6287639/10820123/11095712.pdf?arnumber=11095712",""
1,"Mohammad Reza Haghjoo","Unified Passivity-Based Control for Turning and Walking in Asymptotically Stable Biped Robots",2025,"IEEE Access","Institute of Electrical and Electronics Engineers (IEEE)","https://doi.org/10.1109/access.2025.3600313","",341,"2026-05-27 21:14:56","journal-article","10.1109/access.2025.3600313","2169-3536",,13,,146116,146128,1,1.00,1,1,1,"","http://xplorestaging.ieee.org/ielx8/6287639/10820123/11130178.pdf?arnumber=11130178",""
0,"S. Yoheswari","Adoption of Identity and Access Management in Educational ERP Systems for Role-Based Security and Data Access Governance through Centralized Authentication Frameworks",2025,"","MDPI AG","https://doi.org/10.20944/preprints202511.1587.v1","",344,"2026-05-27 21:14:56","posted-content","10.20944/preprints202511.1587.v1","",,,,,,0,0.00,0,1,1,"The integration of Identity and Access Management (IAM) within Educational ERP systems represents a transformative approach to institutional security and data governance. Educational institutions increasingly rely on complex, cloud-based ERP platforms to manage academic and administrative operations involving a diverse user population. IAM frameworks facilitate robust user identity verification, seamless role-based access, and centralized authentication, addressing critical challenges such as unauthorized data access, inefficient manual user management processes, and regulatory compliance gaps. By leveraging centralized authentication, institutions achieve uniform policy enforcement, automate provisioning and de-provisioning workflows, and reinforce audit readiness for regulations like FERPA and GDPR. The deployment of IAM in educational ERP settings markedly reduces access violations and orphaned accounts, streamlines onboarding processes, enhances user satisfaction, and supports dynamic role transitions. This paper details how IAM adoption underpins a secure, scalable, and policy-driven environment, elevating both operational efficiency and trust in digital education infrastructures.","",""
0,"Mbark ABOUESSAOUAB, Youssef A. Abi, Anass Khannous, Said Bouchkaren","Adaptive Blockchain Based Access Control ABAC for Secure Cloud Data Access: A Comprehensive Approach",2025,"","Springer Science and Business Media LLC","https://doi.org/10.21203/rs.3.rs-7409434/v1","",350,"2026-05-27 21:14:56","posted-content","10.21203/rs.3.rs-7409434/v1","",,,,,,0,0.00,0,4,1,"<title>Abstract</title> <p>Cloud computing has become a cornerstone for modern enterprises, offering scalable and on-demand resources. However, its centralized architecture poses significant security challenges, especially concerning data access control and integrity. This paper proposes a novel approach that integrates blockchain technology with Attribute-Based Access Control (ABAC) to improve secure, context-aware data access in the cloud. The proposed solution leverages blockchain’s decentralized, immutable infrastructure to store access policies as smart contracts, providing dynamic and fine-grained access control. A middleware layer facilitates the evaluation of access requests, collecting contextual attributes such as time, location, and device type, which are validated against policies stored on the blockchain. The framework ensures traceability, transparency, and scalability while mitigating vulnerabilities associated with traditional Role-Based Access Control (RBAC) systems. Comparative analysis highlights the advantages of the blockchain-based ABAC system over conventional methods, demonstrating its potential to address evolving cloud security challenges. Furthermore, scenarios illustrating unauthorized and authorized access underline the robustness and functionality of the proposed approach. This work lays the foundation for secure and adaptive cloud environments, advancing the adoption of blockchain-based access control mechanisms.</p>","https://www.researchsquare.com/article/rs-7409434/v1",""
0,"Yu-Wen Zhou","Distributed Optimization-Based Predefined-Time Formation Control of QUAVs Under Wind Field Disturbances",2025,"IEEE Access","Institute of Electrical and Electronics Engineers (IEEE)","https://doi.org/10.1109/access.2025.3639281","",351,"2026-05-27 21:14:56","journal-article","10.1109/access.2025.3639281","2169-3536",,13,,204355,204371,0,0.00,0,1,1,"","http://xplorestaging.ieee.org/ielx8/6287639/10820123/11272101.pdf?arnumber=11272101",""
8,"Shivayogi Akki, Tan Chen","Benchmarking Model Predictive Control and Reinforcement Learning-Based Control for Legged Robot Locomotion in MuJoCo Simulation",2025,"IEEE Access","Institute of Electrical and Electronics Engineers (IEEE)","https://doi.org/10.1109/access.2025.3582523","",355,"2026-05-27 21:14:56","journal-article","10.1109/access.2025.3582523","2169-3536",,13,,108732,108742,8,8.00,4,2,1,"","https://ieeexplore.ieee.org/ielam/6287639/10820123/11048516-aam.pdf",""
4,"Huangqing Xiao, Kai Gong, Huichen Gan","Adaptive LVRT Control Strategy for VSC Based on Hybrid Synchronization Control",2025,"IEEE Access","Institute of Electrical and Electronics Engineers (IEEE)","https://doi.org/10.1109/access.2025.3570112","",358,"2026-05-27 21:14:56","journal-article","10.1109/access.2025.3570112","2169-3536",,13,,88972,88983,4,4.00,1,3,1,"","http://xplorestaging.ieee.org/ielx8/6287639/10820123/11003979.pdf?arnumber=11003979",""
0,"Richa Verma, Ravindara Bhatt","Hybrid DCN-transformer framework with role-based access control (RBAC) policy for threats classification in cloud",2025,"International Journal of Information Technology","Springer Science and Business Media LLC","https://doi.org/10.1007/s41870-025-02743-2","",361,"2026-05-27 21:14:56","journal-article","10.1007/s41870-025-02743-2","2511-2104",,18,1,507,514,0,0.00,0,2,1,"","https://link.springer.com/content/pdf/10.1007/s41870-025-02743-2.pdf",""
6,"Divyansh Bhandari, Arnav Agarwal, R. Reena Roy, Rajaram Priyatharshini, Rodriguez Rivero Cristian","A Web-Based Interface That Leverages Machine Learning to Assess an Individual’s Vulnerability to Brain Stroke",2025,"IEEE Access","Institute of Electrical and Electronics Engineers (IEEE)","https://doi.org/10.1109/access.2025.3566093","",371,"2026-05-27 21:14:56","journal-article","10.1109/access.2025.3566093","2169-3536",,13,,87950,87964,6,6.00,1,5,1,"","http://xplorestaging.ieee.org/ielx8/6287639/10820123/10981714.pdf?arnumber=10981714",""
0,"Mateus Yonathan","Access-Controlled Semantic Search: Implementing Role-Based Filtering in Vector Databases for Enterprise Document Management",2025,"","Elsevier BV","https://doi.org/10.2139/ssrn.5360983","",376,"2026-05-27 21:14:56","posted-content","10.2139/ssrn.5360983","",,,,,,0,0.00,0,1,1,"","",""
0,"Bello A. Buhari, Afolayan A. Obiniyi, Sahalu B. Junaidu, Armand F. Donfack Kana","Web-based User Authentication and Access Control: An Enhanced Multi-Factor Biometric Cryptographic Scheme Based on Client File and S13 Quantum Key Distribution Protocol",2025,"Journal of High-Frequency Communication Technologies","Blue Martin Press","https://doi.org/10.58399/veha6215","",379,"2026-05-27 21:14:56","journal-article","10.58399/veha6215","2836-9009",,3,2,315,338,0,0.00,0,4,1,"Several remote user authentication schemes have been proposed using external memory and smart cards. Smart card-based schemes have user mobility and deployment problems, and those based on external memory have a tamper resistance problem. Although Cherbal and Benchetioui’s scheme solved remote authentication problems using Elliptical Curve Cryptography and 2-Factor authentication, they still have not addressed key distribution, perfect forward secrecy, and session hijacking issues. This research proposes an enhanced multi-factor authentication and access control scheme based on the S13 quantum key distribution protocol, using a client file in an external memory. The proposed scheme combines the powers of an enhanced quantum key distribution, a lightweight tamper-resistance client file, and biometrics to overcome these limitations. The security of the proposed scheme was verified, validated, and evaluated against the reviewed scheme using various tools. The AVISPA simulation results showed that the proposed scheme is validated, secure against session hijacking, has a secure key distribution policy, and ensures perfect forward secrecy. The security functionalities analysis shows that the proposed scheme has the highest security index of 13 and is the only scheme that used the tamper-resistance client file in an external memory for the first time. The performance evaluation results showed that the proposed scheme is more efficient than the reviewed scheme with a computation cost of 0.83125s and 0.25902s and a percentage improvement of 48.48% and 73.98% for the respective user and server and a more efficient communication costs of 2112 bits than the reviewed scheme with a percentage improvement of 16.46%.","https://bluemartinpress.com/ojs/index.php/jhct/article/download/78/52",""
0,"Ranggana Yanuar Syafriansah Ramadani, Sumarno Sumarno","Implementation of Web-Based Raw Material Control at Momentum Kopi Cafe",2025,"","Universitas Muhammadiyah Sidoarjo","https://doi.org/10.21070/ups.8158","",382,"2026-05-27 21:14:56","posted-content","10.21070/ups.8158","",,,,,,0,0.00,0,2,1,"","",""
0,"Ke Bai","Multi-Armed Bandit Based Traffic Signal Control for Congestion Management",2025,"ITM Web of Conferences","EDP Sciences","https://doi.org/10.1051/itmconf/20257803026","",387,"2026-05-27 21:14:56","journal-article","10.1051/itmconf/20257803026","2271-2097",,78,,3026,3026,0,0.00,0,1,1,"Against the background of rapid urbanization and continuous growth of vehicle numbers, traffic congestion has become increasingly prominent, causing serious negative impacts on urban life and economic development. Traditional traffic signal control methods struggle to adapt to dynamic and complex traffic flows. Although reinforcement learning has brought new opportunities to this field, it faces challenges such as high computational costs, large data requirements, and slow convergence rates. This paper focuses on the Multi-Armed Bandit (MAB) model algorithm, using the Simulation of Urban Mobility (SUMO) traffic simulation software to build a lane model highly similar to reality. Different signal timing plans are set up as ""arms"" in the MAB model, with vehicle waiting time as ""reward"". The performance of algorithms such as Explore Then Commit (ETC), Upper Confidence Bound (UCB), Asymptotically Optimal Upper Confidence Bound (asUCB), and Thompson Sampling (TS) in intelligent traffic signal control scenarios is compared. The study finds that the TS algorithm performs best in reducing cumulative regret and vehicle waiting time, providing an effective reference for optimizing actual traffic signal control strategies. The characteristics of other algorithms also provide directions for subsequent algorithm improvements, contributing to the development of intelligent traffic signal control technology.","https://www.itm-conferences.org/10.1051/itmconf/20257803026/pdf",""
0,"Amanual Tesfaye Takele, Dereje Shiferaw Negash","sEMG-Based Control of Prosthesis Hand Using LSTM Classification and SMC",2025,"IEEE Access","Institute of Electrical and Electronics Engineers (IEEE)","https://doi.org/10.1109/access.2025.3589294","",396,"2026-05-27 21:14:56","journal-article","10.1109/access.2025.3589294","2169-3536",,13,,127068,127085,0,0.00,0,2,1,"","http://xplorestaging.ieee.org/ielx8/6287639/10820123/11080442.pdf?arnumber=11080442",""
1,"Ming Hou, Limeng Jia, Zhengqin Wang","Adaptive Parameter Approaching Law-Based Sliding Mode Control for Wheeled Robots",2025,"IEEE Access","Institute of Electrical and Electronics Engineers (IEEE)","https://doi.org/10.1109/access.2024.3474301","",397,"2026-05-27 21:14:56","journal-article","10.1109/access.2024.3474301","2169-3536",,13,,14881,14890,1,1.00,0,3,1,"","http://xplorestaging.ieee.org/ielx8/6287639/10820123/10705293.pdf?arnumber=10705293",""
2,"Ngoc Ha An, Xuan Thang Trinh, Van Nam Giap","Securing Bidirectional Wireless Control of DC Motors Against MQTT-Based Cyber Attacks Using Chaos-Based Encryption",2025,"IEEE Access","Institute of Electrical and Electronics Engineers (IEEE)","https://doi.org/10.1109/access.2025.3619506","",403,"2026-05-27 21:14:56","journal-article","10.1109/access.2025.3619506","2169-3536",,13,,177492,177508,2,2.00,1,3,1,"","http://xplorestaging.ieee.org/ielx8/6287639/10820123/11197467.pdf?arnumber=11197467",""
2,"Xiaoping Huang, Yaqiong Zhang, Wenzhe Huang","Vibration Analysis and Optimal Control of Hydraulic Turbine Based on Sliding Mode Control Strategy",2025,"IEEE Access","Institute of Electrical and Electronics Engineers (IEEE)","https://doi.org/10.1109/access.2025.3526182","",408,"2026-05-27 21:14:56","journal-article","10.1109/access.2025.3526182","2169-3536",,13,,9615,9626,2,2.00,1,3,1,"","http://xplorestaging.ieee.org/ielx8/6287639/10820123/10829572.pdf?arnumber=10829572",""
1,"Sharmin Sultana, Akib Rahman","A Multi-Layered Defense Framework Against Adversarial Attacks on ML-based Web Application Firewalls",2025,"Open Access Research Journal of Science and Technology","Open Access Research Journals Publication","https://doi.org/10.53022/oarjst.2025.15.2.0137","",410,"2026-05-27 21:14:56","journal-article","10.53022/oarjst.2025.15.2.0137","2782-9960",,15,2,63,78,1,1.00,1,2,1,"Machine learning-based Web Application Firewalls (WAFs) have emerged as powerful alternatives to traditional signature-based systems, achieving superior detection accuracy through automated learning from traffic patterns. However, recent research demonstrates that these ML-based WAFs are vulnerable to adversarial attacks, where attackers craft malicious payloads that evade detection through carefully designed perturbations. This paper presents a comprehensive three-layer defense framework that addresses adversarial threats across the entire machine learning lifecycle while maintaining production-grade performance. Our framework integrates detection mechanisms for identifying adversarial inputs, prevention strategies including adversarial training and certified defenses, and adaptive response capabilities through online learning. We evaluate the framework extensively across five benchmark datasets (CSIC 2010, HTTPParams, CSE-CIC-IDS2018, SQLiV5, XSS-Dataset) against ten adversarial attack methods spanning gradient-based attacks (FGSM, PGD, C&W), mutation-based attacks (WAF-A-MoLE), and transfer attacks. Results demonstrate that our framework achieves 87.2% average robust accuracy across diverse attacks, outperforming single-defense baselines by 15-20%, while certified defenses provide formal robustness guarantees for 78.5% of samples at perturbation radius ε = 0.1. The risk-adaptive activation strategy maintains 28.7ms average latency and 2,847 requests/second throughput, meeting real-time requirements for production deployment. Ablation studies confirm that each framework component contributes meaningfully to overall robustness, with ensemble methods providing the largest individual improvement. This work advances the state-of-the-art in adversarial robust web application security by demonstrating that strong security and acceptable performance can coexist through careful architectural design, providing both theoretical foundations through certified defenses and practical effectiveness through empirical validation.","http://oarjst.com/node/781",""
0,"Yunqing Qu","Control Method of Microgrid Grid Connected Inverter Based on Quantum GA-PID",2025,"EAI Endorsed Transactions on Energy Web","European Alliance for Innovation n.o.","https://doi.org/10.4108/ew.7199","",412,"2026-05-27 21:14:56","journal-article","10.4108/ew.7199","2032-944X",,12,,,,0,0.00,0,1,1,"The current trend is towards ever-increasingly rigorous control performance requirements for grid-connected inverters. Therefore, a proportional integral derivative control method of the quantum genetic algorithm and particle swarm optimization has been proposed, which can achieve stable and efficient operation of microgrids.The total harmonic distortion of the improved controller was 1.03%, which was 1.98% lower than the traditional method and far below the national standard of 5%; The prediction accuracy wad on average 82%, 51%, and 54% higher than the other three classic algorithms; After the improvement of sag, the smoothness of microgrid switching had been increased, avoiding severe shaking. The convergence time was 68.3%, 54.5%, and 35.5% shorter, and the average convergence algebra was improved by 60.1%, 67.2%, and 87.3%, respectively; The control step response only approached 1.5 after 0.4 seconds, which was 75% longer than the improved time, and the overshoot was 0. Accordingly, the proposed method is able to utilizefor the regulation of actual microgrid grid-connected inverters, achieving effective voltage control in dynamic and complex environments.","https://publications.eai.eu/index.php/ew/article/download/7199/3623",""
2,"Dharshan J Y, Arjun R Amarnath, Pothamsetti Sai Srujan Reddy, Shinu M Rajagopal, Mrudula Prashanth","Blockchain-Enabled Supply Chain Management with Role-Based Access Control and AES Encryption",2025,"2025 International Conference on Computing for Sustainability and Intelligent Future (COMP-SIF)","IEEE","https://doi.org/10.1109/comp-sif65618.2025.10969871","",426,"2026-05-27 21:14:56","proceedings-article","10.1109/comp-sif65618.2025.10969871","",,,,1,4,2,2.00,0,5,1,"","http://xplorestaging.ieee.org/ielx8/10969853/10969854/10969871.pdf?arnumber=10969871",""
0,"Anima Sharma, Mainaz Faridi","Securing the Cloud: A Comprehensive Review of Role-Based Access Control and Third-Party Auditing Mechanism",2025,"Smart Innovation, Systems and Technologies","Springer Nature Singapore","https://doi.org/10.1007/978-981-96-2182-8_24","",444,"2026-05-27 21:14:56","book-chapter","10.1007/978-981-96-2182-8_24","2190-3018",,,,321,330,0,0.00,0,2,1,"","https://link.springer.com/content/pdf/10.1007/978-981-96-2182-8_24",""
0,"Omessead Benmbarak, Anis Naanaa, Sadok Elasmi","New Attribute-Based Access Control (ABAC) Based on Skew Tent Map for Secure Decision",2025,"","Springer Science and Business Media LLC","https://doi.org/10.21203/rs.3.rs-6558908/v1","",446,"2026-05-27 21:14:56","posted-content","10.21203/rs.3.rs-6558908/v1","",,,,,,0,0.00,0,3,1,"<title>Abstract</title> <p>Massive migration and accelerated cloud computing adoption have exacerbated data protection concerns. Most data hosted on the cloud are sensitive, and unauthorized disclosure can lead to identity theft and privacy violations. Traditional access control systems struggle to meet these challenges in the cloud environment, leaving data vulnerable to unauthorized access. Attribute-based access Control (ABAC) models, particularly those defined by NIST, offer enhanced flexibility in access management. However, their implementation often has shortcomings, such as a lack of effective real-time encryption mechanisms and dynamic policies , making them vulnerable to advanced threats. Attribute-based encryption, specifically Ciphertext-Policy Attribute-Based Encryption (CP-ABE), emerges as a promising solution to ensure precise access control and secure data sharing. Nevertheless, CP-ABE must be protected against attacks such as user collusion and attempts at concealment. Furthermore, in the dynamic context of a cloud environment where users are regularly added or removed, it is crucial to ensure the revocation of access rights when users leave the system, preventing them from accessing cloud resources with previously assigned attributes and secret keys. This article presents Chaos-ABAC, a new framework based on a chaotic system that enhances the security and reliability of ABAC models. By integrating dynamic policy authorization and real-time encryption of attribute credentials , Chaos-ABAC ensures existential unforgeability against attacks involving attributes and nonce. A comprehensive security analysis demonstrates that Chaos-ABAC effectively mitigates selective attribute plaintext attacks and preserves user confidentiality. The experimental results further validate its reliability, ease of implementation, and superior performance compared to existing schemes.</p>","https://www.researchsquare.com/article/rs-6558908/v1",""
0,"Arnon Rosenthal, Edward Sciore","Content-Based and View-Based Access Control",2025,"Encyclopedia of Cryptography, Security and Privacy","Springer Nature Switzerland","https://doi.org/10.1007/978-3-030-71522-9_695","",449,"2026-05-27 21:14:56","book-chapter","10.1007/978-3-030-71522-9_695","",,,,425,429,0,0.00,0,2,1,"","https://link.springer.com/content/pdf/10.1007/978-3-030-71522-9_695",""
0,"Mateus Yonathan","Access-Controlled Semantic Search: Implementing Role-Based Filtering in Vector Databases for Enterprise Document Management",2025,"","Springer Science and Business Media LLC","https://doi.org/10.21203/rs.3.rs-7338381/v1","",450,"2026-05-27 21:14:56","posted-content","10.21203/rs.3.rs-7338381/v1","",,,,,,0,0.00,0,1,1,"<title>Abstract</title> <p>Vector databases used for semantic search in enterprise environments lack integrated access control mechanisms, creating security gaps when deploying retrieval-augmented generation (RAG) systems. This paper presents a technical approach for implementing role-based access control by embedding access metadata directly in vector database payloads. We formalize access-controlled vector operations and demonstrate their conceptual implementation using Qdrant’s payload filtering capabilities with .NET 9. Our approach enables atomic operations where access control decisions and semantic similarity rankings occur within the same database transaction. The conceptual framework demonstrates feasibility of fine-grained access control for semantic search without requiring separate security systems or application-layer filtering. We position this as an engineering contribution that applies existing database filtering capabilities to enterprise document management rather than a fundamental algorithmic innovation.</p>","https://www.researchsquare.com/article/rs-7338381/v1",""
2,"Mohammad Mominur Rahman, Sameha AlShakhsi, Areej Babiker, Raian Ali, Ala Yankouskaya","On the role of personality in attitudes toward AI: Do AI’s freedom of choice and social proof matter?",2025,"World Wide Web","Springer Science and Business Media LLC","https://doi.org/10.1007/s11280-025-01372-w","",451,"2026-05-27 21:14:56","journal-article","10.1007/s11280-025-01372-w","1386-145X",,28,6,,,2,2.00,0,5,1,"Abstract: Personal factors have been examined in recent literature for their impact on attitudes toward AI, often treating AI as a single, uniform concept and using samples from one cultural group. To address this, we differentiate between two modalities of AI operation: freedom of choice, referring to users’ ability or inability to choose alternatives to AI, and social proof, reflecting whether AI has been widely used and accepted by others. We also include samples from two distinct populations, Arab and UK. This study investigates the influence of the Big Five personality traits, Need for Cognition (NFC), and Locus of Control (LOC) on attitudes toward AI across four combinations of these modalities. A total of 639 participants (316 UK, 323 Arab) completed a survey containing scenarios, validated scales and bespoke, face-validated questions. Using hierarchical multivariate multiple regression (MMR), we analyzed how these personal factors predict two key dimensions of AI attitudes: acceptance (perceived personal and social benefits) and fear (ethical concerns and risks). Agreeableness consistently predicted more favorable attitudes across both cultures, while neuroticism was linked to greater fear. Internal LOC and higher NFC were associated with greater acceptance, highlighting the role of perceived control and cognitive engagement. Cultural differences emerged, with conscientiousness being more influential in the Arab sample and openness in the UK. Overall, personality traits had a weaker impact than expected, aligning with previous research treating AI as a single concept. The modality of operation showed limited effect. This study adds to AI acceptance literature by emphasizing psychological and cultural variability in public attitudes.","https://link.springer.com/content/pdf/10.1007/s11280-025-01372-w.pdf",""
1,"Svetlana Kornienko, Maksim Protasov","Implementation of the Role-Based Access Control Model (Mutually Exclusive Roles Model) at Higher Education Institution",2025,"Intellectual Technologies on Transport","Petersburg State Transport University","https://doi.org/10.20295/2413-2527-2025-444-5-16","",452,"2026-05-27 21:14:56","journal-article","10.20295/2413-2527-2025-444-5-16","2413-2527",,,4,5,16,1,1.00,1,2,1,"The practical implementation of the role-based access control model (RBAC) in contemporary information systems, particularly those within higher education institutions, has increasingly become a critical security concern. To enhance the security of an information system utilizing the RBAC model, it is essential to impose further restrictions on role usage. This approach will enable the limitation of the number of roles within the system’s architecture by introducing constraints on user privileges during their session. Purpose: to modify the role-based access control model by introducing role exclusion constraints to enhance the security of information systems within higher education institutions. Methods: both static and dynamic mutual exclusion methods for managing roles, along with static and dynamic quantitative limitations on role possession and access privileges. Results: a role-based access control model featuring mutually exclusive roles has been created, and a software implementation of a test model has been successfully carried out. Practical significance: this research is expected to enhance security standards in the deployment of role-based access control models within information systems that feature intricate role architecture.","",""
3,"Ghada Afifi, Yasser Gadallah","Autonomous Real-Time Smoothness Control for Reliable DDQN-Based UAV Navigation Using Cellular Networks",2025,"IEEE Access","Institute of Electrical and Electronics Engineers (IEEE)","https://doi.org/10.1109/access.2025.3531931","",454,"2026-05-27 21:14:56","journal-article","10.1109/access.2025.3531931","2169-3536",,13,,22011,22028,3,3.00,2,2,1,"","http://xplorestaging.ieee.org/ielx8/6287639/10820123/10847807.pdf?arnumber=10847807",""
4,"Eashwar Sivakumar, Kiran Jot Singh, Paras Chawla, Geetha Ganesan","RBEDH: A Decentralized Role-Based Event Driven Hybrid Framework for Smart Contracts",2025,"IEEE Access","Institute of Electrical and Electronics Engineers (IEEE)","https://doi.org/10.1109/access.2025.3554630","",457,"2026-05-27 21:14:56","journal-article","10.1109/access.2025.3554630","2169-3536",,13,,74781,74798,4,4.00,1,4,1,"","http://xplorestaging.ieee.org/ielx8/6287639/10820123/10938587.pdf?arnumber=10938587",""
4,"Limei Yan, Chongyang Cheng","Voltage Control for Distribution Networks Based on Large Language Model-Assisted Deep Reinforcement Learning",2025,"IEEE Access","Institute of Electrical and Electronics Engineers (IEEE)","https://doi.org/10.1109/access.2025.3565280","",460,"2026-05-27 21:14:56","journal-article","10.1109/access.2025.3565280","2169-3536",,13,,76072,76084,4,4.00,2,2,1,"","http://xplorestaging.ieee.org/ielx8/6287639/10820123/10979848.pdf?arnumber=10979848",""
0,"Rex Igwe","Lattice-Based Post-Quantum Access Control with Fair Resource Allocation via Convex Optimization",2025,"","Springer Science and Business Media LLC","https://doi.org/10.21203/rs.3.rs-7635870/v1","",465,"2026-05-27 21:14:56","posted-content","10.21203/rs.3.rs-7635870/v1","",,,,,,0,0.00,0,1,1,"<title>Abstract</title> <p>We present a lattice-based framework for post-quantum access control that integrates fairness-aware resource allocation without compromising cryptographic security. Building on the hardness of Learning with Errors (LWE) and Ring-LWE problems, we introduce a generalized lattice function combined with convex optimization to balance computational efficiency and equitable distribution of cryptographic resources. Formal analysis establishes convergence guarantees for fairness-aware allocation in large-scale systems. Empirical validation across blockchain networks, cloud storage, and smart grid datasets demonstrates a 41.3% reduction in fairness loss and a 39.7% improvement in resource retention accuracy compared with baseline lattice protocols. These results highlight the scalability and robustness of the proposed scheme, providing a mathematically grounded extension of lattice-based cryptography for secure and fair post-quantum infrastructures.</p>","https://www.researchsquare.com/article/rs-7635870/v1",""
0,"M Sahyudi, Erliyan Redy Susanto","Analisis Implementasi Sistem Keamanan Basis Data Berbasis Role-Based Access Control (RBAC) pada Aplikasi Enterprise Resource Planning",2025,"SATESI: Jurnal Sains Teknologi dan Sistem Informasi","Yayasan Pendidikan Penelitian Pengabdian Algero","https://doi.org/10.54259/satesi.v5i1.3997","",466,"2026-05-27 21:14:56","journal-article","10.54259/satesi.v5i1.3997","2807-8152",,5,1,105,116,0,0.00,0,2,1,"Role-Based Access Control (RBAC) has become the main approach in improving data security in various information systems. This study analyzes the implementation of RBAC in the context of Enterprise Resource Planning (ERP) applications and cloud-based, mobile, and multi-domain systems. Using a systematic literature review (SLR) methodology, this study synthesizes findings from various studies to evaluate the effectiveness of RBAC in addressing challenges such as data privacy, regulatory compliance, and access policy complexity. The results show that the integration of intelligent technologies, such as machine learning (decision tree and random forest algorithms) for user behavior analysis, natural language processing for policy interpretation, and blockchain to record access activities with a security increase of up to 37%, can increase the flexibility and efficiency of RBAC, especially in detecting anomalies and managing dynamic policies. In addition, automation in RBAC deployments has been proven to reduce operational costs by 42% and management time by up to 65% compared to traditional manual approaches. However, RBAC implementation also faces significant challenges, including the need to adapt to complex regulations and the dynamics of a multi-domain environment. This research makes a theoretical contribution by expanding the understanding of the role of RBAC in modern data security management and offering practical recommendations for optimizing RBAC implementation. Thus, RBAC has proven to be a relevant and reliable model in answering data security needs in the digital era. ","https://journal.yp3a.org/index.php/satesi/article/download/3997/1367",""
0,"Gunjan Batra","Attribute-Based Access Control",2025,"Encyclopedia of Cryptography, Security and Privacy","Springer Nature Switzerland","https://doi.org/10.1007/978-3-030-71522-9_1539","",477,"2026-05-27 21:14:56","book-chapter","10.1007/978-3-030-71522-9_1539","",,,,131,133,0,0.00,0,1,1,"","https://link.springer.com/content/pdf/10.1007/978-3-030-71522-9_1539",""
0,"Kusnana Kusnana, Prayoga Gymnastiar, Beny Riswanto","Analisis Kerentanan Insecure Direct Object Reference (IDOR) dan Broken Access Control pada Aplikasi Invoice Berbasis Web",2025,"Digital Transformation Technology","Information Technology and Science (ITScience)","https://doi.org/10.47709/digitech.v5i2.6948","",480,"2026-05-27 21:14:56","journal-article","10.47709/digitech.v5i2.6948","2807-9000",,5,2,106,114,0,0.00,0,3,1,"Keamanan aplikasi web merupakan aspek krusial dalam melindungi data sensitif pengguna sekaligus menjaga kepercayaan terhadap layanan digital. Seiring meningkatnya pemanfaatan aplikasi berbasis web, risiko serangan siber juga semakin kompleks, terutama terkait kontrol akses dan kerahasiaan data. Penelitian ini bertujuan untuk mengidentifikasi serta menganalisis kerentanan keamanan pada aplikasi invoice berbasis web dengan alamat https://invoice.masdzikry.com. Metode penelitian menggunakan pendekatan eksperimen melalui penetration testing, dengan bantuan Burp Suite untuk melakukan manipulasi permintaan (request), analisis parameter, serta pengujian bypass otorisasi. Hasil pengujian mengungkapkan dua kerentanan utama yang bersifat kritis. Pertama, Insecure Direct Object Reference (IDOR), di mana pengguna biasa dapat mengakses faktur milik pengguna lain hanya dengan memodifikasi parameter id pada endpoint /invoices/{id}. Kedua, Broken Access Control yang disertai dengan Sensitive Data Exposure, ditemukan melalui penyisipan header X-Original-Url yang memungkinkan pengguna tanpa hak istimewa memperoleh akses tidak sah ke halaman administratif serta data sensitif administrator. Kedua temuan ini memiliki tingkat risiko tinggi menurut klasifikasi OWASP, karena berpotensi menyebabkan kebocoran data finansial, penyalahgunaan akses, hingga pengambilalihan akun. Berdasarkan temuan tersebut, penelitian ini merekomendasikan penerapan kontrol otorisasi berbasis peran (Role-Based Access Control), validasi parameter di sisi server, penonaktifan header manipulatif, serta penerapan logging, monitoring, dan audit keamanan secara berkala sesuai dengan standar OWASP Application Security Verification Standard (ASVS). Implementasi langkah-langkah mitigasi ini diharapkan dapat meningkatkan ketahanan aplikasi terhadap ancaman eksploitasi dan memperkuat kepercayaan pengguna terhadap sistem.","https://itscience.org/jurnal/index.php/digitech/article/download/6948/5063",""
0,"Norifumi Kamiya, Masahiro Kawai, Eisaku Sasaki","Phase-Shift Control for Enhancing Misalignment Tolerance in UCA-Based OAM-MIMO Systems",2025,"IEEE Access","Institute of Electrical and Electronics Engineers (IEEE)","https://doi.org/10.1109/access.2025.3565738","",487,"2026-05-27 21:14:56","journal-article","10.1109/access.2025.3565738","2169-3536",,13,,76654,76664,0,0.00,0,3,1,"","http://xplorestaging.ieee.org/ielx8/6287639/10820123/10980322.pdf?arnumber=10980322",""
1,"Archana K. Rajan, Masaki Bandai","Win CoAP: A Window-Based Congestion Control Approach for Burst Traffic in IoT Networks",2025,"IEEE Access","Institute of Electrical and Electronics Engineers (IEEE)","https://doi.org/10.1109/access.2025.3564901","",498,"2026-05-27 21:14:56","journal-article","10.1109/access.2025.3564901","2169-3536",,13,,77973,77989,1,1.00,1,2,1,"","http://xplorestaging.ieee.org/ielx8/6287639/10820123/10979252.pdf?arnumber=10979252",""
1,"Si Wei","The Role of EEG-Based Emotional Feedback in Enhancing the Effectiveness of Tai Chi Sports Programs for Oral Health Promotion",2025,"IEEE Access","Institute of Electrical and Electronics Engineers (IEEE)","https://doi.org/10.1109/access.2025.3561179","",506,"2026-05-27 21:14:56","journal-article","10.1109/access.2025.3561179","2169-3536",,13,,81063,81082,1,1.00,1,1,1,"","http://xplorestaging.ieee.org/ielx8/6287639/10820123/10965650.pdf?arnumber=10965650",""
5,"Tuba Salturk, Nihan Kahraman","The Role of Multiple Data Characteristics in EEG-Based Biometric Recognition: The Impact of States, Channels, and Frequencies",2025,"IEEE Access","Institute of Electrical and Electronics Engineers (IEEE)","https://doi.org/10.1109/access.2025.3541176","",508,"2026-05-27 21:14:56","journal-article","10.1109/access.2025.3541176","2169-3536",,13,,29994,30009,5,5.00,3,2,1,"","http://xplorestaging.ieee.org/ielx8/6287639/10820123/10883998.pdf?arnumber=10883998",""
0,"Le Dinh Nghiem, Hung Duy Nguyen, Trinh Tuan Hung, Tran Quang Duy, Bae Sang Hoon","Model Predictive Control-Based Optimal Speed Control for Connected and Autonomous Vehicles in Signalized Road Networks",2025,"IEEE Access","Institute of Electrical and Electronics Engineers (IEEE)","https://doi.org/10.1109/access.2025.3626814","",512,"2026-05-27 21:14:56","journal-article","10.1109/access.2025.3626814","2169-3536",,13,,187888,187903,0,0.00,0,5,1,"","http://xplorestaging.ieee.org/ielx8/6287639/10820123/11222575.pdf?arnumber=11222575",""
0,"Dr. Ravishankar H, Vishal Yogish Rao, Nishant Rawat, Sindhuja Chowdhary","Biometric Access Control: Facial Recognition &amp; QR Code Based Security System",2025,"International Journal of Research Publication and Reviews","Genesis Global Publication","https://doi.org/10.55248/gengpi.6.0225.0959","",517,"2026-05-27 21:14:56","journal-article","10.55248/gengpi.6.0225.0959","2582-7421",,6,2,3585,3591,0,0.00,0,4,1,"","",""
1,"Adam J. Lee","Credential-Based Access Control",2025,"Encyclopedia of Cryptography, Security and Privacy","Springer Nature Switzerland","https://doi.org/10.1007/978-3-030-71522-9_898","",525,"2026-05-27 21:14:56","book-chapter","10.1007/978-3-030-71522-9_898","",,,,463,465,1,1.00,1,1,1,"","https://link.springer.com/content/pdf/10.1007/978-3-030-71522-9_898",""
1,"S.Raghavan","Ontology-Driven Cross-Domain Access Control Framework for Anomaly Detection in Cloud-Based Healthcare System",2025,"","Springer Science and Business Media LLC","https://doi.org/10.21203/rs.3.rs-6128795/v1","",536,"2026-05-27 21:14:56","posted-content","10.21203/rs.3.rs-6128795/v1","",,,,,,1,1.00,1,1,1,"<title>Abstract</title> <p>To enhance anomaly detection in cloud-based healthcare systems, this study suggests a novel ontology-driven cross-domain access control architecture. The framework ensures data integrity and privacy by utilizing semantic technologies to offer safe, context-aware access across several healthcare domains. The system can dynamically detect anomalous access patterns and react to possible threats in real-time by incorporating machine learning-based anomaly detection techniques. Furthermore, dynamic policy enforcement guarantees that access controls are updated and modified regularly to address changing security threats. The capacity of the suggested framework to ensure adherence to crucial legal requirements like HIPAA and GDPR, promoting a safe and open access control environment, is one of its most notable aspects. In healthcare systems, where patient data is sensitive and needs to be shielded from unwanted access, this is essential. The framework can handle complicated, cross-domain healthcare data while guaranteeing interoperability across different systems thanks to the incorporation of semantic reasoning. The framework obtains a high resilience score of 94.1%, a low false-positive rate of 3.4%, and an anomaly detection rate of 93.7%, according to performance metrics. These outcomes show how well the framework can detect and reduce security risks while preserving high efficiency. The system is a powerful option for dynamic and constantly evolving cloud healthcare environments because of its scalability, adaptability, and ability to safely manage complicated healthcare data. An efficient, scalable, and legal method for protecting cloud-based healthcare systems against changing cybersecurity threats is offered by this study.</p>","https://www.researchsquare.com/article/rs-6128795/v1",""
0,"Danfeng Zhu, Qin Wang","Adaptive Dynamic Programming-Based Dynamic Surface Control for Nonlinear Systems With State Constraints and Unmodeled Dynamics",2025,"IEEE Access","Institute of Electrical and Electronics Engineers (IEEE)","https://doi.org/10.1109/access.2025.3647150","",539,"2026-05-27 21:14:56","journal-article","10.1109/access.2025.3647150","2169-3536",,13,,215474,215486,0,0.00,0,2,1,"","http://xplorestaging.ieee.org/ielx8/6287639/10820123/11311489.pdf?arnumber=11311489",""
7,"G. R. Prudhvi Kumar, Sattianadan Dasarathan","Metaheuristic-Tuned Droop Control for PV-Based DC Microgrid Optimization Under Dynamic Load Conditions",2025,"IEEE Access","Institute of Electrical and Electronics Engineers (IEEE)","https://doi.org/10.1109/access.2025.3592751","",543,"2026-05-27 21:14:56","journal-article","10.1109/access.2025.3592751","2169-3536",,13,,133293,133309,7,7.00,4,2,1,"","http://xplorestaging.ieee.org/ielx8/6287639/10820123/11096595.pdf?arnumber=11096595",""
2,"Girija Panneerselvam, Prakash Mani","Event-Triggered Control for Fuzzy-Based Networked Wind-Turbines-Integrated Power Systems With Distributed Communication Delays",2025,"IEEE Access","Institute of Electrical and Electronics Engineers (IEEE)","https://doi.org/10.1109/access.2025.3543720","",546,"2026-05-27 21:14:56","journal-article","10.1109/access.2025.3543720","2169-3536",,13,,35339,35354,2,2.00,1,2,1,"","http://xplorestaging.ieee.org/ielx8/6287639/10820123/10892109.pdf?arnumber=10892109",""
3,"Binqiao Zhang, Changlin He","Decentralized Voltage and Var Control of Active Distribution Network Based on Parameter-Sharing Deep Reinforcement Learning",2025,"IEEE Access","Institute of Electrical and Electronics Engineers (IEEE)","https://doi.org/10.1109/access.2025.3584129","",557,"2026-05-27 21:14:56","journal-article","10.1109/access.2025.3584129","2169-3536",,13,,115090,115101,3,3.00,2,2,1,"","http://xplorestaging.ieee.org/ielx8/6287639/10820123/11058929.pdf?arnumber=11058929",""
8,"N. Subramanian, Albert Alexander Stonier","An Extensive Investigation on Intelligent-Based Control Techniques for the Performance Improvement in Multilevel Inverters",2025,"IEEE Access","Institute of Electrical and Electronics Engineers (IEEE)","https://doi.org/10.1109/access.2025.3576380","",568,"2026-05-27 21:14:56","journal-article","10.1109/access.2025.3576380","2169-3536",,13,,103329,103357,8,8.00,4,2,1,"","http://xplorestaging.ieee.org/ielx8/6287639/10820123/11023578.pdf?arnumber=11023578",""
0,"Satyanarayana Asundi, Sarat Piridi","Enhancing Role-Based Access Control (RBAC) in Dataverse for Secure Enterprise Applications – Analyzing Advanced Security Models and Governance for Power Apps and Dynamics 365 CRM",2025,"Journal of Information Systems Engineering and Management","Science Research Society","https://doi.org/10.52783/jisem.v10i41s.9747","",570,"2026-05-27 21:14:56","journal-article","10.52783/jisem.v10i41s.9747","2468-4376",,10,41,1214,1224,0,0.00,0,1,1,"The purpose of this research is to enhance Role Based Access Control (RBAC) in Microsoft Dataverse to achieve secure deployment of enterprise application in Power Apps and Dynamics 365 CRM. The study shows this by integrating the integration of an advanced security model such as Authorizing Workflow Task RBAC (AW-TRBAC), AI driven threat detection and dynamic separation of duties to result in dramatic improvements in governance of access, anomaly detection and operational efficiency. The paper presents scalable solutions to the identified limitations of traditional RBAC using quantitative analysis and in the case of real-world enterprise. These results indicate that the RBAC models with enhanced capabilities help strengthen the compliance and data security of business and also allow for flexible and context aware access control to be used for helping the business grow.","https://jisem-journal.com/index.php/journal/article/download/9747/4502",""
0,"Srutipragyan Swain, Prasant Kumar Pattnaik, Bibhuti Bhusan Dash","A RSA Inspired Role-Based Access Control Mechanism for Privacy Preservation",2025,"Lecture Notes in Networks and Systems","Springer Nature Singapore","https://doi.org/10.1007/978-981-96-6515-0_47","",571,"2026-05-27 21:14:56","book-chapter","10.1007/978-981-96-6515-0_47","2367-3370",,,,651,661,0,0.00,0,3,1,"","https://link.springer.com/content/pdf/10.1007/978-981-96-6515-0_47",""
0,"Kang Wang, Limin Zheng, Zilu Wang","Synchronized Tracking Control Design for Autonomous Vehicle Formation Based on Multi-Source Error Fusion",2025,"IEEE Access","Institute of Electrical and Electronics Engineers (IEEE)","https://doi.org/10.1109/access.2025.3599507","",573,"2026-05-27 21:14:56","journal-article","10.1109/access.2025.3599507","2169-3536",,13,,151097,151110,0,0.00,0,3,1,"","http://xplorestaging.ieee.org/ielx8/6287639/10820123/11127103.pdf?arnumber=11127103",""
5,"Md. Belal Hossen, Md. Habibullah","Robust Model-Free Predictive Torque Control for Induction Motor Drive Based on an Ultralocal Model",2025,"IEEE Access","Institute of Electrical and Electronics Engineers (IEEE)","https://doi.org/10.1109/access.2025.3550924","",574,"2026-05-27 21:14:56","journal-article","10.1109/access.2025.3550924","2169-3536",,13,,47514,47524,5,5.00,3,2,1,"","http://xplorestaging.ieee.org/ielx8/6287639/10820123/10925210.pdf?arnumber=10925210",""
0,"Yuzhi Wang, Zhiqiang Wu, Guangyong Yu","Predictive Control of PMSM Based on a Fully Incremental Disturbance Model With Multiple Constraints",2025,"IEEE Access","Institute of Electrical and Electronics Engineers (IEEE)","https://doi.org/10.1109/access.2025.3635710","",581,"2026-05-27 21:14:56","journal-article","10.1109/access.2025.3635710","2169-3536",,13,,199036,199050,0,0.00,0,3,1,"","http://xplorestaging.ieee.org/ielx8/6287639/10820123/11263813.pdf?arnumber=11263813",""
0,"Hipatia Natasha Villacís Sarmiento","Aplicación de técnicas de geomarketing para la optimización del control de ventas mediante una solución web",2025,"REVISTA ODIGOS","Universidad Tecnologica Israel","https://doi.org/10.35290/ro.v6n3.2025.1646","",582,"2026-05-27 21:14:56","journal-article","10.35290/ro.v6n3.2025.1646","2697-3405",,6,3,45,65,0,0.00,0,1,1,"Geomarketing refers to a group of strategic tools that facilitate the analysis of the geographic location of potential customers and improve commercial decision-making. Its implementation in organizational contexts with direct sales structures is an opportunity to strengthen management processes and expand market presence. In this research, a web-based solution focused on regulating and improving the sales of technical training courses through the analysis of geospatial data was created. The research combined bibliographic and field approaches to diagnose the existing problems in commercial management, allowing the design of a system that incorporates techniques such as geotargeting, geofencing and location analysis. The results showed that the use of these tools improves operational efficiency, facilitates market segmentation and strengthens strategic marketing decisions. The proposal becomes a replicable model for organizations with similar training and technical guidance dynamics on a national scale.","https://revista.uisrael.edu.ec/index.php/ro/article/download/1646/1526",""
2,"Arun Kumar Akuthota","Role-Based Access Control (RBAC) in Modern Cloud Security Governance: An In-depth Analysis",2025,"International Journal of Scientific Research in Computer Science, Engineering and Information Technology","Technoscience Academy","https://doi.org/10.32628/cseit25112793","",583,"2026-05-27 21:14:56","journal-article","10.32628/cseit25112793","2456-3307",,11,2,3297,3311,2,2.00,2,1,1,"This article examines the evolving role of Role-Based Access Control (RBAC) in modern cloud security governance, with particular emphasis on its implementation within SAP Business Technology Platform environments. The article investigates how RBAC has transformed from a traditional access control mechanism into an AI-enhanced security framework capable of addressing contemporary cloud security challenges. Through examination of real-world implementations, the article demonstrates RBAC's effectiveness in reducing security incidents, streamlining administrative processes, and ensuring regulatory compliance. The article explores the integration of artificial intelligence and machine learning capabilities, which have significantly enhanced RBAC's ability to detect and prevent security threats while optimizing role management. Furthermore, the article evaluates the impact of RBAC on organizational efficiency, risk management, and scalability, providing insights into best practices for implementation and future trends in access control systems. Special attention is given to the convergence of RBAC with emerging technologies such as blockchain and zero trust architecture, offering a forward-looking perspective on the evolution of cloud security governance.","https://www.ijsrcseit.com/index.php/home/article/download/CSEIT25112793/CSEIT25112793",""
0,"Matteo Amadini, Massimiliano Milivinti, Giampiero Mastinu, Massimiliano Gobbi","ABS Based on Sliding-Mode Control and on Force and Moment Measurement",2025,"IEEE Access","Institute of Electrical and Electronics Engineers (IEEE)","https://doi.org/10.1109/access.2025.3560238","",585,"2026-05-27 21:14:56","journal-article","10.1109/access.2025.3560238","2169-3536",,13,,70581,70597,0,0.00,0,4,1,"","http://xplorestaging.ieee.org/ielx8/6287639/10820123/10963356.pdf?arnumber=10963356",""
0,"Yifan Zhang, Dazhi Pan, Yonghong Zhang, Lijian Xin","Three Phase Reactive Power and Voltage Control Method With High Proportion Photovoltaic Access to Distribution Network Based on Fuzzy Logic Theory",2025,"IEEE Access","Institute of Electrical and Electronics Engineers (IEEE)","https://doi.org/10.1109/access.2025.3547809","",588,"2026-05-27 21:14:56","journal-article","10.1109/access.2025.3547809","2169-3536",,,,1,1,0,0.00,0,4,1,"","http://xplorestaging.ieee.org/ielx8/6287639/6514899/10909530.pdf?arnumber=10909530",""
11,"Luis de-Marcos, Adrián Domínguez-Díaz","LLM-Based Topic Modeling for Dark Web Q&amp;A Forums: A Comparative Analysis With Traditional Methods",2025,"IEEE Access","Institute of Electrical and Electronics Engineers (IEEE)","https://doi.org/10.1109/access.2025.3560543","",589,"2026-05-27 21:14:56","journal-article","10.1109/access.2025.3560543","2169-3536",,13,,67159,67169,11,11.00,6,2,1,"","http://xplorestaging.ieee.org/ielx8/6287639/10820123/10964219.pdf?arnumber=10964219",""
1,"Tuan Anh Nguyen","Development of a Hybrid Control Algorithm Based on a Combination of Robust Nonlinear Techniques for Electric Power Steering",2025,"IEEE Access","Institute of Electrical and Electronics Engineers (IEEE)","https://doi.org/10.1109/access.2025.3603623","",605,"2026-05-27 21:14:56","journal-article","10.1109/access.2025.3603623","2169-3536",,13,,152452,152468,1,1.00,1,1,1,"","http://xplorestaging.ieee.org/ielx8/6287639/10820123/11143188.pdf?arnumber=11143188",""
0,"Daeun Kim, Sung Won Park, Jun Lee","CQELedu: Design and Implementation of a LangChain and GPT-4o Mini-Based Web Application for Custom Question Generation and Error-Based Learning in Education",2025,"IEEE Access","Institute of Electrical and Electronics Engineers (IEEE)","https://doi.org/10.1109/access.2025.3639087","",610,"2026-05-27 21:14:56","journal-article","10.1109/access.2025.3639087","2169-3536",,13,,208932,208947,0,0.00,0,3,1,"","http://xplorestaging.ieee.org/ielx8/6287639/10820123/11271659.pdf?arnumber=11271659",""
1,"Lawal G. Anand","Policy-Driven Access Control in Large-Scale IoT Networks: Integrating RBAC with Attribute-Based Models",2025,"","Elsevier BV","https://doi.org/10.2139/ssrn.5248797","",614,"2026-05-27 21:14:56","posted-content","10.2139/ssrn.5248797","",,,,,,1,1.00,1,1,1,"","",""
0,"Živa Ravnikar, Alfonso Bahillo, Barbara Goličnik Marušić","The Role of Nature-Based Solutions in Improving Temperature and Noise-Related Comfort in Compact Urban Areas",2025,"IEEE Access","Institute of Electrical and Electronics Engineers (IEEE)","https://doi.org/10.1109/access.2025.3616791","",615,"2026-05-27 21:14:56","journal-article","10.1109/access.2025.3616791","2169-3536",,13,,172520,172541,0,0.00,0,3,1,"","http://xplorestaging.ieee.org/ielx8/6287639/10820123/11187381.pdf?arnumber=11187381",""
0,"Noriko Hori, Jiaqi Li, Yosuke Osuka","Association between access to health information and frailty in older Japanese adults: a web-based survey (Preprint)",2025,"","JMIR Publications Inc.","https://doi.org/10.2196/preprints.83642","",619,"2026-05-27 21:14:56","posted-content","10.2196/preprints.83642","",,,,,,0,0.00,0,3,1,"<sec> <title>BACKGROUND</title> <p>Older adults often access traditional media, such as newspapers, magazines, television, and radio, for health information. However, frail older adults experience declines in physical functions and mental health, including depressive symptoms, and social functions due to reduced interaction with others, which may limit their access to these sources of information compared with non-frail older adults.</p> </sec> <sec> <title>OBJECTIVE</title> <p>This study aimed to identify the health information sources that are less accessible to frail older adults than non-frail individuals.</p> </sec> <sec> <title>METHODS</title> <p>A cross-sectional web-based survey was conducted among independent Japanese adults aged ≥75 years. We assessed frailty using the Questionnaire of Medical Checkup for Old-Old, with a score of ≥4 indicating frailty. Participants were asked whether they had accessed any health information source in the past year, including medical institutions, family members, friends or acquaintances, neighbors, government agencies, long-term care or welfare services, television, radio, the internet, magazines, newspapers, or books. The primary explanatory variable was frailty status. Covariates included age, sex, income, education, living arrangements, and health literacy, measured using the eHealth Literacy Scale.</p> </sec> <sec> <title>RESULTS</title> <p>In total, 1,032 participants (50.2% male; median age: 77 years) were analyzed. Multivariate logistic regression analysis revealed that frail participants had significantly less access to the following sources of information compared with non-frail individuals: family (odds ratio [OR] = 0.69; 95% confidence interval [CI]: 0.50–0.95), friends/acquaintances (OR = 0.70; 95% CI: 0.51–0.98), radio (OR = 0.50; 95% CI: 0.31–0.79), and newspapers (OR = 0.66; 95% CI: 0.50–0.88). Subgroup analyses based on sex revealed no significant interaction effects, indicating no heterogeneity in the findings.</p> </sec> <sec> <title>CONCLUSIONS</title> <p>Frail older adults are less likely to obtain health information from interpersonal and traditional media sources than non-frail individuals. Health information providers need to devise strategies for delivering accurate information and improving usability to enable frail older adults to proactively access diverse health information.</p> </sec>","",""
1,"Hanin Mizouri, Rihab Lamouchi, Messaoud Amairi","Functional Interval Observers-Based Active Fault Tolerant Control for Continuous-Time Linear Parameter-Varying Systems",2025,"IEEE Access","Institute of Electrical and Electronics Engineers (IEEE)","https://doi.org/10.1109/access.2025.3605821","",627,"2026-05-27 21:14:56","journal-article","10.1109/access.2025.3605821","2169-3536",,13,,156522,156534,1,1.00,0,3,1,"","http://xplorestaging.ieee.org/ielx8/6287639/10820123/11148484.pdf?arnumber=11148484",""
7,"M. Chethan, Ravi Kuppan","Optimizing Inertia Estimation in Virtual Synchronous Generators With MMC-Based Proportional Integral and Model Predictive Control Strategies",2025,"IEEE Access","Institute of Electrical and Electronics Engineers (IEEE)","https://doi.org/10.1109/access.2025.3547367","",628,"2026-05-27 21:14:56","journal-article","10.1109/access.2025.3547367","2169-3536",,13,,43424,43434,7,7.00,4,2,1,"","http://xplorestaging.ieee.org/ielx8/6287639/10820123/10909118.pdf?arnumber=10909118",""
0,"Habeeb Jaber Nekad, Diyah Kammel Shary, Oday Alahmad","Design and Control for Piezoelectric Energy Harvester Based on a Heuristic Optimization Algorithms",2025,"IEEE Access","Institute of Electrical and Electronics Engineers (IEEE)","https://doi.org/10.1109/access.2025.3582521","",629,"2026-05-27 21:14:56","journal-article","10.1109/access.2025.3582521","2169-3536",,13,,122445,122452,0,0.00,0,3,1,"","http://xplorestaging.ieee.org/ielx8/6287639/10820123/11048485.pdf?arnumber=11048485",""
0,"Nageswarappa N., V. Naga Bhaskar Reddy","Peak Power Control of PEMFC by DSO Guided by IC-Based Slope Derivative (dP/dI)",2025,"IEEE Access","Institute of Electrical and Electronics Engineers (IEEE)","https://doi.org/10.1109/access.2025.3632766","",630,"2026-05-27 21:14:56","journal-article","10.1109/access.2025.3632766","2169-3536",,13,,195579,195598,0,0.00,0,2,1,"","http://xplorestaging.ieee.org/ielx8/6287639/10820123/11244799.pdf?arnumber=11244799",""
8,"Jiankang Lu, Renrui Wang, Changdong Wan","Intelligent Vehicle Path Tracking and Stability Control Method Based on Extension Coordinated Control of AFS and DYC",2025,"IEEE Access","Institute of Electrical and Electronics Engineers (IEEE)","https://doi.org/10.1109/access.2025.3527207","",634,"2026-05-27 21:14:56","journal-article","10.1109/access.2025.3527207","2169-3536",,13,,7353,7365,8,8.00,3,3,1,"","http://xplorestaging.ieee.org/ielx8/6287639/10820123/10833632.pdf?arnumber=10833632",""
1,"Tsai-Fu Wu, Yun-Hsiang Chang, Chien-Chih Hung","Power Regulation Based on Three-Phase Balanced Currents With Direct Digital Control",2025,"IEEE Access","Institute of Electrical and Electronics Engineers (IEEE)","https://doi.org/10.1109/access.2025.3539287","",635,"2026-05-27 21:14:56","journal-article","10.1109/access.2025.3539287","2169-3536",,13,,115845,115859,1,1.00,0,3,1,"","http://xplorestaging.ieee.org/ielx8/6287639/10820123/10876112.pdf?arnumber=10876112",""
2,"Xiaolong Wang, Zhen Wang, Zunmin Li, Yanliang Bi","Distributed Fixed-Time Nonsingular Terminal Sliding Mode Time-Varying Formation Control of ASVs Based on Hierarchical Control Mechanism",2025,"IEEE Access","Institute of Electrical and Electronics Engineers (IEEE)","https://doi.org/10.1109/access.2025.3561925","",641,"2026-05-27 21:14:56","journal-article","10.1109/access.2025.3561925","2169-3536",,13,,68920,68929,2,2.00,1,4,1,"","http://xplorestaging.ieee.org/ielx8/6287639/10820123/10967474.pdf?arnumber=10967474",""
0,"","ENHANCING BLOCKCHAIN-BASED ACCESS CONTROL USING PROBABILISTIC FILTERS",2025,"ТРУДЫ ИНСТИТУТА СИСТЕМНОГО АНАЛИЗА РОССИЙСКОЙ АКАДЕМИИ НАУК","Federal Research Center &quot;Computer Science and Control&quot; of the Russian Academy of Sciences","https://doi.org/10.14357/20790279250107","",642,"2026-05-27 21:14:56","journal-article","10.14357/20790279250107","2079-0279",,,,,,0,0.00,0,0,1,"","",""
0,"Chandra Prakash Singh, Rohita Yamagati, Lokendra Singh Umrao","Lightweight Blockchain-Based Access Control for Smart IoT Devices",2025,"","Springer Science and Business Media LLC","https://doi.org/10.21203/rs.3.rs-6332530/v1","",646,"2026-05-27 21:14:56","posted-content","10.21203/rs.3.rs-6332530/v1","",,,,,,0,0.00,0,3,1,"<title>Abstract</title> <p>Due to the rapid expansion of smart cities, security threats have peaked in the form of cyber security threats especially in the case of IoT based access control system. In general, centralized access control mechanisms are the SOFT SPOTS for breaches of personal data and unauthorized access. This paper presents SecureBlock, a lightweight blockchain based framework to address the above challenges for decentralized and cyber resilient access control in the smart cities. SecureBlock employs hybrid consensus (PBFT + PoA) in order to provide tamper resistant, low latency and scalable authentication for intelligent IoT devices. The key functionality of the framework encompasses four layers: including (1) the IoT Security Layer for the real-time access authentication, (2) the Blockchain Layer for the distributed access logs, (3) the Threat Intelligence Layer for the AI based robust anomaly monitoring and (4) the Smart Contract Layer that deploys Cyber Resilient Smart Contract (CRSC) for the autonomous response to threats. Contrary to the typical Role Based Access Control (RBAC), or centralized OAuth, the SecureBlock authentication is real time, immutable, trustless — and consequently, extremely low risk of spoofing identity and intrusions.Hyperledger Fabric is used for the deployment of the blockchain and Flask &amp; SQLite is used for IoT authentication with Python. The metrics such as authentication latency, transaction throughput (TPS) and energy consumption are analyzed. The results show that SecureBlock can achieve to authenticate up to 50 percent faster than the traditional blockchain models and reduce to up to 30 percent energy consumption. In addition, AI based anomaly detection in CRSC allows for high levels of cyber security with an accuracy greater than 90%. Thus, this research illustrates the application of blockchain in the area of smart cities, as a secure, decentralized and scalable platform to access control and thus resulting in a more cyber resilient smart city. Future work will be to deploy SecureBlock in real world urban environment and integrate machine learning adaptive secure policies into the next generation IoT cyber security for smart cities.</p>","https://www.researchsquare.com/article/rs-6332530/v1",""
0,"Lathika Priyanka Sampath, Kushwanth Satya Sai Boggavarapu","IoT-based Smart Parking System for Industry 4.0 with QR code access and real-time navigation",2025,"EPJ Web of Conferences","EDP Sciences","https://doi.org/10.1051/epjconf/202533603003","",648,"2026-05-27 21:14:56","journal-article","10.1051/epjconf/202533603003","2100-014X",,336,,3003,3003,0,0.00,0,2,1,"This paper presents an Internet of Things (IoT)-based smart parking system that incorporates the features the concepts of Industry 4.0 through. The system employs sensors for vehicle occupancy detection, wireless communication for data transmission and cloud-based processing for parking management. QR codes make vehicle access safe and the mobile application provides the users real-time parking availability and routing to vacant parking slots. This approach improves system scalability, cuts down search time, and minimizes vehicle emissions by reducing congestion and demonstrates a strong digital automation framework for effective urban transportation in Smart City infrastructures.","https://www.epj-conferences.org/10.1051/epjconf/202533603003/pdf",""
0,"Fei Li","Power optimization and control strategy for new energy hybrid power generation system based on deep learning",2025,"EAI Endorsed Transactions on Energy Web","European Alliance for Innovation n.o.","https://doi.org/10.4108/ew.7115","",652,"2026-05-27 21:14:56","journal-article","10.4108/ew.7115","2032-944X",,12,,,,0,0.00,0,1,1,"The continuous shortage of non-renewable energy and the increasingly serious environmental pollution have made clean renewable energy represented by wind and solar energy become the focus of attention. This paper mainly studies the power optimization and control strategy of a new energy hybrid power generation system based on deep learning. This paper introduces the basic principle and structure of a new energy hybrid power generation system and the application of deep learning technology in power optimization and control strategy. In this paper, a power optimization method based on deep learning is proposed, which realizes real-time optimization of power generation system powers by training neural network models. A control strategy based on deep learning is designed to improve the stability and efficiency of the power generation system. The effectiveness of the proposed method in practical application is verified by experiments.","https://publications.eai.eu/index.php/ew/article/download/7115/3577",""
1,"Xiaoqing Guo, Huayi Wu, Zhen Qin, Ruonan Ying, Jilai Yang","An Efficient Fine-Grained Access Control Scheme Based on Policy Protection in SGs",2025,"IEEE Access","Institute of Electrical and Electronics Engineers (IEEE)","https://doi.org/10.1109/access.2025.3582937","",678,"2026-05-27 21:14:56","journal-article","10.1109/access.2025.3582937","2169-3536",,13,,111555,111566,1,1.00,0,5,1,"","http://xplorestaging.ieee.org/ielx8/6287639/10820123/11050391.pdf?arnumber=11050391",""
0,"Qingbiao Zheng, Yuanwen Cai, Peng Wang","Observer-Based Fuzzy Finite-Time Orbit Control for Spacecraft in the Circular Restricted Three-Body Problem",2025,"IEEE Access","Institute of Electrical and Electronics Engineers (IEEE)","https://doi.org/10.1109/access.2025.3647978","",680,"2026-05-27 21:14:56","journal-article","10.1109/access.2025.3647978","2169-3536",,13,,217011,217021,0,0.00,0,3,1,"","http://xplorestaging.ieee.org/ielx8/6287639/10820123/11314114.pdf?arnumber=11314114",""
0,"V. Subbulakshmi, Shilpa Chaudhari, Sameena Pathan","Federated Learning-Based Travel Time Prediction for Adaptive Congestion Control Using 5G-Assisted Roundabout Traffic Networks",2025,"IEEE Access","Institute of Electrical and Electronics Engineers (IEEE)","https://doi.org/10.1109/access.2025.3605987","",681,"2026-05-27 21:14:56","journal-article","10.1109/access.2025.3605987","2169-3536",,13,,156389,156406,0,0.00,0,3,1,"","http://xplorestaging.ieee.org/ielx8/6287639/10820123/11151262.pdf?arnumber=11151262",""
1,"Zhe Zheng, Qingyuan Tang, Shaobo Fan, Yang Zhou, Haoran Hu","Adaptive DSSS PN Code Tracking Loop Based on Fuzzy Logic Control Technology",2025,"IEEE Access","Institute of Electrical and Electronics Engineers (IEEE)","https://doi.org/10.1109/access.2025.3647716","",687,"2026-05-27 21:14:56","journal-article","10.1109/access.2025.3647716","2169-3536",,13,,216559,216566,1,1.00,0,5,1,"","http://xplorestaging.ieee.org/ielx8/6287639/10820123/11311993.pdf?arnumber=11311993",""
0,"Workineh Gebeye Abera, Thomas O. Olwal, Yihenew Wondie Marye","Deep reinforcement learning-based access class barring for mMTC access control in cellular networks",2025,"Array","Elsevier BV","https://doi.org/10.1016/j.array.2025.100533","",688,"2026-05-27 21:14:56","journal-article","10.1016/j.array.2025.100533","2590-0056",,28,,100533,100533,0,0.00,0,3,1,"","https://api.elsevier.com/content/article/PII:S2590005625001602",""
5,"Gokhan Gungor, Mitchell Rushton, Baris Fidan, William Melek","Extended Kalman Filter-Based State Estimation and Adaptive Control of Cable-Driven Parallel Robots",2025,"IEEE Access","Institute of Electrical and Electronics Engineers (IEEE)","https://doi.org/10.1109/access.2025.3553592","",694,"2026-05-27 21:14:56","journal-article","10.1109/access.2025.3553592","2169-3536",,13,,52284,52307,5,5.00,1,4,1,"","http://xplorestaging.ieee.org/ielx8/6287639/10820123/10937158.pdf?arnumber=10937158",""
2,"Kanagamalliga S, Rajalingam S, Kannan A, Karthikeyan M","Biometric and IoT Integration for Secure and Remote Door Access Control Using Fingerprint Recognition and GSM Technology",2025,"E3S Web of Conferences","EDP Sciences","https://doi.org/10.1051/e3sconf/202561903013","",695,"2026-05-27 21:14:56","journal-article","10.1051/e3sconf/202561903013","2267-1242",,619,,3013,3013,2,2.00,1,4,1,"The research focuses on improving the security and convenience of door access control systems through the integration of advanced fingerprint recognition technology with Arduino microcontrollers and the GSM module. The reliability and flexibility of Arduino, coupled with the GSM capabilities of SIM900, are utilized to create a robust and efficient solution. Fingerprints are captured and verified using a fingerprint sensor, ensuring precise and personalized access control. The Arduino board acts as the main controller, processing fingerprint data and enabling communication with the GSM module for remote operation. This innovative setup allows authorized users to remotely lock or unlock doors using their registered fingerprints. Key functionalities of the system include fingerprint enrollment, template matching, secure data transmission, and real-time status monitoring. During enrollment, fingerprints are registered and securely stored in the system’s database. Subsequent scans are matched against these stored templates to determine access. Secure and reliable communication is ensured through encrypted data transmission between the door lock system and users’ mobile devices, facilitated by the GSM module. By combining Arduino, fingerprint recognition, and GSM technology, the research provides an effective solution for enhancing door access control systems. The integration of biometric authentication with remote management features offers a secure and user-friendly method for access control, reducing the dependency on traditional keys or access cards. The research’s DIY and open-source approach encourages innovation and customization, promoting continuous improvement in access control technology within the maker community.","https://www.e3s-conferences.org/10.1051/e3sconf/202561903013/pdf",""
0,"Mohammad Abbasi, Alireza Yazdizadeh, Ali A. Afzalian","Neural Network-Based Resilient Control of a Wind Turbine Subject to False Data Injection Attack",2025,"IEEE Access","Institute of Electrical and Electronics Engineers (IEEE)","https://doi.org/10.1109/access.2025.3617786","",700,"2026-05-27 21:14:56","journal-article","10.1109/access.2025.3617786","2169-3536",,13,,193391,193402,0,0.00,0,3,1,"","http://xplorestaging.ieee.org/ielx8/6287639/10820123/11192520.pdf?arnumber=11192520",""
13,"Sonalika Mishra, Preeti Ranjan Sahu, Ramesh Chandra Prusty, Sidhartha Panda, Taha Selim Ustun, Ahmet Onen","Application of Enhanced Self-Adaptive Virtual Inertia Control for Efficient Frequency Control of Renewable Energy-Based Microgrid System Integrated With Electric Vehicles",2025,"IEEE Access","Institute of Electrical and Electronics Engineers (IEEE)","https://doi.org/10.1109/access.2025.3548649","",706,"2026-05-27 21:14:56","journal-article","10.1109/access.2025.3548649","2169-3536",,13,,43520,43531,13,13.00,2,6,1,"","http://xplorestaging.ieee.org/ielx8/6287639/10820123/10914575.pdf?arnumber=10914575",""
3,"Ahmad Akmal Aminuddin Mohd Kamal, Masamune Okada, Masaya Fujisawa","Privacy-Preserving Keyword Search With Access Control for Secret Sharing-Based Data Outsourcing",2025,"IEEE Access","Institute of Electrical and Electronics Engineers (IEEE)","https://doi.org/10.1109/access.2025.3562667","",707,"2026-05-27 21:14:56","journal-article","10.1109/access.2025.3562667","2169-3536",,13,,73625,73651,3,3.00,1,3,1,"","http://xplorestaging.ieee.org/ielx8/6287639/10820123/10971421.pdf?arnumber=10971421",""
0,"Ulayya Salmaa Khoirunnisaa, Aditya Akbar Riadi, Evanita Evanita","PENERAPAN METODE ROLE-BASED ACCESS CONTROL PADA APLIKASI CUTI ONLINE DI YAYASAN AL-ACHSANIYYAH UNTUK STAF BERBASIS WEBSITE",2025,"JIPI (Jurnal Ilmiah Penelitian dan Pembelajaran Informatika)","STKIP PGRI Tulungagung","https://doi.org/10.29100/jipi.v10i4.7084","",710,"2026-05-27 21:14:56","journal-article","10.29100/jipi.v10i4.7084","2540-8984",,10,4,4009,4022,0,0.00,0,3,1,"Penerapan teknologi dalam pengelolaan cuti staf merupakan langkah untuk meningkatkan keefektifan administrasi cuti di Yayasan Al-Achsaniyyah. Permasalahan yang dihadapi meliputi proses pengelolaan cuti yang masih manual, rentan terhadap kesalahan, kurangnya transparansi, dan kurang optimal dalam arsip cuti. Penelitian ini bertujuan untuk membuat aplikasi cuti online berbasis website yang menerapkan metode Role-Based Access Control (RBAC) untuk mengatur akses pengguna berdasarkan peran, seperti pimpinan, kepala bagian, dan staf. Pengembangan aplikasi ini meggunakan Framework Laravel 11 dan metode pengembangan sistem model Waterfall. Metode Role-Based Access Control (RBAC) diterapkan melalui middleware untuk memastikan pengelolaan akses yang terstruktur dan sesuai dengan peran masing-masing pengguna. Pengujian sistem dilakukan menggunakan beberaapa pengujian seperti Black Box testing, User Acceptance Testing (UAT), pengujian performa, dan pengujian kompatibilitas. Hasil penelitian ini menunjukkan solusi bahwa aplikasi cuti online di Yayasan Al-Achsaniyyah berbasis website dapat mempercepat proses pengelolaan cuti termasuk meningkatkan transparansi, dan mengurangi kesalahan dalam administrasi cuti. Metode Role-Based Access Control (RBAC) yang diterapkan berhasil memberikan pegaturan akses yang terstruktur. Serta, berdasarkan hasil pengujian User Acceptance Testing (UAT) yang menghasilkan rata-rata 87% dan System Usability Scale (SUS) menghasilkan rata-rata 80% yang menunjukkan bahwa apalikasi ini dapat membantu dan menjadi solusi yang baik untuk pengelolaan cuti di yayasan menjadi lebih efektif.","https://jurnal.stkippgritulungagung.ac.id/index.php/jipi/article/viewFile/7084/3228",""
4,"Imen Nouira El Badsi, Bassem El Badsi","SVM-Based Control of Solar PV-Fed B3 Inverter for Variable Speed Induction Motor Drives",2025,"IEEE Access","Institute of Electrical and Electronics Engineers (IEEE)","https://doi.org/10.1109/access.2025.3560693","",718,"2026-05-27 21:14:56","journal-article","10.1109/access.2025.3560693","2169-3536",,13,,69039,69050,4,4.00,2,2,1,"","http://xplorestaging.ieee.org/ielx8/6287639/10820123/10965612.pdf?arnumber=10965612",""
0,"Ravi Shankar Garapati","User-Centric Design of Web Dashboards for Live Data Visualization and Control",2025,"Artificial Intelligence-based systems, Cloud computing, Web interfaces, IoT/Connected devices, Smart automation, Real-time monitoring","Deep Science Publishing","https://doi.org/10.70593/978-93-7185-625-6_10","",728,"2026-05-27 21:14:56","book-chapter","10.70593/978-93-7185-625-6_10","",,,,,,0,0.00,0,1,1,"","",""
0,"Dr. Gilles Alonso,Marcos Barthe","IMPROVING SECURITY AND OPERATIONAL EFFICIENCY: FACIAL RECOGNITION-BASED ACCESS CONTROL AT AL-IMAN WORKSHOP",2025,"International journal of networks and security","European International Journal of Multidisciplinary Research and Management Studies","https://doi.org/10.55640/ijns-05-01-01","",732,"2026-05-27 21:14:56","journal-article","10.55640/ijns-05-01-01","2693-387X",,5,3,6,12,0,0.00,0,1,1,"This study explores the implementation of a facial recognition-based access control system for the Al-Iman Workshop to enhance security and efficiency in managing access. The use of biometric systems, particularly facial recognition, has become a popular solution for secure access in various sectors. This paper assesses the design and effectiveness of integrating facial recognition technology in an industrial workshop setting, addressing concerns such as accuracy, security, and user privacy. Data was collected from the system’s performance, including its ability to identify workers, control access, and reduce human error. Results indicate that the facial recognition system significantly improved security and streamlined the access process, with a marked decrease in unauthorized entries. The paper concludes with recommendations for further improvements and the potential broader application of biometric access control systems in similar settings.","",""
0,"Shweta Shirpurkar","A Data Mining–Based Multimodal Biometric Authentication System for Secure Access Control",2025,"Anusandhanvallari","Science Research Society","https://doi.org/10.52783/anuval.1461","",742,"2026-05-27 21:14:56","journal-article","10.52783/anuval.1461","2229-3388",,,,4425,4430,0,0.00,0,1,1,"The rising need to have safe and trustworthy access control systems has increased the rate at which biometric authentication systems are being adopted. Unimodal biometric systems are however usually plagued with limitations like noise, intra-class variations and spoofing attacks. In order to overcome these obstacles, this paper presents the suggested multimodal biometric authentication system based on data mining; the system combines fingerprint, face, and iris modalities through feature-level and score-level fusion. The evaluation of the system performance based on the conventional measures of biometrics was an experiment based on the following measures: accuracy of authentication, False Acceptance Rate (FAR), False Rejection Rate (FRR), system reliability, and acceptance of the system by its users. Results of the experiment indicate that the suggested multimodal system has a great accuracy of authentication of 98.2% with much lower FAR (0.9) and FRR (1.3) than unimodal systems. Moreover, the system is highly reliable (96.9%) and is well accepted by the users (95.4%), which proves its strength and practicability. The results indicate that the pattern of using a combination of several biometric characteristics plus data mining methods are effective in increasing the security, accuracy, and general system efficiency, which implies the framework of correlation to the actual secure access control systems.","https://psvmkendra.com/index.php/journal/article/download/1461/1246",""
1,"Xufeng Liu, Zupeng Zhou","State Estimation and Tracking Control of Saturation Sandwich Systems Based on Particle Swarm Optimization",2025,"IEEE Access","Institute of Electrical and Electronics Engineers (IEEE)","https://doi.org/10.1109/access.2025.3622112","",752,"2026-05-27 21:14:56","journal-article","10.1109/access.2025.3622112","2169-3536",,13,,182118,182133,1,1.00,1,2,1,"","http://xplorestaging.ieee.org/ielx8/6287639/10820123/11205492.pdf?arnumber=11205492",""
0,"D. Gomathi, S. Harshavarthini","Reinforcement Learning Based Fault-Alarmed Hybrid Control Design for Nonlinear Cyber-Physical Systems via Negative Determination Lemma",2025,"IEEE Access","Institute of Electrical and Electronics Engineers (IEEE)","https://doi.org/10.1109/access.2025.3610459","",760,"2026-05-27 21:14:56","journal-article","10.1109/access.2025.3610459","2169-3536",,13,,162519,162532,0,0.00,0,2,1,"","http://xplorestaging.ieee.org/ielx8/6287639/10820123/11165326.pdf?arnumber=11165326",""
7,"Mohsen Farbood, Zeinab Echreshavi, Saleh Mobayen, Paweł Skruch","Resilient Event-Triggered Observer-Based Control of Uncertain Nonlinear Fuzzy Systems Subject to Unknown Inputs",2025,"IEEE Access","Institute of Electrical and Electronics Engineers (IEEE)","https://doi.org/10.1109/access.2025.3605847","",764,"2026-05-27 21:14:56","journal-article","10.1109/access.2025.3605847","2169-3536",,13,,156359,156374,7,7.00,2,4,1,"","http://xplorestaging.ieee.org/ielx8/6287639/10820123/11149657.pdf?arnumber=11149657",""
0,"Haoqi Hao, Minhua Ren","Design of a 100G Ethernet Media Access Control Controller Based on Direct Memory Access",2025,"2025 7th International Conference on Information Science, Electrical and Automation Engineering (ISEAE)","IEEE","https://doi.org/10.1109/iseae64934.2025.11041779","",772,"2026-05-27 21:14:56","proceedings-article","10.1109/iseae64934.2025.11041779","",,,,453,457,0,0.00,0,2,1,"","http://xplorestaging.ieee.org/ielx8/11040155/11041694/11041779.pdf?arnumber=11041779",""
3,"Jun Zhang, Sheik M. Mohiuddin, Junjian Qi","Virtual Agents-Based Attack-Resilient Distributed Control for Islanded AC Microgrid",2025,"IEEE Access","Institute of Electrical and Electronics Engineers (IEEE)","https://doi.org/10.1109/access.2025.3532172","",777,"2026-05-27 21:14:56","journal-article","10.1109/access.2025.3532172","2169-3536",,13,,15825,15839,3,3.00,1,3,1,"","https://ieeexplore.ieee.org/ielam/6287639/10820123/10847855-aam.pdf",""
0,"Priyanka S. Yengantwar, Ujwal A. Lanjewar","Authentication and Access Control in Fog-IoT Enabled Framework based on Blockchain Technology: A Survey",2025,"2025 6th International Conference on IoT Based Control Networks and Intelligent Systems (ICICNIS)","IEEE","https://doi.org/10.1109/icicnis66685.2025.11315832","",781,"2026-05-27 21:14:56","proceedings-article","10.1109/icicnis66685.2025.11315832","",,,,228,232,0,0.00,0,2,1,"","http://xplorestaging.ieee.org/ielx8/11315170/11315492/11315832.pdf?arnumber=11315832",""
0,"Yusaku Shiomitsu, Eiji Okamoto, Manabu Mikami, Hitoshi Yoshino","Performance Improvement of Time-Division Duplex-Based 5G URLLC by Early Retransmission Control of HARQ",2025,"IEEE Access","Institute of Electrical and Electronics Engineers (IEEE)","https://doi.org/10.1109/access.2025.3644915","",782,"2026-05-27 21:14:56","journal-article","10.1109/access.2025.3644915","2169-3536",,13,,216523,216533,0,0.00,0,4,1,"","http://xplorestaging.ieee.org/ielx8/6287639/10820123/11301691.pdf?arnumber=11301691",""
1,"Weifeng Liu, Yulong Tao, Xiaoli Meng","The Voltage Control Strategy for Doubly Salient Electromagnetic Generator With Active Rectifier Based on Optimal Current Distribution",2025,"IEEE Access","Institute of Electrical and Electronics Engineers (IEEE)","https://doi.org/10.1109/access.2025.3561782","",785,"2026-05-27 21:14:56","journal-article","10.1109/access.2025.3561782","2169-3536",,13,,69478,69491,1,1.00,0,3,1,"","http://xplorestaging.ieee.org/ielx8/6287639/10820123/10967251.pdf?arnumber=10967251",""
6,"Rami Moustafa, Hussain Shareef, Madathodika Asna, Rachid Errouissi, Jeyraj Selvaraj","A Smart Web-Based Power Quality and Energy Monitoring System With Enhanced Features",2025,"IEEE Access","Institute of Electrical and Electronics Engineers (IEEE)","https://doi.org/10.1109/access.2025.3571623","",820,"2026-05-27 21:14:56","journal-article","10.1109/access.2025.3571623","2169-3536",,13,,88458,88471,6,6.00,1,5,1,"","http://xplorestaging.ieee.org/ielx8/6287639/10820123/11007100.pdf?arnumber=11007100",""
0,"Mykola Savenko, Kateryna Babii","Performance Optimization Strategies for Large-Scale Web Applications Using Next.Js",2025,"IEEE Access","Institute of Electrical and Electronics Engineers (IEEE)","https://doi.org/10.1109/access.2025.3647563","",830,"2026-05-27 21:14:56","journal-article","10.1109/access.2025.3647563","2169-3536",,13,,217376,217386,0,0.00,0,2,1,"","http://xplorestaging.ieee.org/ielx8/6287639/10820123/11313051.pdf?arnumber=11313051",""
0,"Weifeng Liu, Yulong Tao, Xiaoli Meng","Analysis of Output Characteristics of Electrically Excited Doubly Salient Generator Based on Back EMF Oriented Vector Control Strategy",2025,"IEEE Access","Institute of Electrical and Electronics Engineers (IEEE)","https://doi.org/10.1109/access.2025.3553902","",833,"2026-05-27 21:14:56","journal-article","10.1109/access.2025.3553902","2169-3536",,13,,53254,53265,0,0.00,0,3,1,"","http://xplorestaging.ieee.org/ielx8/6287639/10820123/10937377.pdf?arnumber=10937377",""
0,"Saranya R, Suresh G","AI-Driven Dynamic Access Control for IoT Devices at the Edge: A Trust-based Approach",2025,"","Springer Science and Business Media LLC","https://doi.org/10.21203/rs.3.rs-6757754/v1","",834,"2026-05-27 21:14:56","posted-content","10.21203/rs.3.rs-6757754/v1","",,,,,,0,0.00,0,2,1,"<title>Abstract</title> <p>The challenge of Internet of Things data management has grown considerably since recent times which make its security establishment especially problematic. The complex nature of IoT data security occurs because IoT environments feature diverse dynamic elements. The solution of these security challenges necessitates using sophisticated machine learning along with deep learning algorithms. Part of delivering IoT security consists of giving the correct authorization to devices that meet specified requirements. The proposed work presents a trust based dynamic access control protocol for IoT devices at the edge which uses AI-driven algorithms for operation. The system can monitor device conduct over time and current analysis to determine trust levels which then allows it to modify access permissions automatically for security improvement. Research performs an analysis of the proposed methodology to verify its ability to prevent unauthorized system entry while safeguarding data integrity in IoT networks. Several tests ran in an IoT emulation platform simulated different attack sequences that included invasive access attempts and device intrusions. The experimental testing showed that attack detection reliability increased substantially through the replacement of traditional static access control approaches. Under the trust based model attackers had better detection results because it proved more efficient at differentiating between both legitimate and malicious activities than traditional controls.</p>","https://www.researchsquare.com/article/rs-6757754/v1",""
0,"saket chaudhari","Mitigating Insider Threats in SaaS PEO Applications through Behaviour-Based Access Control",2025,"SSRN Electronic Journal","Elsevier BV","https://doi.org/10.2139/ssrn.5277381","",839,"2026-05-27 21:14:56","journal-article","10.2139/ssrn.5277381","1556-5068",,,,,,0,0.00,0,1,1,"","",""
5,"Anas Abdelkarim, Holger Voos, Daniel Görges","Factor Graphs in Optimization-Based Robotic Control—A Tutorial and Review",2025,"IEEE Access","Institute of Electrical and Electronics Engineers (IEEE)","https://doi.org/10.1109/access.2025.3534993","",846,"2026-05-27 21:14:56","journal-article","10.1109/access.2025.3534993","2169-3536",,13,,28315,28334,5,5.00,2,3,1,"","http://xplorestaging.ieee.org/ielx8/6287639/10820123/10855417.pdf?arnumber=10855417",""
0,"Fatemeh Esmaeili, Hamid Reza Koofigar","Design and Implementation of an Observer- Based Robust Control of a Single DC Source Multilevel Inverter for UPS Applications",2025,"IEEE Access","Institute of Electrical and Electronics Engineers (IEEE)","https://doi.org/10.1109/access.2025.3641315","",849,"2026-05-27 21:14:56","journal-article","10.1109/access.2025.3641315","2169-3536",,13,,207808,207816,0,0.00,0,2,1,"","http://xplorestaging.ieee.org/ielx8/6287639/10820123/11282986.pdf?arnumber=11282986",""
1,"Tomoya Kitamura, Yuki Saito, Hiroshi Asai, Kouhei Ohnishi","An Environment-Adaptive Position/Force Control Based on Physical Property Estimation",2025,"IEEE Access","Institute of Electrical and Electronics Engineers (IEEE)","https://doi.org/10.1109/access.2025.3543618","",854,"2026-05-27 21:14:56","journal-article","10.1109/access.2025.3543618","2169-3536",,13,,34200,34210,1,1.00,0,4,1,"","http://xplorestaging.ieee.org/ielx8/6287639/10820123/10892142.pdf?arnumber=10892142",""
2,"Omar Hanif, Patrick Gruber, Aldo Sorniotti, Umberto Montanaro","Network-Based Fractional-Order Control Algorithms for Vehicle Platooning",2025,"IEEE Access","Institute of Electrical and Electronics Engineers (IEEE)","https://doi.org/10.1109/access.2025.3595116","",860,"2026-05-27 21:14:56","journal-article","10.1109/access.2025.3595116","2169-3536",,13,,139992,140011,2,2.00,1,4,1,"","http://xplorestaging.ieee.org/ielx8/6287639/10820123/11107341.pdf?arnumber=11107341",""
1,"Jonas Schneider, Tamara Hamfeld, Peter Nyhuis, Matthias Schmidt","Reinforcement Learning in Production Control: An Agent-Based Approach to Sequencing",2025,"IEEE Access","Institute of Electrical and Electronics Engineers (IEEE)","https://doi.org/10.1109/access.2025.3640773","",861,"2026-05-27 21:14:56","journal-article","10.1109/access.2025.3640773","2169-3536",,13,,211448,211462,1,1.00,0,4,1,"","http://xplorestaging.ieee.org/ielx8/6287639/10820123/11278636.pdf?arnumber=11278636",""
1,"Claudio A. Ardagna, Nicola Bena","XML-Based Access Control Languages",2025,"Encyclopedia of Cryptography, Security and Privacy","Springer Nature Switzerland","https://doi.org/10.1007/978-3-030-71522-9_833","",864,"2026-05-27 21:14:56","book-chapter","10.1007/978-3-030-71522-9_833","",,,,2803,2808,1,1.00,1,2,1,"","https://link.springer.com/content/pdf/10.1007/978-3-030-71522-9_833",""
0,"Chakali Karthik Kumar, Challa Sunil, Bheemannagari Raghu Nandana Swarup, Papasaheb Sajiya Afroz, Bacham Saileela, Shaik Shakila Banu","A Sophisticated Authentication Coupled with A Multi Modal Security Integration and Role based Access Control for Secure File Management",2025,"2025 5th International Conference on Expert Clouds and Applications (ICOECA)","IEEE","https://doi.org/10.1109/icoeca66273.2025.00042","",866,"2026-05-27 21:14:56","proceedings-article","10.1109/icoeca66273.2025.00042","",,,,192,202,0,0.00,0,6,1,"","http://xplorestaging.ieee.org/ielx8/11113645/11113646/11113952.pdf?arnumber=11113952",""
0,"Muhammad Aamir Khan, Zain Anwar Ali, Muhammad Haris Muneer, Raza Hasan","Adaptive Ruminant Optimization With LoRa-Based Communication for Formation Control of Multiple UAVs",2025,"IEEE Access","Institute of Electrical and Electronics Engineers (IEEE)","https://doi.org/10.1109/access.2025.3565815","",869,"2026-05-27 21:14:56","journal-article","10.1109/access.2025.3565815","2169-3536",,13,,80076,80087,0,0.00,0,4,1,"","http://xplorestaging.ieee.org/ielx8/6287639/10820123/10980250.pdf?arnumber=10980250",""
3,"Yuliang Li","Remote Irrigation Control Based on LoRa Technology and Fuzzy PID Algorithm",2025,"IEEE Access","Institute of Electrical and Electronics Engineers (IEEE)","https://doi.org/10.1109/access.2025.3586708","",878,"2026-05-27 21:14:56","journal-article","10.1109/access.2025.3586708","2169-3536",,13,,122613,122627,3,3.00,3,1,1,"","http://xplorestaging.ieee.org/ielx8/6287639/10820123/11072400.pdf?arnumber=11072400",""
0,"Federico M. Grino, Erika M. Abellar, Jessel M. Cagmat, Cristemi F. Lasco","A Secure Role-Based Access Control Framework for Employee Plantilla Management System in the Local Government Unit of Magallanes, Agusan del Norte",2025,"2025 International Conference on Emerging Technologies and Innovation for Sustainability (EmergIN)","IEEE","https://doi.org/10.1109/emergin67762.2025.11450678","",883,"2026-05-27 21:14:56","proceedings-article","10.1109/emergin67762.2025.11450678","",,,,23,29,0,0.00,0,4,1,"","http://xplorestaging.ieee.org/ielx8/11450550/11450562/11450678.pdf?arnumber=11450678",""
1,"Sunny Singh, Dušan M. Stipanović, Aleksandra Lekić","Machine Learning-Driven Model Predictive Control of Modular Multilevel Converters",2025,"IEEE Access","Institute of Electrical and Electronics Engineers (IEEE)","https://doi.org/10.1109/access.2025.3614746","",888,"2026-05-27 21:14:56","journal-article","10.1109/access.2025.3614746","2169-3536",,13,,169327,169339,1,1.00,0,3,1,"","http://xplorestaging.ieee.org/ielx8/6287639/10820123/11180946.pdf?arnumber=11180946",""
0,"Jiacheng Bin, Fang Liu, Qingnan Huang, Qiqi Wu, Xianming Xie","Fault-Tolerant Control of Multi-UAV Attitude Based on Predictive Control in Uncertain Network Environment",2025,"IEEE Access","Institute of Electrical and Electronics Engineers (IEEE)","https://doi.org/10.1109/access.2025.3555821","",895,"2026-05-27 21:14:56","journal-article","10.1109/access.2025.3555821","2169-3536",,13,,61594,61610,0,0.00,0,5,1,"","http://xplorestaging.ieee.org/ielx8/6287639/10820123/10945324.pdf?arnumber=10945324",""
0,"Yifei Zeng","A Comprehensive Investigation of Reinforcement Learning-based Financial Quantitative Analysis: Taking Stock Trading and Risk Control as Examples",2025,"ITM Web of Conferences","EDP Sciences","https://doi.org/10.1051/itmconf/20257301010","",899,"2026-05-27 21:14:56","journal-article","10.1051/itmconf/20257301010","2271-2097",,73,,1010,1010,0,0.00,0,1,1,"Reinforcement learning (RL) has emerged as a transformative approach for addressing complex decision-making challenges, particularly in the financial sector, where its application has garnered substantial interest. This paper offers a comprehensive review of the foundational concepts and classical methods of RL, while providing an in-depth exploration of its advanced applications in crucial domains: stock prediction & quantitative trading, and risk estimation. By analyzing recent advancements over the past decade, the study underscores the expanding role of RL in optimizing financial strategies, improving decision-making processes, and driving innovation in quantitative finance. In addition to reviewing key developments, the paper discusses persistent challenges related to risk management, such as the trade-off between risk and reward, data scarcity, and the need for algorithms to adapt to dynamic and volatile market conditions. Through these insights, this research aims to provide a roadmap for future studies, addressing the limitations. Meanwhile, this study is contributed to guiding the continued evolution of RL applications in finance, ensuring they remain robust, adaptive, and effective in a rapidly changing economic landscape.","https://www.itm-conferences.org/10.1051/itmconf/20257301010/pdf",""
1,"Hung-Yih Tsai, Shih-Min Liao, Chang-Hong Liu","Trajectory Tracking Control Based on Visual Localization and Adaptive Radial Basis Function Sliding Mode Control",2025,"IEEE Access","Institute of Electrical and Electronics Engineers (IEEE)","https://doi.org/10.1109/access.2025.3580642","",900,"2026-05-27 21:14:56","journal-article","10.1109/access.2025.3580642","2169-3536",,13,,105678,105692,1,1.00,0,3,1,"","http://xplorestaging.ieee.org/ielx8/6287639/10820123/11037753.pdf?arnumber=11037753",""
0,"Yifei Zeng","A Comprehensive Investigation of Reinforcement Learning-based Financial Quantitative Analysis: Taking Stock Trading and Risk Control as Examples",2025,"ITM Web of Conferences","EDP Sciences","https://doi.org/10.1051/itmconf/20257301010","",903,"2026-05-27 21:14:56","journal-article","10.1051/itmconf/20257301010","2271-2097",,73,,1010,1010,0,0.00,0,1,1,"Reinforcement learning (RL) has emerged as a transformative approach for addressing complex decision-making challenges, particularly in the financial sector, where its application has garnered substantial interest. This paper offers a comprehensive review of the foundational concepts and classical methods of RL, while providing an in-depth exploration of its advanced applications in crucial domains: stock prediction & quantitative trading, and risk estimation. By analyzing recent advancements over the past decade, the study underscores the expanding role of RL in optimizing financial strategies, improving decision-making processes, and driving innovation in quantitative finance. In addition to reviewing key developments, the paper discusses persistent challenges related to risk management, such as the trade-off between risk and reward, data scarcity, and the need for algorithms to adapt to dynamic and volatile market conditions. Through these insights, this research aims to provide a roadmap for future studies, addressing the limitations. Meanwhile, this study is contributed to guiding the continued evolution of RL applications in finance, ensuring they remain robust, adaptive, and effective in a rapidly changing economic landscape.","https://www.itm-conferences.org/10.1051/itmconf/20257301010/pdf",""
1,"Sunny Singh, Dušan M. Stipanović, Aleksandra Lekić","Machine Learning-Driven Model Predictive Control of Modular Multilevel Converters",2025,"IEEE Access","Institute of Electrical and Electronics Engineers (IEEE)","https://doi.org/10.1109/access.2025.3614746","",905,"2026-05-27 21:14:56","journal-article","10.1109/access.2025.3614746","2169-3536",,13,,169327,169339,1,1.00,0,3,1,"","http://xplorestaging.ieee.org/ielx8/6287639/10820123/11180946.pdf?arnumber=11180946",""
1,"Keman Lin, Tao Su, Feng Wu, Wenxin Xiang, Linjun Shi, Yang Li","An Adaptive Model Predictive Control Based Control Strategy of BESS to Improve AGC Performance of Thermal Power Plant",2025,"IEEE Access","Institute of Electrical and Electronics Engineers (IEEE)","https://doi.org/10.1109/access.2025.3573749","",908,"2026-05-27 21:14:56","journal-article","10.1109/access.2025.3573749","2169-3536",,13,,99816,99825,1,1.00,0,6,1,"","http://xplorestaging.ieee.org/ielx8/6287639/10820123/11015798.pdf?arnumber=11015798",""
0,"Amrita Jakaraddi, Chandan G Y, Charith B R, Chinmayi C, Jyothi S K","Real-Time Fingerprint-based Access Control System for Examination Security",2025,"2025 6th International Conference on IoT Based Control Networks and Intelligent Systems (ICICNIS)","IEEE","https://doi.org/10.1109/icicnis66685.2025.11315822","",909,"2026-05-27 21:14:56","proceedings-article","10.1109/icicnis66685.2025.11315822","",,,,540,545,0,0.00,0,5,1,"","http://xplorestaging.ieee.org/ielx8/11315170/11315492/11315822.pdf?arnumber=11315822",""
0,"Anil S. Kamble, Ganesh D. Sagre","EMPOWERING USERS: THE ROLE OF WEB-BASED LIBRARY SERVICES IN THE INFORMATION AGE",2025,"Gurukul International Multidisciplinary Research Journal","Continuing Professional Development Events New Mumbai","https://doi.org/10.69758/gimrj/2504i5vxiiip0006","",913,"2026-05-27 21:14:56","journal-article","10.69758/gimrj/2504i5vxiiip0006","",,,,,,0,0.00,0,2,1,"Abstract Web-based library services have revolutionized the access and distribution of information, transforming traditional libraries into dynamic digital platforms. This paper explores the development, types, and impact of these services, particularly in academic libraries. Through an in-depth literature review and analysis of case studies, this research highlights the crucial role of web-based services in enhancing accessibility and user engagement in the digital era. The study also discusses challenges and future trends, providing insights into the evolving landscape of library services. Keywords: Web-based library services, digital libraries, online databases, information access, library automation, academic libraries, digital transformation, virtual reference services, digital repositories.","",""
0,"Martin Kremer, Kai Rewitz, Dirk Müller","Development of a control strategy for air handling units equipped with membrane-based enthalpy exchangers",2025,"E3S Web of Conferences","EDP Sciences","https://doi.org/10.1051/e3sconf/202567203029","",917,"2026-05-27 21:14:56","journal-article","10.1051/e3sconf/202567203029","2267-1242",,672,,3029,3029,0,0.00,0,3,1,"With rising air tightness in buildings, the use of mechanical ventilation has become more relevant. In this context, energy recovery offers a significant contribution to the decarbonisation of building operations. Membrane-based enthalpy exchangers (MEEs) recovering sensible and latent heat can significantly reduce the energy demand for air conditioning. In moderate climates, the outdoor air provides sufficient humidity load in transitional periods. Hence, MEEs have to be bypassed to avoid high indoor air humidity. For this reason, an efficient control strategy for the operation of MEEs is needed to avoid energy waste or comfort violations. Typical control strategies in application use outdoor air temperature only. In this paper, we present a new control strategy for a MEE’s bypass. We test the control strategy with a dynamic simulation model and analyse the control strategy’s impact on the building’s energy demand and indoor air comfort conditions. Therefore, we compare different control strategies for the bypass over the MEE. For warm and humid climates (Miami), the results show that the newly developed control strategy can reduce the energy demand by 11 % compared to a simple outdoor air temperature control. For moderate climates (Cuxhaven, Germany), the energy-saving potential still is about 2 %.","https://www.e3s-conferences.org/10.1051/e3sconf/202567203029/pdf",""
0,"Otuto Amarauche Chukwu, Beverly Essue","A Framework on Amplifying the Role of Pharmacists to Support Equitable Access to Cancer Control in Low-Income Countries in Sub-Saharan Africa",2025,"","Elsevier BV","https://doi.org/10.2139/ssrn.5265337","",928,"2026-05-27 21:14:56","posted-content","10.2139/ssrn.5265337","",,,,,,0,0.00,0,2,1,"","",""
0,"Sabarish Manivannan, Sahidhyan D, Ashmi R, Sathya Priya S","An AI-Assisted Web Vulnerability Scanner for Server Side Request Forgery and Broken Access Control Detection",2025,"2025 Second International Conference on Networks and Soft Computing (ICNSoC)","IEEE","https://doi.org/10.1109/icnsoc66817.2025.00054","",929,"2026-05-27 21:14:56","proceedings-article","10.1109/icnsoc66817.2025.00054","",,,,240,244,0,0.00,0,4,1,"","http://xplorestaging.ieee.org/ielx8/11344070/11344079/11344167.pdf?arnumber=11344167",""
0,"Takeru Fukushima, Motoharu Sasaki, Toshiro Nakahira, Daisuke Murayama, Takatsune Moriyama, Yasushi Takatori","B-RAN-Based Control Method of User-Equipment Accommodation for Multi-Radio Environment",2025,"IEEE Access","Institute of Electrical and Electronics Engineers (IEEE)","https://doi.org/10.1109/access.2025.3560024","",938,"2026-05-27 21:14:56","journal-article","10.1109/access.2025.3560024","2169-3536",,13,,65376,65388,0,0.00,0,6,1,"","http://xplorestaging.ieee.org/ielx8/6287639/10820123/10963353.pdf?arnumber=10963353",""
1,"Mohammadreza Maleki, Forough Sadat Razavi, Amir Taghavipour","Reinforcement Learning-Based Adaptive Gain Tuning of Terminal Super-Twisting SMC for Lane-Change Control in Autonomous Vehicles",2025,"IEEE Access","Institute of Electrical and Electronics Engineers (IEEE)","https://doi.org/10.1109/access.2025.3634379","",941,"2026-05-27 21:14:56","journal-article","10.1109/access.2025.3634379","2169-3536",,13,,197206,197218,1,1.00,0,3,1,"","http://xplorestaging.ieee.org/ielx8/6287639/10820123/11251178.pdf?arnumber=11251178",""
0,"Aoi Oyane, Kazuhiro Umetani, Eiji Hiraki","Load Observing System Based on Wave Reflection for Soft-Switching Control of MHz-Frequency Resonant Inverter Against Load Fluctuations",2025,"IEEE Access","Institute of Electrical and Electronics Engineers (IEEE)","https://doi.org/10.1109/access.2025.3587595","",952,"2026-05-27 21:14:56","journal-article","10.1109/access.2025.3587595","2169-3536",,13,,127126,127141,0,0.00,0,3,1,"","http://xplorestaging.ieee.org/ielx8/6287639/10820123/11075665.pdf?arnumber=11075665",""
3,"Abdul Kareem, V. P. Basheer, Varuna Kumara","A Second-Order Sliding Mode Control Scheme With Fuzzy Logic-Based Online Sliding Surface Adjustment for Buck Converters",2025,"IEEE Access","Institute of Electrical and Electronics Engineers (IEEE)","https://doi.org/10.1109/access.2025.3551127","",953,"2026-05-27 21:14:56","journal-article","10.1109/access.2025.3551127","2169-3536",,13,,48792,48801,3,3.00,1,3,1,"","http://xplorestaging.ieee.org/ielx8/6287639/10820123/10925416.pdf?arnumber=10925416",""
0,"Ran Chumeng, Li Zhe, Xiao Jie, Chen Xianfei","Intelligent Control of the Dry Slag Discharge System in Power Plants Based on the Random Forest Algorithm",2025,"IEEE Access","Institute of Electrical and Electronics Engineers (IEEE)","https://doi.org/10.1109/access.2025.3627288","",964,"2026-05-27 21:14:56","journal-article","10.1109/access.2025.3627288","2169-3536",,13,,187922,187929,0,0.00,0,4,1,"","http://xplorestaging.ieee.org/ielx8/6287639/10820123/11221203.pdf?arnumber=11221203",""
1,"Yuan Zhang","Graph Neural Network-Based User Preference Model for Social Network Access Control",2025,"Informatica","Slovenian Association Informatika","https://doi.org/10.31449/inf.v49i16.7705","",973,"2026-05-27 21:14:56","journal-article","10.31449/inf.v49i16.7705","1854-3871",,49,16,,,1,1.00,1,1,1,"The popularity and deepening of social networks have increased the risk of personal information leakage for users. To enhance the security of social networks, this study constructed an access control model based on the preferences of social network users. This model utilizes graph neural networks to generate access control strategies based on user preferences, and introduces a multi-layer attention mechanism to optimize the graph neural network. To better capture user preference information, the study sets the learning rate to 0.0001. The experimental results demonstrated that in the Twitter dataset, the accuracy of the proposed model reached 95.7% and the F1 score reached 96.2%, which were significantly higher than those of other models. These results indicated that the model could more accurately classify access control in social networks and reduce false positives. The area under the receiver operation characteristic curve of the proposed model was 0.982, which was higher than other models. The decision time was 13.77 seconds, significantly lower than other models. This indicated that the model could more effectively distinguish different types of user access requests and provide more reliable guarantees for secure access to social networks. The user's preferred social network access control model based on graph neural networks has superior performance, effectively ensuring the information security of social network users and laying the foundation for further development of access control technology","https://www.informatica.si/index.php/informatica/article/download/7705/4133",""
0,"Rong Zhang","A Control Decision Model for Automatic Driving Based on Monocular Depth Estimation",2025,"IEEE Access","Institute of Electrical and Electronics Engineers (IEEE)","https://doi.org/10.1109/access.2025.3569869","",974,"2026-05-27 21:14:56","journal-article","10.1109/access.2025.3569869","2169-3536",,13,,87545,87555,0,0.00,0,1,1,"","http://xplorestaging.ieee.org/ielx8/6287639/10820123/11004070.pdf?arnumber=11004070",""
9,"Bibi Tabassam Gul, Iftikhar Ahmad, Habibur Rehman, Ammar Hasan","Optimized ANFIS-Based Robust Nonlinear Control of a Solar Off-Grid Charging Station for Electric Vehicles",2025,"IEEE Access","Institute of Electrical and Electronics Engineers (IEEE)","https://doi.org/10.1109/access.2025.3535571","",979,"2026-05-27 21:14:56","journal-article","10.1109/access.2025.3535571","2169-3536",,13,,20361,20373,9,9.00,2,4,1,"","http://xplorestaging.ieee.org/ielx8/6287639/10820123/10856147.pdf?arnumber=10856147",""
0,"Farbod Zorriassatine, Abdallah Naser, Ahmad Lotfi","Intelligent Gait-based Access Control System",2025,"2025 IEEE Symposium on Computers and Communications (ISCC)","IEEE","https://doi.org/10.1109/iscc65549.2025.11325934","",980,"2026-05-27 21:14:56","proceedings-article","10.1109/iscc65549.2025.11325934","",,,,1,7,0,0.00,0,3,1,"","http://xplorestaging.ieee.org/ielx8/11325745/11324448/11325934.pdf?arnumber=11325934",""
2,"Mohammad Tondro, Mohammad Jahanbakth, Dervis Ozay","Exploring the Role of Information Technology and Digital Innovation in Socio-Economic Development: A Case Study of Startup and Home-Based Businesses",2025,"IEEE Access","Institute of Electrical and Electronics Engineers (IEEE)","https://doi.org/10.1109/access.2025.3579806","",981,"2026-05-27 21:14:56","journal-article","10.1109/access.2025.3579806","2169-3536",,13,,155064,155083,2,2.00,1,3,1,"","http://xplorestaging.ieee.org/ielx8/6287639/10820123/11036809.pdf?arnumber=11036809",""
0,"Hung Duy Nguyen, Duc Thinh Le, Tung Lam Nguyen, Minh Nhat Vu","Robust Model Predictive Control-Based Recurrent Neural Networks for Autonomous Vehicles in Avoidance Collisions",2025,"IEEE Access","Institute of Electrical and Electronics Engineers (IEEE)","https://doi.org/10.1109/access.2025.3579216","",982,"2026-05-27 21:14:56","journal-article","10.1109/access.2025.3579216","2169-3536",,13,,106115,106128,0,0.00,0,4,1,"","http://xplorestaging.ieee.org/ielx8/6287639/10820123/11031406.pdf?arnumber=11031406",""
9,"Mahmoud A. Mossa, Rasha A. Mohamed, Ameena Saad Al-Sumaiti","Performance Enhancement of a Grid Connected Wind Turbine-Based PMSG Using Effective Predictive Control Algorithm",2025,"IEEE Access","Institute of Electrical and Electronics Engineers (IEEE)","https://doi.org/10.1109/access.2025.3557194","",984,"2026-05-27 21:14:56","journal-article","10.1109/access.2025.3557194","2169-3536",,13,,64160,64185,9,9.00,3,3,1,"","http://xplorestaging.ieee.org/ielx8/6287639/10820123/10947720.pdf?arnumber=10947720",""
0,"Sobar M. Johari, Eko Hariyadi, Fang Ming Sheng, Wing Keung Wong","Evaluation of Agribusiness Strategies in Enhancing Food Security in Indonesia: The Role of Productivity, Market Access, and Farmers' Terms of Trade",2025,"BIO Web of Conferences","EDP Sciences","https://doi.org/10.1051/bioconf/202520103004","",1000,"2026-05-27 21:14:56","journal-article","10.1051/bioconf/202520103004","2117-4458",,201,,3004,3004,0,0.00,0,4,1,"This study assesses the effectiveness of agribusiness strategies in improving food security in Indonesia, with a focus on the interrelated roles of productivity, market access, and farmers' terms of trade (ToT). Addressing research gaps, it examines integrated frameworks that incorporate social, institutional, and localized agricultural dynamics. A quantitative approach using the Autoregressive Distributed Lag (ARDL) model was employed to analyze both short- and long-term impacts of agribusiness strategies on food security indicators. Data were derived from agricultural productivity statistics, market access indices, and farmers' income levels. The ARDL results reveal a significant relationship between agribusiness strategies and food security outcomes. Improved market access enhances productivity, strengthens farmers' ToT, and promotes sustainable food security. Cooperative engagement plays a pivotal role by increasing negotiating power, lowering transaction costs, and improving access to profitable markets. Access to essential inputs, financial services, and institutional support further reinforces positive outcomes. Findings underscore the importance of targeted interventions, including strengthening cooperatives, expanding credit availability, and investing in transport infrastructure. The study contributes by offering an integrated framework that captures the dynamic interplay of productivity, market access, and ToT. It also highlights the critical role of demographic shifts and youth engagement in ensuring sustainable agricultural systems.","https://www.bio-conferences.org/10.1051/bioconf/202520103004/pdf",""
2,"Mary Jane C. Samonte, Clarisse Q. Dalina, Yuri Emyrald M. Pingol, Ferdinand Nino Migel E. Yee","Secure Healthcare Access: Design and Implementation of a Web Application through Role-Based Access Control in an Integrated Diagnostic Health Center",2024,"2024 14th International Conference on Software Technology and Engineering (ICSTE)","IEEE","https://doi.org/10.1109/icste63875.2024.00048","",29,"2026-05-27 21:14:56","proceedings-article","10.1109/icste63875.2024.00048","",,,,237,242,2,1.00,1,4,2,"","http://xplorestaging.ieee.org/ielx8/10840337/10840327/10840373.pdf?arnumber=10840373",""
22,"Javed Akhtar Khan","Role-Based access Control (RBAC) and Attribute-Based Access Control (ABAC)",2024,"Advances in Information Security, Privacy, and Ethics","IGI Global","https://doi.org/10.4018/979-8-3693-1431-9.ch005","",31,"2026-05-27 21:14:56","book-chapter","10.4018/979-8-3693-1431-9.ch005","1948-9730",,,,113,126,22,11.00,22,1,2,"This chapter explores the profound impact of artificial intelligence (AI) and machine learning (ML) on the realm of cloud security. As organizations increasingly migrate their operations and data to cloud environments, ensuring robust security measures becomes paramount. The integration of AI and ML technologies introduces novel ways to enhance threat detection, prevention, and response in the cloud. This chapter delves into various aspects of this synergy, discussing the benefits, challenges, and future prospects of utilizing AI and ML for safeguarding cloud infrastructures. This chapter also presents the benefits, challenges, and future directions. This abstract underscores the transformative potential of AI and ML in fortifying cloud infrastructures and safeguarding sensitive information in the digital age.","https://www.igi-global.com/viewtitle.aspx?TitleId=338351",""
0,"Pietro Colombo, Elena Ferrari","Access Control Integration in Sparkplug-Based Industrial Internet of Things Systems: Requirements and Open Challenges",2024,"Proceedings of the 20th International Conference on Web Information Systems and Technologies","SCITEPRESS - Science and Technology Publications","https://doi.org/10.5220/0013055700003825","",39,"2026-05-27 21:14:56","proceedings-article","10.5220/0013055700003825","",,,,380,384,0,0.00,0,2,2,"","",""
0,"Maha Annoukoubi, ahmed ESSADKI, Youssef AKARNE","Model Predictive Control of Multilevel Inverter Used in a Wind Energy Conversion System Applicatio",2024,"","Elsevier BV","https://doi.org/10.2139/ssrn.4851335","",45,"2026-05-27 21:14:56","posted-content","10.2139/ssrn.4851335","",,,,,,0,0.00,0,3,2,"","",""
1,"P. Kiran Kumar, C. Raghavendra, Ratnam Dodda, Ahmed Shahebaaz","A Novel Approach to Strengthening Web-Based Cloud Services: Two-Factor Access Control",2024,"E3S Web of Conferences","EDP Sciences","https://doi.org/10.1051/e3sconf/202447202001","",49,"2026-05-27 21:14:56","journal-article","10.1051/e3sconf/202447202001","2267-1242",,472,,2001,2001,1,0.50,0,4,2,"In this paper we introduce a recent and evolved two-factor authentication (2FA) access govern system specially designed for webbased cloud computing services. Our innovative system encompasses an attribute-based access govern mechanism that combines a user’s secret key with a lightweight safety device. Our system significantly improves security, particularly in scenarios where multiple users share a single computer for web-based cloud services, as access is contingent on the presence of both components. In addition, the attribute-based govern mechanism enables the cloud server to enforce access constraints based on users with identical attributes, while maintaining the highest extent of user confidentiality protection. The server’s verification procedure focuses exclusively on verifying that users meet the necessitated criteria, without accessing their exact identities. To further confirm the practicability and usefulness of our 2FA system, we conduct an in-depth simulation as a portion of our study.","https://www.e3s-conferences.org/10.1051/e3sconf/202447202001/pdf",""
2,"Amang Sudarsono, Rahardhita Widyatra Sudibyo, Idris Winarno, Mike Yuliana","An Efficient Authentication System to Access Electric Vehicle Data in The Cloud Based on Identity Role-based Access Control",2024,"2024 International Electronics Symposium (IES)","IEEE","https://doi.org/10.1109/ies63037.2024.10665809","",54,"2026-05-27 21:14:56","proceedings-article","10.1109/ies63037.2024.10665809","",,,,207,214,2,1.00,1,4,2,"","http://xplorestaging.ieee.org/ielx8/10665754/10665755/10665809.pdf?arnumber=10665809",""
0,"Harris Wang","Zoned Role-Based Approach to System Design, Implementation, and Access Control of Integrated Web Applications",2024,"Communications in Computer and Information Science","Springer Nature Switzerland","https://doi.org/10.1007/978-3-031-75201-8_4","",56,"2026-05-27 21:14:56","book-chapter","10.1007/978-3-031-75201-8_4","1865-0929",,,,43,54,0,0.00,0,1,2,"","https://link.springer.com/content/pdf/10.1007/978-3-031-75201-8_4",""
2,"Ayu Maulina, Zulfany Erlisa Rasjid","Unified Access Management for Digital Evidence Storage: Integrating Attribute-based and Role-based Access Control with XACML",2024,"International Journal of Advanced Computer Science and Applications","The Science and Information Organization","https://doi.org/10.14569/ijacsa.2024.01503131","",57,"2026-05-27 21:14:56","journal-article","10.14569/ijacsa.2024.01503131","2156-5570",,15,3,,,2,1.00,1,2,2,"","http://thesai.org/Downloads/Volume15No3/Paper_131-Unified_Access_Management_for_Digital_Evidence_Storage.pdf",""
16,"Jiao Yin, Guihong Chen, Wei Hong, Jinli Cao, Hua Wang, Yuan Miao","A heterogeneous graph-based semi-supervised learning framework for access control decision-making",2024,"World Wide Web","Springer Science and Business Media LLC","https://doi.org/10.1007/s11280-024-01275-2","",66,"2026-05-27 21:14:56","journal-article","10.1007/s11280-024-01275-2","1386-145X",,27,4,,,16,8.00,3,6,2,"Abstract: For modern information systems, robust access control mechanisms are vital in safeguarding data integrity and ensuring the entire system’s security. This paper proposes a novel semi-supervised learning framework that leverages heterogeneous graph neural network-based embedding to encapsulate both the intricate relationships within the organizational structure and interactions between users and resources. Unlike existing methods focusing solely on individual user and resource attributes, our approach embeds organizational and operational interrelationships into the hidden layer node embeddings. These embeddings are learned from a self-supervised link prediction task based on a constructed access control heterogeneous graph via a heterogeneous graph neural network. Subsequently, the learned node embeddings, along with the original node features, serve as inputs for a supervised access control decision-making task, facilitating the construction of a machine-learning access control model. Experimental results on the open-sourced Amazon access control dataset demonstrate that our proposed framework outperforms models using original or manually extracted graph-based features from previous works. The prepossessed data and codes are available on GitHub,facilitating reproducibility and further research endeavors.","https://link.springer.com/content/pdf/10.1007/s11280-024-01275-2.pdf",""
0,"Kinsey K. S. Ng, Farah Yan, Kevin Hung","Preliminary Study of LLM-Based Wordlist Generation for Validating Broken Web Access Control",2024,"TENCON 2024 - 2024 IEEE Region 10 Conference (TENCON)","IEEE","https://doi.org/10.1109/tencon61640.2024.10902771","",68,"2026-05-27 21:14:56","proceedings-article","10.1109/tencon61640.2024.10902771","",,,,1088,1091,0,0.00,0,3,2,"","http://xplorestaging.ieee.org/ielx8/10902665/10902666/10902771.pdf?arnumber=10902771",""
0,"Payal Thakur, Navjot Singh Talwandi, Shanu Khare","Securing Microservice Architecture: Load Balancing and Role-Based Access Control",2024,"2024 IEEE Third International Conference on Power Electronics, Intelligent Control and Energy Systems (ICPEICES)","IEEE","https://doi.org/10.1109/icpeices62430.2024.10719295","",79,"2026-05-27 21:14:56","proceedings-article","10.1109/icpeices62430.2024.10719295","",,,,1113,1117,0,0.00,0,3,2,"","http://xplorestaging.ieee.org/ielx8/10719030/10719031/10719295.pdf?arnumber=10719295",""
11,"Jin Yu Zhang, Yuting Zhang","Quantitative DevSecOps Metrics for Cloud-Based Web Microservices",2024,"IEEE Access","Institute of Electrical and Electronics Engineers (IEEE)","https://doi.org/10.1109/access.2024.3486314","",80,"2026-05-27 21:14:56","journal-article","10.1109/access.2024.3486314","2169-3536",,12,,160317,160342,11,5.50,6,2,2,"","http://xplorestaging.ieee.org/ielx8/6287639/10380310/10735195.pdf?arnumber=10735195",""
3,"Sudheer Amgothu, Giridhar Kankanala","Enhancing Kubernetes Security: Securing Workloads and Optimizing Role-Based Access Control",2024,"International Journal of Computer Applications","Foundation of Computer Science","https://doi.org/10.5120/ijca2024924336","",88,"2026-05-27 21:14:56","journal-article","10.5120/ijca2024924336","0975-8887",,186,58,11,15,3,1.50,2,2,2,"","",""
0,"Shruthi C.K.","Web guard: Secure Web page access control and URL filtering system",2024,"ERES international journal of computer Networks","ERES Publications","https://doi.org/10.62346/ijcn_q2_v12_no2_24_01","",93,"2026-05-27 21:14:56","journal-article","10.62346/ijcn_q2_v12_no2_24_01","2320-9755",,12,2,1,5,0,0.00,0,1,2,"","https://eresjournals.org/index.php/announce/viewarticle/34",""
1,"Danil Kolmahin, Anatoliy Sergiyenko","Combining Pretty Good Privacy and Role-Based Access Control Technologies for Access Protection to Confidential Data",2024,"Information, Computing and Intelligent systems","Igor Sikorsky Kyiv Polytechnic Institute","https://doi.org/10.20535/2786-8729.4.2024.305130","",99,"2026-05-27 21:14:56","journal-article","10.20535/2786-8729.4.2024.305130","2786-8729",,,4,69,78,1,0.50,1,2,2,"This article presents a granular access protection model for confidential information, combining PGP (Pretty Good Privacy) and RBAC (Role-Based Access Control) technologies. The aim of the research is to develop and justify a model that ensures a high level of security through efficient data encryption and flexible role-based access management. The article examines the research objects, which include modern information systems processing confidential data, and the subject of the study, which encompasses encryption and access control methods. To achieve the stated goal, an analysis of modern approaches to data encryption and access management was conducted, their advantages and disadvantages were studied, and current issues related to data security at rest were identified. A protection model combining PGP and RBAC was developed, implemented in real conditions, and tested to evaluate its efficiency and usability. PGP usage ensures data security at rest and during transmission, while RBAC allows flexible configuration of user access rights. Research results demonstrated that the proposed model provides a high level of security, flexible access management, and improved system performance. The use of public and private keys for encrypting symmetric keys further enhances protection by preventing unauthorized data access. Defining roles and privileges for each user ensures authorized access to confidential information, minimizing the risk of accidental or malicious data access. Despite the complexity of encryption and key management processes, the system showed high performance, optimized encryption and decryption processes, and effective user role and privilege management. The proposed model proved its effectiveness in ensuring a high level of security and flexible access management for confidential data.","https://itvisnyk.kpi.ua/article/download/305130/303224",""
0,"Harsha Vardhan ReddyKavuluri","Advanced Role-Based Access Control Mechanisms in Oracle Databases",2024,"International Journal of AI, BigData, Computational and Management Studies","ScienceTech Xplore","https://doi.org/10.63282/3050-9416.ijaibdcms-v5i3p103","",103,"2026-05-27 21:14:56","journal-article","10.63282/3050-9416.ijaibdcms-v5i3p103","3050-9416",,5,,24,32,0,0.00,0,1,2,"","",""
2,"Taresh Mehra","The Critical Role of Role-Based Access Control (RBAC) in securing backup, recovery, and storage systems",2024,"International Journal of Science and Research Archive","GSC Online Press","https://doi.org/10.30574/ijsra.2024.13.1.1733","",105,"2026-05-27 21:14:56","journal-article","10.30574/ijsra.2024.13.1.1733","2582-8185",,13,1,1192,1194,2,1.00,2,1,2,"In the contemporary digital landscape, safeguarding data through robust access control mechanisms is crucial. Role-Based Access Control (RBAC) is an effective strategy for managing access to backup and recovery systems, as well as storage devices. RBAC assigns permissions based on user roles, thereby enforcing the principle of least privilege and enhancing data security. This blog explores the significance of RBAC in these contexts and extends its relevance to ransomware and malware threats, as well as disaster recovery. Supported by scientific research and industry case studies, it underscores how RBAC can mitigate risks, ensure regulatory compliance, and improve data management practices.","https://ijsra.net/node/5787",""
1,"Fubao Zhu, Chenguang Yang, Liang Zhu, Jingzhong Gu","Application of Matrix Factorization Role Mining Algorithm in Role-Based Access Control for Edge RMP",2024,"2024 9th International Conference on Electronic Technology and Information Science (ICETIS)","IEEE","https://doi.org/10.1109/icetis61828.2024.10593712","",106,"2026-05-27 21:14:56","proceedings-article","10.1109/icetis61828.2024.10593712","",,,,761,767,1,0.50,0,4,2,"","http://xplorestaging.ieee.org/ielx8/10592861/10593657/10593712.pdf?arnumber=10593712",""
1,"Angel Georgiev, Vladimir Valkanov","Role-Based Access Control Technique with Trino for Restriction in Hive-Based Data Warehouse",2024,"2024 59th International Scientific Conference on Information, Communication and Energy Systems and Technologies (ICEST)","IEEE","https://doi.org/10.1109/icest62335.2024.10639702","",109,"2026-05-27 21:14:56","proceedings-article","10.1109/icest62335.2024.10639702","",,,,1,4,1,0.50,1,2,2,"","http://xplorestaging.ieee.org/ielx8/10639610/10639612/10639702.pdf?arnumber=10639702",""
3,"Sahil Arora, Pranav Khare, Sandeep Gupta","A Machine Learning for Role Based Access Control: Optimizing Role Management and Permission Management",2024,"2024 First International Conference on Pioneering Developments in Computer Science &amp;amp; Digital Technologies (IC2SDT)","IEEE","https://doi.org/10.1109/ic2sdt62152.2024.10696236","",115,"2026-05-27 21:14:56","proceedings-article","10.1109/ic2sdt62152.2024.10696236","",,,,158,163,3,1.50,1,3,2,"","http://xplorestaging.ieee.org/ielx8/10695942/10695957/10696236.pdf?arnumber=10696236",""
1,"","Role-Based Access Control (RBAC) in Snowflake for Enhanced Data Security",2024,"International Journal of Research in Modern Engineering &amp; Emerging Technology","Resagate Global","https://doi.org/10.63345/ijrmeet.org.v12.i12.21","",121,"2026-05-27 21:14:56","journal-article","10.63345/ijrmeet.org.v12.i12.21","2320-6586",,12,12,450,468,1,0.50,0,0,2,"","",""
6,"Ezichi Mpamugo, Godwin Ansa","Enhancing Network Security in Mobile Applications with Role-Based Access Control",2024,"Journal of Information Systems and Informatics","Asosiasi Doktor Sistem Informasi Indonesia","https://doi.org/10.51519/journalisi.v6i3.863","",134,"2026-05-27 21:14:56","journal-article","10.51519/journalisi.v6i3.863","2656-4882",,6,3,1872,1899,6,3.00,3,2,2,"In today's dynamic networking environment, securing access to resources has become increasingly challenging due to the growth and progress of connected devices. This study explores the integration of Role-Based Access Control (RBAC) and OAuth 2.0 protocols to enhance network access management and security enforcement in an Android mobile application. The study adopts a waterfall methodology to implement access control mechanisms that govern authentication and authorization. OAuth 2.0, a widely adopted open-standard authorization framework, was implemented to secure user authentication by allowing third-party access without exposing user credentials. Meanwhile, RBAC was leveraged to streamline access permissions based on predefined user roles, ensuring that access privileges are granted according to hierarchical role structures. The main outcomes of this study show significance towards the improvements in security enforcement and user access management. Specifically, the implementation of multi-factor authentication, session timeout mechanisms, and user role-based authorization ensured robust protection of sensitive data while maintaining system usability. RBAC proved effective in controlling access to various system resources, such as database operations which was presented in scenario of physical access to doors, while OAuth 2.0 provided a secure communication channel for authentication events. These protocols, working in tandem, addressed key issues like unauthorized access, data integrity, and scalability in network security policy enforcement. This research deduces that combining RBAC and OAuth 2.0 protocols in mobile applications enhances security posture, simplifies access management, and mitigates evolving threats.","https://journal-isi.org/index.php/isi/article/download/863/421",""
0,"Muchao Chen, Yanjun Zhang, Ping Zhang","A Data Security Control Method for Belt and Road Language Resource Libraries Based on Role-Based Access Control and Isolation Forest",2024,"Proceedings of the 2024 5th International Conference on Big Data Economy and Information Management","ACM","https://doi.org/10.1145/3724154.3724360","",137,"2026-05-27 21:14:56","proceedings-article","10.1145/3724154.3724360","",,,,1257,1261,0,0.00,0,3,2,"","https://dl.acm.org/doi/10.1145/3724154.3724360",""
7,"Mehdi Nozad Bonab, Jafar Tanha, Mohammad Masdari","A Semi-Supervised Learning Approach to Quality-Based Web Service Classification",2024,"IEEE Access","Institute of Electrical and Electronics Engineers (IEEE)","https://doi.org/10.1109/access.2024.3385341","",139,"2026-05-27 21:14:56","journal-article","10.1109/access.2024.3385341","2169-3536",,12,,50489,50503,7,3.50,2,3,2,"","http://xplorestaging.ieee.org/ielx7/6287639/10380310/10491237.pdf?arnumber=10491237",""
3,"Janessa Sarah Destini, Tony Tony","Implementing Hierarchical Role-Based Access Control for Document Administration in Student Organizations",2024,"Internet of Things and Artificial Intelligence Journal","ASCEE Publications","https://doi.org/10.31763/iota.v4i4.832","",144,"2026-05-27 21:14:56","journal-article","10.31763/iota.v4i4.832","2774-4353",,4,4,785,802,3,1.50,2,2,2,"Student organizations in higher education institutions play a pivotal role in fostering leadership and collaboration. Despite their importance, many still utilize manual document administration processes, resulting in inefficiencies, delays, and a lack of transparency. This research introduces the design and implementation of a web-based Document Management System integrated with Hierarchical Role-Based Access Control (HRBAC) for student organizations at Universitas Tarumanagara. The system adopts a structured and secure framework tailored to the organization’s approval hierarchy, encompassing roles such as UKM/HIMA, BEM, DPM, Faculty Advisors, Deans, and the Student Affairs Office. Each role is assigned specific access privileges to ensure secure and efficient document submission and approval workflows, aligned with organizational needs. The system was developed using the Laravel framework, PHP, HTML, SCSS, JavaScript, and MySQL, following the Waterfall methodology. Usability was evaluated using the System Usability Scale (SUS), achieving a score of 78.33, categorizing it as “Good” in terms of user experience and navigability. The findings indicate significant improvements in process automation, role-based access control, and document traceability. This research offers a comprehensive model for digital transformation in student organization administration, emphasizing the effectiveness of hierarchical access control in optimizing administrative workflows within academic institutions.","https://pubs.ascee.org/index.php/iota/article/download/832/427",""
3,"Mohan Reddy Sareddy, Shakir Khan","Role-Based Access Control, Secure Multi-Party Computation, and Hierarchical Identity-Based Encryption: Combining AI to Improve Mobile Healthcare Security",2024,"2024 International Conference on Emerging Research in Computational Science (ICERCS)","IEEE","https://doi.org/10.1109/icercs63125.2024.10894813","",151,"2026-05-27 21:14:56","proceedings-article","10.1109/icercs63125.2024.10894813","",,,,1,5,3,1.50,2,2,2,"","http://xplorestaging.ieee.org/ielx8/10894758/10894761/10894813.pdf?arnumber=10894813",""
5,"Taisho Sasada, Yuzo Taenaka, Youki Kadobayashi, Doudou Fall","Web-Biometrics for User Authenticity Verification in Zero Trust Access Control",2024,"IEEE Access","Institute of Electrical and Electronics Engineers (IEEE)","https://doi.org/10.1109/access.2024.3413696","",156,"2026-05-27 21:14:56","journal-article","10.1109/access.2024.3413696","2169-3536",,12,,129611,129622,5,2.50,1,4,2,"","http://xplorestaging.ieee.org/ielx8/6287639/10380310/10555260.pdf?arnumber=10555260",""
0,"Yudai Okui, Michitoshi Niibori, Masaki Kohana, Shusuke Okamoto, Masaru Kamada","Location-based web access control via short-time passwords broadcast by Bluetooth low energy beacon",2024,"International Journal of Grid and Utility Computing","Inderscience Publishers","https://doi.org/10.1504/ijguc.2024.10076261","",171,"2026-05-27 21:14:56","journal-article","10.1504/ijguc.2024.10076261","1741-847X",,1,1,,,0,0.00,0,5,2,"","http://www.inderscienceonline.com/doi/full/10.1504/IJGUC.2024.10076261",""
6,"Ramya R. Iyer, Rajesh Sethuraman","Role of ehealth literacy, learning styles, and patterns of web-based e-content access for seeking health information among dental university students in Vadodara, India",2024,"Journal of Education and Health Promotion","Medknow","https://doi.org/10.4103/jehp.jehp_750_23","",172,"2026-05-27 21:14:56","journal-article","10.4103/jehp.jehp_750_23","2277-9531",,13,1,,,6,3.00,3,2,2,"BACKGROUND:: Individual’s learning style, ehealth literacy, and preferred web-based e-content and channel to access information determines how one makes sense of health information on the Internet. Understanding these dynamics will help design suitable e-contents and choose appropriate channels for effective health communication. To assess the relationship between ehealth literacy, learning styles, and web-based e-content accessed for receiving health information among dental college students in Vadodara, India. MATERIALS AND METHODS:: A cross-sectional questionnaire study was conducted among all consenting Undergraduate Students (UGs), interns, and Postgraduate Students (PGs) of a dental college in Vadodara, India, from July to August 2022. The questionnaire used to collect data included questions on general information, eHealth literacy scale (eHEALS), Visual Auditory Reading/Writing Kinaesthetic (VARK) Questionnaire, and preferences of web-based e-content for receiving health information. Completely filled questionnaires were subject to statistical analysis: descriptive (means and percentages) and inferential (analysis of variance tests and odds ratio). RESULTS:: 285 out of 380 students filled out the questionnaires completely (75% response rate). All reported using Internet for receiving health information. Majority preferred textual ehealth message (71%) and access websites (80%). Students were quadmodal (98.%) and trimodal (2%) learners who learned predominantly through kinaesthetic methods (46%). Mean eHEALS score of the group was 30.27 ± 3.41. There was a statistically significant association between preference for sharing channels and being a kinaesthetic learner (OR = 1.6; CONCLUSIONS:: Participants were multi-modal, predominantly kinaesthetic learners. The association between the preference for video-sharing channels and being kinaesthetic learner suggests the need and scope for demonstrative and interactive video-based health educational tools, with the endorsement of health authorities based on health policy.","https://journals.lww.com/10.4103/jehp.jehp_750_23",""
1,"Haoyu Ding, Yizhuo Gao","Control Strategy Based on PID Control in Photovoltaic Inverters",2024,"MATEC Web of Conferences","EDP Sciences","https://doi.org/10.1051/matecconf/202440402001","",179,"2026-05-27 21:14:56","journal-article","10.1051/matecconf/202440402001","2261-236X",,404,,2001,2001,1,0.50,1,2,2,"With the rise and continuous development of new energy sources, photovoltaic (PV) power generation and grid integration have become increasingly critical in the energy industry. In order to select the appropriate inverter control schemes during the process of PV power generation and grid integration, this paper deeply discusses and analyzes the commonly seen Proportional-Integral-Derivative (PID) control strategies. As well as firstly it systematically explains the basic principles of PV inverters and PID control technology. Secondly, this paper explores the principles and structures of several optimized PID control strategies, and conducts an in-depth discussion and analysis of the applicable scenarios of various schemes. In addition, it comprehensively evaluates the performance of PID control in PV inverters. Finally, it deeply discusses and looks forward to the future development direction of PID control in the field of PV inverters, and the research aiming to provide inspiration and guidance for researchers in this field.","https://www.matec-conferences.org/10.1051/matecconf/202440402001/pdf",""
5,"Amang Sudarsono, Rahardhita Widyatra Sudibyo, Idris Winarno, Mike Yuliana","Ephemeral Secret Leakage-Free ID-Role-Based Access Control Authentication and Key Exchange Protocol for Securing Electric Vehicle Data",2024,"IEEE Access","Institute of Electrical and Electronics Engineers (IEEE)","https://doi.org/10.1109/access.2024.3450903","",182,"2026-05-27 21:14:56","journal-article","10.1109/access.2024.3450903","2169-3536",,12,,120961,120978,5,2.50,1,4,2,"","http://xplorestaging.ieee.org/ielx8/6287639/10380310/10654262.pdf?arnumber=10654262",""
0,"AKEEM A. FAMOUS","INTERNET OF THINGS DEVICES, ROLE-BASED ACCESS CONTROL SYSTEM, AND EFFICIENT DATA SECURITY AND MANAGEMENT IN HEALTHCARE SECTOR",2024,"International Journal of Science Research and Technology","Mediterranean Publications and Research International","https://doi.org/10.70382/tijsrat.v06i9.018","",185,"2026-05-27 21:14:56","journal-article","10.70382/tijsrat.v06i9.018","3026-8796",,,,,,0,0.00,0,1,2,"As the 21st century security challenges persist in the healthcare sector, it is worthwhile for result-oriented and problem-solving measures to be devised and deployed for lasting solutions. To that end, this study proposes significant leveraging of IoT devices for efficient security and data management in the healthcare sector. The study’s proposed and developed novel web-based architecture, regarded as “Role Based Access Control (RBAC), can ensure efficient security and data management in the healthcare sector, if implemented. The model, which involves using IoT devices for implementation can restrict unauthorized persons from accessing critical healthcare data. The security of the architecture has been implemented and tested to show the efficiency of protecting healthcare data using IoT devices at a significant extent. Therefore, IoT devices and RBAC are recommended to stakeholders in healthcare sector for the attainment of efficiency in data security and management.","https://taapublications.com/tijsrat/article/download/508/566",""
15,"Song Lixian, Wan Rahiman","A Compound Control for Hybrid Stepper Motor Based on PI and Sliding Mode Control",2024,"IEEE Access","Institute of Electrical and Electronics Engineers (IEEE)","https://doi.org/10.1109/access.2024.3490793","",187,"2026-05-27 21:14:56","journal-article","10.1109/access.2024.3490793","2169-3536",,12,,163536,163550,15,7.50,8,2,2,"","http://xplorestaging.ieee.org/ielx8/6287639/10380310/10741576.pdf?arnumber=10741576",""
1,"Vamsy Priya Anne","Enhancing Role-Based Access Control through Artificial Intelligence and Machine Learning",2024,"Journal of Artificial Intelligence &amp; Cloud Computing","Scientific Research and Community Ltd","https://doi.org/10.47363/jaicc/2024(3)399","",202,"2026-05-27 21:14:56","journal-article","10.47363/jaicc/2024(3)399","2754-6659",,3,1,1,1,1,0.50,1,1,2,"In this research paper, an attempt has been made to discuss the implementation of AI & ML to improve the existing RBAC systems. Having used a qualitative research approach, the study evaluates the secondary materials from scholarly articles and industrial white papers found in Google Scholar and ProQuest. The research shows that AI and ML may improve RBAC by dynamically changing responsibilities, identifying dangers, and reducing false alarms. AI enables predictive analysis to avoid security risks and analytical power to oppose and adapt to working situations. AI and RBAC integration improve security and system responsiveness by standardizing the working process. The paper recommends more research on algorithms and ethics, as well as industry-specific solutions. These enhancements should make RBAC more versatile, efficient, and secure for allowing and controlling access levels in varied organizational situations.","",""
0,"Adetayo Adeyinka","Zero Trust Architectures in Multi-Tenant Cloud Platforms: A Role-Based Access Control Reinforcement Framework",2024,"International Journal of Innovative Research in Computer and Communication Engineering","Ess & Ess Research Publications","https://doi.org/10.15680/ijircce.2024.1205372","",203,"2026-05-27 21:14:56","journal-article","10.15680/ijircce.2024.1205372","2320-9801",,12,5,,,0,0.00,0,1,2,"The given paper introduces a motionable, Zero Trust augmented Role-Based Access Control (ZTRBAC) framework that suits multi-tenant cloud platforms. Conventional forms of RBAC are not flexible to real-time security threats and security needs based on real-time situations. The proposed framework offers to combine the Zero Trust principles (e.g., continuous authentication, behavioral analytics, and micro-segmentation) within the structured governance embodied by RBAC to achieve fine-grained access control within shared cloud infrastructures. Case studies in the real world portray major enhancements of security metrics, alignment with terms of compliance and efficiency in operation. Additional challenges within the adoption of ZT-RBAC, challenges related to technical issues, user experiences, and regulatory compliance are also explored in the study and emerging technologies that would potentially become the solution to the access control techniques of the future in cloud computing are also identified.","",""
1,"Clémentine Gritti, Emanuel Regnath, Sebastian Steinhorst","MATRaCAE: Time-Based Revocable Access Control in the IoT",2024,"Proceedings of the 21st International Conference on Security and Cryptography","SCITEPRESS - Science and Technology Publications","https://doi.org/10.5220/0012825700003767","",205,"2026-05-27 21:14:56","proceedings-article","10.5220/0012825700003767","",,,,274,285,1,0.50,0,3,2,"","",""
0,"Neelam Saleem Khan, Roohie Naaz Mir, Mohammad Ahsan Chishti, Mahreen Saleem","B-ERAC: Blockchain-Enabled Role-Based Access Control for Secure IoT Device Communication",2024,"Scalable Computing: Practice and Experience","Scalable Computing: Practice and Experience","https://doi.org/10.12694/scpe.v25i6.2936","",206,"2026-05-27 21:14:56","journal-article","10.12694/scpe.v25i6.2936","1895-1767",,25,6,,,0,0.00,0,4,2,"Security risks are increasingly concerning as the Internet of Things (IoT) expands. Authentication, access control, and authorization present significant challenges for resource-constrained IoT devices. Traditional authentication methods often require enhancements for these devices, but Blockchain technology presents a potential solution. Decentralized and distributed, Blockchain eliminates a single point of failure and relies on Elliptic Curve Cryptography (ECC) for robust security. We have introduced a cutting-edge solution to fortify communication security within IoT devices across supply chain ecosystems. By harnessing the power of Blockchain technology, our framework incorporates smart contracts, adheres to ES256 encryption standards, and seamlessly integrates with Infura API. These components establish stringent access controls, ensure data integrity, and enhance transparency throughout supply chain processes. The framework’s robust architecture facilitates swift and secure transactions, bolsters traceability efforts, and effectively mitigates potential security risks. With its scalable design and reliable functionality, this framework emerges as a pivotal asset for optimizing IoT device communication within dynamic supply chain environments. The use of ProVerif in our analysis provides a formal guarantee of the correctness of our access control mechanisms.","https://www.scpe.org/index.php/scpe/article/download/2936/1366",""
5,"Jigna J. Hathaliya, Sudeep Tanwar","Role and attribute-based access control scheme for decentralized medicine supply chain",2024,"Journal of Information Security and Applications","Elsevier BV","https://doi.org/10.1016/j.jisa.2024.103851","",224,"2026-05-27 21:14:56","journal-article","10.1016/j.jisa.2024.103851","2214-2126",,85,,103851,103851,5,2.50,3,2,2,"","https://api.elsevier.com/content/article/PII:S2214212624001534",""
0,"N.F. Bogachenko","Permissions engineering in the task of constructing a role-based access control policy",2024,"Mathematical structures and modeling","Dostoevsky Omsk State University","https://doi.org/10.24147/2222-8772.2024.1.94-102","",225,"2026-05-27 21:14:56","journal-article","10.24147/2222-8772.2024.1.94-102","2222-8772",,,1,94,102,0,0.00,0,1,2,"The problem of role engineering is extended by the subproblem of permissions engineering. It is assumed that discretionary access control is specified in the information system. To build a role-based security policy, a technique based on algorithms for formal concept analysis is proposed. Based on the access matrix, a Galois lattice is constructed, the nodes of which are interpreted as possible permissions. Criteria for choosing the optimal set of permissions are determined and a heuristic algorithm for solving the problem is discussed.","",""
13,"Yewande Alice Marquis","From Theory to Practice: Implementing Effective Role-Based Access Control Strategies to Mitigate Insider Risks in Diverse Organizational Contexts",2024,"Journal of Engineering Research and Reports","Sciencedomain International","https://doi.org/10.9734/jerr/2024/v26i51141","",227,"2026-05-27 21:14:56","journal-article","10.9734/jerr/2024/v26i51141","2582-2926",,26,5,138,154,13,6.50,13,1,2,"This study investigates the effectiveness of Role-Based Access Control (RBAC) systems in mitigating insider threats to database security within various organizational environments. Insider threats represent a significant challenge for database security, necessitating robust and adaptive security measures. By delineating access based on users' roles within an organization, RBAC emerges as a critical tool against such threats. Employing a quantitative research methodology, this work gathered data through a survey targeting professionals directly involved in the security and management of organizational databases across technology, finance, healthcare, and government industries. The study utilized Confirmatory Factor Analysis (CFA) and Structural Equation Modeling (SEM) to validate the measurement model and analyze the relationships between RBAC effectiveness, implementation challenges, RBAC enhancements, and their collective impact on insider threat reduction. Findings indicate that RBAC effectively reduces unauthorized access and data breaches, significantly mitigating insider threats. However, implementation challenges such as role definition complexity and adapting to dynamic access needs emerge as notable obstacles. Enhancements in RBAC, mainly through integrating technologies like machine learning and dynamic access controls, are identified as critical mediators that enhance RBAC's effectiveness. The study concludes that while RBAC is a vital tool for database security, its success depends on continuous improvement and customization to specific organizational contexts. It recommends developing continuous enhancement programs for RBAC systems, specialized training for administrators, and the customization of RBAC strategies to meet unique organizational and industry needs. These measures are crucial for optimizing RBAC's effectiveness against insider threats.","https://journaljerr.com/index.php/JERR/article/download/1141/2268",""
4,"Mingyue Liu, Zhe Ma, Jiale Li, Ying Cheng Wu, Xukang Wang","Deep-Learning-Based Pre-Training and Refined Tuning for Web Summarization Software",2024,"IEEE Access","Institute of Electrical and Electronics Engineers (IEEE)","https://doi.org/10.1109/access.2024.3423662","",239,"2026-05-27 21:14:56","journal-article","10.1109/access.2024.3423662","2169-3536",,12,,92120,92129,4,2.00,1,5,2,"","http://xplorestaging.ieee.org/ielx8/6287639/10380310/10584489.pdf?arnumber=10584489",""
6,"Aditya Vijjapu, Anusha P Alagawadi, Anish Maddi, C.R Kavitha","Enhancing Medical Record Security: Using Role-based Access Control, Digital Signatures, and RSA Encryption",2024,"2024 8th International Conference on Electronics, Communication and Aerospace Technology (ICECA)","IEEE","https://doi.org/10.1109/iceca63461.2024.10800884","",256,"2026-05-27 21:14:56","proceedings-article","10.1109/iceca63461.2024.10800884","",,,,484,488,6,3.00,2,4,2,"","http://xplorestaging.ieee.org/ielx8/10799939/10800750/10800884.pdf?arnumber=10800884",""
1,"Marjay C. Bumalod, Rose Mary A. Velasco","Synergistic Information Security Design Implementation based on Role-Based Access Control, Information Classification, and AES Cryptographic Encryption",2024,"International Journal in Information Technology in Governance, Education and Business","Sekolah Tinggi Informatika dan Komputer Indonesia","https://doi.org/10.32664/ijitgeb.v6i1.136","",260,"2026-05-27 21:14:56","journal-article","10.32664/ijitgeb.v6i1.136","2721-0030",,6,1,68,85,1,0.50,1,2,2,"Security technology has undergone significant development and research in response to increasing cyber threats. The Intranet Document Management System (IDMS) was created to centralize documents within organizations, ensuring efficiency and streamlining processes. Given the critical nature of document management in organizational workflows, secure and safe management is paramount. This study aims to develop a secure IDMS using Advanced Encryption Standard (AES) encryption, Role-Based Access Control (RBAC), and an Information Classification Model. We also provide a comprehensive overview of the key characteristics and performance metrics of each access control model and cryptographic algorithm, facilitating decision-making for system design and implementation. The system offers high granularity, ease of administration through role assignments with document classification, high flexibility with customized permissions, and scalability with roles and classification. AES is chosen for its high security and fast performance, making it a widely used encryption standard. Keywords: Advanced Encryption Standard (AES), Access Control, Cryptographic Algorithm, Document Management System, Information Classification   Received Date: April 2, 2024Revised Date: May 10, 2024Accepted Date: May 14, 2024","https://ijitgeb.org/ijitgeb/article/download/136/74",""
0,"Shanu Khare, Payal Thakur, Navjot Singh Talwandi, Vikash Yadav","Securing Microservice Architecture: Load Balancing and Role-Based Access Control",2024,"International Journal on Engineering Artificial Intelligence Management, Decision Support, and Policies","Adroid Connectz Private Limited","https://doi.org/10.63503/j.ijaimd.2024.7","",268,"2026-05-27 21:14:56","journal-article","10.63503/j.ijaimd.2024.7","3048-8788",,1,1,21,28,0,0.00,0,4,2,"This study focuses on the security aspects within microservice architecture, particularly addressing load balancing and role-based access control (RBAC). Exploring the intersection of load balancing techniques and RBAC mechanisms, the research aims to enhance the security posture of microservices. By evalu-ating strategies for efficient load distribution and implementing RBAC proto-cols, the study seeks to fortify the architecture against potential vulnerabili-ties. The integration of load balancing and RBAC not only ensures optimized resource utilization but also strengthens access control measures, bolstering the overall security framework in microservice-based systems","https://submissions.adroidjournals.com/index.php/ijaimd/article/download/7/4",""
0,"Hector Ramirez","Automated Change Management and Instance Control in AWS: A Workflow Utilizing AWS Systems Manager, SNS, and Role-Based Access",2024,"International Journal of AI, BigData, Computational and Management Studies","ScienceTech Xplore","https://doi.org/10.63282/3050-9416.ijaibdcms-v5i1p101","",269,"2026-05-27 21:14:56","journal-article","10.63282/3050-9416.ijaibdcms-v5i1p101","3050-9416",,5,,1,16,0,0.00,0,1,2,"","",""
8,"Kai Liu","Contact Force Control of Robot Polishing System Based on Vision Control Algorithm",2024,"IEEE Access","Institute of Electrical and Electronics Engineers (IEEE)","https://doi.org/10.1109/access.2024.3458915","",272,"2026-05-27 21:14:56","journal-article","10.1109/access.2024.3458915","2169-3536",,12,,137926,137941,8,4.00,8,1,2,"","http://xplorestaging.ieee.org/ielx8/6287639/10380310/10679148.pdf?arnumber=10679148",""
4,"Somchart Fugkeaw, Sorravich Rattagool, Pawat Jiangthiranan, Peerawichaya Pholwiset","FPRESSO: Fast and Privacy-Preserving SSO Authentication With Dynamic Load Balancing for Multi-Cloud-Based Web Applications",2024,"IEEE Access","Institute of Electrical and Electronics Engineers (IEEE)","https://doi.org/10.1109/access.2024.3485996","",274,"2026-05-27 21:14:56","journal-article","10.1109/access.2024.3485996","2169-3536",,12,,157888,157900,4,2.00,1,4,2,"","http://xplorestaging.ieee.org/ielx8/6287639/10380310/10734102.pdf?arnumber=10734102",""
4,"Daeun Kim, Yuji Park, Seongmin Kim","A Measurement Study on Tor Hidden Services via Keyword-Based Dark Web Collection Framework",2024,"IEEE Access","Institute of Electrical and Electronics Engineers (IEEE)","https://doi.org/10.1109/access.2024.3465629","",283,"2026-05-27 21:14:56","journal-article","10.1109/access.2024.3465629","2169-3536",,12,,136936,136945,4,2.00,1,3,2,"","http://xplorestaging.ieee.org/ielx8/6287639/10380310/10685355.pdf?arnumber=10685355",""
4,"Basak Buluz Kömeçoğlu, Burcu Yilmaz","Event Graph-Based News Clustering: The Role of Named Entity-Centered Subgraphs",2024,"IEEE Access","Institute of Electrical and Electronics Engineers (IEEE)","https://doi.org/10.1109/access.2024.3435343","",287,"2026-05-27 21:14:56","journal-article","10.1109/access.2024.3435343","2169-3536",,12,,105613,105632,4,2.00,2,2,2,"","http://xplorestaging.ieee.org/ielx8/6287639/10380310/10614141.pdf?arnumber=10614141",""
1,"Nabil Georges Badr, Malak Khiami","Improving access to prescription-based care through patient-centered smart pharmacy ecosystems",2024,"ITM Web of Conferences","EDP Sciences","https://doi.org/10.1051/itmconf/20246202003","",295,"2026-05-27 21:14:56","journal-article","10.1051/itmconf/20246202003","2271-2097",,62,,2003,2003,1,0.50,1,2,2,"In smart cities, community pharmacies offer a range of health services, including clinical data gathering, medication dispensing, and automated alerts for precautions. Our paper reviews smart pharmacies, highlighting a shift from prescription-based treatment to patient-centered care. This transformation involves promoting a culture of cooperation and shared decision-making among stakeholders for value co-creation through seamless integration of pharmaceutical services and technology. Through the lens of Service Dominant (SD) Logic, this conceptual paper sets out to examine the context of smart pharmacies in the contemporary healthcare landscape, revealing their potential in advancing patient-centered care and driving collaborative value creation within a complex healthcare ecosystem.","https://www.itm-conferences.org/10.1051/itmconf/20246202003/pdf",""
1,"Paulina Conrad, Knut Graichen","A Sensitivity-Based Approach to Self-Triggered Nonlinear Model Predictive Control",2024,"IEEE Access","Institute of Electrical and Electronics Engineers (IEEE)","https://doi.org/10.1109/access.2024.3480522","",309,"2026-05-27 21:14:56","journal-article","10.1109/access.2024.3480522","2169-3536",,12,,153243,153252,1,0.50,1,2,2,"","http://xplorestaging.ieee.org/ielx8/6287639/10380310/10716654.pdf?arnumber=10716654",""
1,"Rubina Ghazal, Nauman Qadeer, Hasnain Raza, Ahmad Kamran Malik","Automated Semantic Role Mining Using Intelligent Role Based Access Control in Globally Distributed Banking Environment",2024,"Advances in Intelligent Systems and Computing","Springer Nature Switzerland","https://doi.org/10.1007/978-3-031-56599-1_7","",317,"2026-05-27 21:14:56","book-chapter","10.1007/978-3-031-56599-1_7","2194-5357",,,,51,55,1,0.50,0,4,2,"","https://link.springer.com/content/pdf/10.1007/978-3-031-56599-1_7",""
0,"Anastasia Prushchik, Vladimir Vytovtov, Yulija Rubanik, Sergey Boev","The erosion control role of linear boundaries on a slope",2024,"E3S Web of Conferences","EDP Sciences","https://doi.org/10.1051/e3sconf/202454801013","",318,"2026-05-27 21:14:56","journal-article","10.1051/e3sconf/202454801013","2267-1242",,548,,1013,1013,0,0.00,0,4,2,"The paper presents an assessment of soil protection from erosion by forest strips on the experimental fields of the scientific unit of the Federal State Budgetary Institution ""Kursk FARC"" (Medvensky district, Kursk region). The soil is leached chernozem (Chernozems leached), mediumthick, heavy loam on loess-like loams, slightly eroded. Poplar forest strips located in the lower part of the slopes of northern exposure, at the transition of slopes 3–4","https://www.e3s-conferences.org/10.1051/e3sconf/202454801013/pdf",""
10,"Jaibir Singh, Suman Rani, Vipin Kumar","Role-Based Access Control (RBAC) Enabled Secure and Efficient Data Processing Framework for IoT Networks",2024,"International Journal of Communication Networks and Information Security (IJCNIS)","Auricle Technologies, Pvt., Ltd.","https://doi.org/10.17762/ijcnis.v16i2.6697","",333,"2026-05-27 21:14:56","journal-article","10.17762/ijcnis.v16i2.6697","2073-607X",,,,,,10,5.00,3,3,2,"Internet of Things (IoT) has the potential to significantly impact various domains e.g. health, transportation, automation, and emergency response to both man-made and natural disasters, particularly in scenarios where human decision is challenging. In this research a Role-Based Access Control (RBAC) Enabled Secure and Efficient Data Processing Framework for IoT Networks has been proposed. This framework ensures robust security and optimized data handling through granular access control mechanisms based on predefined roles. By leveraging RBAC, it mitigates unauthorized access risks, thereby safeguarding sensitive IoT data during transmission and storage. Our approach emphasizes efficiency by streamlining data processing workflows, reducing latency, and optimizing resource utilization. The framework is designed to scale with IoT network expansions and adapt to evolving security needs, promising enhanced reliability and trustworthiness in data operations for contemporary IoT environments. According to this research work current security effectiveness is 99 percent.Home area network (HAN) can be used for smart connectivity of different home appliances using IoT and automatic start and stop feature may be possible.Access control server (ACS) is used to control access and provide permission for different operations.","https://ijcnis.org/index.php/ijcnis/article/download/6697/1327",""
0,"Yuan Deng","Adaptability Analysis of Distributed Motor Measurement and Control System Based on Electronic Information Technology",2024,"IEEE Access","Institute of Electrical and Electronics Engineers (IEEE)","https://doi.org/10.1109/access.2024.3421324","",337,"2026-05-27 21:14:56","journal-article","10.1109/access.2024.3421324","2169-3536",,12,,91851,91862,0,0.00,0,1,2,"","http://xplorestaging.ieee.org/ielx8/6287639/10380310/10577757.pdf?arnumber=10577757",""
0,"Yoga Agung Prasetia, Daniel Manongga","ROLE-BASED ACCESS CONTROL (RBAC) UNTUK SISTEM OTORISASI TERPUSAT BERBASIS FLASK STUDI KASUS PT. XYZ",2024,"JIPI (Jurnal Ilmiah Penelitian dan Pembelajaran Informatika)","STKIP PGRI Tulungagung","https://doi.org/10.29100/jipi.v9i4.5403","",353,"2026-05-27 21:14:56","journal-article","10.29100/jipi.v9i4.5403","2540-8984",,9,4,1768,1778,0,0.00,0,2,2,"","https://jurnal.stkippgritulungagung.ac.id/index.php/jipi/article/viewFile/5403/2285",""
1,"Yuan Yuan, Yegang Du, Jun Pan","An Intelligent Web Service Discovery Framework Based on Improved Biterm Topic Model",2024,"IEEE Access","Institute of Electrical and Electronics Engineers (IEEE)","https://doi.org/10.1109/access.2024.3472692","",364,"2026-05-27 21:14:56","journal-article","10.1109/access.2024.3472692","2169-3536",,12,,144437,144455,1,0.50,0,3,2,"","http://xplorestaging.ieee.org/ielx8/6287639/10380310/10704723.pdf?arnumber=10704723",""
4,"Onome Blaise Ohwo, Wumi Ajayi, Alfred Udosen, Afolarin Amusa, Mensah Yaw Agyei, Oluwadoyinsola Bamidele","Hybrid Privacy-Preserving Access Control Mechanism Using Blockchain and Attribute-Based Access Control for Smart Home",2024,"2024 IEEE SmartBlock4Africa","IEEE","https://doi.org/10.1109/smartblock4africa61928.2024.10779501","",367,"2026-05-27 21:14:56","proceedings-article","10.1109/smartblock4africa61928.2024.10779501","",,,,1,8,4,2.00,1,6,2,"","http://xplorestaging.ieee.org/ielx8/10779504/10779487/10779501.pdf?arnumber=10779501",""
6,"Qi Jin","Automatic Control of Traffic Lights at Multiple Intersections Based on Artificial Intelligence and ABST Light",2024,"IEEE Access","Institute of Electrical and Electronics Engineers (IEEE)","https://doi.org/10.1109/access.2024.3433016","",375,"2026-05-27 21:14:56","journal-article","10.1109/access.2024.3433016","2169-3536",,12,,103004,103017,6,3.00,6,1,2,"","http://xplorestaging.ieee.org/ielx8/6287639/10380310/10608134.pdf?arnumber=10608134",""
0,"Fernanda Ramirez-Espinoza","Keeping Girls on the STEM Track: an Exploration of Role Model Effect and its Mechanisms",2024,"AEA Randomized Controlled Trials","American Economic Association","https://doi.org/10.1257/rct.14662","",388,"2026-05-27 21:14:56","dataset","10.1257/rct.14662","",,,,,,0,0.00,0,1,2,"","",""
0,"Fernanda Ramirez-Espinoza","Keeping Girls on the STEM Track: an Exploration of Role Model Effect and its Mechanisms",2024,"AEA Randomized Controlled Trials","American Economic Association","https://doi.org/10.1257/rct.14662-1.0","",399,"2026-05-27 21:14:56","dataset","10.1257/rct.14662-1.0","",,,,,,0,0.00,0,1,2,"","",""
3,"Zhao Zeng, Ying Gao","Cost Control Management of Construction Projects Based on Fuzzy Logic and Auction Theory",2024,"IEEE Access","Institute of Electrical and Electronics Engineers (IEEE)","https://doi.org/10.1109/access.2024.3438291","",402,"2026-05-27 21:14:56","journal-article","10.1109/access.2024.3438291","2169-3536",,12,,130292,130304,3,1.50,2,2,2,"","http://xplorestaging.ieee.org/ielx8/6287639/10380310/10623239.pdf?arnumber=10623239",""
1,"Wenbo Zhao, Wei Feng, Chao Ge","<i>H<sub>∞</sub> </i> Synchronization for Chaotic Lur’e System With Uncertainty Based on Memory-Based Sampled-Data Control",2024,"IEEE Access","Institute of Electrical and Electronics Engineers (IEEE)","https://doi.org/10.1109/access.2024.3359250","",407,"2026-05-27 21:14:56","journal-article","10.1109/access.2024.3359250","2169-3536",,12,,20471,20478,1,0.50,0,3,2,"","http://xplorestaging.ieee.org/ielx7/6287639/10380310/10423275.pdf?arnumber=10423275",""
0,"Lacey Kovar","Hospital-Based Infection Prevention Communication Site Utilizing a Web-Based Application",2024,"American Journal of Infection Control","Elsevier BV","https://doi.org/10.1016/j.ajic.2024.04.082","",409,"2026-05-27 21:14:56","journal-article","10.1016/j.ajic.2024.04.082","0196-6553",,52,6,,,0,0.00,0,1,2,"","https://api.elsevier.com/content/article/PII:S0196655324002426",""
2,"Jun Zhang, Huakun QUE, Xiashan Feng, Xiaofeng Feng, Xiling Tang","Research on Improvement Calculation Method of Grid Power Losses Based on New Energy Access Model",2024,"EAI Endorsed Transactions on Energy Web","European Alliance for Innovation n.o.","https://doi.org/10.4108/ew.5487","",423,"2026-05-27 21:14:56","journal-article","10.4108/ew.5487","2032-944X",,11,,,,2,1.00,0,5,2,"This research presents an improved calculation method for grid power losses, particularly focusing on the challenges posed by new energy access models. With the integration of electric vehicles and the rise of data centers, the demand for electrical energy has surged, leading to increased strain on grid stations and subsequent power losses. The proposed model aimed at reducing these power losses, while also examining existing systems to mitigate and analyze such issues. A significant contribution of this work is the application of the Random Forest machine learning algorithm, which enables efficient and accurate power flow calculations essential for optimizing grid performance. The proposed method is expected to enhance the grid’s ability to handle future energy demands and contribute to the sustainable development of electrical energy systems.","https://publications.eai.eu/index.php/ew/article/download/5487/3040",""
0,"Yogesh Kumar Sharma, Vipin Kumar Kushwaha, Akansha Sharma, Murari Kumar Singh","Transaction Cost Analysis for a High Security Role-Based Access Control Vending Machine Using Blockchain",2024,"2024 4th International Conference on Advancement in Electronics &amp;amp; Communication Engineering (AECE)","IEEE","https://doi.org/10.1109/aece62803.2024.10911873","",424,"2026-05-27 21:14:56","proceedings-article","10.1109/aece62803.2024.10911873","",,,,1407,1411,0,0.00,0,4,2,"","http://xplorestaging.ieee.org/ielx8/10910286/10910922/10911873.pdf?arnumber=10911873",""
2,"Harshini B V, Ulagarchana U, Perla Mounika, L. Mary Shamala","Implementing OTP Verification and Zero Trust Security for Role-Based Access Control in Medical Records",2024,"2024 Third International Conference on Smart Technologies and Systems for Next Generation Computing (ICSTSN)","IEEE","https://doi.org/10.1109/icstsn61422.2024.10671108","",425,"2026-05-27 21:14:56","proceedings-article","10.1109/icstsn61422.2024.10671108","",,,,1,6,2,1.00,1,4,2,"","http://xplorestaging.ieee.org/ielx8/10670699/10670715/10671108.pdf?arnumber=10671108",""
0,"","AN ETHEREUM BASED ATTRIBUTE-BASED ACCESS CONTROL FOR IOT",2024,"ТРУДЫ ИНСТИТУТА СИСТЕМНОГО АНАЛИЗА РОССИЙСКОЙ АКАДЕМИИ НАУК","Federal Research Center &quot;Computer Science and Control&quot; of the Russian Academy of Sciences","https://doi.org/10.14357/20790279240104","",428,"2026-05-27 21:14:56","journal-article","10.14357/20790279240104","2079-0279",,,,,,0,0.00,0,0,2,"","",""
2,"Hui Bian, Ping Hao","A Markov Jump System-Based Mathematical Modeling Method for Collaborative Control of Unmanned Vehicles",2024,"IEEE Access","Institute of Electrical and Electronics Engineers (IEEE)","https://doi.org/10.1109/access.2024.3409348","",430,"2026-05-27 21:14:56","journal-article","10.1109/access.2024.3409348","2169-3536",,12,,82192,82204,2,1.00,1,2,2,"","http://xplorestaging.ieee.org/ielx8/6287639/10380310/10547261.pdf?arnumber=10547261",""
22,"Muhammad Usman, Muhammad Shahzad Sarfraz, Muhammad Umar Aftab, Usman Habib, Saleha Javed","A Blockchain Based Scalable Domain Access Control Framework for Industrial Internet of Things",2024,"IEEE Access","Institute of Electrical and Electronics Engineers (IEEE)","https://doi.org/10.1109/access.2024.3390842","",431,"2026-05-27 21:14:56","journal-article","10.1109/access.2024.3390842","2169-3536",,12,,56554,56570,22,11.00,4,5,2,"","http://xplorestaging.ieee.org/ielx7/6287639/10380310/10504806.pdf?arnumber=10504806",""
20,"Fisayo Sangoleye, Jay Johnson, Eirini Eleni Tsiropoulou","Intrusion Detection in Industrial Control Systems Based on Deep Reinforcement Learning",2024,"IEEE Access","Institute of Electrical and Electronics Engineers (IEEE)","https://doi.org/10.1109/access.2024.3477415","",438,"2026-05-27 21:14:56","journal-article","10.1109/access.2024.3477415","2169-3536",,12,,151444,151459,20,10.00,7,3,2,"","http://xplorestaging.ieee.org/ielx8/6287639/10380310/10713374.pdf?arnumber=10713374",""
1,"M. Lenin Kumar, V. Malathy, M. Anand","RTOS and task–role-based access control algorithm using Internet of Things for health monitoring and live video streaming of remote patients",2024,"Embedded Devices and Internet of Things","CRC Press","https://doi.org/10.1201/9781003510420-7","",440,"2026-05-27 21:14:56","book-chapter","10.1201/9781003510420-7","",,,,108,137,1,0.50,0,3,2,"","",""
0,"Xing Li, Junpei Zhong","Retraction Notice Upper Limb Rehabilitation Robot System Based on Internet of Things Remote Control",2024,"IEEE Access","Institute of Electrical and Electronics Engineers (IEEE)","https://doi.org/10.1109/access.2024.3461385","",441,"2026-05-27 21:14:56","journal-article","10.1109/access.2024.3461385","2169-3536",,12,,131487,131487,0,0.00,0,2,2,"","http://xplorestaging.ieee.org/ielx8/6287639/10380310/10702366.pdf?arnumber=10702366",""
2,"Aoao Bian, Dezhi Han, Mingming Cui, Dun Li","Medical record information storage scheme based on blockchain and attribute role-based access control",2024,"Computer Science and Information Systems","National Library of Serbia","https://doi.org/10.2298/csis231002019b","",447,"2026-05-27 21:14:56","journal-article","10.2298/csis231002019b","1820-0214",,21,3,807,830,2,1.00,1,4,2,"The integration of the Internet with the healthcare industry has ushered in a transformative revolution in the medical field, where efficient and prompt electronic medical records can save precious resources.However, incomplete or tampered electronic medical records have serious implications on patient. Ensuring the complete, accurate storage of medical record information is an urgent problem that needs to be addressed.Therefore, this paper proposes a blockchain-based solution for secure storage and sharing of medical record information, combining the role-based access control (RBAC) with the attribute-based access control (ABAC). Firstly, by utilizing RBAC and ABAC, dynamic fine-grained access control for medical information is achieved based on role differences. Then, the medical record information is stored in the blockchain through chaincode. In addition, Advanced Encryption Standard and Feature-Aware Stateful Routing technology is applied to further enhance security and storage efficiency of the scheme. Experimental results demonstrate that the proposed solution ensures the security and integrity of medical record, while providing efficient information storage and access.","",""
0,"Eric Affum"," Access Control System Based on Blockchain and Puncturable Attribute Based Encryption for Data Privacy on Content Centric Networks ",2024,"","Research Square Platform LLC","https://doi.org/10.21203/rs.3.rs-4405674/v1","",455,"2026-05-27 21:14:56","posted-content","10.21203/rs.3.rs-4405674/v1","",,,,,,0,0.00,0,1,2,"<title>Abstract</title> <p>In a novel content centric network paradigm where content can be cached in-network and at the edge of the network, attribute based encryption (ABE) is considered to be a vital cryptography scheme to address data privacy and fine-grained access control issues. Nevertheless, the ABE scheme suffers from ineffectiveness, attributes revocations, and relies on a centralized conventional public key infrastructure with a key escrow problem and a single point of failure that could lead to a system collapse. Hence, we propose an effective access control mechanism for the Internet of Things content centric network by combining the puncturable ABE scheme with blockchain public key management. The effectiveness of our scheme is accomplished by utilizing a reduced order binary decision diagram for the definition of the access structure employed for our proposed scheme. The problem associated with key updates is solved by using the puncturable property of our ABE scheme. We also adopted a blockchain key management approach with the advantages of decentralized and tamper-proof design features to register, query, update keys, and verify and revoke a user's access capability. We simulated our scheme, and the experimental results indicate that our scheme is practical.</p>","https://www.researchsquare.com/article/rs-4405674/v1",""
1,"Gunjan Batra","Attribute-Based Access Control",2024,"Encyclopedia of Cryptography, Security and Privacy","Springer Berlin Heidelberg","https://doi.org/10.1007/978-3-642-27739-9_1539-1","",470,"2026-05-27 21:14:56","book-chapter","10.1007/978-3-642-27739-9_1539-1","",,,,1,3,1,0.50,1,1,2,"","https://link.springer.com/content/pdf/10.1007/978-3-642-27739-9_1539-1",""
1,"Muhammad Adeel Javaid","Context-Aware Compliance-based Access Control (CACBAC)",2024,"SSRN Electronic Journal","Elsevier BV","https://doi.org/10.2139/ssrn.4825701","",471,"2026-05-27 21:14:56","journal-article","10.2139/ssrn.4825701","1556-5068",,,,,,1,0.50,1,1,2,"","",""
9,"Duc-Binh Pham, Thi-van-Anh Nguyen, Ngoc-Tam Bui","Composite Fuzzy-Based Control Strategy for Uncertain Underactuated System",2024,"IEEE Access","Institute of Electrical and Electronics Engineers (IEEE)","https://doi.org/10.1109/access.2024.3485243","",484,"2026-05-27 21:14:56","journal-article","10.1109/access.2024.3485243","2169-3536",,12,,155564,155577,9,4.50,3,3,2,"","http://xplorestaging.ieee.org/ielx8/6287639/10380310/10731704.pdf?arnumber=10731704",""
1,"Kheda Musaeva, Anna Babich, Fatima Uzdenova","The role of intelligent control systems in optimizing production processes in agriculture",2024,"BIO Web of Conferences","EDP Sciences","https://doi.org/10.1051/bioconf/202414003007","",499,"2026-05-27 21:14:56","journal-article","10.1051/bioconf/202414003007","2117-4458",,140,,3007,3007,1,0.50,0,3,2,"Modern agriculture has increasingly employed intelligent control systems to optimize production processes and enhance resource efficiency. This article explores the importance and impact of intelligent control systems in the agricultural sector. Various aspects of implementing such systems are discussed, including process optimization in crop cultivation and livestock farming, resource management, and the integration of drones and robotic systems. The benefits of using intelligent control systems in agriculture are examined in the context of increasing productivity and reducing risks, as well as their contribution.","https://www.bio-conferences.org/10.1051/bioconf/202414003007/pdf",""
1,"Shihui Song, Qiang Liu","Control System of Wheel Leg Star Catalog Detection Robot Based on Hierarchical Path Planning Algorithm",2024,"IEEE Access","Institute of Electrical and Electronics Engineers (IEEE)","https://doi.org/10.1109/access.2024.3495979","",501,"2026-05-27 21:14:56","journal-article","10.1109/access.2024.3495979","2169-3536",,12,,166333,166348,1,0.50,1,2,2,"","http://xplorestaging.ieee.org/ielx8/6287639/10380310/10750195.pdf?arnumber=10750195",""
0,"Miss. Rashmi Ravindra Chaudhari, Mr. Vaibhav Tukaram Narkhede","Mitigating DDOS Attacks from IP-Rotating Bots Using Token-Based Access Control",2024,"International Journal of Research Publication and Reviews","Genesis Global Publication","https://doi.org/10.55248/gengpi.5.1024.2720","",518,"2026-05-27 21:14:56","journal-article","10.55248/gengpi.5.1024.2720","2582-7421",,5,10,738,744,0,0.00,0,2,2,"","",""
3,"Huanyu Li, Olaf Hartig, Rickard Armiento, Patrick Lambrix","Ontology-based GraphQL server generation for data access and data integration",2024,"Semantic Web: – Interoperability, Usability, Applicability","SAGE Publications","https://doi.org/10.3233/sw-233550","",522,"2026-05-27 21:14:56","journal-article","10.3233/sw-233550","1570-0844",,15,5,1639,1675,3,1.50,1,4,2,"In a GraphQL Web API, a so-called GraphQL schema defines the types of data objects that can be queried, and so-called resolver functions are responsible for fetching the relevant data from underlying data sources. Thus, we can expect to use GraphQL not only for data access but also for data integration, if the GraphQL schema reflects the semantics of data from multiple data sources, and the resolver functions can obtain data from these data sources and structure the data according to the schema. However, there does not exist a semantics-aware approach to employ GraphQL for data integration. Furthermore, there are no formal methods for defining a GraphQL API based on an ontology. In this work, we introduce a framework for using GraphQL in which a global domain ontology informs the generation of a GraphQL server that answers requests by querying heterogeneous data sources. The core of this framework consists of an algorithm to generate a GraphQL schema based on an ontology and a generic resolver function based on semantic mappings. We provide a prototype, OBG-gen, of this framework, and we evaluate our approach over a real-world data integration scenario in the materials design domain and two synthetic benchmark scenarios (Linköping GraphQL Benchmark and GTFS-Madrid-Bench). The experimental results of our evaluation indicate that: (i) our approach is feasible to generate GraphQL servers for data access and integration over heterogeneous data sources, thus avoiding a manual construction of GraphQL servers, and (ii) our data access and integration approach is general and applicable to different domains where data is shared or queried via different ways.","https://journals.sagepub.com/doi/pdf/10.3233/SW-233550",""
2,"Tatiana Olinic, Ernest Daniel Olinic","The role of geosynthetic materials and vegetation on slope erosional control: Results of scale model tests",2024,"E3S Web of Conferences","EDP Sciences","https://doi.org/10.1051/e3sconf/202456909004","",530,"2026-05-27 21:14:56","journal-article","10.1051/e3sconf/202456909004","2267-1242",,569,,9004,9004,2,1.00,1,2,2,"Geosynthetic materials for erosion control have the potential to significantly reduce the soil loss and to ensure the shallow stability of slopes. The paper presents the results of a scale model tests of a 2:3 (V:H) slope made from a very erodible soil, a sandy soil without and with 5 cm of topsoil, with and without vegetation, without and with different types of geosynthetics for erosional control. The slope models were subjected to heavy rainfall using a rainfall simulator. Results of the study show that the geosynthetics and vegetation generates a delay in the erosion process caused by the raindrops. Another result highlighted in this paper is the fact that the roots system improves the soil shear strength of the upper soil mass.","https://www.e3s-conferences.org/10.1051/e3sconf/202456909004/pdf",""
1,"Limian Ci, Liyuan Zhang, Yonghong Wu, Benchawan Wiwatanapataphee","Blockchain-based Access Control Protocol with collaborative authentication",2024,"","Springer Science and Business Media LLC","https://doi.org/10.21203/rs.3.rs-4413100/v1","",531,"2026-05-27 21:14:56","posted-content","10.21203/rs.3.rs-4413100/v1","",,,,,,1,0.50,0,4,2,"<title>Abstract</title> <p>In a complex and globalized business environment, cross-organizational cooperation has become increasingly important for enterprises, due to the growing need for information sharing. However, traditional access control models have limitations in the scenarios of cross-organizational cooperation scenarios without central leadership. To address these challenges, this paper proposes a decentralized access control framework with identity verification based on the blockchain technology and zero-knowledge proof. The access control protocol in the proposed access control framework integrates the role-based access control with the attribute-based access control, enabling our model to achieve more granular access control while requiring low computing resources. We implement the proposed access control protocol using smart contracts and apply it in a supply chain scenario to verify its feasibility. In addition, we analyze and evaluate the proposed protocol in terms of cost, running time, security and flexibility. For the limitation of no administrator rights brought by complete decentralization, we propose to use governance protocols to achieve high flexibility and scalability while maintaining the complete decentralization of the proposed framework.</p>","https://www.researchsquare.com/article/rs-4413100/v1",""
3,"Malek Rekik, Omar Khaled, Karolos Grigoriadis, Matthew A. Franchek","LHS-GA Based H-Infinity Control for Robust Airfoil Flutter Suppression",2024,"IEEE Access","Institute of Electrical and Electronics Engineers (IEEE)","https://doi.org/10.1109/access.2024.3501682","",548,"2026-05-27 21:14:56","journal-article","10.1109/access.2024.3501682","2169-3536",,12,,171500,171512,3,1.50,1,4,2,"","http://xplorestaging.ieee.org/ielx8/6287639/10380310/10756659.pdf?arnumber=10756659",""
0,"Po-Heng Chen, Rachael C. Hulme, Lena M. Blott, Jennifer M. Rodd","Web-based Open-access Reliable Decision on Synonyms English Vocabulary Test",2024,"PsycTESTS Dataset","American Psychological Association (APA)","https://doi.org/10.1037/t93999-000","",549,"2026-05-27 21:14:56","dataset","10.1037/t93999-000","",,,,,,0,0.00,0,4,2,"","",""
0,"Priyanka K, Chikka Harshini, Srinivas Aluvala, Haider Mohammed Abbas, Ramaswamy Padmanathan Ram Kumar","Chaotic Water Wave Optimization and Support Vector Machine of Role-Based Access Control Policies in Enterprise IAM",2024,"2024 International Conference on Distributed Systems, Computer Networks and Cybersecurity (ICDSCNC)","IEEE","https://doi.org/10.1109/icdscnc62492.2024.10939257","",550,"2026-05-27 21:14:56","proceedings-article","10.1109/icdscnc62492.2024.10939257","",,,,1,6,0,0.00,0,5,2,"","http://xplorestaging.ieee.org/ielx8/10939028/10939055/10939257.pdf?arnumber=10939257",""
0,"Kriti Srivastava, Dhruv Jain, Aarya Kamdar, Anuradha Yeole, Devam Shah, Sowmya Dadheech","Adaptivity in Role-Based Access Control During Stochastic Situations: A Comprehensive Study between Graph and Relational Databases",2024,"Journal of Computer Science","Science Publications","https://doi.org/10.3844/jcssp.2024.1744.1752","",553,"2026-05-27 21:14:56","journal-article","10.3844/jcssp.2024.1744.1752","1549-3636",,20,12,1744,1752,0,0.00,0,6,2,"","",""
30,"Soubhagya Ranjan Mallick, Rakesh Kumar Lenka, Pradyumna Kumar Tripathy, D. Chandrasekhar Rao, Suraj Sharma, Niranjan Kumar Ray","Fog-Assisted Blockchain-IoMT Healthcare Framework with Role-Based Access Control for Critically Ill Patients",2024,"SN Computer Science","Springer Science and Business Media LLC","https://doi.org/10.1007/s42979-024-02987-y","",556,"2026-05-27 21:14:56","journal-article","10.1007/s42979-024-02987-y","2661-8907",,5,6,,,30,15.00,5,6,2,"","https://link.springer.com/content/pdf/10.1007/s42979-024-02987-y.pdf",""
1,"Masashi Mizoguchi, Toshimitsu Ushio","Abstraction-Based Safe Control With Alternating Simulation-Based Shields and Its Application to Mobile Robots",2024,"IEEE Access","Institute of Electrical and Electronics Engineers (IEEE)","https://doi.org/10.1109/access.2024.3374329","",563,"2026-05-27 21:14:56","journal-article","10.1109/access.2024.3374329","2169-3536",,12,,37152,37164,1,0.50,1,2,2,"","http://xplorestaging.ieee.org/ielx7/6287639/10380310/10462138.pdf?arnumber=10462138",""
2,"Deepak Vyas, Marcin Morawiec, Grzegorz Kostro, Andrzej JąDerko, Janusz Baran","Sensorless Predictive Multiscalar-Based Control of the Five-Phase IPMSM",2024,"IEEE Access","Institute of Electrical and Electronics Engineers (IEEE)","https://doi.org/10.1109/access.2024.3421937","",576,"2026-05-27 21:14:56","journal-article","10.1109/access.2024.3421937","2169-3536",,12,,125697,125705,2,1.00,0,5,2,"","http://xplorestaging.ieee.org/ielx8/6287639/10380310/10580969.pdf?arnumber=10580969",""
31,"Juan-Miguel López-Gil, Juanan Pereira","Turning manual web accessibility success criteria into automatic: an LLM-based approach",2024,"Universal Access in the Information Society","Springer Science and Business Media LLC","https://doi.org/10.1007/s10209-024-01108-z","",578,"2026-05-27 21:14:56","journal-article","10.1007/s10209-024-01108-z","1615-5289",,24,1,837,852,31,15.50,16,2,2,"Abstract: Web accessibility evaluation is a costly process that usually requires manual intervention. Currently, large language model (LLM) based systems have gained popularity and shown promising capabilities to perform tasks that seemed impossible or required programming knowledge specific to a given area or were supposed to be impossible to be performed automatically. Our research explores whether an LLM-based system would be able to evaluate web accessibility success criteria that require manual evaluation. Three specific success criteria of the Web Content Accessibility Guidelines (WCAG) that currently require manual checks were tested: 1.1.1 Non-text Content, 2.4.4 Link Purpose (In Context), and 3.1.2 Language of Parts. LLM-based scripts were developed to evaluate the test cases. Results were compared against current web accessibility evaluators. While automated accessibility evaluators were unable to reliably test the three WCAG criteria, often missing or only warning about issues, the LLM-based scripts successfully identified accessibility issues the tools missed, achieving overall 87.18% detection across the test cases. Conclusion The results demonstrate LLMs can augment automated accessibility testing to catch issues that pure software testing misses today. Further research should expand evaluation across more test cases and types of content.","https://link.springer.com/content/pdf/10.1007/s10209-024-01108-z.pdf",""
4,"Ahmed Anas, Salwa Elgamal, Basheer Youssef","Survey on detecting and preventing web application broken access control attacks",2024,"International Journal of Electrical and Computer Engineering (IJECE)","Institute of Advanced Engineering and Science","https://doi.org/10.11591/ijece.v14i1.pp772-781","",579,"2026-05-27 21:14:56","journal-article","10.11591/ijece.v14i1.pp772-781","2722-2578",,14,1,772,772,4,2.00,1,3,2,"Web applications are an essential component of the current wide range of digital services proposition including financial and governmental services as well as social networking and communications. Broken access control vulnerabilities pose a huge risk to that echo system because they allow the attacker to circumvent the allocated permissions and rights and perform actions that he is not authorized to perform. This paper gives a broad survey of the current research progress on approaches used to detect access control vulnerabilities exploitations and attacks in web application components. It categorizes these approaches based on their key techniques and compares the different detection methods in addition to evaluating their strengths and weaknesses. We also spotted and elaborated on some exciting research gaps found in the current literature, Finally, the paper summarizes the general detection approaches and suggests potential research directions for the future.","https://ijece.iaescore.com/index.php/IJECE/article/viewFile/33835/17135",""
0,"Konstantin Kapitanov","Access Control and Permissions",2024,"Certification Study Companion Series","Apress","https://doi.org/10.1007/979-8-8688-0300-0_8","",584,"2026-05-27 21:14:56","book-chapter","10.1007/979-8-8688-0300-0_8","2731-8761",,,,149,153,0,0.00,0,1,2,"","https://link.springer.com/content/pdf/10.1007/979-8-8688-0300-0_8",""
8,"Tong van Luyen, Nguyen van Cuong","Metaheuristics-Based Uplink Power Control Scheme for User-Centric Cell-Free Massive MIMO Systems",2024,"IEEE Access","Institute of Electrical and Electronics Engineers (IEEE)","https://doi.org/10.1109/access.2024.3417429","",586,"2026-05-27 21:14:56","journal-article","10.1109/access.2024.3417429","2169-3536",,12,,96603,96616,8,4.00,4,2,2,"","http://xplorestaging.ieee.org/ielx8/6287639/10380310/10568133.pdf?arnumber=10568133",""
0,"Wei Shen, Qian Zhou, Jiayang Wu","Blockchain-Driven Medical Data Shamir Threshold Encryption with Attribute-Based Access Control Scheme",2024,"Lecture Notes in Computer Science","Springer Nature Singapore","https://doi.org/10.1007/978-981-96-0576-7_11","",587,"2026-05-27 21:14:56","book-chapter","10.1007/978-981-96-0576-7_11","0302-9743",,,,140,150,0,0.00,0,3,2,"","https://link.springer.com/content/pdf/10.1007/978-981-96-0576-7_11",""
0,"Akash Rakesh Sinha","Fortifying Application Security: Integrating OAuth2 Single Sign-On with Precision Role-Based Access Control",2024,"INTERANTIONAL JOURNAL OF SCIENTIFIC RESEARCH IN ENGINEERING AND MANAGEMENT","Edtech Publishers (OPC) Private Limited","https://doi.org/10.55041/ijsrem8458","",591,"2026-05-27 21:14:56","journal-article","10.55041/ijsrem8458","2582-3930",,,11,1,6,0,0.00,0,1,2,"In today's digital era, securing applications has become paramount due to the increasing sophistication of cyber threats and the proliferation of data breaches. This paper explores how integrating OAuth2 Single Sign-On (SSO) with precision Role-Based Access Control (RBAC) can significantly enhance application security. By unifying authentication and authorization mechanisms, organizations can streamline user access while mitigating risks associated with over-privileged accounts and credential fatigue. We delve into the OAuth2 protocol architecture, dissect the core components of RBAC, and present strategies for their effective integration. Through real-world case studies and comparative analyses, we highlight the benefits, challenges, and future trends of this integration. Our findings underscore the necessity for robust security frameworks that adapt to evolving threats, emphasizing the role of OAuth2 SSO and RBAC in fortifying application security. Keywords Application Security, OAuth2, Single Sign-On, Role-Based Access Control, Authentication, Authorization, Identity Providers, JSON Web Tokens, Zero Trust Security, Adaptive Authentication, Machine Learning, Identity Management, User Experience, Credential Fatigue, Cyber Threats, Access Control","",""
0,"Caiyuan Xiao","Active fault-tolerant control and performance simulation of electric vehicle suspension based on improved algorithms",2024,"EAI Endorsed Transactions on Energy Web","European Alliance for Innovation n.o.","https://doi.org/10.4108/ew.6146","",594,"2026-05-27 21:14:56","journal-article","10.4108/ew.6146","2032-944X",,11,,,,0,0.00,0,1,2,"Based on the semi-active suspension controller of an automobile, the control law can be adjusted based on the control law reorganization idea, and the active fault-tolerant controller of the semi-active suspension is designed to make the fault closed loop system and the fault-free suspension semi-active suspension. Active suspension closed-loop systems have the same closed-loop pole or proximity system performance. Bench test and simulation results show that: the fault suspension under the control of the active fault-tolerant controller lags behind its performance level after some time and can quickly recover to the same performance as the fault-free automotive semi-active suspension level. And the simulation test and bench test results are basically consistent. Based on the concept of control law reorganization to design the active fault-tolerant control strategy of semi-active suspension, it can effectively realize the active fault-tolerant control of the semi-active suspension of the vehicle to improve the suspension control quality and reliability, and optimize the suspension design.","https://publications.eai.eu/index.php/ew/article/download/6146/3291",""
0,"Avinash Mishra, Sanjoy Mandal, Narendra Babu Tatini, Leenendra Chowdary Gunnam, Satyajit Hemant Chincholkar","Comparative Study of the Normalized-Error-Based Control and Traditional Current-Mode Control for a Sixth-Order Boost Converter",2024,"IEEE Access","Institute of Electrical and Electronics Engineers (IEEE)","https://doi.org/10.1109/access.2024.3431614","",613,"2026-05-27 21:14:56","journal-article","10.1109/access.2024.3431614","2169-3536",,12,,102178,102187,0,0.00,0,5,2,"","http://xplorestaging.ieee.org/ielx8/6287639/10380310/10605781.pdf?arnumber=10605781",""
9,"Tadele Ayana, Piotr Kołodziejek, Marcin Morawiec, Lelisa Wogi","Loss Minimization-Based Sensorless Control of High-Speed Induction Motor Considering Core Loss",2024,"IEEE Access","Institute of Electrical and Electronics Engineers (IEEE)","https://doi.org/10.1109/access.2024.3439501","",616,"2026-05-27 21:14:56","journal-article","10.1109/access.2024.3439501","2169-3536",,12,,116341,116353,9,4.50,2,4,2,"","http://xplorestaging.ieee.org/ielx8/6287639/10380310/10643763.pdf?arnumber=10643763",""
7,"Khaista Rahman, Muhammad Asghar Khan, Fatemeh Afghah, Gordana Barb, Nisreen Innab, Tanveer Ahmed Cheema","An Efficient Authentication and Access Control Protocol for Securing UAV Networks Against Anomaly-Based Intrusion",2024,"IEEE Access","Institute of Electrical and Electronics Engineers (IEEE)","https://doi.org/10.1109/access.2024.3395494","",618,"2026-05-27 21:14:56","journal-article","10.1109/access.2024.3395494","2169-3536",,12,,62750,62764,7,3.50,1,6,2,"","http://xplorestaging.ieee.org/ielx7/6287639/10380310/10510437.pdf?arnumber=10510437",""
5,"Yanli Xing, Weiwei Jiao","Control Method of Lower Limb Rehabilitation Robot Based on Nonlinear Time Series Prediction Model and Sensor Technology",2024,"IEEE Access","Institute of Electrical and Electronics Engineers (IEEE)","https://doi.org/10.1109/access.2024.3480252","",622,"2026-05-27 21:14:56","journal-article","10.1109/access.2024.3480252","2169-3536",,12,,152532,152543,5,2.50,3,2,2,"","http://xplorestaging.ieee.org/ielx8/6287639/10380310/10716615.pdf?arnumber=10716615",""
0,"Wekin Piyarat, Vijit Kinnares","High Performance Unsymmetrical Two-Phase Induction Motor Drive With Direct Torque Control Based on Unbalanced SVPWM Technique",2024,"IEEE Access","Institute of Electrical and Electronics Engineers (IEEE)","https://doi.org/10.1109/access.2024.3498939","",636,"2026-05-27 21:14:56","journal-article","10.1109/access.2024.3498939","2169-3536",,12,,176895,176907,0,0.00,0,2,2,"","http://xplorestaging.ieee.org/ielx8/6287639/10380310/10753615.pdf?arnumber=10753615",""
5,"Gayatri K Chaturvedi, Mahesh Shirole","ABAC-PA2: Attribute-Based Access Control Model with Privacy aware Anonymous Access",2024,"Procedia Computer Science","Elsevier BV","https://doi.org/10.1016/j.procs.2024.05.090","",638,"2026-05-27 21:14:56","journal-article","10.1016/j.procs.2024.05.090","1877-0509",,237,,147,154,5,2.50,3,2,2,"","https://api.elsevier.com/content/article/PII:S1877050924011062",""
2,"Josué A. Ruiz, Paliath Narendran, Amir Masoumzadeh, Padmavathi Iyer","Converting Rule-Based Access Control Policies: From Complemented Conditions to Deny Rules",2024,"Proceedings of the 29th ACM Symposium on Access Control Models and Technologies","ACM","https://doi.org/10.1145/3649158.3657040","",643,"2026-05-27 21:14:56","proceedings-article","10.1145/3649158.3657040","",,,,159,169,2,1.00,1,4,2,"","https://dl.acm.org/doi/10.1145/3649158.3657040",""
10,"Manasa Kommineni, K. K. Baseer","An Architecture and Review of Intelligence Based Traffic Control System for Smart Cities",2024,"EAI Endorsed Transactions on Energy Web","European Alliance for Innovation n.o.","https://doi.org/10.4108/ew.4964","",650,"2026-05-27 21:14:56","journal-article","10.4108/ew.4964","2032-944X",,11,,,,10,5.00,5,2,2,"City traffic congestion can be reduced with the help of adaptable traffic signal control system. The technique improves the efficiency of traffic operations on urban road networks by quickly adjusting the timing of signal values to account for seasonal variations and brief turns in traffic demand. This study looks into how adaptive signal control systems have evolved over time, their technical features, the state of adaptive control research today, and Control solutions for diverse traffic flows composed of linked and autonomous vehicles. This paper finally came to the conclusion that the ability of smart cities to generate vast volumes of information, Artificial Intelligence (AI) approaches that have recently been developed are of interest because they have the power to transform unstructured data into meaningful information to support decision-making (For instance, using current traffic information to adjust traffic lights based on actual traffic circumstances). It will demand a lot of processing power and is not easy to construct these AI applications. Unique computer hardware/technologies are required since some smart city applications require quick responses. In order to achieve the greatest energy savings and QoS, it focuses on the deployment of virtual machines in software-defined data centers. Review of the accuracy vs. latency trade-off for deep learning-based service decisions regarding offloading while providing the best QoS at the edge using compression techniques. During the past, computationally demanding tasks have been handled by cloud computing infrastructures. A promising computer infrastructure is already available and thanks to the new edge computing advancement, which is capable of meeting the needs of tomorrow's smart cities.","https://publications.eai.eu/index.php/ew/article/download/4964/2847",""
7,"Surabhi Bagherwal, Subhasish Mahapatra","Enhanced Stability and Control of Solar Powered EV Charging Stations Using Disturbance Observer-Based Adaptive Sliding Mode Control for DC Voltage Stabilization",2024,"IEEE Access","Institute of Electrical and Electronics Engineers (IEEE)","https://doi.org/10.1109/access.2024.3511637","",657,"2026-05-27 21:14:56","journal-article","10.1109/access.2024.3511637","2169-3536",,12,,183293,183311,7,3.50,4,2,2,"","http://xplorestaging.ieee.org/ielx8/6287639/10380310/10778435.pdf?arnumber=10778435",""
2,"Swati Jaiswal, B. Chandra Mohan","Deep learning-based path tracking control using lane detection and traffic sign detection for autonomous driving",2024,"Web Intelligence","SAGE Publications","https://doi.org/10.3233/web-230011","",660,"2026-05-27 21:14:56","journal-article","10.3233/web-230011","2405-6464",,22,2,185,207,2,1.00,1,2,2,"Automated vehicles are a significant advancement in transportation technique, which provides safe, sustainable, and reliable transport. Lane detection, maneuver forecasting, and traffic sign recognition are the fundamentals of automated vehicles. Hence, this research focuses on developing a dynamic real-time decision-making system to obtain an effective driving experience in autonomous vehicles with the advancement of deep learning techniques. The deep learning classifier such as deep convolutional neural network (Deep CNN), SegNet and are utilized in this research for traffic signal detection, road segmentation, and lane detection. The main highlight of the research relies on the proposed Finch Hunt optimization, which involves the hyperparameter tuning of a deep learning classifier. The proposed real-time decision-making system achieves 97.44% accuracy, 97.56% of sensitivity, and 97.83% of specificity. Further, the proposed segmentation model achieves the highest clustering accuracy with 90.37% and the proposed lane detection model attains the lowest mean absolute error, mean square error, and root mean error of 17.76%, 11.32%, and 5.66% respectively. The proposed road segmentation model exceeds all the competent models in terms of clustering accuracy. Finally, the proposed model provides a better output for lane detection with minimum error, when compared with the existing model.","https://content.iospress.com/download?id=10.3233/WEB-230011",""
16,"Kranthi Kumar Singamaneni, Ghulam Muhammad, Zulfiqar Ali","A Novel Quantum Hash-Based Attribute-Based Encryption Approach for Secure Data Integrity and Access Control in Mobile Edge Computing-Enabled Customer Behavior Analysis",2024,"IEEE Access","Institute of Electrical and Electronics Engineers (IEEE)","https://doi.org/10.1109/access.2024.3373648","",663,"2026-05-27 21:14:56","journal-article","10.1109/access.2024.3373648","2169-3536",,12,,37378,37397,16,8.00,5,3,2,"","http://xplorestaging.ieee.org/ielx7/6287639/10380310/10459175.pdf?arnumber=10459175",""
6,"Shigenari Nakamura, Makoto Takizawa","Trust Zone Model with the Mandatory Access Control Model",2024,"Lecture Notes on Data Engineering and Communications Technologies","Springer Nature Switzerland","https://doi.org/10.1007/978-3-031-53555-0_49","",667,"2026-05-27 21:14:56","book-chapter","10.1007/978-3-031-53555-0_49","2367-4512",,,,512,521,6,3.00,3,2,2,"","https://link.springer.com/content/pdf/10.1007/978-3-031-53555-0_49",""
3,"Georgios Koutidis, Kostas Loumponias, Theodora Tsikrika, Stefanos Vrochidis, Ioannis Kompatsiaris","Towards AI-Driven Prediction of Terrorism Risk Based on the Analysis of Localized Web News",2024,"IEEE Access","Institute of Electrical and Electronics Engineers (IEEE)","https://doi.org/10.1109/access.2024.3485913","",676,"2026-05-27 21:14:56","journal-article","10.1109/access.2024.3485913","2169-3536",,12,,167288,167299,3,1.50,1,5,2,"","http://xplorestaging.ieee.org/ielx8/6287639/10380310/10741955.pdf?arnumber=10741955",""
0,"Jie Feng, Xiaoguang Li, Xiaoli Li","Personal Credit Data Sharing Scheme Based on Blockchain and Access Control",2024,"Communications in Computer and Information Science","Springer Nature Singapore","https://doi.org/10.1007/978-981-97-2991-3_6","",679,"2026-05-27 21:14:56","book-chapter","10.1007/978-981-97-2991-3_6","1865-0929",,,,65,76,0,0.00,0,3,2,"","https://link.springer.com/content/pdf/10.1007/978-981-97-2991-3_6",""
0,"Chenhe Liu, Kaicheng Tong, Bochen Wang","Study on risk control of visa-free policy based on game theory",2024,"SHS Web of Conferences","EDP Sciences","https://doi.org/10.1051/shsconf/202420803007","",682,"2026-05-27 21:14:56","journal-article","10.1051/shsconf/202420803007","2261-2424",,208,,3007,3007,0,0.00,0,3,2,"In recent years, the Chinese government continues to expand 24/72/144 hours visa-free policy applicable country places, many foreign tourists to take this opportunity to visit features of landscape in China. However, there are some illegal elements among the foreign tourists who “hang sheep’s heads and sell dog meat” in an attempt to seek illegal profits in the Chinese territory through means such as “three non”. In view of this series of illegal behaviours, the bilateral game model is used to study the impact of changes in parameters such as the amount of fine and the verification cost of public security organs on the proportion of foreign tourists who have “three non” (illegal entry, illegal residence and illegal work). The results show that increasing the fine amount and reducing the premium of the inspection cost of public security organs can effectively reduce the proportion of foreign tourists with “three non” problems. On this basis, this paper proposes to formulate reasonable fine standards, develop an information system for the exit and entry management of foreigners shared by the public security throughout the country by the central government, and open the public feedback channel, which can effectively solve the “three non” problems.","https://www.shs-conferences.org/10.1051/shsconf/202420803007/pdf",""
0,"P. Marikkannu, Adri Jovin John Joseph","Fault-Tolerant Mobile Agent System Using eXtensible Volunteer Algorithm Enabled Dynamic Role-Based Access Control in a Conclave Environment",2024,"Algorithms for Intelligent Systems","Springer Nature Singapore","https://doi.org/10.1007/978-981-99-8438-1_22","",683,"2026-05-27 21:14:56","book-chapter","10.1007/978-981-99-8438-1_22","2524-7565",,,,303,320,0,0.00,0,2,2,"","https://link.springer.com/content/pdf/10.1007/978-981-99-8438-1_22",""
2,"Renlong Wei, Guobing Li","Ship Platform Access Control Method Based on Zero Trust",2024,"2024 IEEE 7th Information Technology, Networking, Electronic and Automation Control Conference (ITNEC)","IEEE","https://doi.org/10.1109/itnec60942.2024.10733279","",684,"2026-05-27 21:14:56","proceedings-article","10.1109/itnec60942.2024.10733279","",,,,947,952,2,1.00,1,2,2,"","http://xplorestaging.ieee.org/ielx8/10732029/10732904/10733279.pdf?arnumber=10733279",""
3,"Hafiz Adnan Hussain, Zulkefli Mansor, Zarina Shukur, Uzma Jafar","Cost-Optimized Dynamic Access Control Policy Using Blockchain and Machine Learning for Enhanced Security in IoT Smart Homes",2024,"ITM Web of Conferences","EDP Sciences","https://doi.org/10.1051/itmconf/20246301009","",691,"2026-05-27 21:14:56","journal-article","10.1051/itmconf/20246301009","2271-2097",,63,,1009,1009,3,1.50,1,4,2,"The rapid adoption of Internet of Things (IoT) devices in smart homes has led to growing security vulnerabilities, primarily due to the limitations of traditional, static access control mechanisms. This paper presents a novel, dynamic access control policy that leverages the immutable and transparent nature of Blockchain technology, specifically Ethereum, along with machine learning algorithms to enhance security measures. By integrating machine learning algorithms like Support Vector Machines (SVM) and Neural Networks, the proposed system can adapt and respond to changing behavioural patterns and potential threats in real time. Additionally, a caching mechanism implemented on the Ethereum Blockchain is introduced to optimize system performance and reduce latency. Experimental results demonstrate significant improvements in access control security, system efficiency, and adaptability. The findings of this paper not only contribute to the advancement of secure access control policies for IoT smart homes but pave the way for future research in integrating Blockchain and machine learning for robust and scalable IoT security solutions.","https://www.itm-conferences.org/10.1051/itmconf/20246301009/pdf",""
12,"Lelisa Wogi, Marcin Morawiec, Tadele Ayana","Sensorless Control of Induction Motor Based on Super-Twisting Sliding Mode Observer With Speed Convergence Improvement",2024,"IEEE Access","Institute of Electrical and Electronics Engineers (IEEE)","https://doi.org/10.1109/access.2024.3404040","",699,"2026-05-27 21:14:56","journal-article","10.1109/access.2024.3404040","2169-3536",,12,,74239,74250,12,6.00,4,3,2,"","http://xplorestaging.ieee.org/ielx7/6287639/10380310/10536895.pdf?arnumber=10536895",""
17,"Laith Al Quraan, Ameer L. Saleh, Laszlo Szamel","Indirect Instantaneous Torque Control for Switched Reluctance Motor Based on Improved Torque Sharing Function",2024,"IEEE Access","Institute of Electrical and Electronics Engineers (IEEE)","https://doi.org/10.1109/access.2024.3355389","",704,"2026-05-27 21:14:56","journal-article","10.1109/access.2024.3355389","2169-3536",,12,,11810,11821,17,8.50,6,3,2,"","http://xplorestaging.ieee.org/ielx7/6287639/10380310/10401925.pdf?arnumber=10401925",""
1,"Jiadong Wang, Ming Zhang, Jinfeng Li","Optimization Technology of Combustion Engine Control Based on Swarm Intelligent Optimization Algorithm and Improved Clustering Algorithm",2024,"IEEE Access","Institute of Electrical and Electronics Engineers (IEEE)","https://doi.org/10.1109/access.2024.3452679","",708,"2026-05-27 21:14:56","journal-article","10.1109/access.2024.3452679","2169-3536",,12,,121596,121609,1,0.50,0,3,2,"","http://xplorestaging.ieee.org/ielx8/6287639/10380310/10661366.pdf?arnumber=10661366",""
0,"Astrid Noviana Paradhita, Mutiara Auliya Khadija, Agus Purbayu, Sahirul Alim Tri Bawono, Abdul Aziz, Sri Haryati, Daaniis Raditya Pramoda Wardani, Rafael Kurniawan Albyseptra Pratama","Implementation Of Dynamic Role-Based Access Control and Record Log-In Dependency Injection Based VRMS System",2024,"Decode: Jurnal Pendidikan Teknologi Informasi","Universitas Muhammadiyah Kendari","https://doi.org/10.51454/decode.v4i3.752","",716,"2026-05-27 21:14:56","journal-article","10.51454/decode.v4i3.752","2775-1813",,4,3,898,914,0,0.00,0,8,2,"Human resource management is one of the critical factors for a company in order to realize the company's vision, mission, and goals. This requires effective and efficient human resource management by integrating the entire management process well. This is to manage the company's internal and external human resources. VRMS is an integrated application that can manage the company's external resources. VRMS is built based on dependency injection. VRMS has two superior features: role-based access control (RBCA) and record log. RBCA is a feature that manages all resources involved in a company project. At the same time, the record log allows super admins to monitor and evaluate the performance of all external company resources. The VRMS system is built using hybrid methodoly in software development life cycles from initiation phase, planning, execution, and testing. The testing process used in this system is the user acceptance test (UAT) method. The test results show that all features on VRMS can run 80% well.","https://journal.umkendari.ac.id/decode/article/download/752/349",""
0,"P. Marikkannu, Adri Jovin John Joseph","Fault-Tolerant Mobile Agent System Using eXtensible Volunteer Algorithm Enabled Dynamic Role-Based Access Control in a Conclave Environment",2024,"Algorithms for Intelligent Systems","Springer Nature Singapore","https://doi.org/10.1007/978-981-99-8438-1_22","",717,"2026-05-27 21:14:56","book-chapter","10.1007/978-981-99-8438-1_22","2524-7565",,,,303,320,0,0.00,0,2,2,"","https://link.springer.com/content/pdf/10.1007/978-981-99-8438-1_22",""
6,"Shigenari Nakamura, Makoto Takizawa","Trust Zone Model with the Mandatory Access Control Model",2024,"Lecture Notes on Data Engineering and Communications Technologies","Springer Nature Switzerland","https://doi.org/10.1007/978-3-031-53555-0_49","",737,"2026-05-27 21:14:56","book-chapter","10.1007/978-3-031-53555-0_49","2367-4512",,,,512,521,6,3.00,3,2,2,"","https://link.springer.com/content/pdf/10.1007/978-3-031-53555-0_49",""
0,"","Design of Infrared Temperature Measuring Access Control System Based on Internet",2024,"International Journal of Science and Engineering Applications","Association of Technology and Science","https://doi.org/10.7753/ijsea1302.1003","",738,"2026-05-27 21:14:56","journal-article","10.7753/ijsea1302.1003","2319-7560",,,,,,0,0.00,0,0,2,"","",""
2,"Haotian Chen, Xixia Huang","Research on Predictive Control Energy Management Strategy for Composite Electric Ship Based on Power Forecasting",2024,"EAI Endorsed Transactions on Energy Web","European Alliance for Innovation n.o.","https://doi.org/10.4108/ew.4653","",747,"2026-05-27 21:14:56","journal-article","10.4108/ew.4653","2032-944X",,11,,,,2,1.00,1,2,2,"A proposed solution is presented to address the issue of rising energy loss resulting from inaccurate power prediction in the predictive energy management strategy for composite electric power electric ship. The solution involves the development of a power prediction model that integrates Archimedes' algorithm, optimized variational modal decomposition, and BiLSTM. Within the framework of Model Predictive Control, this predictive model is utilized for power forecasting, transforming the global optimization problem into one of optimizing the power output distribution among power sources within the predictive time domain, then the optimization objective is to minimize the energy loss of the composite electric power system, and a dynamic programming algorithm is employed to solve the optimization problem within the forecast time domain. The simulation findings demonstrate a significant enhancement in the forecast accuracy of the power prediction model introduced in this study, with a 52.61% improvement compared to the AOA-BiLSTM power prediction model. Concurrently, the energy management strategy utilizing the prediction model proposed in this research shows a 1.02% reduction in energy loss compared to the prediction model control strategy based on AOA-BiLSTM, and a 15.8% reduction in energy loss compared to the ruler-based strategy.","https://publications.eai.eu/index.php/ew/article/download/4653/3094",""
59,"Nigatu Wanore Madebo, Chala Merga Abdissa, Lebsework Negash Lemma","Enhanced Trajectory Control of Quadrotor UAV Using Fuzzy PID Based Recurrent Neural Network Controller",2024,"IEEE Access","Institute of Electrical and Electronics Engineers (IEEE)","https://doi.org/10.1109/access.2024.3516494","",749,"2026-05-27 21:14:56","journal-article","10.1109/access.2024.3516494","2169-3536",,12,,190454,190469,59,29.50,20,3,2,"","http://xplorestaging.ieee.org/ielx8/6287639/10380310/10794762.pdf?arnumber=10794762",""
0,"Anna Bamberger, Maribel Fernández","Towards Automated Access Control Policy Mining via Structured Attribute-Based Access Control",2024,"Lecture Notes in Networks and Systems","Springer Nature Switzerland","https://doi.org/10.1007/978-3-031-65522-7_38","",753,"2026-05-27 21:14:56","book-chapter","10.1007/978-3-031-65522-7_38","2367-3370",,,,431,440,0,0.00,0,2,2,"","https://link.springer.com/content/pdf/10.1007/978-3-031-65522-7_38",""
0,"Xiao Zhu","Research on Abnormal Volatility in The Japanese Government Bond Futures Markets– Policy based on yield curve control",2024,"SHS Web of Conferences","EDP Sciences","https://doi.org/10.1051/shsconf/202418102029","",775,"2026-05-27 21:14:56","journal-article","10.1051/shsconf/202418102029","2261-2424",,181,,2029,2029,0,0.00,0,1,2,"Historically, central banks in the United States, the United Kingdom, Australia and Japan have implemented Yield Curve Control (hereinafter referred to as YCC), and Japan is currently the only country in the world that is still pushing ahead with YCC. However, given that the implementation and implementation of the YCC showed more defects than profits, on June 15, 2022, there was an unusual fluctuation in the Japanese government bond futures market, Japan’s 10-year government bond future contracts fell by 2.01 yen, touching the melting point in the plate, the largest single-day drop in 2013. This article introduces the basic framework of the yield rate curve and its way of buying bonds, then elaborates on the operation of the Central Bank of Japan to buy bonds in 2022, analyses the abnormal fluctuations in the Japanese government bond futures market in 2022 and identifies the contradictions and limitations of the government bond market as the root cause of the fluctuation.","https://www.shs-conferences.org/10.1051/shsconf/202418102029/pdf",""
3,"Chen Zhang, Xiao Tang, Kun Xing, Hengrui Zhou","Sensorless Control of Permanent Magnet Synchronous Motors Based on Novel Position Angle Extraction With SMO",2024,"IEEE Access","Institute of Electrical and Electronics Engineers (IEEE)","https://doi.org/10.1109/access.2024.3437428","",778,"2026-05-27 21:14:56","journal-article","10.1109/access.2024.3437428","2169-3536",,12,,107008,107016,3,1.50,1,4,2,"","http://xplorestaging.ieee.org/ielx8/6287639/10380310/10621067.pdf?arnumber=10621067",""
2,"Changjiang Sun, Kankai Shen, Yaozhong Zhang, Haoheng Li, Yang Liu","Rotational Reference Frame Control of DFIG-Based Wind Turbines for Inertial Frequency Response",2024,"IEEE Access","Institute of Electrical and Electronics Engineers (IEEE)","https://doi.org/10.1109/access.2024.3474429","",786,"2026-05-27 21:14:56","journal-article","10.1109/access.2024.3474429","2169-3536",,12,,149606,149616,2,1.00,0,5,2,"","http://xplorestaging.ieee.org/ielx8/6287639/10380310/10705299.pdf?arnumber=10705299",""
14,"Yuntao Yue, Yufan Liu, Jiaran Zhang, Hongwei Zhao, Jin Yang","Hybrid Control Method of Full-Bridge LLC Resonant Converter Based on Electric Vehicle",2024,"IEEE Access","Institute of Electrical and Electronics Engineers (IEEE)","https://doi.org/10.1109/access.2024.3376392","",789,"2026-05-27 21:14:56","journal-article","10.1109/access.2024.3376392","2169-3536",,12,,51859,51868,14,7.00,3,5,2,"","http://xplorestaging.ieee.org/ielx7/6287639/10380310/10468596.pdf?arnumber=10468596",""
5,"K. Vijaya Lakshmi, M. Manimozhi","Implementation of DDPG-Based Reinforcement Learning Control for Self-Balancing Motorcycle",2024,"IEEE Access","Institute of Electrical and Electronics Engineers (IEEE)","https://doi.org/10.1109/access.2024.3447054","",794,"2026-05-27 21:14:56","journal-article","10.1109/access.2024.3447054","2169-3536",,12,,117271,117284,5,2.50,3,2,2,"","http://xplorestaging.ieee.org/ielx8/6287639/10380310/10643085.pdf?arnumber=10643085",""
0,"","Peer Review Report For: Towards inventory control excellence: An innovative approach based on a web-based platform [version 2; peer review: 2 approved]",2024,"","F1000 Research Ltd","https://doi.org/10.5256/f1000research.160059.r230727","",808,"2026-05-27 21:14:56","peer-review","10.5256/f1000research.160059.r230727","",,,,,,0,0.00,0,0,2,"","",""
2,"Saurav Ghosh, Reshmi Mitra, Indranil Roy, Bidyut Gupta","Securing RC Based P2P Networks: A Blockchain-Based Access Control Framework Utilizing Ethereum Smart Contracts for IoT and Web 3.0",2024,"Communications in Computer and Information Science","Springer Nature Switzerland","https://doi.org/10.1007/978-3-031-76273-4_6","",809,"2026-05-27 21:14:56","book-chapter","10.1007/978-3-031-76273-4_6","1865-0929",,,,73,85,2,1.00,1,4,2,"","https://link.springer.com/content/pdf/10.1007/978-3-031-76273-4_6",""
0,"Huang Yuming, Gao Ningze, Zhang Yang, Cao Fei","Exploration and practice of project-based blended teaching mode based on OBE-CDIO concepts-example of “Project Planning and Control”",2024,"SHS Web of Conferences","EDP Sciences","https://doi.org/10.1051/shsconf/202420901013","",812,"2026-05-27 21:14:56","journal-article","10.1051/shsconf/202420901013","2261-2424",,209,,1013,1013,0,0.00,0,4,2,"At present, there is a discrepancy between the overall goal of cultivating applied talents in the context of new engineering disciplines and the social demand, which leads to the problems of unimpressive student learning outcomes and low employment rate caused by the single traditional teaching mode. Based on the the educational philosophy of OBE (Outcome based education) and CDIO (Conceive--Design-Implement-Operate), this paper toke the course of “Project Planning and Control” in Henan University of Economics and Law as an example, and adopt the blended course mode of combining project task-driven and round table seminar to carry out the teaching reform of the course, which has the The design of four modular teaching contents, the construction of teaching method(70% of concentrated lectures and 30% of immersion seminars) and evaluation system were finnaly conpleted. so that students could improve their professionalism and practical application ability in real work tasks and professional scenarios, and complete the initial exploration of the comprehensive education path of “policy, position, course, competition and certificate”.","https://www.shs-conferences.org/10.1051/shsconf/202420901013/pdf",""
1,"Kristy Hancock","Academic Libraries can Expand Institutional Repository Holdings with Gold Open Access Publications Collected Through Web Scraping",2024,"Evidence Based Library and Information Practice","University of Alberta Libraries","https://doi.org/10.18438/eblip30614","",814,"2026-05-27 21:14:56","journal-article","10.18438/eblip30614","1715-720X",,19,4,111,114,1,0.50,1,1,2,"A Review of:  Clark, B. (2023). Proactive institutional repository collection development techniques: Archiving gold open access articles and metadata retrieved with web scraping. Journal of Library Administration, 63(6), 743–765. https://doi.org/10.1080/01930826.2023.2240190  Objective – To describe a method for collecting gold open access publications from the web and packaging them for batch deposit in an institutional repository. The goal of this project is to expand institutional repository holdings and increase the comprehensiveness of the collection with gold open access content.   Design – Web scraping and analysis of institutional repository usage metrics.   Setting – A library at a public doctoral university with very high research activity in Alabama, United States.   Subjects – Articles and metadata from the Multidisciplinary Digital Publishing Institute (MDPI) website and the Sponsoring Consortium for Open Access Publishing in Participle Physics (SCOAP3) repository. MDPI is an open access publisher of over 400 journals spanning all disciplines. All articles published in MDPI journals are made freely and immediately accessible on the MDPI website. SCOAP3 is a global partnership of libraries, funding agencies, and research centers that support open access publishing in the field of high-energy physics. The SCOAP3 repository contains research funded by the organization and published in open access journals.   Methods – The MDPI website and SCOAP3 repository were selected because they contained a substantial amount of scholarship by University of Alabama affiliates. On the MDPI website, an author affiliation search across all journals retrieved University of Alabama publications. The Python library Beautiful Soup was used with the parser package lxml to collect articles and metadata. The first script iterated through the pages of search results, downloaded article PDFs, and wrote abstract page URLs to a text file. The second script collected metadata by iterating through the text file of abstract page URLs, parsing the HTML of each URL, and writing Dublin Core metadata to a CSV file. Articles already archived in the institutional repository were removed from the CSV file, and the remaining metadata were reviewed for errors. To pair each PDF with the correct metadata, the file names of all PDFs were added to the CSV file. Article PDFs and the metadata file were packaged using the DSpace CSV Archive and batch deposited in the University of Alabama’s institutional repository.  In SCOAP3, an author affiliation search retrieved University of Alabama publications. The browser automation software Selenium was used to collect articles and metadata. The first script iterated through the pages of search results and wrote article record page URLs to a text file. The second script downloaded article PDFs and extracted DOIs to use for PDF file names. The third script collected metadata by using the article record page URLs to query the SCOAP3 metadata harvesting API and writing MARCXML metadata to a CSV file. To pair each PDF with the correct metadata, the DOI column in the CSV file was duplicated, and the “.pdf” extension added to each DOI. The metadata in the CSV file was reviewed for errors, and citations and keywords were added manually. Articles and the metadata file were packaged and deposited using the MDPI method.   The impact of SCOAP3 content on institutional repository downloads from the physics and astronomy collection was measured in the 100 days preceding and following the deposits.  Main Results – 1,005 articles with corresponding metadata were collected from the MDPI website and SCOAP3 repository. After removing duplicate articles that were already archived in the University of Alabama institutional repository, 937 articles (272 from MDPI, 665 from SCOAP3) were deposited. The amount of faculty research available in the institutional repository increased from 1,639 articles before the project to 2,513 articles, or 37.3%.  678 articles were added to the physics and astronomy collection, which reflects the fact that most of the deposited articles were from a subject repository. The rest of the deposited articles were from MDPI and spanned various disciplines. The next best represented collections were civil, construction, and environmental engineering (26 articles); biological sciences (26 articles); electrical and computer engineering (24 articles); and geography (22 articles). The SCOAP3 articles also contributed to a significant increase in downloads from the physics and astronomy collection. Total downloads increased from 5,765 in the 100 days preceding the deposits to 7,243 in the 100 days following the deposits, with SCOAP3 articles representing 3,421 downloads, or 47.2%.   Conclusion – This project was successful in proactively increasing the amount of scholarship in the institutional repository without faculty or researcher participation. This semi-automated workflow requires considerable technical skills but is manageable for one person. Since the articles and metadata were freely accessible and issued under permissive Creative Commons licenses, there was no need to consult publisher self-archiving policies or solicit permission to copy the articles to the institutional repository. This project did not make any research openly accessible that was otherwise unavailable or behind a paywall, but the added publications contribute to making the institution’s scholarly record more complete.  This approach may be particularly helpful for academic library staff looking to build the holdings of a brand-new institutional repository, or for those dealing with an underpopulated institutional repository due to low self-archiving rates. Additional repositories containing a substantial amount of University of Alabama scholarship will be identified and considered for web scraping, to continue expanding the institutional repository holdings. The MDPI website and SCOAP3 repository will also be re-scraped in the future for research added since this project.  ","https://journals.library.ualberta.ca/eblip/index.php/EBLIP/article/download/30614/22896",""
3,"Juho Vepsäläinen, Miško Hevery, Petri Vuorimaa","Resumability—A New Primitive for Developing Web Applications",2024,"IEEE Access","Institute of Electrical and Electronics Engineers (IEEE)","https://doi.org/10.1109/access.2024.3352891","",815,"2026-05-27 21:14:56","journal-article","10.1109/access.2024.3352891","2169-3536",,12,,9038,9046,3,1.50,1,3,2,"","http://xplorestaging.ieee.org/ielx7/6287639/10380310/10388344.pdf?arnumber=10388344",""
5,"Arwa A. Alqbaishi, Alaa E. S. Ahmed","Reputation Evaluation Using Fuzzy Logic for Blockchain-Based Access Control in an IoT Environment",2024,"IEEE Access","Institute of Electrical and Electronics Engineers (IEEE)","https://doi.org/10.1109/access.2024.3426993","",816,"2026-05-27 21:14:56","journal-article","10.1109/access.2024.3426993","2169-3536",,12,,97386,97404,5,2.50,3,2,2,"","http://xplorestaging.ieee.org/ielx8/6287639/10380310/10596275.pdf?arnumber=10596275",""
2,"Abner Asignacion, Satoshi Suzuki","Frequency-Based Robust Control for Micro Quadrotors Flying in Narrow Vertical Spaces",2024,"IEEE Access","Institute of Electrical and Electronics Engineers (IEEE)","https://doi.org/10.1109/access.2024.3464492","",817,"2026-05-27 21:14:56","journal-article","10.1109/access.2024.3464492","2169-3536",,12,,141742,141751,2,1.00,1,2,2,"","http://xplorestaging.ieee.org/ielx8/6287639/10380310/10684209.pdf?arnumber=10684209",""
0,"Boris Pedraza, Alex Villazón, Omar Ormachea","Enhancing Accessibility for Real-Time Remote Laboratories: A Web-Based Solution with Automated Validation and Access Control",2024,"Lecture Notes in Networks and Systems","Springer Nature Switzerland","https://doi.org/10.1007/978-3-031-61905-2_21","",825,"2026-05-27 21:14:56","book-chapter","10.1007/978-3-031-61905-2_21","2367-3370",,,,208,219,0,0.00,0,3,2,"","https://link.springer.com/content/pdf/10.1007/978-3-031-61905-2_21",""
0,"Martin Hill","Classical biological control: Nature-based solutions to reduce pesticide usage",2024,"Open Access Government","Adjacent Digital Politics Ltd","https://doi.org/10.56367/oag-042-11379","",827,"2026-05-27 21:14:56","journal-article","10.56367/oag-042-11379","2516-3817",,42,1,426,427,0,0.00,0,1,2,"Classical biological control: Nature-based solutions to reduce pesticide usage: Professor Martin Hill from the Centre for Biological Control at Rhodes University discusses the benefits of classical biological control and highlights the necessary considerations for this approach. The International Organization for Biological Control (IOBC) defines biological control as using living organisms or their products to prevent or reduce the losses or harm caused by pest organisms. A broader definition of this discipline would include reference to the development of nature-based solutions to reduce the pesticide footprint in the world. Biological control can be divided into three broad categories:","",""
1,"Samer I. Mohamed, Manal Mostafa, Jalal Assaly, Ahmed S. Shalabi","ABACS: Attribute-Based Access Control System using digital keys",2024,"","Springer Science and Business Media LLC","https://doi.org/10.21203/rs.3.rs-4630516/v1","",828,"2026-05-27 21:14:56","posted-content","10.21203/rs.3.rs-4630516/v1","",,,,,,1,0.50,0,4,2,"<title>Abstract</title> <p>Access control systems are the most utilized preventive and protective solution for guaranteeing highly secure and monitored environments where people can move about and live in complete safety. The Smart Building Access Management System using Digital Keys provides an efficient means of granting or revoking access to users in residential and commercial buildings. It responds to the ever-increasing demand for internet-connected devices and the need for a system that is secure, convenient, and easy to manage. Despite the pivotal role of access control systems, the current technological standing shows severe security vulnerabilities, a lack of practical management solutions and a non-optimized user conveniency. Majorly used credential technologies show an absence of encryption capabilities. Some user management solutions do not scale well and present a lack of proper scalability. Our proposed system in this paper is the Attribute-Based Access Control System (ABACS) for Smart Building Access Management System, which offers an internet-oriented physical access control system, based on an end-to-end secured solution, an easy-to-use hybrid cloud-based system for effective access management and a mobile user application for optimal convenience. Authentication, integrity, and confidentiality are guaranteed using multiple security methods, including a Trusted Execution Environment (TEE) for a safe digital key storage and encryption, and the Transport Layer Security (TLS) protocol for secured channel communication, supported by a trusted third-party Certification Authority (CA). The Near-Field Communication (NFC) channel is used for quick key sharing. Access policies and user management is achieved using the hybrid fog-cloud paradigm and the Attribute-Based Access Control (ABAC) model. Finally, user convenience and optimal user experience are reached by means of an aesthetic mobile application for digital key generation and storage. The testing results and performance evaluation show that our proposed system’s backend, efficiently processes requests in both sequential and concurrent scenarios. With sequential requests, our proposed system’s longest-performing request outperforms iPACS’s by at least tenfold. In addition, with concurrent requests, our system shows a performance at least twice better than iPACS’s.</p>","https://www.researchsquare.com/article/rs-4630516/v1",""
2,"Mohammed B. Alshawki, Ihab Ahmed Najm, Alaa Khalaf Hamoud","Congestion Control Prediction Model for 5G Environment Based on Supervised and Unsupervised Machine Learning Approach",2024,"IEEE Access","Institute of Electrical and Electronics Engineers (IEEE)","https://doi.org/10.1109/access.2024.3416863","",831,"2026-05-27 21:14:56","journal-article","10.1109/access.2024.3416863","2169-3536",,12,,91127,91139,2,1.00,1,3,2,"","http://xplorestaging.ieee.org/ielx8/6287639/10380310/10562283.pdf?arnumber=10562283",""
0,"Henri Marais","A Web-based Method for Quality Control of Capstone Projects",2024,"2024 47th MIPRO ICT and Electronics Convention (MIPRO)","IEEE","https://doi.org/10.1109/mipro60963.2024.10569277","",835,"2026-05-27 21:14:56","proceedings-article","10.1109/mipro60963.2024.10569277","",,,,1216,1221,0,0.00,0,1,2,"","http://xplorestaging.ieee.org/ielx8/10569139/10569147/10569277.pdf?arnumber=10569277",""
14,"Mahsa Tavasoli, Euihark Lee, Yashar Mousavi, Hannaneh Barahouei Pasandi, Afef Fekih","WIPE: A Novel Web-Based Intelligent Packaging Evaluation via Machine Learning and Association Mining",2024,"IEEE Access","Institute of Electrical and Electronics Engineers (IEEE)","https://doi.org/10.1109/access.2024.3376478","",842,"2026-05-27 21:14:56","journal-article","10.1109/access.2024.3376478","2169-3536",,12,,45936,45947,14,7.00,3,5,2,"","http://xplorestaging.ieee.org/ielx7/6287639/10380310/10466760.pdf?arnumber=10466760",""
3,"Shangqing Wang, Yan Wei","Adaptive Underwater Medium Access Control Protocol based on Reinforcement Learning",2024,"2024 IEEE 6th Advanced Information Management, Communicates, Electronic and Automation Control Conference (IMCEC)","IEEE","https://doi.org/10.1109/imcec59810.2024.10575006","",844,"2026-05-27 21:14:56","proceedings-article","10.1109/imcec59810.2024.10575006","",,,,902,906,3,1.50,2,2,2,"","http://xplorestaging.ieee.org/ielx8/10574856/10574899/10575006.pdf?arnumber=10575006",""
27,"Min Tang, Shusen Lin, Yixuan Luo","Mecanum Wheel AGV Trajectory Tracking Control Based on Efficient MPC Algorithm",2024,"IEEE Access","Institute of Electrical and Electronics Engineers (IEEE)","https://doi.org/10.1109/access.2024.3356583","",851,"2026-05-27 21:14:56","journal-article","10.1109/access.2024.3356583","2169-3536",,12,,13763,13772,27,13.50,9,3,2,"","http://xplorestaging.ieee.org/ielx7/6287639/10380310/10410851.pdf?arnumber=10410851",""
3,"Ivana Zagorščak, Luka Pravica, Igor Erceg, Šandor Ileš","Fixed Switching Frequency Direct Model Predictive Control of Synchronous Reluctance Machines Based on Stator Flux Gradients",2024,"IEEE Access","Institute of Electrical and Electronics Engineers (IEEE)","https://doi.org/10.1109/access.2024.3402384","",852,"2026-05-27 21:14:56","journal-article","10.1109/access.2024.3402384","2169-3536",,12,,70198,70210,3,1.50,1,4,2,"","http://xplorestaging.ieee.org/ielx7/6287639/10380310/10534058.pdf?arnumber=10534058",""
3,"Toshihiro Yamauchi, Rintaro Orito, Koji Ebisu, Masaya Sato","Detecting Unintended Redirects to Malicious Websites on Android Devices Based on URL-Switching Interval",2024,"IEEE Access","Institute of Electrical and Electronics Engineers (IEEE)","https://doi.org/10.1109/access.2024.3478748","",853,"2026-05-27 21:14:56","journal-article","10.1109/access.2024.3478748","2169-3536",,12,,153285,153294,3,1.50,1,4,2,"","http://xplorestaging.ieee.org/ielx8/6287639/10380310/10714443.pdf?arnumber=10714443",""
33,"Umair Younas, Ahmet Afsin Kulaksiz, Zunaib Ali","Deep Learning Stack LSTM Based MPPT Control of Dual Stage 100 kWp Grid-Tied Solar PV System",2024,"IEEE Access","Institute of Electrical and Electronics Engineers (IEEE)","https://doi.org/10.1109/access.2024.3407605","",855,"2026-05-27 21:14:56","journal-article","10.1109/access.2024.3407605","2169-3536",,12,,77555,77574,33,16.50,11,3,2,"","http://xplorestaging.ieee.org/ielx7/6287639/10380310/10542138.pdf?arnumber=10542138",""
0,"Junyi Xie, Guoyi Zhang, Hailong Zhu, Yu Huang","Multi Wireless Access Point Collaborative Intelligent Access Control Mechanism Based on DRL",2024,"2024 International Conference on Computer Communication, Networks and Information Science (CCNIS)","IEEE","https://doi.org/10.1109/ccnis64984.2024.00023","",858,"2026-05-27 21:14:56","proceedings-article","10.1109/ccnis64984.2024.00023","",,,,147,150,0,0.00,0,4,2,"","http://xplorestaging.ieee.org/ielx8/10917027/10918306/10918470.pdf?arnumber=10918470",""
6,"Watcharakorn Pinthurat, Prayad Kongsuk, Tossaporn Surinkaew, Boonruang Marungsri","An Adaptive Data-Driven-Based Control for Voltage Control Loop of Grid-Forming Converters in Variable Inertia MGs",2024,"IEEE Access","Institute of Electrical and Electronics Engineers (IEEE)","https://doi.org/10.1109/access.2024.3392295","",862,"2026-05-27 21:14:56","journal-article","10.1109/access.2024.3392295","2169-3536",,12,,58143,58155,6,3.00,2,4,2,"","http://xplorestaging.ieee.org/ielx7/6287639/10380310/10506510.pdf?arnumber=10506510",""
4,"Limin Hou, Meng Guan","Fixed-Time Speed Coordination Control for Multi-PMSMs Based on Consensus of MAS",2024,"IEEE Access","Institute of Electrical and Electronics Engineers (IEEE)","https://doi.org/10.1109/access.2024.3446578","",867,"2026-05-27 21:14:56","journal-article","10.1109/access.2024.3446578","2169-3536",,12,,168853,168863,4,2.00,2,2,2,"","http://xplorestaging.ieee.org/ielx8/6287639/10380310/10640094.pdf?arnumber=10640094",""
0,"Bolin Zhu, Dong Qiu","Optimal Control of Vaccination Game Based on Fuzzy Convex Parameter Method",2024,"IEEE Access","Institute of Electrical and Electronics Engineers (IEEE)","https://doi.org/10.1109/access.2024.3487207","",872,"2026-05-27 21:14:56","journal-article","10.1109/access.2024.3487207","2169-3536",,12,,158519,158529,0,0.00,0,2,2,"","http://xplorestaging.ieee.org/ielx8/6287639/10380310/10737062.pdf?arnumber=10737062",""
5,"Milad Akrami, Ehsan Jamshidpour, Serge Pierfederici, Vincent Frick","A Novel Trajectory Planning for One-Loop Flatness-Based Control of PMSM",2024,"IEEE Access","Institute of Electrical and Electronics Engineers (IEEE)","https://doi.org/10.1109/access.2024.3422100","",873,"2026-05-27 21:14:56","journal-article","10.1109/access.2024.3422100","2169-3536",,12,,92451,92463,5,2.50,1,4,2,"","http://xplorestaging.ieee.org/ielx8/6287639/10380310/10583888.pdf?arnumber=10583888",""
2,"Cheng Fu, Erhan Wang, Xiuchuan Huang, Qin Yang, Zheyu Li, Wei Shang","DAT-Based Formation Control With Different Scale Factor of Relative Information Measurement",2024,"IEEE Access","Institute of Electrical and Electronics Engineers (IEEE)","https://doi.org/10.1109/access.2024.3400623","",885,"2026-05-27 21:14:56","journal-article","10.1109/access.2024.3400623","2169-3536",,12,,91331,91341,2,1.00,0,6,2,"","http://xplorestaging.ieee.org/ielx7/6287639/10380310/10530006.pdf?arnumber=10530006",""
0,"Liang Zhang, Haibin Kan, Jinrong Huang, Zhanpeng Zhang","Hierarchically Delegatable and Revocable Access Control for Large-Scale IoT Devices with Tradability Based on Blockchain",2024,"Lecture Notes in Computer Science","Springer Nature Singapore","https://doi.org/10.1007/978-981-97-2303-4_6","",886,"2026-05-27 21:14:56","book-chapter","10.1007/978-981-97-2303-4_6","0302-9743",,,,81,95,0,0.00,0,4,2,"","https://link.springer.com/content/pdf/10.1007/978-981-97-2303-4_6",""
1,"Ramyashree Venkatesh Bhat, Jetmir Haxhibeqiri, Ingrid Moerman, Jeroen Hoebeke","Feedback-Based Control Loop Congestion Control Algorithm for Wireless Networks",2024,"IEEE Access","Institute of Electrical and Electronics Engineers (IEEE)","https://doi.org/10.1109/access.2024.3431577","",887,"2026-05-27 21:14:56","journal-article","10.1109/access.2024.3431577","2169-3536",,12,,101767,101781,1,0.50,0,4,2,"","http://xplorestaging.ieee.org/ielx8/6287639/10380310/10605818.pdf?arnumber=10605818",""
0,"OK Mhd Fahri Al-Faruqy MS, Fredy Kusuma Ramadhani","Web-Based E-Borrowing Information System PT. Telkom Access",2024,"Jurnal Metrokom : Media Teknik Elektro dan Komputer","Yayasan Pendidikan Al-Yasiriyah Bersaudara","https://doi.org/10.65371/metrokom.v1i2.80","",907,"2026-05-27 21:14:56","journal-article","10.65371/metrokom.v1i2.80","3063-2927",,1,2,146,159,0,0.00,0,2,2,"In the digital age, advancements in information technology play a significant role in optimizing business processes. This study presents the design and implementation of a web-based E-Borrowing Information System tailored for PT Telkom Akses to address inefficiencies in equipment borrowing management. The current manual borrowing process often leads to delays, data inaccuracies, and administrative errors, impacting productivity and transparency. The proposed solution integrates real-time features for booking, managing, and tracking equipment loans. The system employs PHP and MySQL for backend functionality and HTML, CSS, and JavaScript for the user interface, following the waterfall development methodology. To evaluate its effectiveness, the system underwent functionality testing (Black Box Testing) and usability assessments. Results confirm significant improvements in process efficiency, transparency, and administrative accuracy. The system enables users to complete borrowing transactions quickly, with features to monitor equipment status, register personal accounts, and manage data in a structured manner. Additionally, the “Admin Dashboard” enhances overall system supervision through real-time monitoring and efficient management tools. This research highlights the transformative impact of web-based technology on equipment loan management, demonstrating scalability for broader application in similar settings. The study underscores the potential of well-designed information systems to enhance operational efficiency, employee satisfaction, and organizational productivity.","https://ejournal.ypayb.or.id/index.php/metrokom/article/download/80/40",""
0,"","MANAGING IDENTITY AND ACCESS MANAGEMENT IN A DYNAMIC-ROLE BASED WORKFORCE",2024,"International Research Journal of Modernization in Engineering Technology and Science","International Research Journal of Modernization in Engineering Technology and Science","https://doi.org/10.56726/irjmets50209","",910,"2026-05-27 21:14:56","journal-article","10.56726/irjmets50209","2582-5208",,,,,,0,0.00,0,0,2,"","",""
0,"Alisher Askarov, Ruslan Ufa, Aleksey Suvorov, Anton Kievets","Modification of Control System Based on Virtual Synchronous Generator with Feedforward Control for Power Converters of Distributed Generation",2024,"E3S Web of Conferences","EDP Sciences","https://doi.org/10.1051/e3sconf/202458401016","",914,"2026-05-27 21:14:56","journal-article","10.1051/e3sconf/202458401016","2267-1242",,584,,1016,1016,0,0.00,0,4,2,"An important development trend for modern power systems is the application of control algorithms for power converters based on a virtual synchronous generator (VSG), which can mimic the characteristics of the conventional synchronous generation and support the grid-forming operation. This paper proposes a modified current-controlled VSG structure (CC-VSG) with a feedforward controller consisting of a simple proportional loop, which is added to the VSG active power control loop, to improve the damping properties of CC-VSG, reduce the model order of this control system and simplify the approach to its tuning. In order to qualitatively and quantitatively analyse the effectiveness of the proposed solution, the paper presents a comparison of dynamic responses when using control algorithms based on CC-VSG or the traditional VSG structures, including several of their modifications. For this purpose, time-domain simulation of the considered system was performed, demonstrating the absence of impact of the feedforward control on the inertial response of CC-VSG, which can occur when using other VSG structures or local negative feedbacks within the CC-VSG itself.","https://www.e3s-conferences.org/10.1051/e3sconf/202458401016/pdf",""
6,"Dien Nguyen Duc, Lai Lai Khac, Luy Nguyen Tan","ADP-Based H<sub>∞</sub> Optimal Control of Robot Manipulators With Asymmetric Input Constraints and Disturbances",2024,"IEEE Access","Institute of Electrical and Electronics Engineers (IEEE)","https://doi.org/10.1109/access.2024.3400590","",921,"2026-05-27 21:14:56","journal-article","10.1109/access.2024.3400590","2169-3536",,12,,67809,67819,6,3.00,2,3,2,"","http://xplorestaging.ieee.org/ielx7/6287639/10380310/10530039.pdf?arnumber=10530039",""
0,"","Determinant of Job Crafting Behavior Among Indonesian Lecturer: The Mediating Role of Organization-Based Self-Esteem",2024,"Quality-Access to Success","SynthesisHub Advance Scientific Research","https://doi.org/10.47750/qas/25.201.12","",924,"2026-05-27 21:14:56","journal-article","10.47750/qas/25.201.12","",,25,201,,,0,0.00,0,0,2,"","",""
1,"Xiaoli Song, Zhaojin Cao","Research on Control Strategy of Hamiltonian Theory for Large Telescope Based on SAPMSM",2024,"IEEE Access","Institute of Electrical and Electronics Engineers (IEEE)","https://doi.org/10.1109/access.2024.3368880","",932,"2026-05-27 21:14:56","journal-article","10.1109/access.2024.3368880","2169-3536",,12,,31960,31967,1,0.50,1,2,2,"","http://xplorestaging.ieee.org/ielx7/6287639/10380310/10453513.pdf?arnumber=10453513",""
0,"Vishal Gupta, Parminder Kaur, Hardeep Singh","Bi-Level Decision Tree Approach for Web Quality Assessment",2024,"IEEE Access","Institute of Electrical and Electronics Engineers (IEEE)","https://doi.org/10.1109/access.2024.3456808","",939,"2026-05-27 21:14:56","journal-article","10.1109/access.2024.3456808","2169-3536",,12,,130926,130938,0,0.00,0,3,2,"","http://xplorestaging.ieee.org/ielx8/6287639/10380310/10670374.pdf?arnumber=10670374",""
3,"Kentaro Fujii, Takuya Isomura, Shingo Murata","Real-World Robot Control Based on Contrastive Deep Active Inference With Demonstrations",2024,"IEEE Access","Institute of Electrical and Electronics Engineers (IEEE)","https://doi.org/10.1109/access.2024.3477306","",945,"2026-05-27 21:14:56","journal-article","10.1109/access.2024.3477306","2169-3536",,12,,172343,172357,3,1.50,1,3,2,"","http://xplorestaging.ieee.org/ielx8/6287639/10380310/10710342.pdf?arnumber=10710342",""
0,"","Peer Review Report For: Towards inventory control excellence: An innovative approach based on a web-based platform [version 1; peer review: 1 approved, 1 approved with reservations]",2024,"","F1000 Research Ltd","https://doi.org/10.5256/f1000research.154132.r224020","",948,"2026-05-27 21:14:56","peer-review","10.5256/f1000research.154132.r224020","",,,,,,0,0.00,0,0,2,"","",""
3,"Ludovica Capodivento, Tommaso Borzone, Tiberio Grasso, Clemente Lauretti","A Bidirectional Human-Machine Control Interface Based on Virtual Fixtures for Safe Teleoperation of Hyper-Redundant Robots",2024,"IEEE Access","Institute of Electrical and Electronics Engineers (IEEE)","https://doi.org/10.1109/access.2024.3452029","",960,"2026-05-27 21:14:56","journal-article","10.1109/access.2024.3452029","2169-3536",,12,,133139,133152,3,1.50,1,4,2,"","http://xplorestaging.ieee.org/ielx8/6287639/10380310/10658970.pdf?arnumber=10658970",""
5,"Jixin Wang, Yujin Zhou","Energy Management of Plug-In Hybrid Electric Vehicles for Autonomous Driving in a Following Environment Based on Fuzzy Adaptive PID Control",2024,"IEEE Access","Institute of Electrical and Electronics Engineers (IEEE)","https://doi.org/10.1109/access.2024.3510743","",961,"2026-05-27 21:14:56","journal-article","10.1109/access.2024.3510743","2169-3536",,12,,183832,183850,5,2.50,3,2,2,"","http://xplorestaging.ieee.org/ielx8/6287639/10380310/10777030.pdf?arnumber=10777030",""
10,"Muhammad Khalid","Passivity-Based Nonlinear Control Approach for Efficient Energy Management in Fuel Cell Hybrid Electric Vehicles",2024,"IEEE Access","Institute of Electrical and Electronics Engineers (IEEE)","https://doi.org/10.1109/access.2024.3412888","",967,"2026-05-27 21:14:56","journal-article","10.1109/access.2024.3412888","2169-3536",,12,,84169,84188,10,5.00,10,1,2,"","http://xplorestaging.ieee.org/ielx8/6287639/10380310/10552833.pdf?arnumber=10552833",""
3,"Sina Piramoon, Mohammad Ayoubi","Neural-Network-Based Active Vibration Control of Rotary Machines",2024,"IEEE Access","Institute of Electrical and Electronics Engineers (IEEE)","https://doi.org/10.1109/access.2024.3418981","",969,"2026-05-27 21:14:56","journal-article","10.1109/access.2024.3418981","2169-3536",,12,,107552,107569,3,1.50,2,2,2,"","http://xplorestaging.ieee.org/ielx8/6287639/10380310/10570405.pdf?arnumber=10570405",""
6,"Huan Xi, Qiangying Wu, Huimin Ouyang","Nonlinear Control of Ship-Mounted Rotary Crane Based on Adaptive Dynamic Programming",2024,"IEEE Access","Institute of Electrical and Electronics Engineers (IEEE)","https://doi.org/10.1109/access.2024.3435698","",976,"2026-05-27 21:14:56","journal-article","10.1109/access.2024.3435698","2169-3536",,12,,104869,104877,6,3.00,2,3,2,"","http://xplorestaging.ieee.org/ielx8/6287639/10380310/10614576.pdf?arnumber=10614576",""
7,"Ge Zhao, Xiangrong Li, Hao Li","A Trusted Authentication Scheme Using Semantic LSTM and Blockchain in IoT Access Control System",2024,"International Journal on Semantic Web and Information Systems","IGI Global","https://doi.org/10.4018/ijswis.341233","",978,"2026-05-27 21:14:56","journal-article","10.4018/ijswis.341233","1552-6283",,20,1,1,27,7,3.50,2,3,2,"<p>In edge computing scenarios, due to the wide distribution of devices, complex application environments, and limited computing and storage capabilities, their authentication and access control efficiency is low. To address the above issues, a secure trusted authentication scheme based on semantic Long Short-Term Memory (LSTM) and blockchain is proposed for IoT applications. The attribute-based access control model is optimized, combining blockchain technology with access control models, effectively improving the robustness and credibility of access control systems. Semantic LSTM is used to predict environmental attributes that can further restrict user access and dynamically meet the minimum permission granting requirements. Experiments show that when the number of certificates is 60, the computational overhead of the proposed method is only 203s, which is lower than other state-of-the-art methods. Therefore, the performance of the proposed schema in information security protection in IoT environments shows promise as a scalable authentication solution for IoT applications.</p>","https://www.igi-global.com/viewtitle.aspx?TitleId=341233",""
0,"Sersinho Gardt, Catya Zuniga Alcaraz, Rob Satink","How Smart Airport is Paving the way for a Smart Access Concept: Technology’s Role in the Digital Ecosystem of the Access Control Process",2024,"Journal of Airline Operations and Aviation Management","Centre for Continental Network in Eco-Innovation and Research","https://doi.org/10.69978/jaoam.v3.i2.4","",985,"2026-05-27 21:14:56","journal-article","10.69978/jaoam.v3.i2.4","2949-7698",,3,2,28,45,0,0.00,0,3,2,"Airports have undergone a significant digital evolution over the past decades, enhancing efficiency, effectiveness, and user-friendliness through various technological advancements. Initially, airports deployed basic IT solutions as support tools, but with the increasing integration of digital systems, understanding the detailed digital ecosystem behind airports has become crucial. This research aims to classify technological maturity in airports, using the access control process as an example to demonstrate the benefits of the proposed taxonomy. The study highlights the current digital ecosystem and its future trends and challenges, emphasizing the importance of distinguishing between different levels of technological maturity. The role of biometric technology in security access control is examined, highlighting the importance of proper identification and classification. Future research could explore data collection, privacy, and cybersecurity impacts, particularly regarding biometric technologies in Smart Access Level 4.0. The transition from Smart Access Level 3.0 to 4.0 involves process automation and the introduction of AI, offering opportunities to increase efficiency and improve detection capabilities through advanced data analytics. The study underscores the need for global legislative frameworks to regulate and support these technological advancements.","https://www.jaoam.com/index.php/jaoam/article/download/79/68",""
3,"Chiebuka Eyisi, Qifeng Li","Blended Integral-Proportional/Proportional-Integral Control for Voltage Source Converter-Based AC Microgrids",2024,"IEEE Access","Institute of Electrical and Electronics Engineers (IEEE)","https://doi.org/10.1109/access.2024.3444752","",986,"2026-05-27 21:14:56","journal-article","10.1109/access.2024.3444752","2169-3536",,12,,122828,122839,3,1.50,2,2,2,"","https://ieeexplore.ieee.org/ielam/6287639/10380310/10637382-aam.pdf",""
0,"Sersinho Gardt, Catya Zuniga Alcaraz, Rob Satink","How Smart Airport is Paving the way for a Smart Access Concept: Technology’s Role in the Digital Ecosystem of the Access Control Process",2024,"Journal of Airline Operations and Aviation Management","Centre for Continental Network in Eco-Innovation and Research","https://doi.org/10.64799/jaoam.v3.i2.4","",987,"2026-05-27 21:14:56","journal-article","10.64799/jaoam.v3.i2.4","2949-7698",,3,2,28,45,0,0.00,0,3,2,"Airports have undergone a significant digital evolution over the past decades, enhancing efficiency, effectiveness, and user-friendliness through various technological advancements. Initially, airports deployed basic IT solutions as support tools, but with the increasing integration of digital systems, understanding the detailed digital ecosystem behind airports has become crucial. This research aims to classify technological maturity in airports, using the access control process as an example to demonstrate the benefits of the proposed taxonomy. The study highlights the current digital ecosystem and its future trends and challenges, emphasizing the importance of distinguishing between different levels of technological maturity. The role of biometric technology in security access control is examined, highlighting the importance of proper identification and classification. Future research could explore data collection, privacy, and cybersecurity impacts, particularly regarding biometric technologies in Smart Access Level 4.0. The transition from Smart Access Level 3.0 to 4.0 involves process automation and the introduction of AI, offering opportunities to increase efficiency and improve detection capabilities through advanced data analytics. The study underscores the need for global legislative frameworks to regulate and support these technological advancements.","https://www.jaoam.com/index.php/jaoam/article/download/79/79",""
0,"Navnath B. Pokale","Blockchain-Based Access Control for Securing Critical Infrastructures",2024,"Computer Fraud and Security","Auricle Global Society of Education and Research","https://doi.org/10.52710/cfs.67","",996,"2026-05-27 21:14:56","journal-article","10.52710/cfs.67","1873-7056",,,,109,116,0,0.00,0,1,2,"In the recent world of digital transformation, securing critical infrastructures such as power grids, transportation systems, and communication networks has become paramount. The conventional methods for access control, which largely depend on centralized models, are increasingly vulnerable to cyber-attacks and data breaches. This paper introduces a novel approach to enhance the security of critical infrastructures using blockchain technology. By leveraging the inherent properties of blockchain, such as decentralization, transparency, and immutability, our method establishes a robust framework for access control. This decentralized access control system (DACS) utilizes smart contracts to automate and enforce access policies without the need for a central authority. The blockchain-based system ensures that all access requests and approvals are recorded on a tamper-proof ledger, enhancing the auditability and accountability of the access control process. We evaluate the performance of our proposed system through simulations that demonstrate its resilience against common security threats, including unauthorized access and insider attacks. Additionally, the system's scalability and efficiency in handling large-scale networks are analysed. Our findings indicate that blockchain-based access control significantly enhances the security posture of critical infrastructures while ensuring compliance with stringent regulatory requirements.","https://computerfraudsecurity.com/index.php/journal/article/download/67/52",""
2,"Joe Essien","Enhancing Role - Based Access Control with Embedded Facial Recognition RBAC - EFR System",2023,"International Journal of Science and Research (IJSR)","International Journal of Science and Research","https://doi.org/10.21275/sr23625003927","",16,"2026-05-27 21:14:56","journal-article","10.21275/sr23625003927","2319-7064",,12,6,2767,2774,2,0.67,2,1,3,"","",""
1,"Yuricha Yuricha, Irwan Kurnia Phan","Penerapan Role Based Access Control dalam Sistem Supply Chain Management Berbasis Cloud",2023,"MALCOM: Indonesian Journal of Machine Learning and Computer Science","Institut Riset dan Publikasi Indonesia","https://doi.org/10.57152/malcom.v3i2.1259","",28,"2026-05-27 21:14:56","journal-article","10.57152/malcom.v3i2.1259","2775-8575",,3,2,339,348,1,0.33,1,2,3,"Sistem Supply Chain Management (SCM) yang berbasis cloud telah menjadi salah satu terobosan yang mendukung skalabilitas dan fleksibilitas bisnis. Kompleksitas SCM dalam mendukung proses bisnis, tidak hanya terdapat pada beragamnya modul dan fitur, tetapi juga berbagai tingkat pengguna yang mengakses sistem sesuai dengan tujuannya masing-masing. Berbagai penelitian mengenai pengembangan sistem SCM telah banyak dilakukan dengan berbagai implementasi yang telah dilakukan di berbagai sektor, dan dapat dikonklusikan bahwa akses sistem melalui internet yang dapat dilakukan dari mana saja, kapan saja dan oleh siapa saja memungkinkan adanya celah keamanan data berupa akses sumber daya oleh pengguna yang tidak memiliki otorisasi maupun hak akses. Penerapan Role-Based Access Control (RBAC) menjadi solusi yang dapat diterapkan dan mencegah akses resource dari pihak-pihak yang tidak memiliki otorisasi. Penerapan RBAC dalam salah satu framework yang banyak digunakan hingga saat ini, yaitu Framework Laravel, sangat dapat dilakukan dengan memanfaatkan library Laravel Spatie. Dengan adanya penerapan ini, tujuan dari penelitian dapat terpenuhi, yaitu menjawab tantangan keamanan data dan menjaga integritas otorisasi setiap peran stakeholder pada sistem SCM berbasis cloud yang kompleks dengan berbagai tingkat level stakeholder akses yang ada.","https://journal.irpi.or.id/index.php/malcom/article/download/1259/547",""
13,"Garsha Rostami","Role-based Access Control (RBAC) Authorization in Kubernetes",2023,"Journal of ICT Standardization","River Publishers","https://doi.org/10.13052/jicts2245-800x.1132","",41,"2026-05-27 21:14:56","journal-article","10.13052/jicts2245-800x.1132","2246-0853",,,,,,13,4.33,13,1,3,"In computer systems security, role-based access control (RBAC) or role-based security is an approach to restricting system access to authorized users [1]. This paper will describe how the Kubernetes RBAC authorization sub-system works, how to leverage it to secure access to resources in the cluster, and how to validate the set policies through impersonation to ensure users and service accounts are granted the intended rights.","https://journals.riverpublishers.com/index.php/JICTS/article/download/18185/18729",""
2,"Ruben Asratian","Safe Internet Tunnel with Access Control Features to Web-services Based on SSL/TLS Protocol",2023,"2023 16th International Conference Management of large-scale system development (MLSD)","IEEE","https://doi.org/10.1109/mlsd58227.2023.10303908","",58,"2026-05-27 21:14:56","proceedings-article","10.1109/mlsd58227.2023.10303908","",,,,1,4,2,0.67,2,1,3,"","http://xplorestaging.ieee.org/ielx7/10303766/10303767/10303908.pdf?arnumber=10303908",""
4,"","Towards for Designing Educational System Using Role-Based Access Control",2023,"International Journal of Intelligent Engineering and Systems","The Intelligent Networks and Systems Society","https://doi.org/10.22266/ijies2023.0430.05","",59,"2026-05-27 21:14:56","journal-article","10.22266/ijies2023.0430.05","2185-3118",,16,2,50,63,4,1.33,0,0,3,"","",""
0,"Abhimanyu Bansal","CRABAC: Combined Role-Attribute Based Access Control Model",2023,"INTERANTIONAL JOURNAL OF SCIENTIFIC RESEARCH IN ENGINEERING AND MANAGEMENT","Edtech Publishers (OPC) Private Limited","https://doi.org/10.55041/ijsrem25515","",60,"2026-05-27 21:14:56","journal-article","10.55041/ijsrem25515","2582-3930",,7,,,,0,0.00,0,1,3,"Access control is one of the techniques to provide accessibility, flexibility and control over the cloud resources. The traditional access control model is no longer sufficient to provide protection of data. Due to the rising data breaches, it is important to evolve our data security mechanisms. Therefore, it is better to combine several techniques to bring out the most efficient technique. Thus, this paper introduces custom access control model where Role- Based Access Control (RBAC) model and Attribute-Based Access Control (ABAC) model is combined to give a single hybrid model. This technique brings out the best qualities of both models. It provides both flexibility and dynamicity. The assignment of attributes provides better security. Key Words: Access Control, Role-Based Access Control, Attribute-Based Access Control, Cloud Computing","",""
0,"","SECURE ROLE BASED ACCESS CONTROL DATA SHARING APPROACH AND CLOUD ENVIRONMENT",2023,"International Research Journal of Modernization in Engineering Technology and Science","International Research Journal of Modernization in Engineering Technology and Science","https://doi.org/10.56726/irjmets34722","",64,"2026-05-27 21:14:56","journal-article","10.56726/irjmets34722","2582-5208",,,,,,0,0.00,0,0,3,"","",""
2,"Senam Pandey, Sudhanshu Maurya","Big Data Security management through Task Role Based Access Control Mechanism",2023,"2023 2nd International Conference for Innovation in Technology (INOCON)","IEEE","https://doi.org/10.1109/inocon57975.2023.10101117","",77,"2026-05-27 21:14:56","proceedings-article","10.1109/inocon57975.2023.10101117","",,,,1,6,2,0.67,1,2,3,"","http://xplorestaging.ieee.org/ielx7/10100964/10100966/10101117.pdf?arnumber=10101117",""
11,"Christoph H.-J. Braun, Vasil Papanchev, Tobias Käfer","SISSI: An Architecture for Semantic Interoperable Self-Sovereign Identity-based Access Control on the Web",2023,"Proceedings of the ACM Web Conference 2023","ACM","https://doi.org/10.1145/3543507.3583409","",78,"2026-05-27 21:14:56","proceedings-article","10.1145/3543507.3583409","",,,,3011,3021,11,3.67,4,3,3,"","https://dl.acm.org/doi/10.1145/3543507.3583409",""
0,"Ke Li, Byung-Won Min","Improvement of Permission Management System Based on RBAC(Role-Based Access Control) Model",2023,"International JOURNAL OF CONTENTS","The Korea Contents Association","https://doi.org/10.5392/ijoc.2023.19.4.086","",84,"2026-05-27 21:14:56","journal-article","10.5392/ijoc.2023.19.4.086","1738-6764",,19,4,86,97,0,0.00,0,2,3,"","",""
1,"Zhan He","Overseas Background of Executives and Corporate Innovation— Based on the Mediating Role of Financing Constraints and Internal Control",2023,"SHS Web of Conferences","EDP Sciences","https://doi.org/10.1051/shsconf/202317002026","",85,"2026-05-27 21:14:56","journal-article","10.1051/shsconf/202317002026","2261-2424",,170,,2026,2026,1,0.33,1,1,3,"Firms can only adapt to new opportunities in the new era through continuous innovation, and talent is the engine that drives innovation activities. This paper selects data related to overseas executives and corporate innovation of A-share listed companies from 2005-2021 to empirically test the impact of executives' overseas background on corporate innovation. It is found that overseas executives significantly promote corporate innovation and act on corporate innovation mainly through two mediating effects of enhancing internal control and reducing financing constraints. The study further finds that the promotion of corporate innovation by executives' overseas backgrounds is more pronounced in non-state enterprises, and the promotion of corporate innovation is stronger among executives with overseas posting backgrounds and those with both overseas posting and study backgrounds. The findings of the study provide path suggestions for enterprises to implement innovation development, and also provide a theoretical basis for enterprises to select returnee talents.","https://www.shs-conferences.org/10.1051/shsconf/202317002026/pdf",""
0,"Padmavathi Iyer, Amir Masoumzadeh","Towards Automated Learning of Access Control Policies Enforced by Web Applications",2023,"Proceedings of the 28th ACM Symposium on Access Control Models and Technologies","ACM","https://doi.org/10.1145/3589608.3594743","",91,"2026-05-27 21:14:56","proceedings-article","10.1145/3589608.3594743","",,,,163,168,0,0.00,0,2,3,"","https://dl.acm.org/doi/pdf/10.1145/3589608.3594743",""
0,"Ranta Butarbutar","Self-directed learning and web-based English access to improve speaking skills",2023,"","Center for Open Science","https://doi.org/10.35542/osf.io/xrzfg","",96,"2026-05-27 21:14:56","posted-content","10.35542/osf.io/xrzfg","",,,,,,0,0.00,0,1,3,"<p>For millennial learners, SDL and self-access English study on the web is interesting learning options. Physical space and separation are anticipated since web-based learning may be accessed at any time and from any place. The present study's goal is to find out what kinds of English-language websites students use to improve their speaking skills. Additionally, it is anticipated to look at how learners' perceptions of their speaking skills (cognitive, emotional, and complexity) grow as a result of self-directed learning for web-based English access. Due to the improvement in their speaking abilities for SDL and web-based English access, fourth-year undergraduate students in the Indonesian English department were the subjects of the research. The ATLAS.ti application benefits from the thematic analysis of the collected internet data. Three speaking improvement characteristics may be supported by the findings: (1) cognition, fluency, and accuracy outcomes; (2) emotional and motivational outcomes; and (3) learners' problems while using SDL web-based learning. Our study has certain limits, however, and we highly advise participatory action research for future work to assess time management and tailor learning tactics to the level of the learner. The English-language site design will be addressed last.</p>","",""
18,"Tanzeel Zaidi, Muhammad Usman, Muhammad Umar Aftab, Hanan Aljuaid, Yazeed Yasin Ghadi","Fabrication of Flexible Role-Based Access Control Based on Blockchain for Internet of Things Use Cases",2023,"IEEE Access","Institute of Electrical and Electronics Engineers (IEEE)","https://doi.org/10.1109/access.2023.3318487","",97,"2026-05-27 21:14:56","journal-article","10.1109/access.2023.3318487","2169-3536",,11,,106315,106333,18,6.00,4,5,3,"","http://xplorestaging.ieee.org/ielx7/6287639/10005208/10261179.pdf?arnumber=10261179",""
0,"Bouadjemi Abbdelkrim","FORMAL DECISION MODELING FOR ROLE-BASED ACCESS CONTROL POLICIES",2023,"Advances in Mathematics: Scientific Journal","Union of Researchers of Macedonia","https://doi.org/10.37418/amsj.12.3.4","",100,"2026-05-27 21:14:56","journal-article","10.37418/amsj.12.3.4","1857-8365",,12,3,465,477,0,0.00,0,1,3,"Role-Based Access Control (RBAC) has been widely used in information systems, including so-called critical systems. In business, workflows are used to control the flow of processes. One of the major issues concerning these processes is to be able to verify that a proposed process model strictly corresponds to the specifications to which it is supposed to respond. Access control models describe the frameworks that dictate permissions. The RBAC model is generally static, i.e. the access control decisions are: grant or deny. Dynamic and flexible access control is required. In order to increase the flexibility of access control, the notion of decision has been proposed. Decisions execute the requirements to be fulfilled. The main of this article is to use the decision to produce a dynamic model. Our model augments the dynamics of the RBAC model. It allows dynamically assigning permissions. For illustration, Feather's meeting management system is used. Finally, first-order logic is used to analyze the validity of the proposed model.","https://www.research-publication.com/amsj/uploads/papers/vol-12/iss-03/AMSJ-2023-N03-04.pdf",""
0,"Bouadjemi Abbdelkrim","FORMAL DECISION MODELING FOR ROLE-BASED ACCESS CONTROL POLICIES",2023,"Advances in Mathematics: Scientific Journal","Union of Researchers of Macedonia","https://doi.org/10.37418/amsj.12.3.4","",102,"2026-05-27 21:14:56","journal-article","10.37418/amsj.12.3.4","1857-8365",,12,3,465,477,0,0.00,0,1,3,"Role-Based Access Control (RBAC) has been widely used in information systems, including so-called critical systems. In business, workflows are used to control the flow of processes. One of the major issues concerning these processes is to be able to verify that a proposed process model strictly corresponds to the specifications to which it is supposed to respond. Access control models describe the frameworks that dictate permissions. The RBAC model is generally static, i.e. the access control decisions are: grant or deny. Dynamic and flexible access control is required. In order to increase the flexibility of access control, the notion of decision has been proposed. Decisions execute the requirements to be fulfilled. The main of this article is to use the decision to produce a dynamic model. Our model augments the dynamics of the RBAC model. It allows dynamically assigning permissions. For illustration, Feather's meeting management system is used. Finally, first-order logic is used to analyze the validity of the proposed model.","https://www.research-publication.com/amsj/uploads/papers/vol-12/iss-03/AMSJ-2023-N03-04.pdf",""
0,"Xinyang Deng, Jing Hu, Nan Guo","A privacy preserving CP-ABE based access control on data sharing in VANETs",2023,"International Journal of Web and Grid Services","Inderscience Publishers","https://doi.org/10.1504/ijwgs.2023.10055549","",107,"2026-05-27 21:14:56","journal-article","10.1504/ijwgs.2023.10055549","1741-1106",,19,2,1,1,0,0.00,0,3,3,"","http://www.inderscienceonline.com/doi/full/10.1504/IJWGS.2023.10055549",""
3,"Shanmugavelan Ramakrishnan","Revolutionizing Role-Based Access Control: The Impact of AI and Machine Learning in Identity and Access Management",2023,"Journal of Artificial Intelligence &amp; Cloud Computing","Scientific Research and Community Ltd","https://doi.org/10.47363/jaicc/2023(2)236","",110,"2026-05-27 21:14:56","journal-article","10.47363/jaicc/2023(2)236","2754-6659",,2,3,1,1,3,1.00,3,1,3,"Identity and access management is the bedrock of cybersecurity. Identity access to digital resources is governed by its techniques, procedures, and rules, which also define the breadth of identity permission over those resources. Some new cyberattack or data breach pops up in the news every week. Many data breaches occur due to inadequate security measures, software flaws, human mistake, malevolent insiders, or the abuse of access and privileges. An improved access control system is possible with the use of AI methods. In order for organisations to better handle authentication and access control in order to reduce cyber risks and other IAM difficulties, studies into artificial intelligence in IAM are necessary. With an eye towards AI’s potential uses in identity and access management - more especially in the areas of privilege monitoring, administration, and control - this research investigates the nature of the connection between AMIS and AI. To better understand how AI works in minimising recognised IAM issues, this study aimed to present evidence from the relevant literature. This study’s results show how AI reinforces identity and access management, which helps with automating procedures, keeping up with technology advances, and reducing the prevalence of cyber threats. One way to accomplish this is by using a binary classification system for security access control, which takes the PDP problem and turns it into a yes/no question. In order to create a distributed, effective, and accurate policy decision point (PDP), a vector decision classifier is also built using the supervised machine learning technique. Kaggle-Amazon access control policy dataset evaluated performance by comparing the proposed mechanism to previous research standards in terms of performance, duration, and flexibility. Given that the PDP is not in direct contact with the PAP, the proposed approach accomplishes a high level of secrecy in relation to access control requirements. In conclusion, PDP-based ML can manage massive access requests, execute many major policies simultaneously, and have a 95% accuracy rate, all without policy conflicts, with a response time of about 0.15 s. The security of access control can be enhanced by making it more responsive, flexible, dynamic, and dispersed.","",""
0,"Thi Mai Vy Luu","Autonomy-Based Listening: Vietnamese University Students’ Perceptions of Self-Access Web-Based Listening Practices",2023,"Studies in Self-Access Learning Journal","Kanda University of International Studies","https://doi.org/10.37237/140303","",113,"2026-05-27 21:14:56","journal-article","10.37237/140303","2185-3762",,14,3,267,286,0,0.00,0,1,3,"Self-access language learning (SALL) can promote autonomy among language learners. It is a practical means for creating comfortable, personalized environments in which learners can take a more active part in making decisions and choices in their language learning trajectories. In the domain of second language (L2) listening, self-access work can fulfill the individual needs of learners whose listening processes are supposed to be respected. However, in countries where English is taught as a foreign language (EFL), this is not always the case due to traditional teacher-led large-sized listening classrooms and test-oriented curricula. Therefore, the present study was designed to investigate Vietnamese students’ perceptions of a self-access listening platform (SALP) which was built to facilitate L2 beginners to get familiar with the fast delivery of speech and to involve their personal interpretations of the input into the comprehension process. The study also aimed to examine whether this self-access approach can cultivate autonomous listening. Qualitative data were gathered through interviews with 15 non-English major university students whose disciplines were business management, marketing, communication, and public relations. They completed a six-week listening course on this online listening platform. The major findings indicate that students had positive listening experiences with the SALP regarding time flexibility and practicality. Despite students’ full awareness of the potential benefits of the SALP, a few of them still showed resistance to the self-access listening approach as a substitution for traditional classroom-based listening. The results reported here shed new light on the possibilities of implementing autonomy-based listening in a virtual self-access environment in L2 listening pedagogy.","",""
12,"Dilek Yilmazer Demirel, Mehmet Tahir Sandikkaya","Web Based Anomaly Detection Using Zero-Shot Learning With CNN",2023,"IEEE Access","Institute of Electrical and Electronics Engineers (IEEE)","https://doi.org/10.1109/access.2023.3303845","",120,"2026-05-27 21:14:56","journal-article","10.1109/access.2023.3303845","2169-3536",,11,,91511,91525,12,4.00,6,2,3,"","http://xplorestaging.ieee.org/ielx7/6287639/10005208/10214006.pdf?arnumber=10214006",""
0,"Matthew Baker","Session-Based Resource Access",2023,"OAuth2 for Securing Web Applications: Part 1","Apress","https://doi.org/10.1007/978-1-4842-9762-9_3","",127,"2026-05-27 21:14:56","book-chapter","10.1007/978-1-4842-9762-9_3","",,,,,,0,0.00,0,1,3,"","https://link.springer.com/content/pdf/10.1007/978-1-4842-9762-9_3",""
7,"Nan Guo, Jing Hu, Xinyang Deng","A privacy preserving CP-ABE-based access control on data sharing in VANETs",2023,"International Journal of Web and Grid Services","Inderscience Publishers","https://doi.org/10.1504/ijwgs.2023.131241","",128,"2026-05-27 21:14:56","journal-article","10.1504/ijwgs.2023.131241","1741-1106",,19,2,211,232,7,2.33,2,3,3,"","http://www.inderscienceonline.com/doi/full/10.1504/IJWGS.2023.131241",""
24,"Ehsan Taheri, Nan Li","L2 Norm-Based Control Regularization for Solving Optimal Control Problems",2023,"IEEE Access","Institute of Electrical and Electronics Engineers (IEEE)","https://doi.org/10.1109/access.2023.3331382","",130,"2026-05-27 21:14:56","journal-article","10.1109/access.2023.3331382","2169-3536",,11,,125959,125971,24,8.00,12,2,3,"","http://xplorestaging.ieee.org/ielx7/6287639/10005208/10313288.pdf?arnumber=10313288",""
0,"O.Y. Ogunlola, F.O. Salaja, A. Oronti, O. Abereowo, B.K. Alese","Student Registration System Utilizing Role Based Access Control Model",2023,"International Conference for Internet Technology and Secured Transactions (ICITST-2023)","Infonomics Society","https://doi.org/10.20533/icitst.2023.0027","",140,"2026-05-27 21:14:56","proceedings-article","10.20533/icitst.2023.0027","",,,,332,336,0,0.00,0,5,3,"","",""
0,"Venkata Babu Mogili","Implementing Role-Based Access Control for Healthcare Data using SharePoint",2023,"International Journal of Engineering &amp; Extended Technologies Research","Ess & Ess Research Publications","https://doi.org/10.15662/ijeetr.2023.0502010","",147,"2026-05-27 21:14:56","journal-article","10.15662/ijeetr.2023.0502010","2322-0163",,5,2,,,0,0.00,0,1,3,"The increased need to have secure and efficient data management in the healthcare has resulted in the use of Role-Based Access Control (RBAC) systems that control access of sensitive information according to the role of the user. The given research is devoted to the implementation of the RBAC system in healthcare data management on the basis of the SharePoint platform that is highly popular in document management and collaboration. The paper details the creation and creation of a powerful access control system, which suits healthcare institutions, considering that it complies with strict privacy laws, including HIPAA. These frameworks involve user authentication, role assigning and data access controls that are incorporated into the SharePoint environment to establish access controls that will be based on defined user roles. The paper goes on to address the issues and best practices when implementing this system including the definition of roles and permissions, dynamic user groups and system scalability. The case study is offered to illustrate how the framework has been effective in a healthcare environment, and how it enhances data safety, efficiency, and compliance with regulations. The study provides the audience with the prospects of SharePoint as an elastic and scalable software to handle healthcare information and provide a secure access control system. The next step in work will be the optimization of the framework to cover the new challenges of healthcare data management","",""
3,"Ahmed Khoumsi","Automata-Based Study of Dynamic Access Control Policies",2023,"Proceedings of the 9th International Conference on Information Systems Security and Privacy","SCITEPRESS - Science and Technology Publications","https://doi.org/10.5220/0011819700003405","",148,"2026-05-27 21:14:56","proceedings-article","10.5220/0011819700003405","",,,,218,227,3,1.00,3,1,3,"","",""
7,"Issam Al-Azzoni, Reiko Heckel","Modelling Multi-Party Role-Based Access Control Policies for iContractML Smart Contracts",2023,"2023 38th IEEE/ACM International Conference on Automated Software Engineering Workshops (ASEW)","IEEE","https://doi.org/10.1109/asew60602.2023.00018","",153,"2026-05-27 21:14:56","proceedings-article","10.1109/asew60602.2023.00018","",,,,100,104,7,2.33,4,2,3,"","http://xplorestaging.ieee.org/ielx7/10298259/10298654/10298673.pdf?arnumber=10298673",""
1,"K. Roslin Dayana, P. Shobha Rani","Trust aware cryptographic role based access control scheme for secure cloud data storage",2023,"Automatika","Informa UK Limited","https://doi.org/10.1080/00051144.2023.2243144","",163,"2026-05-27 21:14:56","journal-article","10.1080/00051144.2023.2243144","0005-1144",,64,4,1072,1079,1,0.33,1,2,3,"","https://www.tandfonline.com/doi/pdf/10.1080/00051144.2023.2243144",""
7,"Simon Anderer, Tobias Kempter, Bernd Scheuermann, Sanaz Mostaghim","Dynamic Optimization of Role Concepts for Role-Based Access Control Using Evolutionary Algorithms",2023,"SN Computer Science","Springer Science and Business Media LLC","https://doi.org/10.1007/s42979-023-01805-1","",165,"2026-05-27 21:14:56","journal-article","10.1007/s42979-023-01805-1","2661-8907",,4,4,,,7,2.33,2,4,3,"Abstract: To ensure the security of current information systems, role-based access control (RBAC) is a widely used concept. For this purpose, based on an initial assignment of permissions to users, permissions are grouped to roles, which are then assigned to users. The corresponding (NP-complete) optimization problem, the so-called role mining problem (RMP), aims at finding a minimal set of roles and a corresponding assignment of those roles to users. Previously, the RMP has been considered as a static optimization problem. However, the application of RBAC in real business use cases requires the inclusion of dynamically occurring events that reflect changes in the business environment of companies, as well as events that result from direct user interaction with the role mining process. Therefore, in this paper, we provide a comprehensive overview and classification of the most relevant events for role mining and present methods for integrating them into the framework of an evolutionary role mining algorithm. The functional performance of these methods as well as the overall performance gain of dynamic role mining compared to the static approach is then examined in a series of experiments.","https://link.springer.com/content/pdf/10.1007/s42979-023-01805-1.pdf",""
0,"Om Shama, Usama Baig, Raman Chandak","Secure Role Based Access Control Data Sharing Approach and Cloud Environment",2023,"International Journal of Advanced Research in Science, Communication and Technology","Naksh Solutions","https://doi.org/10.48175/ijarsct-9425","",166,"2026-05-27 21:14:56","journal-article","10.48175/ijarsct-9425","2581-9429",,,,418,425,0,0.00,0,3,3,"the primary objective of cloud storage is to maintain data integrity, which involves implementing measures to prevent unauthorized access and ensuring that data can be regenerated if mishandled. To achieve this, a proxy server will be assigned the task of protecting and restoring data in case of unauthorized modifications. Users' data will be stored in both public and private areas of the cloud, with only public data being accessible to users and private data being kept more secure. Cloud storage offers users various redundancy configurations to balance performance and fault tolerance, with data availability being critical in distributed storage systems, especially when node failures are common in real-life scenarios. In this research, a proposed aes 128 encryption algorithm and role-based access control (rbac) scheme are explored to provide secure data storage and sharing, as well as a secure user access policy. Additionally, a backup server approach is used as a proxy storage server for ad hoc data recovery for all distributed data servers. The experiment's analysis is proposed in both public and private cloud environments, utilizing keywords such as rbac, elgamal encryption scheme, proxy key generation, advanced encryption standard (aes), and more","",""
2,"Feng Wang, Yang Lu, Yang Liu, Zhiruo Zhang","RTTAC-An Access Control Model Based on Blockchain and Role-Trusted Transfer",2023,"2023 3rd International Conference on Computer Science and Blockchain (CCSB)","IEEE","https://doi.org/10.1109/ccsb60789.2023.10398832","",168,"2026-05-27 21:14:56","proceedings-article","10.1109/ccsb60789.2023.10398832","",,,,161,168,2,0.67,1,4,3,"","http://xplorestaging.ieee.org/ielx7/10398737/10398582/10398832.pdf?arnumber=10398832",""
0,"Rodrigo Reaño, Piero Carrión, Juan-Pablo Mansilla","Access Control Using Facial Recognition with Neural Networks for Restricted Zones",2023,"Proceedings of the 19th International Conference on Web Information Systems and Technologies","SCITEPRESS - Science and Technology Publications","https://doi.org/10.5220/0012185800003584","",173,"2026-05-27 21:14:56","proceedings-article","10.5220/0012185800003584","",,,,310,318,0,0.00,0,3,3,"","",""
1,"Guipeng Weng","Intelligent Control of Solar LED Street Lamp Based on Adaptive Fuzzy PI Control",2023,"EAI Endorsed Transactions on Energy Web","European Alliance for Innovation n.o.","https://doi.org/10.4108/ew.3815","",196,"2026-05-27 21:14:56","journal-article","10.4108/ew.3815","2032-944X",,10,,,,1,0.33,1,1,3,"As road traffic develops, energy-saving and efficient street lights have become a key research field for relevant professionals. To reduce street lights energy consumption, a fireworks algorithm is used to optimize the membership function parameters of fuzzy control and the initial parameters of PI control. A fireworks algorithm improved adaptive fuzzy PI solar LED street light control system is designed. The results showed that in the calculation of Root-mean-square deviation and Mean absolute error, the Root-mean-square deviation of the adaptive fuzzy PI control system improved by the fireworks algorithm was 0.213, 0.258, 0.243, 0.220, and the Mean absolute error was 0.143, 0.152, 0.154, 0.139, respectively, which proved that the prediction accuracy was high and the stability was good. In the calculation of the 1-day power consumption of the solar LED intelligent control system, the average power consumption of the designed solar LED intelligent control system was about 2000W, which was 25.9%, 47.4%, and 42.9% lower than the other three control methods, respectively. This proves that its energy consumption is low, and its heat generation is low, and the battery service life is long. The research and design of an adaptive fuzzy PI control solar LED street light intelligent control system has good performance, which can effectively achieve intelligent management and energy conservation and emission reduction in smart cities.","https://publications.eai.eu/index.php/ew/article/download/3815/2694",""
3,"Jens Leicht, Maritta Heisel","P2BAC: Privacy Policy Based Access Control Using P-LPL",2023,"Proceedings of the 9th International Conference on Information Systems Security and Privacy","SCITEPRESS - Science and Technology Publications","https://doi.org/10.5220/0011788500003405","",197,"2026-05-27 21:14:56","proceedings-article","10.5220/0011788500003405","",,,,686,697,3,1.00,2,2,3,"","",""
2,"Aisha Saif Alshamsi, Zakaria Maamar, Mohammad-Amin Kuhail","Towards an approach for weaving Open Digital Rights Language into Role-Based Access Control",2023,"2023 International Conference on IT Innovation and Knowledge Discovery (ITIKD)","IEEE","https://doi.org/10.1109/itikd56332.2023.10100036","",200,"2026-05-27 21:14:56","proceedings-article","10.1109/itikd56332.2023.10100036","",,,,1,6,2,0.67,1,3,3,"","http://xplorestaging.ieee.org/ielx7/10099474/10099500/10100036.pdf?arnumber=10100036",""
6,"Sankari M, Kamatchi KS, Venketbabu T, Sangeetha G, Sheema D","Dynamic Access Control Through Cryptography in Cloud",2023,"ITM Web of Conferences","EDP Sciences","https://doi.org/10.1051/itmconf/20235606001","",208,"2026-05-27 21:14:56","journal-article","10.1051/itmconf/20235606001","2271-2097",,56,,6001,6001,6,2.00,1,5,3,"In recent days, enabling encrypted access control to hosted data is attractive to organizations and many users in untrusted cloud. However, an efficient encrypted progressive access control system designing in the cloud remains a challenge. This paper proposes DAC in cryptographic, for effective access control that provides practical encryption in the system. DAC in cryptography removes permission by designate to update the encrypted data in cloud. DAC in cryptography includes file encryption with a well- formed key list that document a file key and a set of lock keys. A dedicated administrator is required to replace a new revocation key by comparing the previous key. Revocation requires a dedicated administrator to upload a new revocation key to encrypt files with the new encryption level and update the encryption key list accordingly in cloud. DAC in cryptography proposes a three-key technique to limit the key list size and later on encryption. As a result, change in access control is enforced using DAC in cryptography. This improves efficiency by not requiring high decryption or re-encryption and to upload or re-upload of large quantity of data by the administrator and assures security by revoking permissions immediately. It demonstrates the construction safety and efficiency using formalization framework and system implementations.","https://www.itm-conferences.org/10.1051/itmconf/20235606001/pdf",""
3,"Maha K. Kabier, Ali A. Yassin, Zaid A. Abduljabbar, Songfeng Lu","Role Based Access Control Using Biometric the in Educational System",2023,"Basrah Researches Sciences","College of Education for Pure Science, University of Basrah","https://doi.org/10.56714/bjrs.49.1.8","",209,"2026-05-27 21:14:56","journal-article","10.56714/bjrs.49.1.8","2411-524X",,49,1,85,101,3,1.00,1,4,3,"The purpose of a secure e-learning system based on cloud computing is to allow instructors and students to access their accounts at any time and from anywhere. These types of systems work to ensure that their users (instructors and students) are truly enrolled in the school or institute to prevent unauthorized users from accessing the resources and components of the system. Furthermore, the traditional authentication techniques used in the majority of educational systems suffer from several issues, such as cyber security attacks and weak management of resources. So, some students could be eager to take advantage of such a system's flaw in an effort to cheat. User authentication and end-user monitoring are more difficult in this situation. Multifactor adaptive authentication techniques are used to implement a system with simultaneous authentication. The proposed scheme system offers an effective, affordable, and human intervention-adaptive authentication and monitoring solution for e-learning environments. Additionally, our work can resist cyber security and contains some good metrics like mutual authentication, user anomalies, and others. In this paper, the proposed scheme system uses a two-factor authentication system based on Asymmetric Scalar Product Preserving Encryption (APSE) and fingerprint biometrics for managing and generating a user's account in a secure way. Our work also achieves a good balance between performance and security complexity compared to the state-of-the-art. So, we achieve good results for 1.69 ms for computation and 1280 bits for communication.","",""
0,"Pavan Navandar","Securing Your Applications with Role-Based Access Control in SAP BTP Cockpit",2023,"Journal of Artificial Intelligence &amp; Cloud Computing","Scientific Research and Community Ltd","https://doi.org/10.47363/jaicc/2023(2)316","",213,"2026-05-27 21:14:56","journal-article","10.47363/jaicc/2023(2)316","2754-6659",,2,1,1,1,0,0.00,0,1,3,"In today’s interconnected digital landscape, securing applications and data against cyber threats is paramount. SAP Business Technology Platform (BTP) offers a robust solution for managing cloud applications, and at its core lies the SAP BTP Cockpit, a centralized hub for application management and monitoring. This white paper delves into the significance of role-based access control (RBAC) in SAP BTP Cockpit, elucidating its role in safeguarding applications and data, and providing insights into best practices for implementing RBAC effectively.","",""
1,"","Attribute-Based Access Control for Secure Cloud Storage Structure",2023,"NeuroQuantology","Institute for Advanced Studies","https://doi.org/10.48047/nq.2020.18.8.nq20240","",214,"2026-05-27 21:14:56","journal-article","10.48047/nq.2020.18.8.nq20240","",,,,,,1,0.33,0,0,3,"","",""
3,"Aijun Kou, Xiaojun Li","Neural Network Intelligent Control Based on MPSO",2023,"IEEE Access","Institute of Electrical and Electronics Engineers (IEEE)","https://doi.org/10.1109/access.2023.3284969","",216,"2026-05-27 21:14:56","journal-article","10.1109/access.2023.3284969","2169-3536",,11,,58565,58577,3,1.00,2,2,3,"","http://xplorestaging.ieee.org/ielx7/6287639/10005208/10147306.pdf?arnumber=10147306",""
1,"Maribel Fernández","The Category-Based Approach to Access Control, Obligations and Privacy",2023,"Proceedings of the 28th ACM Symposium on Access Control Models and Technologies","ACM","https://doi.org/10.1145/3589608.3593814","",222,"2026-05-27 21:14:56","proceedings-article","10.1145/3589608.3593814","",,,,1,2,1,0.33,1,1,3,"","https://dl.acm.org/doi/10.1145/3589608.3593814",""
15,"Ahmed E. Youssef, Kashif Saleem","A Hybrid MCDM Approach for Evaluating Web-Based E-Learning Platforms",2023,"IEEE Access","Institute of Electrical and Electronics Engineers (IEEE)","https://doi.org/10.1109/access.2023.3294798","",231,"2026-05-27 21:14:56","journal-article","10.1109/access.2023.3294798","2169-3536",,11,,72436,72447,15,5.00,8,2,3,"","http://xplorestaging.ieee.org/ielx7/6287639/10005208/10179220.pdf?arnumber=10179220",""
27,"Berhanu Deggefa Lemma, Srinivasan Pradabane","Control of PMSM Drive Using Lookup Table Based Compensated Duty Ratio Optimized Direct Torque Control (DTC)",2023,"IEEE Access","Institute of Electrical and Electronics Engineers (IEEE)","https://doi.org/10.1109/access.2023.3249111","",242,"2026-05-27 21:14:56","journal-article","10.1109/access.2023.3249111","2169-3536",,11,,19863,19875,27,9.00,14,2,3,"","http://xplorestaging.ieee.org/ielx7/6287639/10005208/10052653.pdf?arnumber=10052653",""
0,"Petr Nikolaevich Devyanin","The Results of Reworking the Levels of Role-Based Access Control and Mandatory Integrity Control of the Formal Model of Access Control in Astra Linux",2023,"Proceedings of the Institute for System Programming of the RAS","Institute for System Programming of the Russian Academy of Sciences","https://doi.org/10.15514/ispras-2022-35(5)-1","",245,"2026-05-27 21:14:56","journal-article","10.15514/ispras-2022-35(5)-1","2079-8156",,35,5,7,22,0,0.00,0,1,3,"The access control mechanism is the basis for ensuring the security of system software (OS or DBMS). In accordance with the requirements of regulatory documents of domestic regulators for certified information security tools, as a scientific basis for the implementation of such a mechanism, a formal access control model that meets the GOST R 59453.1-2021 criteria should be developed. Such a formal model for the Astra Linux operating system certified for the highest protection classes and assurance levels is the mandatory entity-role model of access and information flows security control in OS of Linux family (MROSL DP-model). Taking into account the introduction of new elements into the access control mechanism of the Astra Linux and in order to ensure a more accurate correspondence of the model description to this mechanism, the development of scientifically based technologies and practices for the development and verification of formal models, the MROSL DP-model is regularly revised. Another such revision of the model now has been completed for two levels of its hierarchical representation, corresponding to role-based access control (representing discretionary access control, traditional for the OS of Linux family) and mandatory integrity control, reflecting the most significant changes in the Astra Linux release 2023. The article analyzes the main results of this revision, within which: functions that define new entity labels are introduced, the composition and descriptions of the de-jure rules for transforming system states, administrative and negative roles are changed, the wording is corrected and several statements are re-proved, and other changes are made in the model description.","",""
5,"Xiaowei Tang, Bing Xu","Reactor Temperature Compound Control Strategy Based on Disturbance Observer",2023,"IEEE Access","Institute of Electrical and Electronics Engineers (IEEE)","https://doi.org/10.1109/access.2023.3303036","",254,"2026-05-27 21:14:56","journal-article","10.1109/access.2023.3303036","2169-3536",,11,,84554,84564,5,1.67,3,2,3,"","http://xplorestaging.ieee.org/ielx7/6287639/10005208/10210411.pdf?arnumber=10210411",""
2,"Ling Wang","Building Structure Control System Application Research Based on Fuzzy Logic Algorithm",2023,"IEEE Access","Institute of Electrical and Electronics Engineers (IEEE)","https://doi.org/10.1109/access.2023.3342632","",255,"2026-05-27 21:14:56","journal-article","10.1109/access.2023.3342632","2169-3536",,11,,144799,144811,2,0.67,2,1,3,"","http://xplorestaging.ieee.org/ielx7/6287639/10005208/10356047.pdf?arnumber=10356047",""
8,"Keonwoo Lee, Jaejun Cha, Seungkyu Park","Disturbance Observer-Based Control to Guarantee a Sliding Mode Without Sliding Mode Control",2023,"IEEE Access","Institute of Electrical and Electronics Engineers (IEEE)","https://doi.org/10.1109/access.2023.3307738","",261,"2026-05-27 21:14:56","journal-article","10.1109/access.2023.3307738","2169-3536",,11,,95632,95638,8,2.67,3,3,3,"","http://xplorestaging.ieee.org/ielx7/6287639/10005208/10227272.pdf?arnumber=10227272",""
34,"Ateeq Ur Rehman Butt, Tariq Mahmood, Tanzila Saba, Saeed Ali Omer Bahaj, Faten S. Alamri, Muhammad Waseem Iqbal, Amjad R. Khan","An Optimized Role-Based Access Control Using Trust Mechanism in E-Health Cloud Environment",2023,"IEEE Access","Institute of Electrical and Electronics Engineers (IEEE)","https://doi.org/10.1109/access.2023.3335984","",267,"2026-05-27 21:14:56","journal-article","10.1109/access.2023.3335984","2169-3536",,11,,138813,138826,34,11.33,5,7,3,"","http://xplorestaging.ieee.org/ielx7/6287639/10005208/10327710.pdf?arnumber=10327710",""
3,"Ozan Zorlu, Adnan Ozsoy, Seyyit Alper Sert","A Role-Based Access Control Management Model on Blockchain for Restricted Facilities: An Airport Example",2023,"2023 10th International Conference on Recent Advances in Air and Space Technologies (RAST)","IEEE","https://doi.org/10.1109/rast57548.2023.10197974","",278,"2026-05-27 21:14:56","proceedings-article","10.1109/rast57548.2023.10197974","",,,,1,6,3,1.00,1,3,3,"","http://xplorestaging.ieee.org/ielx7/10197839/10197652/10197974.pdf?arnumber=10197974",""
0,"Ratika Parkash, Eileen O’Meara, Anthony S.L. Tang","The Role of Ablation-Based Rhythm Control in the Tangled Web of Atrial Fibrillation and Heart Failure",2023,"Circulation","Ovid Technologies (Wolters Kluwer Health)","https://doi.org/10.1161/circulationaha.123.065329","",279,"2026-05-27 21:14:56","journal-article","10.1161/circulationaha.123.065329","0009-7322",,148,12,933,935,0,0.00,0,3,3,"","https://www.ahajournals.org/doi/full/10.1161/CIRCULATIONAHA.123.065329",""
2,"Yanping Gao, Zuojun Liu","Disturbance Compensation-Based Optimal Tracking Control for Perturbed Nonlinear Systems",2023,"IEEE Access","Institute of Electrical and Electronics Engineers (IEEE)","https://doi.org/10.1109/access.2023.3278211","",280,"2026-05-27 21:14:56","journal-article","10.1109/access.2023.3278211","2169-3536",,11,,50619,50630,2,0.67,1,2,3,"","http://xplorestaging.ieee.org/ielx7/6287639/10005208/10129899.pdf?arnumber=10129899",""
4,"Guoqiang Lu, Renwen Chen, Hao Liu","Active Noise Control Scheme for Smart Beds Based on a Wide and Narrow Band Hybrid Control Algorithm",2023,"IEEE Access","Institute of Electrical and Electronics Engineers (IEEE)","https://doi.org/10.1109/access.2023.3308694","",282,"2026-05-27 21:14:56","journal-article","10.1109/access.2023.3308694","2169-3536",,11,,92617,92627,4,1.33,1,3,3,"","http://xplorestaging.ieee.org/ielx7/6287639/10005208/10230226.pdf?arnumber=10230226",""
12,"Shan Quan, Yongdan Zhao, Nurmamat Helil","Attribute-Based Access Control Policy Generation Approach from Access Logs Based on the CatBoost",2023,"Computing and Informatics","Central Library of the Slovak Academy of Sciences","https://doi.org/10.31577/cai_2023_3_615","",296,"2026-05-27 21:14:56","journal-article","10.31577/cai_2023_3_615","2585-8807",,42,3,615,650,12,4.00,4,3,3,"","http://www.cai.sk/ojs/index.php/cai/article/view/2023_3_615/1232",""
6,"Lu Zhang, Yang Qi","Topology Synthesis of Hybrid Space Control Mechanism Based on FIS Theory",2023,"IEEE Access","Institute of Electrical and Electronics Engineers (IEEE)","https://doi.org/10.1109/access.2023.3276428","",301,"2026-05-27 21:14:56","journal-article","10.1109/access.2023.3276428","2169-3536",,11,,48749,48767,6,2.00,3,2,3,"","http://xplorestaging.ieee.org/ielx7/6287639/10005208/10124750.pdf?arnumber=10124750",""
0,"Chengbo Luo","Research on dynamic behavior vibration control of semi-submersible Marine platform based on ARID control system",2023,"E3S Web of Conferences","EDP Sciences","https://doi.org/10.1051/e3sconf/202338503006","",304,"2026-05-27 21:14:56","journal-article","10.1051/e3sconf/202338503006","2267-1242",,385,,3006,3006,0,0.00,0,1,3,"As the development and infrastructure of deepwater oil and gas resources, the performance of the deepwater offshore platform is directly related to personnel safety, equipment safety, normal production and drilling process. Therefore, hydrodynamic calculation[1] and flow response-based control and optimization are current hot research topics. Semi-submersible marine platforms are widely used in the industry due to their large deck area, strong wind and wave resistance, and excellent mining ability. However, their complex and diverse lines in the marine environment result in a series of dynamic responses due to wave loads, particularly in the rotating dynamic behavior, which cannot be efficiently controlled using traditional vibration control methods.Many research studies have focused on developing efficient control systems to suppress the dynamic behavior of semi-submersible marine platforms. For instance, active mass dampers (AMD) and tuning rotational inertia dampers (TRID) devices have been used to control the translation dynamic behavior of the platform. However, their performance in controlling the rotating dynamic behavior of the platform is unsatisfactory.To address this challenge, this paper proposes a new type of active control system called the Active Rotary Inertia Driver (ARID), which utilizes an active torque control system to suppress the rotating dynamic behavior of the semi-submersible marine platform. The ARID system is developed based on AMD and TRID devices and aims to enhance personnel and equipment safety, as well as the normal production and drilling process of the platform.Therefore, this study presents a comprehensive review of the research status on hydrodynamic calculation and flow response-based control and optimization of deepwater offshore platforms, particularly the semi-submersible marine platform. The proposed ARID system is expected to contribute to this research area by offering an efficient solution to the rotating dynamic behavior of the platform.","https://www.e3s-conferences.org/10.1051/e3sconf/202338503006/pdf",""
2,"Ruoyu Liang, Zi Ye, Jing Zhang, Liwen Shi, Zhangfan Shen, Wenbin Du","Continued Participation in Crowdsourcing Innovation: The Role of Web-Specific Computer Self-Efficacy",2023,"IEEE Access","Institute of Electrical and Electronics Engineers (IEEE)","https://doi.org/10.1109/access.2023.3314331","",312,"2026-05-27 21:14:56","journal-article","10.1109/access.2023.3314331","2169-3536",,11,,100309,100322,2,0.67,0,6,3,"","http://xplorestaging.ieee.org/ielx7/6287639/10005208/10247036.pdf?arnumber=10247036",""
4,"Hamed Rasifard, Rahul Gopinath, Michael Backes, Hamed Nemati","SEAL: Capability-Based Access Control for Data-Analytic Scenarios",2023,"Proceedings of the 28th ACM Symposium on Access Control Models and Technologies","ACM","https://doi.org/10.1145/3589608.3593838","",316,"2026-05-27 21:14:56","proceedings-article","10.1145/3589608.3593838","",,,,67,78,4,1.33,1,4,3,"","https://dl.acm.org/doi/10.1145/3589608.3593838",""
0,"R. Vidhya, R. Sathya","Decentralized Data Access Control Mechanism for Healthcare Sector based on Blockchain Security",2023,"International Journal of Science and Research (IJSR)","International Journal of Science and Research","https://doi.org/10.21275/sr231006123601","",321,"2026-05-27 21:14:56","journal-article","10.21275/sr231006123601","2319-7064",,12,10,581,585,0,0.00,0,2,3,"","",""
2,"Avani Dadhania , Dr.Hiren Patel","DRBAC-Healthchain (DRBAC-HC): Decentralized Role Based Access Control Framework For Achieving Security And Privacy Using Blockchain In Healthcare System",2023,"Journal of Pharmaceutical Negative Results","SynthesisHub Advance Scientific Research","https://doi.org/10.47750/pnr.2023.14.03.368","",328,"2026-05-27 21:14:56","journal-article","10.47750/pnr.2023.14.03.368","2229-7723",,,,2931,2942,2,0.67,2,1,3,"With the Internet of Things' (IoTs) rapid expansion, effect, and potential, the healthcare industry is shifting to a new paradigm that permits wearable devices to collect patient medical data and use it for monitoring and diagnosis. Tamper-proof data and avoidance of the centralized record-keeping mechanism are crucial requirements in any wellness system due to its exigent and precise necessity of data requests. Along with the same, transactions’ auditability and revocation of access rights upon certain records for specific stakeholders are also a few of the other prerequisites in the medical segment. Blockchain, as a distributed ledger, offers a solution for securely storing data while providing transparency in transactions and interactions among stakeholders. Synchronous interaction among patient, doctor, pharmacy, consultant, hospital, etc. with all possible data security is another concern that could be resolved through the usage of Blockchain’s smart contracts wherein interaction among these stakeholders is permitted in a traceable and irreversible mode. The purpose of this paper is to discuss the potential use of Blockchain technology in the healthcare sector to achieve data security, transparency, and reliability without the involvement of a trusted third party. In terms of security and privacy, we survey and provide an exhaustive review of Blockchain-based access control systems for the healthcare system. In addition, for the healthcare system, we propose and implemented a decentralized role-based access control model based on Ethereum smart contract.","https://www.pnrjournal.com/index.php/home/article/download/9305/12828",""
0,"Saurabh Verma, Abhishek Patel","AI-Powered Role-based Access Control and Watermarking: Secure Sharing of Medical Images in Cloud Environments",2023,"International Journal of Innovative Research in Computer and Communication Engineering","Ess & Ess Research Publications","https://doi.org/10.15680/ijircce.2023.1102054","",342,"2026-05-27 21:14:56","journal-article","10.15680/ijircce.2023.1102054","2320-9801",,11,2,9310,9315,0,0.00,0,2,3,"The secure sharing of medical images in cloud environments is critical to ensure patient privacy and data integrity. This paper presents an AI-powered approach combining role-based access control (RBAC) and triple watermarking techniques to enhance the security of Digital Imaging and Communications in Medicine (DICOM) images. The proposed method integrates watermarking schemes in the spatial, frequency, and hybrid domains, optimized by advanced AI algorithms, to provide robust protection against unauthorized access and tampering. Experimental results demonstrate significant improvements in security metrics compared to traditional methods, highlighting the effectiveness of this approach in safeguarding medical images.","",""
0,"Dyfan Jones","s3fs: 'Amazon Web Service S3' File System",2023,"CRAN: Contributed Packages","The R Foundation","https://doi.org/10.32614/cran.package.s3fs","",348,"2026-05-27 21:14:56","dataset","10.32614/cran.package.s3fs","",,,,,,0,0.00,0,1,3,"","",""
0,"Kehe Wu, Yang Han, Zheng Tian, Weidong Wu, Yizhen Sun","Temporal Role Access Control Model for New Power Systems Based on Trust Degree",2023,"Journal of Physics: Conference Series","IOP Publishing","https://doi.org/10.1088/1742-6596/2615/1/012015","",354,"2026-05-27 21:14:56","journal-article","10.1088/1742-6596/2615/1/012015","1742-6588",,2615,1,12015,12015,0,0.00,0,5,3,"Abstract: With the continuous development of information construction in the new power system and the power information network system, users have their own role identities in the corresponding business systems, and access permissions change over time. Traditional access control permanently assigns user roles, which has made the issue of power information security increasingly prominent. This article introduces time constraints in the role-based access control of the new power system. Building on the research of GTRBAC, a trust-based time-constrained role-based access control model for the new power system is proposed. The model’s semantics, execution model, and formal verification are defined.","https://iopscience.iop.org/article/10.1088/1742-6596/2615/1/012015/pdf",""
31,"Athira M. Mohan, Nader Meskin, Hasan Mehrjerdi","LQG-Based Virtual Inertial Control of Islanded Microgrid Load Frequency Control and DoS Attack Vulnerability Analysis",2023,"IEEE Access","Institute of Electrical and Electronics Engineers (IEEE)","https://doi.org/10.1109/access.2023.3271012","",365,"2026-05-27 21:14:56","journal-article","10.1109/access.2023.3271012","2169-3536",,11,,42160,42179,31,10.33,10,3,3,"","http://xplorestaging.ieee.org/ielx7/6287639/10005208/10109724.pdf?arnumber=10109724",""
5,"Shariq Bashir, Akmal Saeed Khattak","Private Web Search Using Proxy-Query Based Query Obfuscation Scheme",2023,"IEEE Access","Institute of Electrical and Electronics Engineers (IEEE)","https://doi.org/10.1109/access.2023.3235000","",370,"2026-05-27 21:14:56","journal-article","10.1109/access.2023.3235000","2169-3536",,11,,3607,3625,5,1.67,3,2,3,"","http://xplorestaging.ieee.org/ielx7/6287639/10005208/10011421.pdf?arnumber=10011421",""
1,"Vincent C Hu","Overview and Considerations of Access Control Based on Attribute Encryption",2023,"","National Institute of Standards and Technology","https://doi.org/10.6028/nist.ir.8450.ipd","",384,"2026-05-27 21:14:56","report","10.6028/nist.ir.8450.ipd","",,,,,,1,0.33,1,1,3,"Encryption technology can be incorporated into access control mechanisms based on user identities, user attributes, or resource attributes. Traditional public-key encryption requires different data to have different keys that can be distributed to users who satisfy perspective access control policies along with the encrypted version of the data. However, some distributed or pervasive system environments wish to avoid the public-key encryption’s all-or-nothing data access limitation when considering their performance requirements. Attribute-based encryption incorporates access control policies and attributes with encryption and decryption functions and a one-to-many authorization scheme that requires fewer keys than public-key encryption. It also utilizes collusion-resistance, which provides a more efficient and flexible attribute-based access control mechanism that supports high-performance systems (e.g., cloud, IoT, disrupt-tolerant networks, wireless sensor networks, mobile ad-hoc networks, and public search service systems).","",""
0,"Yunpeng Zhang, Izzat Alsmadi, Yi Qi, Zhixia Li","Trust Management and Attribute-Based Access Control Framework for Protecting Maritime Cyber Infrastructure",2023,"Proceedings of the 18th International Conference on Software Technologies","SCITEPRESS - Science and Technology Publications","https://doi.org/10.5220/0012126500003538","",390,"2026-05-27 21:14:56","proceedings-article","10.5220/0012126500003538","",,,,534,539,0,0.00,0,4,3,"","",""
4,"Abdelrahman Habib, Mohamed Dessouky, Ahmed Naguib","A Resolution Control Loop for TDC-Based Phase Detectors in ADPLLs",2023,"IEEE Access","Institute of Electrical and Electronics Engineers (IEEE)","https://doi.org/10.1109/access.2023.3265726","",391,"2026-05-27 21:14:56","journal-article","10.1109/access.2023.3265726","2169-3536",,11,,36073,36081,4,1.33,1,3,3,"","http://xplorestaging.ieee.org/ielx7/6287639/10005208/10097748.pdf?arnumber=10097748",""
0,"Xinwen Hu","Tpam: Timed-Permission Based Access Control Analysis and Modeling Method for Android Apps",2023,"","Elsevier BV","https://doi.org/10.2139/ssrn.4664108","",395,"2026-05-27 21:14:56","posted-content","10.2139/ssrn.4664108","",,,,,,0,0.00,0,1,3,"","",""
25,"Chang Jiang, Shaohua Zhang","Power Quality Compensation Strategy of MMC-UPQC Based on Passive Sliding Mode Control",2023,"IEEE Access","Institute of Electrical and Electronics Engineers (IEEE)","https://doi.org/10.1109/access.2022.3229893","",401,"2026-05-27 21:14:56","journal-article","10.1109/access.2022.3229893","2169-3536",,11,,3662,3679,25,8.33,13,2,3,"","http://xplorestaging.ieee.org/ielx7/6287639/10005208/09989378.pdf?arnumber=9989378",""
5,"Dario Branco, Alba Amato, Salvatore Venticinque, Rocco Aversa","Agents Based Cyber-Physical Diffused Museums Over Web Interoperability Standards",2023,"IEEE Access","Institute of Electrical and Electronics Engineers (IEEE)","https://doi.org/10.1109/access.2023.3272641","",405,"2026-05-27 21:14:56","journal-article","10.1109/access.2023.3272641","2169-3536",,11,,44107,44122,5,1.67,1,4,3,"","http://xplorestaging.ieee.org/ielx7/6287639/10005208/10114799.pdf?arnumber=10114799",""
7,"Zhaolong Wu, Zhaobing Chen, Bohan Xu, Shushuai Pang, Feng Lin","Realization of Control Algorithm for Vehicle Optoelectronic Tracking Platform Based on Sliding Mode Control and Active Disturbance Rejection Control Optimized by Differential Evolution Algorithm",2023,"IEEE Access","Institute of Electrical and Electronics Engineers (IEEE)","https://doi.org/10.1109/access.2023.3286868","",421,"2026-05-27 21:14:56","journal-article","10.1109/access.2023.3286868","2169-3536",,11,,60386,60397,7,2.33,1,5,3,"","http://xplorestaging.ieee.org/ielx7/6287639/10005208/10154049.pdf?arnumber=10154049",""
10,"Yuan Lipeng, Li Bing","Research on Gait Switching Control of Quadruped Robot Based on Dynamic and Static Combination",2023,"IEEE Access","Institute of Electrical and Electronics Engineers (IEEE)","https://doi.org/10.1109/access.2023.3240190","",422,"2026-05-27 21:14:56","journal-article","10.1109/access.2023.3240190","2169-3536",,11,,14073,14088,10,3.33,5,2,3,"","http://xplorestaging.ieee.org/ielx7/6287639/10005208/10026831.pdf?arnumber=10026831",""
18,"Urvashi Rahul Saxena, Taj Alam","Provisioning trust-oriented role-based access control for maintaining data integrity in cloud",2023,"International Journal of System Assurance Engineering and Management","Springer Science and Business Media LLC","https://doi.org/10.1007/s13198-023-02112-x","",434,"2026-05-27 21:14:56","journal-article","10.1007/s13198-023-02112-x","0975-6809",,14,6,2559,2578,18,6.00,9,2,3,"","https://link.springer.com/content/pdf/10.1007/s13198-023-02112-x.pdf",""
6,"Zezhong Wang, Inez Maria Zwetsloot","A Transfer Learning-Based Multivariate Control Chart for Dengue Surveillance in Hong Kong",2023,"IEEE Access","Institute of Electrical and Electronics Engineers (IEEE)","https://doi.org/10.1109/access.2023.3290324","",437,"2026-05-27 21:14:56","journal-article","10.1109/access.2023.3290324","2169-3536",,11,,66415,66427,6,2.00,3,2,3,"","http://xplorestaging.ieee.org/ielx7/6287639/10005208/10167630.pdf?arnumber=10167630",""
7,"Hualu Yuan, Zheng Wang, Zhenyu Chen, Yongwen Gong, Jinqi Lu, Yueshen Hu, Lincheng Li, Fang Qian","A Fine-Grained Access Control Method Based on Role Permission Management",2023,"2023 International Conference on Distributed Computing and Electrical Circuits and Electronics (ICDCECE)","IEEE","https://doi.org/10.1109/icdcece57866.2023.10150760","",439,"2026-05-27 21:14:56","proceedings-article","10.1109/icdcece57866.2023.10150760","",,,,1,6,7,2.33,1,8,3,"","http://xplorestaging.ieee.org/ielx7/10150430/10150434/10150760.pdf?arnumber=10150760",""
0,"Naman Kansal","The Role of Decentralized Identity and Reputation Systems in Web 3.0: A Comparative Analysis of Blockchain - Based Solutions",2023,"International Journal of Scientific Engineering and Research","International Journal of Scientific Engineering and Research","https://doi.org/10.70729/se23709173313","",445,"2026-05-27 21:14:56","journal-article","10.70729/se23709173313","2347-3878",,11,7,58,65,0,0.00,0,1,3,"","",""
7,"Liyan Shi, Hairui Chen","A Collaborative Control Scheme for Smart Vehicles Based on Multi-Agent Deep Reinforcement Learning",2023,"IEEE Access","Institute of Electrical and Electronics Engineers (IEEE)","https://doi.org/10.1109/access.2023.3312021","",456,"2026-05-27 21:14:56","journal-article","10.1109/access.2023.3312021","2169-3536",,11,,96221,96234,7,2.33,4,2,3,"","http://xplorestaging.ieee.org/ielx7/6287639/10005208/10239144.pdf?arnumber=10239144",""
2,"ANU RAJ, Shiva Prakash","An Efficient Blockchain-based Access Control Framework for IoT-Healthcare System",2023,"","Springer Science and Business Media LLC","https://doi.org/10.21203/rs.3.rs-2839405/v1","",459,"2026-05-27 21:14:56","posted-content","10.21203/rs.3.rs-2839405/v1","",,,,,,2,0.67,1,2,3,"<title>Abstract</title> <p>Nowadays, the adoption of the Internet of Things (IoT) framework in various healthcare industries has grown rapidly in the recent years. The IoT devices generates huge amount of data which are often sensitive, such as personal health information. It is mandatory to ensure that this data is protected from unauthorized access and use. However, the resource-constrained nature of these devices can make it difficult to implement robust security measures, such as encryption and authentication. Blockchain is a promising approach for the secure management of medical record in immutable way. This problem can be resolved with ciphertext-policy attribute-based encryption, which allows granular access control. The local gateways that are directly interfaced to the Ethereum blockchain-based smart contract platform are utilised to create and implement a distributed and dependable user authentication and access control mechanism for smart based healthcare. In this paper, the use of a DBC-based CP-ABE approach offers a secure and decentralized solution for secure communication and data protection, and providing a more secure and trustworthy system. The proposed system is based on the idea of an Elliptical Curve Cryptography (ECC)-based CP-ABE method reduce complexity and provide data security in remote patient monitoring. On the other hand, blockchain-based smart contracts offer a dynamic, optimal, and self-adjusted access control in smart healthcare system. It lowers the overhead associated with conducting resource-intensive authentication procedures and blockchain communications at IoT devices. The result shows the effectiveness of the proposed scheme in terms of computation and processing time as well as its resistance to several security intrusions over existing schemes.</p>","https://www.researchsquare.com/article/rs-2839405/v1",""
1,"Utsa Roy, Nirnay Ghosh","BloAC : A Blockchain-based Secure Access Control Management for the Internet of Things",2023,"","Institute of Electrical and Electronics Engineers (IEEE)","https://doi.org/10.36227/techrxiv.23282816.v1","",464,"2026-05-27 21:14:56","posted-content","10.36227/techrxiv.23282816.v1","",,,,,,1,0.33,1,2,3,"The Internet of Things (IoT) paradigm has widespread applications across many fields in which private and sensitive user or environmental data are sensed and shared. Most present-day IoT applications depend on centralized cloud servers for authentication and access control. Validating the identity of a user and determining the legitimacy of his/her access requests require multiple rounds of data communications over the untrusted Internet, exposing sensitive data to potential attacks. Thus, protecting these data from security and privacy attacks and ensuring legitimate access is imperative. To address this challenge, we adopt an emerging technology called blockchain to propose a decentralized security framework called BloAC. It ensures secure access control in IoT networks without the intervention of the back-end cloud. We have used the Hyperledger Fabric, an open-source, permissioned blockchain platform, for implementing a prototype system using customized attribute-based access control (ABAC) policies. We have performed simulated and real test bed-based experiments to illustrate that BloAC outperforms the cloud server-based access control in latency and scalability. Finally, we conduct a security analysis to formally verify the ABAC policies used in BloAC and establish its robustness against attacks theoretically and using the AVISPA tool.","https://www.techrxiv.org/doi/pdf/10.36227/techrxiv.23282816.v1",""
7,"Anne K. Madsen, Darshika G. Perera","Toward Composing Efficient FPGA-Based Hardware Accelerators for Physics-Based Model Predictive Control Smart Sensor for HEV Battery Cell Management",2023,"IEEE Access","Institute of Electrical and Electronics Engineers (IEEE)","https://doi.org/10.1109/access.2023.3319288","",467,"2026-05-27 21:14:56","journal-article","10.1109/access.2023.3319288","2169-3536",,11,,106141,106171,7,2.33,4,2,3,"","http://xplorestaging.ieee.org/ielx7/6287639/10005208/10262302.pdf?arnumber=10262302",""
2,"Utsa Roy, Nirnay Ghosh","BloAC : A Blockchain-based Secure Access Control Management for the Internet of Things",2023,"","Institute of Electrical and Electronics Engineers (IEEE)","https://doi.org/10.36227/techrxiv.23282816","",468,"2026-05-27 21:14:56","posted-content","10.36227/techrxiv.23282816","",,,,,,2,0.67,1,2,3,"<p>The Internet of Things (IoT) paradigm has widespread applications across many fields in which private and sensitive user or environmental data are sensed and shared. Most present-day IoT applications depend on centralized cloud servers for authentication and access control. Validating the identity of a user and determining the legitimacy of his/her access requests require multiple rounds of data communications over the untrusted Internet, exposing sensitive data to potential attacks. Thus, protecting these data from security and privacy attacks and ensuring legitimate access is imperative. To address this challenge, we adopt an emerging technology called blockchain to propose a decentralized security framework called BloAC. It ensures secure access control in IoT networks without the intervention of the back-end cloud. We have used the Hyperledger Fabric, an open-source, permissioned blockchain platform, for implementing a prototype system using customized attribute-based access control (ABAC) policies. We have performed simulated and real test bed-based experiments to illustrate that BloAC outperforms the cloud server-based access control in latency and scalability. Finally, we conduct a security analysis to formally verify the ABAC policies used in BloAC and establish its robustness against attacks theoretically and using the AVISPA tool.</p>","https://ndownloader.figshare.com/files/41034848",""
0,"Berilu S. Castañeda-Castro, Mireya L. Cipriano-Rojas","Impact of a Web-based Budget Control System for Organizations",2023,"Revista Ciencia y Tecnología","Universidad Nacional de Trujillo","https://doi.org/10.17268/rev.cyt.2023.04.06","",473,"2026-05-27 21:14:56","journal-article","10.17268/rev.cyt.2023.04.06","2306-2002",,19,4,83,99,0,0.00,0,2,3,"","",""
0,"Jonas Moll, Gunilla Myreteg, Hanife Rexhepi","Experiences of Patients With Mental Health Issues Having Web-Based Access to Their Records: National Patient Survey (Preprint)",2023,"","JMIR Publications Inc.","https://doi.org/10.2196/preprints.48008","",475,"2026-05-27 21:14:56","posted-content","10.2196/preprints.48008","",,,,,,0,0.00,0,3,3,"<sec> <title>BACKGROUND</title> <p>Sharing mental health notes through patient accessible electronic health records (PAEHRs) is controversial. Many psychiatric organizations and regions in Sweden have resisted the implementation, as clinicians worry about possible harms when patients are reading their notes. Despite the documented benefits of PAEHRs, there is still a lack of knowledge regarding whether patients with mental health issues could reap similar benefits of reading their notes as other patient groups.</p> </sec> <sec> <title>OBJECTIVE</title> <p>The aim of the study is to examine the use, attitudes, and experiences of patients with mental health issues by reading their notes in the PAEHR and, moreover, whether their experiences differ from other patient groups, and if so, how.</p> </sec> <sec> <title>METHODS</title> <p>A national patient survey was conducted with answers from 2587 patients from different patient groups. In total, 504 respondents (19.5%) indicated that they experienced a mental health disease. Answers from this patient group were compared to the answers from all other respondents. Survey questions related to attitudes, information usage, and effects on contacts with care were selected for analysis. Mann-Whitney &lt;i&gt;U&lt;/i&gt; tests were used to detect groupwise differences.</p> </sec> <sec> <title>RESULTS</title> <p>Patients with mental health issues use PAEHRs for checking that they have received the right care (mean_mental health 2.83, SD_mental health 1.39; mean_others 2.62, SD_others 1.37; &lt;i&gt;P&lt;/i&gt;=.002) or suspected inaccuracies (mean_mental health 2.55, SD_mental health 1.34; mean_others 2.31, SD_others 1.30; &lt;i&gt;P&lt;/i&gt;=.001), blocking access for professionals in other specialties (mean_mental health 3.43, SD_mental health 1.46; mean_others 3.04, SD_others 1.42; &lt;i&gt;P&lt;/i&gt;&amp;lt;.001), and checking which care professionals have accessed their record (mean_mental health 4.28, SD_mental health 1.14; mean_others 4.05, SD_others 1.25; &lt;i&gt;P&lt;/i&gt;&amp;lt;.001) to a significantly higher degree than other patients. On the other hand, the results show that a significantly lower proportion of patients with mental health issues (mean_mental health 3.38, SD_mental health 1.21; mean_others 3.52, SD_others 1.18; &lt;i&gt;P&lt;/i&gt;=.02) believe that PAEHRs help them in shared decision-making compared to other patient groups.</p> </sec> <sec> <title>CONCLUSIONS</title> <p>Patients with mental health issues who took part in the survey, as a group, express some minor differences in both the use of the PAEHR and their experiences regarding its usefulness, as compared to other patients, as a group. This patient group shows a slightly higher interest in 2 types of use: checking for accuracy of care in the record and blocking access to mental health notes for professionals from other parts of the health care system. Compared to other patient groups, these patients are less likely to experience that the PAEHR is a support in shared decision-making. The study indicates that the benefits of PAEHR on a general level are the same for this patient group as for other patients. The study does not support clinicians’ worry about possible harm to this patient group. Further research is however needed.</p> </sec>","",""
0,"Viqi Harianto, Sumarno Sumarno","Web Based Company Workshop Tool Control System ( Case Study of Dipo Kereta Malang )",2023,"","Universitas Muhammadiyah Sidoarjo","https://doi.org/10.21070/ups.1296","",486,"2026-05-27 21:14:56","posted-content","10.21070/ups.1296","",,,,,,0,0.00,0,2,3,"","",""
2,"Lei Yang, Na Wang, Zhiyong Liu, Ning Li","Improving Disturbance Rejection Performance of EID-Based Control by Employing PLTD",2023,"IEEE Access","Institute of Electrical and Electronics Engineers (IEEE)","https://doi.org/10.1109/access.2023.3318256","",490,"2026-05-27 21:14:56","journal-article","10.1109/access.2023.3318256","2169-3536",,11,,108024,108032,2,0.67,1,4,3,"","http://xplorestaging.ieee.org/ielx7/6287639/10005208/10261202.pdf?arnumber=10261202",""
4,"Shohei Mitani, Jonghoon Kwon, Nakul Ghate, Taniya Singh, Hirofumi Ueda, Adrian Perrig","Qualitative Intention-aware Attribute-based Access Control Policy Refinement",2023,"Proceedings of the 28th ACM Symposium on Access Control Models and Technologies","ACM","https://doi.org/10.1145/3589608.3593841","",491,"2026-05-27 21:14:56","proceedings-article","10.1145/3589608.3593841","",,,,201,208,4,1.33,1,6,3,"","https://dl.acm.org/doi/10.1145/3589608.3593841",""
3,"Sascha Kaven, Volker Skwarek","Poster: Attribute Based Access Control for IoT Devices in 5G Networks",2023,"Proceedings of the 28th ACM Symposium on Access Control Models and Technologies","ACM","https://doi.org/10.1145/3589608.3595081","",492,"2026-05-27 21:14:56","proceedings-article","10.1145/3589608.3595081","",,,,51,53,3,1.00,2,2,3,"","https://dl.acm.org/doi/10.1145/3589608.3595081",""
53,"T. Haritha, A. Anitha","Multi-Level Security in Healthcare by Integrating Lattice-Based Access Control and Blockchain- Based Smart Contracts System",2023,"IEEE Access","Institute of Electrical and Electronics Engineers (IEEE)","https://doi.org/10.1109/access.2023.3324740","",493,"2026-05-27 21:14:56","journal-article","10.1109/access.2023.3324740","2169-3536",,11,,114322,114340,53,17.67,27,2,3,"","http://xplorestaging.ieee.org/ielx7/6287639/10005208/10285844.pdf?arnumber=10285844",""
0,"Raza Nowrozy","Towards Secure and Efficient Healthcare: A Blockchain‑Based Study on Patient Data Access, Control and Interoperability",2023,"Engineering Technology Open Access Journal","Juniper Publishers","https://doi.org/10.19080/etoaj.2023.05.555663","",494,"2026-05-27 21:14:56","journal-article","10.19080/etoaj.2023.05.555663","2641-8185",,5,3,,,0,0.00,0,1,3,"In the rapidly evolving digital healthcare landscape, the secure and efficient management of Electronic Health Records (EHRs) is paramount and of significant concern. Although patient data is always sensitive, its privacy and security can sometimes be compromised when shared with others, such as doctors, hospitals, pharmacists, researchers, etc.","",""
1,"Katarzyna Adamiak, Tymoteusz Zwierzchowski","Model Reference Based Sliding Mode Control for an Inventory System With a Novel Demand Profile",2023,"IEEE Access","Institute of Electrical and Electronics Engineers (IEEE)","https://doi.org/10.1109/access.2023.3308044","",496,"2026-05-27 21:14:56","journal-article","10.1109/access.2023.3308044","2169-3536",,11,,90966,90979,1,0.33,1,2,3,"","http://xplorestaging.ieee.org/ielx7/6287639/10005208/10227256.pdf?arnumber=10227256",""
0,"Othman Ahmed","Proof of Applicatio and its Nodal Applications",2023,"Islamic Sciences Journal","Tikrit University","https://doi.org/10.25130/jis.20.11.10.11","",497,"2026-05-27 21:14:56","journal-article","10.25130/jis.20.11.10.11","2663-8800",,11,10,252,272,0,0.00,0,1,3,"ABSTRACT                    This research labeled (the proof of application and its nodal applications) is considered one of the researches that dealt with one of the important proofs of speech scholars, which are used in response to some philosophers' concepts in the occurrence of the world, the negation of the absent, and the infinite dimensions. This research deals with the linguistic definition of the proof and the meaning of Application, it deals dealt with the idiomatic aspect of this proof, the types of proofs used by scholars of speech in establishing Islamic beliefs, and then it touches upon some important issues, such as: the occurrence of the world, the negation of the non-existent, and the diminishing of the dimensions.The research is ended with the most important resuits.","https://jis.tu.edu.iq/index.php/jis/article/download/577/505",""
5,"Juan J. Alcaraz, Fernando Losilla, Francisco-Javier Gonzalez-Castaño","Transmission Control in NB-IoT With Model-Based Reinforcement Learning",2023,"IEEE Access","Institute of Electrical and Electronics Engineers (IEEE)","https://doi.org/10.1109/access.2023.3284990","",503,"2026-05-27 21:14:56","journal-article","10.1109/access.2023.3284990","2169-3536",,11,,57991,58005,5,1.67,2,3,3,"","http://xplorestaging.ieee.org/ielx7/6287639/10005208/10147823.pdf?arnumber=10147823",""
1,"Katarzyna Adamiak, Tymoteusz Zwierzchowski","Model Reference Based Sliding Mode Control for an Inventory System With a Novel Demand Profile",2023,"IEEE Access","Institute of Electrical and Electronics Engineers (IEEE)","https://doi.org/10.1109/access.2023.3308044","",507,"2026-05-27 21:14:56","journal-article","10.1109/access.2023.3308044","2169-3536",,11,,90966,90979,1,0.33,1,2,3,"","http://xplorestaging.ieee.org/ielx7/6287639/10005208/10227256.pdf?arnumber=10227256",""
5,"Nargess Sadeghzadeh-Nokhodberiz, Nader Meskin","Consensus-Based Distributed Formation Control of Multi-Quadcopter Systems: Barrier Lyapunov Function Approach",2023,"IEEE Access","Institute of Electrical and Electronics Engineers (IEEE)","https://doi.org/10.1109/access.2023.3340417","",513,"2026-05-27 21:14:56","journal-article","10.1109/access.2023.3340417","2169-3536",,11,,142916,142930,5,1.67,3,2,3,"","http://xplorestaging.ieee.org/ielx7/6287639/10005208/10347189.pdf?arnumber=10347189",""
0,"Adam J. Lee","Credential-Based Access Control",2023,"Encyclopedia of Cryptography, Security and Privacy","Springer Berlin Heidelberg","https://doi.org/10.1007/978-3-642-27739-9_898-2","",514,"2026-05-27 21:14:56","book-chapter","10.1007/978-3-642-27739-9_898-2","",,,,1,3,0,0.00,0,1,3,"","https://link.springer.com/content/pdf/10.1007/978-3-642-27739-9_898-2",""
0,"Haobin Ma, Dehua Zhou, Peng Li","Flexible and Secure Access Control for Ehr Sharing Based on Blockchain",2023,"","Elsevier BV","https://doi.org/10.2139/ssrn.4450398","",521,"2026-05-27 21:14:56","posted-content","10.2139/ssrn.4450398","",,,,,,0,0.00,0,3,3,"","",""
2,"R. Agrawal, N. Gupta","Blockchain Based Access Control Systems",2023,"Blockchain Applications in Cybersecurity Solutions","BENTHAM SCIENCE PUBLISHERS","https://doi.org/10.2174/9789815080599123010010","",540,"2026-05-27 21:14:56","book-chapter","10.2174/9789815080599123010010","",,,,117,126,2,0.67,1,2,3,"While accessing data through the Internet of Things (IoT), privacy and safety are the most important features. IoT developers have a challenging job of securing and protecting the data of the users during the development process due to the complicated nature of decentralisation and heterogeneity of the environment present in IoT. There are several access control models for the IoT available in the literature which rely on centralized architecture and raises security concerns because IoT devices can spontaneously and dynamically interact with one another. The need for secure and distributed access control architecture to overcome the single point of failure problem of a centralized entity becomes a big challenge when coupled with scalability and lightweight features. It is possible to achieve this through the use of Blockchain technology, which has recently been used to provide access control services. IoT device management would be used to manage distribution, heterogeneity, scalability, the ability to tolerate failure, security and privacy aspects of IoT devices at scale in the near future as it is useful.","",""
0,"Nilima V. Pardakhe, Vaishali M. Deshmukh","Consortium-Based Algorithm for Access Control and Pattern Analysis Models",2023,"","Research Square Platform LLC","https://doi.org/10.21203/rs.3.rs-3070326/v1","",542,"2026-05-27 21:14:56","posted-content","10.21203/rs.3.rs-3070326/v1","",,,,,,0,0.00,0,2,3,"Abstract: Inappropriate ownership transfers, weak access control, and incorrect authentication are just some of the most common external risks to public cloud installations. Cloud application developers may intentionally or unintentionally introduce these design-level issues. The difficulty that modern large-scale cloud deployments have in identifying and patching these vulnerabilities is a contributing factor to the decline in cloud QoS (quality of service) and the rise in overall system cost. Many different models of security patches have been developed by researchers and penetration testers in an effort to counteract this widespread issue. In this paper the Novel architecture is proposed that is applied to the header level to allow access to all data in incoming traffic. For the purpose of determining the most effective means of restricting access for possible internal and external attackers, this data is being processed by a context-aware rule-based engine. Moreover, it uses pattern analysis to assess the possibility of attacks like man-in-the-middle, cross-site scripting (XSS), SQL injection (SQLi), denial of service (DoS), and cross-site request forgery (CORS). By designing the network around the concept of a blockchain consortium, it is feasible to effectively exert ownership control without affecting the system's operation. This blockchain-based method stores all ownership requests in a private cloud until the content owner approves or rejects them, at which point they are transferred to the public cloud. These three properties of the model—distributed computing, immutability, and verifiability—are maintained by using a public/private chaining mechanism. The method has been evaluated across many cloud implementations, with consistent findings showing a 99.9% improvement in lowering the probability of external assaults while preserving or improving upon the efficiency of latency, throughput, and ownership transfer.","https://www.researchsquare.com/article/rs-3070326/v1",""
0,"Usman Ahmad, Hassan Ali, M. Haseem Umer, Abid Imran, Arsalan Arif, Taqi Ahmed Cheema","Microcontroller-based Sonar Ultrasonic Water Level Control System with Closed-loop Control Approach",2023,"MATEC Web of Conferences","EDP Sciences","https://doi.org/10.1051/matecconf/202338101008","",544,"2026-05-27 21:14:56","journal-article","10.1051/matecconf/202338101008","2261-236X",,381,,1008,1008,0,0.00,0,6,3,"This study proposes a microcontroller-based closed-loop water level control system that utilizes a sonar ultrasonic sensor to monitor and regulate water levels in a tank. The system operates by continuously checking the water level in the tank and adjusting the valve’s opening and closure times to maintain the desired water level. The closed-loop control approach employed by the system offers a precise water level control solution that can significantly reduce water waste in water pumping systems. The paper also assesses the theoretical and experimental response of an open-loop water level control system. The findings demonstrate that the closed-loop system outperforms the open-loop system, indicating the effectiveness of the proposed approach in maintaining water levels in a tank. The proposed system is not only applicable to water pumping systems but can also be used to manage the flow of hot and cold water from home water heaters. Additionally, the system can be utilized in various industries that require level or flow control, with particular emphasis on the production of distilled water, juice, and milk.","https://www.matec-conferences.org/10.1051/matecconf/202338101008/pdf",""
0,"Yunliang Li, Zhiqiang Du, Yanfang Fu, Yifan Ma","Blockchain-Based Access Control Architecture for Multi-Domain Environment",2023,"","Elsevier BV","https://doi.org/10.2139/ssrn.4511965","",545,"2026-05-27 21:14:56","posted-content","10.2139/ssrn.4511965","",,,,,,0,0.00,0,4,3,"","",""
14,"Liqun Ma, Dongyuan Meng, Xu Huang, Shuaihe Zhao","Vision-Based Formation Control for an Outdoor UAV Swarm With Hierarchical Architecture",2023,"IEEE Access","Institute of Electrical and Electronics Engineers (IEEE)","https://doi.org/10.1109/access.2023.3296603","",552,"2026-05-27 21:14:56","journal-article","10.1109/access.2023.3296603","2169-3536",,11,,75134,75151,14,4.67,4,4,3,"","http://xplorestaging.ieee.org/ielx7/6287639/10005208/10185448.pdf?arnumber=10185448",""
35,"Bo Wu, Yifan Hu","Analysis of Substation Joint Safety Control System and Model Based on Multi-Source Heterogeneous Data Fusion",2023,"IEEE Access","Institute of Electrical and Electronics Engineers (IEEE)","https://doi.org/10.1109/access.2023.3264707","",554,"2026-05-27 21:14:56","journal-article","10.1109/access.2023.3264707","2169-3536",,11,,35281,35297,35,11.67,18,2,3,"","http://xplorestaging.ieee.org/ielx7/6287639/10005208/10092796.pdf?arnumber=10092796",""
6,"Matteo Acquarone, Federico Miretti, Daniela Misul, Luca Sassara","Cooperative Adaptive Cruise Control Based on Reinforcement Learning for Heavy-Duty BEVs",2023,"IEEE Access","Institute of Electrical and Electronics Engineers (IEEE)","https://doi.org/10.1109/access.2023.3331827","",555,"2026-05-27 21:14:56","journal-article","10.1109/access.2023.3331827","2169-3536",,11,,127145,127156,6,2.00,2,4,3,"","http://xplorestaging.ieee.org/ielx7/6287639/10005208/10314504.pdf?arnumber=10314504",""
4,"Shuang Liang, Yasheng Zhang","Intelligent Attitude Fault-Tolerant Control of Space Tumbling Target Fly-Around Based on RBF Neural Network",2023,"IEEE Access","Institute of Electrical and Electronics Engineers (IEEE)","https://doi.org/10.1109/access.2023.3237565","",559,"2026-05-27 21:14:56","journal-article","10.1109/access.2023.3237565","2169-3536",,11,,6610,6622,4,1.33,2,2,3,"","http://xplorestaging.ieee.org/ielx7/6287639/10005208/10018345.pdf?arnumber=10018345",""
5,"Xianglong Chen, Wei Xie","Research on Safety Control Method of Power Grid Energy Storage System Based on Neural Network Model",2023,"IEEE Access","Institute of Electrical and Electronics Engineers (IEEE)","https://doi.org/10.1109/access.2023.3314588","",560,"2026-05-27 21:14:56","journal-article","10.1109/access.2023.3314588","2169-3536",,11,,101339,101346,5,1.67,3,2,3,"","http://xplorestaging.ieee.org/ielx7/6287639/10005208/10247542.pdf?arnumber=10247542",""
0,"Samuel Owoade, Denis Kisina, Oluwasanmi Segun Adanigbo, Abel Chukwuemeke Uzoka, Andrew Ifesinachi Daraojimba, Toluwase Peter Gbenle","Advances in Access Control Systems Using Policy-Driven and Role-Based Authorization Models",2023,"International Journal of Management and Organizational Research","Anfo Publication House","https://doi.org/10.54660/ijmor.2023.2.2.128-134","",590,"2026-05-27 21:14:56","journal-article","10.54660/ijmor.2023.2.2.128-134","2583-6641",,2,2,128,134,0,0.00,0,6,3,"This paper examines the evolution and advancements in access control systems, with a focus on policy-driven and role-based authorization models. As modern computing environments—such as cloud, IoT, and distributed systems—become increasingly complex, traditional access control mechanisms, including Discretionary Access Control (DAC), are proving inadequate. Role-Based Access Control (RBAC) has long been the cornerstone of secure access management, but as systems evolve, the limitations of RBAC become evident. To address these challenges, Policy-Based Access Control (PBAC) has emerged, offering greater flexibility by incorporating contextual and attribute-based decision-making. This paper explores the principles, evolution, and integration of RBAC and PBAC, comparing their strengths and weaknesses, and also discusses hybrid models that combine both. It also analyzes key challenges such as scalability, policy conflicts, and compliance constraints, and introduces advanced models, including next-generation RBAC and policy-driven authorization engines like XACML and Open Policy Agent (OPA). The paper concludes by discussing practical implications for organizations and suggesting future research directions in areas such as AI-driven policy generation, dynamic trust scoring, and cross-domain federated authorization. The insights provided offer a roadmap for enhancing security, scalability, and compliance in modern access control systems.","",""
0,"Othman Ahmed","Proof of Applicatio and its Nodal Applications",2023,"Islamic Sciences Journal","Tikrit University","https://doi.org/10.25130/jis.20.11.10.11","",599,"2026-05-27 21:14:56","journal-article","10.25130/jis.20.11.10.11","2663-8800",,11,10,252,272,0,0.00,0,1,3,"ABSTRACT                    This research labeled (the proof of application and its nodal applications) is considered one of the researches that dealt with one of the important proofs of speech scholars, which are used in response to some philosophers' concepts in the occurrence of the world, the negation of the absent, and the infinite dimensions. This research deals with the linguistic definition of the proof and the meaning of Application, it deals dealt with the idiomatic aspect of this proof, the types of proofs used by scholars of speech in establishing Islamic beliefs, and then it touches upon some important issues, such as: the occurrence of the world, the negation of the non-existent, and the diminishing of the dimensions.The research is ended with the most important resuits.","https://jis.tu.edu.iq/index.php/jis/article/download/577/505",""
10,"Elisabeta Zagan, Mirela Danubianu","Data Lake Architecture for Storing and Transforming Web Server Access Log Files",2023,"IEEE Access","Institute of Electrical and Electronics Engineers (IEEE)","https://doi.org/10.1109/access.2023.3270368","",612,"2026-05-27 21:14:56","journal-article","10.1109/access.2023.3270368","2169-3536",,11,,40916,40929,10,3.33,5,2,3,"","http://xplorestaging.ieee.org/ielx7/6287639/10005208/10107911.pdf?arnumber=10107911",""
1,"Niklas Langmaack","Decentralized Control of DC–DC Converters for Redundant Onboard Power Supply Based on Artificial Swarm Intelligence Approaches",2023,"IEEE Access","Institute of Electrical and Electronics Engineers (IEEE)","https://doi.org/10.1109/access.2023.3339221","",620,"2026-05-27 21:14:56","journal-article","10.1109/access.2023.3339221","2169-3536",,11,,138614,138622,1,0.33,1,1,3,"","http://xplorestaging.ieee.org/ielx7/6287639/10005208/10341242.pdf?arnumber=10341242",""
9,"Can Ding, Hongrong Zhang, Yunwen Chen, Guang Pu","Research on Control Strategy of Solid State Transformer Based on Improved MPC Method",2023,"IEEE Access","Institute of Electrical and Electronics Engineers (IEEE)","https://doi.org/10.1109/access.2023.3240310","",623,"2026-05-27 21:14:56","journal-article","10.1109/access.2023.3240310","2169-3536",,11,,9431,9440,9,3.00,2,4,3,"","http://xplorestaging.ieee.org/ielx7/6287639/10005208/10027196.pdf?arnumber=10027196",""
21,"Farhad Farivar, Octavian Bass, Daryoush Habibi","Memory-Based Adaptive Sliding Mode Load Frequency Control in Interconnected Power Systems With Energy Storage",2023,"IEEE Access","Institute of Electrical and Electronics Engineers (IEEE)","https://doi.org/10.1109/access.2023.3317181","",633,"2026-05-27 21:14:56","journal-article","10.1109/access.2023.3317181","2169-3536",,11,,102515,102530,21,7.00,7,3,3,"","http://xplorestaging.ieee.org/ielx7/6287639/10005208/10255557.pdf?arnumber=10255557",""
0,"M AUSEJO, M RECUERO, M DEL CARMEN MORILLO","SUBJECTIVE NOISE WEB-BASED SURVEYS",2023,"8th European Conference on Noise Control 2009","Institute of Acoustics","https://doi.org/10.25144/17362","",644,"2026-05-27 21:14:56","proceedings-article","10.25144/17362","",,,,,,0,0.00,0,3,3,"","",""
0,"Kosei Akama, Seki Makino, Masaaki Sato, Keisuke Uehara","Poster: Non-repudiable Secure Logging System for the Web",2023,"Proceedings of the 28th ACM Symposium on Access Control Models and Technologies","ACM","https://doi.org/10.1145/3589608.3595080","",651,"2026-05-27 21:14:56","proceedings-article","10.1145/3589608.3595080","",,,,63,65,0,0.00,0,4,3,"","https://dl.acm.org/doi/10.1145/3589608.3595080",""
0,"Long Yang","The Cost Control Analysis and Countermeasure Research of Haier Based on the Multiple Regression Analysis",2023,"SHS Web of Conferences","EDP Sciences","https://doi.org/10.1051/shsconf/202315204004","",655,"2026-05-27 21:14:56","journal-article","10.1051/shsconf/202315204004","2261-2424",,152,,4004,4004,0,0.00,0,1,3,"This paper analyzes the total operating cost of Haier Electric by adopting the SPSS software and multiple regression analysis, and tries to find out the most significant factors that affect the cost control of Haier Electric. It also adopts the trend analysis method to analyze the financial indicators of Haier Electric on the significant factors in recent years. The results show that Haier Electric has a poor cost control on these factors. Finally, combined with the data and the company's characteristics, we try to put forward some suggestions on how to improve the cost control strategy and methods of Haier Electric.","https://www.shs-conferences.org/10.1051/shsconf/202315204004/pdf",""
0,"Yanni You, Hong Huang, Lanyan Shao, Ming Ma","Research on the optimization and improvement of business environment based on the customer satisfaction model of ‘Access to Electricity’",2023,"E3S Web of Conferences","EDP Sciences","https://doi.org/10.1051/e3sconf/202336901009","",661,"2026-05-27 21:14:56","journal-article","10.1051/e3sconf/202336901009","2267-1242",,369,,1009,1009,0,0.00,0,4,3,"In order to further promote the reform of “deregulation and service” and continuously optimize the business environment, the power industry as the important part of national economic development, optimizing the business environment is urgent. Based on the customer satisfaction survey of ‘Access to electricity’, this paper constructs a set of targeted, complete and practical multiple regression model of electricity consumption satisfaction, and puts forward relevant strategies to help optimize and improve the business environment of the power industry.","https://www.e3s-conferences.org/10.1051/e3sconf/202336901009/pdf",""
0,"M. Pavithra, M PRAKASH, V VENNILA","Bgnba-oco Based Privacy Preserving Attribute Based Access Control With Data Duplication for Secure Storage in Cloud",2023,"","Research Square Platform LLC","https://doi.org/10.21203/rs.3.rs-3121722/v1","",664,"2026-05-27 21:14:56","posted-content","10.21203/rs.3.rs-3121722/v1","",,,,,,0,0.00,0,3,3,"Abstract: Cloud computing technology offers flexible and expedient services which carry a variety of profits for both societies as well as individuals. In the epoch of data explosion, customers and business establishments require to store enormous data. The exception of cloud service advantages, data confidentiality becomes a challenging aspect to be covered as far as executing data access control. The implementation of Attribute-based Encryption in a Cloud Computing (CC) environment solves the demanding topic of outsourced data enabling fine-grained and pliable access control. In this work, a method called Boneh Goh Nissim Bilinear Attribute-based Optimal Cache Oblivious (BGNBA-OCO) access control and secure de-duplication for data storage in cloud computing is proposed. First, Boneh Goh Nissim Privacy Preserving Revocable Attribute-based Encryption is designed that reinforces attribute revocation and avert the discharge of sensitive information. Moreover, to prevent disclosure of access patterns Optimal Cache Oblivious algorithm is employed to hide the access patterns in cloud storage using rand pattern matching. It also supports updating both encrypted data and access control policies to minimize communication and computation overhead of data duplication and encryption processes concurrently. In this way, secure data sharing is performed to achieve higher data confidentiality and integrity. The analyzed results indicate that the BGNBA-OCO method offers an efficient solution in terms of achieving higher data confidentiality, and integrity, and minimizing the communication as well as computation overhead than the conventional techniques.","https://www.researchsquare.com/article/rs-3121722/v1",""
0,"Shiva Cheraghi, Abdolah Chalechale, Faezeh Safari","Towards Web-Based Automation: A Comparative Analysis of Feature Extraction Approaches and Applications for Quality Control",2023,"2023 9th International Conference on Web Research (ICWR)","IEEE","https://doi.org/10.1109/icwr57742.2023.10139279","",669,"2026-05-27 21:14:56","proceedings-article","10.1109/icwr57742.2023.10139279","",,,,322,329,0,0.00,0,3,3,"","http://xplorestaging.ieee.org/ielx7/10138905/10138951/10139279.pdf?arnumber=10139279",""
0,"Scott D. Stoller","WebSheets: A New Privacy-Centric Framework for Web Applications",2023,"Proceedings of the 28th ACM Symposium on Access Control Models and Technologies","ACM","https://doi.org/10.1145/3589608.3593816","",670,"2026-05-27 21:14:56","proceedings-article","10.1145/3589608.3593816","",,,,3,4,0,0.00,0,1,3,"","https://dl.acm.org/doi/10.1145/3589608.3593816",""
0,"Raraslia Megahsasi, Agus Setiawan, Ardhin Primadewi","Billing monitoring system at PT TELKOM ACCESS web-based integrated with telegram bot",2023,"AIP Conference Proceedings","AIP Publishing","https://doi.org/10.1063/5.0120253","",672,"2026-05-27 21:14:56","proceedings-article","10.1063/5.0120253","0094-243X",,2730,,20013,20013,0,0.00,0,3,3,"","http://aip.scitation.org/doi/pdf/10.1063/5.0120253",""
20,"Sunardi, Anton Yudhana, Furizal","Tsukamoto Fuzzy Inference System on Internet of Things-Based for Room Temperature and Humidity Control",2023,"IEEE Access","Institute of Electrical and Electronics Engineers (IEEE)","https://doi.org/10.1109/access.2023.3236183","",690,"2026-05-27 21:14:56","journal-article","10.1109/access.2023.3236183","2169-3536",,11,,6209,6227,20,6.67,7,3,3,"","http://xplorestaging.ieee.org/ielx7/6287639/10005208/10015014.pdf?arnumber=10015014",""
1,"V.G. Karantaev, K.V. Latyshov, D.O. Mikhailov","Analysis and Formation of Requirements for the Role-Based Access Control Policy in the Operating Systems of the Intelligent Electronic Device Relay Protection and Automation",2023,"2023 6th International Scientific and Technical Conference on Relay Protection and Automation (RPA)","IEEE","https://doi.org/10.1109/rpa59835.2023.10319854","",692,"2026-05-27 21:14:56","proceedings-article","10.1109/rpa59835.2023.10319854","",,,,1,13,1,0.33,0,3,3,"","http://xplorestaging.ieee.org/ielx7/10319809/10319815/10319854.pdf?arnumber=10319854",""
9,"Alina Mirza, Farkhanda Afzal, Ayesha Zeb, Abdul Wakeel, Waqar Shahid Qureshi, Ali Akgul","New FxLMAT-Based Algorithms for Active Control of Impulsive Noise",2023,"IEEE Access","Institute of Electrical and Electronics Engineers (IEEE)","https://doi.org/10.1109/access.2023.3293647","",702,"2026-05-27 21:14:56","journal-article","10.1109/access.2023.3293647","2169-3536",,11,,81279,81288,9,3.00,2,6,3,"","http://xplorestaging.ieee.org/ielx7/6287639/10005208/10177181.pdf?arnumber=10177181",""
10,"Hayriye Tugba Sekban, Abdullah Basci","Designing New Model-Based Adaptive Sliding Mode Controllers for Trajectory Tracking Control of an Unmanned Ground Vehicle",2023,"IEEE Access","Institute of Electrical and Electronics Engineers (IEEE)","https://doi.org/10.1109/access.2023.3313942","",713,"2026-05-27 21:14:56","journal-article","10.1109/access.2023.3313942","2169-3536",,11,,101387,101397,10,3.33,5,2,3,"","http://xplorestaging.ieee.org/ielx7/6287639/10005208/10246377.pdf?arnumber=10246377",""
11,"Mohsen Farbood, Zeinab Echreshavi, Mokhtar Shasadeghi, Saleh Mobayen, Paweł Skruch","Disturbance Observer-Based Data Driven Model Predictive Tracking Control of Linear Systems",2023,"IEEE Access","Institute of Electrical and Electronics Engineers (IEEE)","https://doi.org/10.1109/access.2023.3305496","",714,"2026-05-27 21:14:56","journal-article","10.1109/access.2023.3305496","2169-3536",,11,,88597,88608,11,3.67,2,5,3,"","http://xplorestaging.ieee.org/ielx7/6287639/10005208/10217792.pdf?arnumber=10217792",""
20,"Khaled Ali Abuhasel","A Zero-Trust Network-Based Access Control Scheme for Sustainable and Resilient Industry 5.0",2023,"IEEE Access","Institute of Electrical and Electronics Engineers (IEEE)","https://doi.org/10.1109/access.2023.3325879","",719,"2026-05-27 21:14:56","journal-article","10.1109/access.2023.3325879","2169-3536",,11,,116398,116409,20,6.67,20,1,3,"","http://xplorestaging.ieee.org/ielx7/6287639/10005208/10287925.pdf?arnumber=10287925",""
0,"Mahendra Pratap Singh","Role of Access Control in Information Security: A Security Analysis Approach",2023,"Information Security and Privacy in the Digital World - Some Selected Topics","IntechOpen","https://doi.org/10.5772/intechopen.111371","",720,"2026-05-27 21:14:56","book-chapter","10.5772/intechopen.111371","",,,,,,0,0.00,0,1,3,"Information plays a vital role in decision-making and driving the world further in the ever-growing digital world. Authorization, which comes immediately after authentication, is essential in restricting access to information in the digital world. Various access control models have been proposed to ensure authorization by specifying access control policies. Security analysis of access control policies is a highly challenging task. Additionally, the security analysis of decentralized access control policies is complex because decentralization simplifies policy administration but raises security concerns. Therefore, an efficient security analysis approach is required to ensure the correctness of access control policies. This chapter presents a propositional rule-based machine learning approach for analyzing the Role-Based Access Control (RBAC) policies. Specifically, the proposed method maps RBAC policies into propositional rules to analyze security policies. Extensive experiments on various datasets containing RBAC policies demonstrate that the machine learning-based approach can offer valuable insight into analyzing RBAC policies.","http://www.intechopen.com/download/pdf/86916",""
0,"Ozgu Can","Semantic-Based Access Control for Data Resources",2023,"Data Science with Semantic Technologies","CRC Press","https://doi.org/10.1201/9781003310792-11","",736,"2026-05-27 21:14:56","book-chapter","10.1201/9781003310792-11","",,,,179,198,0,0.00,0,1,3,"","",""
0,"Atif Ali, Muhammad Qasim","Dark Web Access with Tor Browser",2023,"Dark World","CRC Press","https://doi.org/10.1201/9781003404330-3","",745,"2026-05-27 21:14:56","book-chapter","10.1201/9781003404330-3","",,,,35,42,0,0.00,0,2,3,"","",""
23,"Mohamad Alzayed, Hicham Chaoui","Direct Voltage MTPA Speed Control of IPMSM-Based Electric Vehicles",2023,"IEEE Access","Institute of Electrical and Electronics Engineers (IEEE)","https://doi.org/10.1109/access.2023.3263815","",748,"2026-05-27 21:14:56","journal-article","10.1109/access.2023.3263815","2169-3536",,11,,33858,33871,23,7.67,12,2,3,"","http://xplorestaging.ieee.org/ielx7/6287639/10005208/10091110.pdf?arnumber=10091110",""
5,"Song Xu, Siyuan Shi, Wei Jiang, Seiji Hashimoto","Cooperative Control of Recurrent Neural Network for PID-Based Single Phase Hotplate Temperature Control Systems",2023,"IEEE Access","Institute of Electrical and Electronics Engineers (IEEE)","https://doi.org/10.1109/access.2023.3318723","",754,"2026-05-27 21:14:56","journal-article","10.1109/access.2023.3318723","2169-3536",,11,,105557,105569,5,1.67,1,4,3,"","http://xplorestaging.ieee.org/ielx7/6287639/10005208/10262003.pdf?arnumber=10262003",""
14,"Yasuaki Mitsugi, Jumpei Baba","Phaser-Based Transfer Function Analysis of Power Synchronization Control Instability for a Grid Forming Inverter in a Stiff Grid",2023,"IEEE Access","Institute of Electrical and Electronics Engineers (IEEE)","https://doi.org/10.1109/access.2023.3270700","",756,"2026-05-27 21:14:56","journal-article","10.1109/access.2023.3270700","2169-3536",,11,,42146,42159,14,4.67,7,2,3,"","http://xplorestaging.ieee.org/ielx7/6287639/10005208/10108998.pdf?arnumber=10108998",""
1,"Chathura Wanigasekara, Frank Sill Torres, Akshya Swain","Robust Control of Autonomous Underwater Vehicles Using Delta-Sigma-Based 1-bit Controllers",2023,"IEEE Access","Institute of Electrical and Electronics Engineers (IEEE)","https://doi.org/10.1109/access.2023.3329060","",757,"2026-05-27 21:14:56","journal-article","10.1109/access.2023.3329060","2169-3536",,11,,122821,122832,1,0.33,0,3,3,"","http://xplorestaging.ieee.org/ielx7/6287639/10005208/10304126.pdf?arnumber=10304126",""
12,"Tiao Kang, Hui Peng, Wenquan Xu, Yapeng Sun, Xiaoyan Peng","Deep Learning-Based State-Dependent ARX Modeling and Predictive Control of Nonlinear Systems",2023,"IEEE Access","Institute of Electrical and Electronics Engineers (IEEE)","https://doi.org/10.1109/access.2023.3263180","",759,"2026-05-27 21:14:56","journal-article","10.1109/access.2023.3263180","2169-3536",,11,,32579,32594,12,4.00,2,5,3,"","http://xplorestaging.ieee.org/ielx7/6287639/10005208/10087274.pdf?arnumber=10087274",""
8,"Basem Almadani, Najood Alshammari, Anas Al-Roubaiey","Adaptive Cruise Control Based on Real-Time DDS Middleware",2023,"IEEE Access","Institute of Electrical and Electronics Engineers (IEEE)","https://doi.org/10.1109/access.2023.3296317","",769,"2026-05-27 21:14:56","journal-article","10.1109/access.2023.3296317","2169-3536",,11,,75407,75423,8,2.67,3,3,3,"","http://xplorestaging.ieee.org/ielx7/6287639/10005208/10185018.pdf?arnumber=10185018",""
1,"Chaoyang Zhang","Robust Attitude Control of Helicopters with Three-Degree Freedom Based on Intermittent Event-Triggered Mechanism",2023,"MATEC Web of Conferences","EDP Sciences","https://doi.org/10.1051/matecconf/202338001023","",776,"2026-05-27 21:14:56","journal-article","10.1051/matecconf/202338001023","2261-236X",,380,,1023,1023,1,0.33,1,1,3,"In the field of the widely used helicopter, this paper studies whether the helicopters with three-degree freedom (3DOF helicopters) have a new control method of stable attitude. Therefore, two research methods are adopted. One is to use intermittent control, so as to achieve control stability in a short time without its inputting. The other is to find and update the time needed to meet the next control through the event-triggered mechanism. A theorem is given to prove the feasibility of these methods, and Lyapunov’s second law is also applied in this paper to analyze the stability of the model designed for robust attitude control. Besides, we use the linear matrix inequality solver to solve the feedback gain of the controller in the theorem. Finally, through MATLAB simulation, the system error state of helicopters tends to zero under intermittent control, which highlights the advantages of short communication time and few times of simulation, thus achieving the simulation goal.","https://www.matec-conferences.org/10.1051/matecconf/202338001023/pdf",""
18,"Gonzalo Curiel-Olivares, Scott Johnson, Gerardo Escobar, Ricardo Schacht-Rodríguez","Model Predictive Control-Based Energy Management System for a Hybrid Electric Agricultural Tractor",2023,"IEEE Access","Institute of Electrical and Electronics Engineers (IEEE)","https://doi.org/10.1109/access.2023.3322462","",788,"2026-05-27 21:14:56","journal-article","10.1109/access.2023.3322462","2169-3536",,11,,118801,118811,18,6.00,5,4,3,"","http://xplorestaging.ieee.org/ielx7/6287639/10005208/10273696.pdf?arnumber=10273696",""
0,"Bryan Sisk, Alison L Antes, Christine Bereitschaft, Madi Enloe, Fabienne Bourgeois, James DuBois","Guiding Principles for Adolescent Web-Based Portal Access Policies: Interviews With Informatics Administrators (Preprint)",2023,"","JMIR Publications Inc.","https://doi.org/10.2196/preprints.49177","",790,"2026-05-27 21:14:56","posted-content","10.2196/preprints.49177","",,,,,,0,0.00,0,6,3,"<sec> <title>BACKGROUND</title> <p>Web-based patient portals are tools that could support adolescents in managing their health and developing autonomy. However, informatics administrators must navigate competing interests when developing portal access policies for adolescents and their parents.</p> </sec> <sec> <title>OBJECTIVE</title> <p>We aimed to assess the perspectives of informatics administrators on guiding principles for the development of web-based health care portal access policies in adolescent health care.</p> </sec> <sec> <title>METHODS</title> <p>We interviewed informatics administrators from US hospitals with ≥50 dedicated pediatric beds. We performed a thematic analysis of guiding principles for developing and implementing adolescent portal access policies.</p> </sec> <sec> <title>RESULTS</title> <p>We interviewed 65 informatics leaders who represented 63 pediatric hospitals, 58 health care systems, 29 states, and 14,379 pediatric hospital beds. Participants described 9 guiding principles related to three overarching themes: (1) balancing confidentiality and other care needs, (2) balancing simplicity and granularity, and (3) collaborating and advocating. Participants described the central importance of prioritizing the health and safety of the adolescent while also complying with state and federal laws. However, there were differing beliefs about how to prioritize health and safety and what role parents should play in supporting the adolescent’s health care. Participants also identified areas where clinicians and institutions can advocate for adolescents, especially with electronic health record vendors and legislators.</p> </sec> <sec> <title>CONCLUSIONS</title> <p>Informatics administrators provided guiding principles for adolescent portal access policies that aimed to balance the competing needs of adolescent confidentiality and the usefulness of the portal. Portal access policies must prioritize the adolescent’s health and safety while complying with state and federal laws. However, institutions must determine how to best enact these principles. Institutions and clinicians should strive for consensus on principles to strengthen advocacy efforts with institutional leadership, electronic health record vendors, and lawmakers.</p> </sec>","",""
32,"Isabel Roman-Martinez, Jorge Calvillo-Arbizu, Vicente J. Mayor-Gallego, German Madinabeitia-Luque, Antonio J. Estepa-Alonso, Rafael M. Estepa-Alonso","Blockchain-Based Service-Oriented Architecture for Consent Management, Access Control, and Auditing",2023,"IEEE Access","Institute of Electrical and Electronics Engineers (IEEE)","https://doi.org/10.1109/access.2023.3242605","",818,"2026-05-27 21:14:56","journal-article","10.1109/access.2023.3242605","2169-3536",,11,,12727,12741,32,10.67,5,6,3,"","http://xplorestaging.ieee.org/ielx7/6287639/10005208/10036374.pdf?arnumber=10036374",""
11,"Lianshan Sun, Danni Zhou, Diandong Liu, Jingyan Tang, Yang Li","BPDAC: A Blockchain Based and Provenance Enabled Dynamic Access Control Scheme",2023,"IEEE Access","Institute of Electrical and Electronics Engineers (IEEE)","https://doi.org/10.1109/access.2023.3340887","",819,"2026-05-27 21:14:56","journal-article","10.1109/access.2023.3340887","2169-3536",,11,,142552,142568,11,3.67,2,5,3,"","http://xplorestaging.ieee.org/ielx7/6287639/10005208/10353924.pdf?arnumber=10353924",""
6,"Daigo Tokunaga, Satoshi Nishikawa, Kazuo Kiguchi","Estimating Deficient Muscle Activity Using LSTM With Integrated Damping Neurons for EMG-Based Control of Robotic Prosthetic Fingers",2023,"IEEE Access","Institute of Electrical and Electronics Engineers (IEEE)","https://doi.org/10.1109/access.2023.3312575","",841,"2026-05-27 21:14:56","journal-article","10.1109/access.2023.3312575","2169-3536",,11,,97408,97415,6,2.00,2,3,3,"","http://xplorestaging.ieee.org/ielx7/6287639/10005208/10242072.pdf?arnumber=10242072",""
11,"Denis Fabricio Sousa De Sa, Joao Viana Da Fonseca Neto","Multi-Agent Collision Avoidance System Based on Centralization and Decentralization Control for UAV Applications",2023,"IEEE Access","Institute of Electrical and Electronics Engineers (IEEE)","https://doi.org/10.1109/access.2023.3235595","",848,"2026-05-27 21:14:56","journal-article","10.1109/access.2023.3235595","2169-3536",,11,,7031,7042,11,3.67,6,2,3,"","http://xplorestaging.ieee.org/ielx7/6287639/10005208/10012306.pdf?arnumber=10012306",""
1,"Chaobo Li, Xiaokang Peng, Wei Shang, Yuhan Zou, Tianlong Chen","Formation Control of Spacecraft Based on <i>SE</i>(3) With Asymmetric Saturated Input",2023,"IEEE Access","Institute of Electrical and Electronics Engineers (IEEE)","https://doi.org/10.1109/access.2023.3334274","",857,"2026-05-27 21:14:56","journal-article","10.1109/access.2023.3334274","2169-3536",,11,,138856,138869,1,0.33,0,5,3,"","http://xplorestaging.ieee.org/ielx7/6287639/10005208/10322723.pdf?arnumber=10322723",""
1,"Nhat-Minh Le-Phan, Dong Luc Dinh, Anh Nguyen Duy Duc, Nam Pham Van","Inverse Optimal-Based Attitude Control for Fixed-Wing Unmanned Aerial Vehicles",2023,"IEEE Access","Institute of Electrical and Electronics Engineers (IEEE)","https://doi.org/10.1109/access.2023.3280424","",871,"2026-05-27 21:14:56","journal-article","10.1109/access.2023.3280424","2169-3536",,,,1,1,1,0.33,0,4,3,"","http://xplorestaging.ieee.org/ielx7/6287639/6514899/10136717.pdf?arnumber=10136717",""
0,"Babawale Patrick Okare, Tope David Aduloju, Olanrewaju Oluwaseun Ajayi, Okeoma Onunka, Linda Azah","A Role-Based Access Control Model for Multi-Cloud Data Pipelines: Governance and Compliance Perspective",2023,"International Journal of Scientific Research in Civil Engineering","Technoscience Academy","https://doi.org/10.32628/ijsrce237318","",881,"2026-05-27 21:14:56","journal-article","10.32628/ijsrce237318","2456-6667",,7,3,163,179,0,0.00,0,5,3,"The rapid adoption of multi-cloud architectures has introduced significant complexity in managing secure and compliant access to data pipelines that span diverse cloud platforms. Traditional Role-Based Access Control (RBAC) models, while effective in isolated systems, struggle to provide unified and governance-compliant access control across heterogeneous cloud environments. This paper proposes a layered, compliance-aware RBAC model designed specifically for multi-cloud data pipelines. The model introduces a role abstraction layer, policy harmonization mechanisms, and identity federation to enable consistent role definitions and cross-platform enforcement. Decoupling organizational roles from platform-specific configurations ensures scalable and auditable access control while maintaining the principle of least privilege. The model integrates seamlessly with native cloud tools such as AWS IAM, Azure RBAC, and Google Cloud IAM, and aligns with enterprise Identity and Access Governance (IAG) frameworks. It supports onboarding, role lifecycle management, policy translation, and continuous auditing to meet stringent regulatory requirements such as GDPR, HIPAA, and SOX. Practical implementation considerations and mitigation strategies are also discussed, addressing challenges such as role explosion, policy conflict, and trust boundary management. Finally, the paper explores future research directions, including dynamic access control extensions and zero-trust architecture integration. This RBAC framework provides both theoretical grounding and operational guidance for securing data pipelines in complex, regulated multi-cloud ecosystems.","https://ijsrce.com/index.php/home/article/download/IJSRCE237318/IJSRCE237318",""
0,"Achyut NEPAL","Role of political economy in mediating innovation and entrepreneurship–a perspective based on some cases from Nepal",2023,"Access Journal - Access to Science, Business, Innovation in the digital economy","ACCESS","https://doi.org/10.46656/access.2023.4.2(5)","",889,"2026-05-27 21:14:56","journal-article","10.46656/access.2023.4.2(5)","2683-1007",,4,2,205,220,0,0.00,0,1,3,"","https://journal.access-bg.org/journalfiles/journal/issue-4-2-2023/role_of_political_economy_in_mediating_innovation_and_entrepreneurship-cases_from_nepal.pdf",""
3,"Cristoffer Leite, Jerry den Hartog, Paul Koster","A Framework for Privacy-Preserving White-Box Anomaly Detection using a Lattice-Based Access Control",2023,"Proceedings of the 28th ACM Symposium on Access Control Models and Technologies","ACM","https://doi.org/10.1145/3589608.3593831","",890,"2026-05-27 21:14:56","proceedings-article","10.1145/3589608.3593831","",,,,7,18,3,1.00,1,3,3,"","https://dl.acm.org/doi/10.1145/3589608.3593831",""
13,"Purnima Verma, Md. Nishat Anwar, Mantu Kumar Ram, Atif Iqbal","Internal Model Control Scheme-Based Voltage and Current Mode Control of DC–DC Boost Converter",2023,"IEEE Access","Institute of Electrical and Electronics Engineers (IEEE)","https://doi.org/10.1109/access.2023.3320272","",892,"2026-05-27 21:14:56","journal-article","10.1109/access.2023.3320272","2169-3536",,11,,110558,110569,13,4.33,3,4,3,"","http://xplorestaging.ieee.org/ielx7/6287639/10005208/10266323.pdf?arnumber=10266323",""
17,"José A. Guzmán, Germán Pizarro, Felipe Núñez","A Reinforcement Learning-Based Distributed Control Scheme for Cooperative Intersection Traffic Control",2023,"IEEE Access","Institute of Electrical and Electronics Engineers (IEEE)","https://doi.org/10.1109/access.2023.3283218","",894,"2026-05-27 21:14:56","journal-article","10.1109/access.2023.3283218","2169-3536",,11,,57037,57045,17,5.67,6,3,3,"","http://xplorestaging.ieee.org/ielx7/6287639/10005208/10144753.pdf?arnumber=10144753",""
74,"Jiatao Li, Dezhi Han, Zhongdai Wu, Junxiang Wang, Kuan-Ching Li, Arcangelo Castiglione","A novel system for medical equipment supply chain traceability based on alliance chain and attribute and role access control",2023,"Future Generation Computer Systems","Elsevier BV","https://doi.org/10.1016/j.future.2022.12.037","",897,"2026-05-27 21:14:56","journal-article","10.1016/j.future.2022.12.037","0167-739X",,142,,195,211,74,24.67,12,6,3,"","https://api.elsevier.com/content/article/PII:S0167739X22004411",""
74,"Jiatao Li, Dezhi Han, Zhongdai Wu, Junxiang Wang, Kuan-Ching Li, Arcangelo Castiglione","A novel system for medical equipment supply chain traceability based on alliance chain and attribute and role access control",2023,"Future Generation Computer Systems","Elsevier BV","https://doi.org/10.1016/j.future.2022.12.037","",901,"2026-05-27 21:14:56","journal-article","10.1016/j.future.2022.12.037","0167-739X",,142,,195,211,74,24.67,12,6,3,"","https://api.elsevier.com/content/article/PII:S0167739X22004411",""
1,"Fanglin Yang, Xiaoheng Chang","Photovoltaic global maximum power point tracking method based on fuzzy PI control",2023,"E3S Web of Conferences","EDP Sciences","https://doi.org/10.1051/e3sconf/202346601012","",916,"2026-05-27 21:14:56","journal-article","10.1051/e3sconf/202346601012","2267-1242",,466,,1012,1012,1,0.33,1,2,3,"At present, algorithms for finding the maximum power point of photovoltaic systems generally have some limitations, especially in cases of uneven light intensity, traditional algorithms often fall into local optima, with limited application space, and their tracking speed and stability are also not very good. To address this issue and improve tracking performance, the combination control of global scanning and fuzzy PI control is proposed. This combination control can avoid falling into local optima and achieve stable output of maximum power. This article first proves theoretically that the proposed method can achieve maximum power output; Then, an experimental platform was built for testing. Build control and sampling circuits and use a solar simulator to irradiate the photovoltaic array unevenly. In this environment, test the control effects of combination control, conductivity increment method, and disturbance observation method respectively. Through testing, it was found that compared to conductivity increment method and disturbance observation method, the proposed method in this article has faster tracking speed, higher output power, and better stability. The overall performance of combination control is better than other algorithms and has a relatively broad application space.","https://www.e3s-conferences.org/10.1051/e3sconf/202346601012/pdf",""
1,"Ranta Butarbutar","Self-Directed Learning and Web-Based English Access to Improve EFL Speaking Skills",2023,"Asia Proceedings of Social Sciences","Readers Insight Publisher","https://doi.org/10.31580/apss.v11i1.2766","",919,"2026-05-27 21:14:56","journal-article","10.31580/apss.v11i1.2766","2663-6638",,11,1,10,13,1,0.33,1,1,3,"For millennial learners, SDL and self-access English study on the web are interesting learning options. Physical space and separation are anticipated since web-based learning may be accessed at any time and from any place. The present study's goal is to find out what kinds of English-language websites students use to improve their speaking skills. Additionally, it is anticipated to look at how learners' perceptions of their speaking skills (cognitive, emotional, and complex) grow as a result of self-directed learning for web-based English access. Due to the improvement in their speaking abilities for SDL and web-based English access, fourth-year undergraduate students in the Indonesian English department were the subjects of the research. The ATLAS.ti application benefits from the thematic analysis of the collected internet data. Three speaking improvement characteristics may be supported by the findings: (1) cognition, fluency, and accuracy outcomes; (2) emotional and motivational outcomes; and (3) learners' problems while using SDL web-based learning. Our study has certain limits, however, and we highly advise participatory action research for future work to assess time management and tailor learning tactics to the level of the learner. The English-language site design will be addressed last.","https://readersinsight.net/APSS/article/download/2766/1929",""
0,"Sahraeni Maulida, Satria Gunawan Zain, Muhammad Yahya","Development Of MAC-Based Smarthome Access Rights Authentication (Media Access Control) Address",2023,"Micronic: Journal of Multidisciplinary Electrical and Electronics Engineering","PT. Lontara Digitech Indonesia","https://doi.org/10.61220/micronic.v1i1.20234","",930,"2026-05-27 21:14:56","journal-article","10.61220/micronic.v1i1.20234","3025-2091",,,,26,41,0,0.00,0,3,3,"This study seeks to understand the purpose of using the ESP32 module as a control center in the electronic equipment control system on Smarthome and to ascertain the outcomes of the application design by utilizing Mac Address as Authentication Access rights to control electronic equipment. A methods for gathering data utilized literary analysis. In this study, access rights authentication was conducted on the software, and two hardware test, manual mode testing and automatic mode testing, were applied. Software testing was done by registering the user and Mac address of the device by the admin, then the data is stored in the firebase. In software testing, three smartphones were used whose MAC addresses were registered by the administrator. Each registered device was tried to log in ten times, and the success rate was 100%. In contrast, three devices' MAC addresses were not registered, and they were unable to log in ten times, with a 100% failure rate. Hardware testing is carried out by manual testing mode, in manual model testing the input from the controller application is in accordance with the prototype output, while automatic mode testing is carried out based on conditions at room temperature, namely in room conditions > 30 then the fan turns on automatically, the temperature room <30 the lights turn on automatically, so the automatic mode test has been matched to the output of the prototype. Based on the results of the study, a control system was produced with a MAC Address as an id and a user to login to an application called “Controller” which can be used to control electronic equipment in the house.","https://journal.lontaradigitech.com/Micronic/article/download/42/34",""
0,"Olesya Golubeva, Alina Pogorelova, Vyacheslav Kreinin, Valery Dimitrov","Functioning of shoe production facilities based on automated control systems",2023,"E3S Web of Conferences","EDP Sciences","https://doi.org/10.1051/e3sconf/202337105067","",934,"2026-05-27 21:14:56","journal-article","10.1051/e3sconf/202337105067","2267-1242",,371,,5067,5067,0,0.00,0,4,3,"This article discusses the application of automated control systems in production. The review of existing management systems in the domestic market in various areas and directions is carried out. The advantages and disadvantages of popular control systems are also analyzed. The dynamics of the impact of the use of automated systems on the activities of enterprises from the point of view of management and economics is estimated. The result of this study is a conclusion about the necessity and inevitability of industrial automation.","https://www.e3s-conferences.org/10.1051/e3sconf/202337105067/pdf",""
0,"Giulia Marchiori Pietrosanti, Giorgia Nadizar, Federico Pigozzi, Eric Medvet","Human Control of Simulated Modular Soft Robots May Predict the Performance of Optimized AI-Based Controllers",2023,"IEEE Access","Institute of Electrical and Electronics Engineers (IEEE)","https://doi.org/10.1109/access.2023.3342912","",940,"2026-05-27 21:14:56","journal-article","10.1109/access.2023.3342912","2169-3536",,11,,143069,143080,0,0.00,0,4,3,"","http://xplorestaging.ieee.org/ielx7/6287639/10005208/10359512.pdf?arnumber=10359512",""
0,"Longhang Huang, Ying Wang, Sheng Liang","Reliability Assessment of Distributed Network Control System Based on Time Delay Evaluation",2023,"IEEE Access","Institute of Electrical and Electronics Engineers (IEEE)","https://doi.org/10.1109/access.2023.3328400","",951,"2026-05-27 21:14:56","journal-article","10.1109/access.2023.3328400","2169-3536",,11,,123004,123017,0,0.00,0,3,3,"","http://xplorestaging.ieee.org/ielx7/6287639/10005208/10299647.pdf?arnumber=10299647",""
6,"Zhongzhong Zheng, Wei Shang, Jia Ai, Yuhan Zou, Zhou Liu","Integrated Geometric Optimal Control of Spacecraft Attitude and Orbit Based on <i>SE</i>(3)",2023,"IEEE Access","Institute of Electrical and Electronics Engineers (IEEE)","https://doi.org/10.1109/access.2023.3257872","",955,"2026-05-27 21:14:56","journal-article","10.1109/access.2023.3257872","2169-3536",,11,,27382,27394,6,2.00,1,5,3,"","http://xplorestaging.ieee.org/ielx7/6287639/10005208/10073516.pdf?arnumber=10073516",""
0,"Ni Wayan Surya Wardhani, Prayudi Lestantyo, Nur Silviyah Rahmi","Decision support system as an element of web-based integrated pest control on cabbage plants",2023,"E3S Web of Conferences","EDP Sciences","https://doi.org/10.1051/e3sconf/202345002001","",956,"2026-05-27 21:14:56","journal-article","10.1051/e3sconf/202345002001","2267-1242",,450,,2001,2001,0,0.00,0,3,3,"Cabbage leaves are consumed as a healthy vegetable but the plant is very susceptible to attack by leaf caterpillars (P. xylostella). The residue from the periodic use of insecticides is very dangerous to human health. Hence Decision Support System (DSS) was developed which can be used as a reference when spraying insecticides is carried out. The system is intended to estimate the cabbage leaf damage based on web-based photo imagery that is used for detecting the percentage of pest attacks so that pesticides are only applied if the damage to the cabbage leaves is detected to be rather severe. Users are required to upload photos of cabbage plants to be detected. This research is carried out through literature studies, theoretical studies, data collection and location surveys of cabbage plant centers, statistical modeling, making a cabbage leaf hole display detection system with photo images, and making packages or libraries for models that have been developed, adding features that make it easier for users to run it. This developed system after passing the development process carries out 100% black box testing works according to the desired requirements. The implementation of pest experts and testing of this system gets an accuracy of about 87%, so the implementation is carried out on users. This developed system after going through the development process is carried out 100% blackbox testing to function according to the desired needs. The implementation of pest experts and testing of this system gets an accuracy of about 87%, so the implementation is carried out by the user. The results of this study have an analysis that can be stored in a database so that the utilization of recording analysis results can be directly stored in the database, can be printed, and can issue results from the Decision Support System for spraying cabbage pests.","https://www.e3s-conferences.org/10.1051/e3sconf/202345002001/pdf",""
12,"Umit Onen","Model-Free Controller Design for Nonlinear Underactuated Systems With Uncertainties and Disturbances by Using Extended State Observer Based Chattering-Free Sliding Mode Control",2023,"IEEE Access","Institute of Electrical and Electronics Engineers (IEEE)","https://doi.org/10.1109/access.2023.3234864","",958,"2026-05-27 21:14:56","journal-article","10.1109/access.2023.3234864","2169-3536",,11,,2875,2885,12,4.00,12,1,3,"","http://xplorestaging.ieee.org/ielx7/6287639/10005208/10007804.pdf?arnumber=10007804",""
11,"Bin Zhang, Ryuji Sengoku, Hun-Ok Lim","Adaptive Motion Control for an Autonomous Mobile Robot Based on Space Risk Map",2023,"IEEE Access","Institute of Electrical and Electronics Engineers (IEEE)","https://doi.org/10.1109/access.2023.3292999","",962,"2026-05-27 21:14:56","journal-article","10.1109/access.2023.3292999","2169-3536",,11,,69553,69562,11,3.67,4,3,3,"","http://xplorestaging.ieee.org/ielx7/6287639/10005208/10175868.pdf?arnumber=10175868",""
58,"Somchart Fugkeaw, Leon Wirz, Lyhour Hak","Secure and Lightweight Blockchain-Enabled Access Control for Fog-Assisted IoT Cloud Based Electronic Medical Records Sharing",2023,"IEEE Access","Institute of Electrical and Electronics Engineers (IEEE)","https://doi.org/10.1109/access.2023.3288332","",963,"2026-05-27 21:14:56","journal-article","10.1109/access.2023.3288332","2169-3536",,11,,62998,63012,58,19.33,19,3,3,"","http://xplorestaging.ieee.org/ielx7/6287639/10005208/10158699.pdf?arnumber=10158699",""
0,"Chaoming Huang, Zhenghuan Xu, Jian Yang, Xiaobin Tan, Quan Zheng","An Effective Access Control Scheme for ICN Based Vehicle Exhaust Monitor System",2023,"2023 42nd Chinese Control Conference (CCC)","IEEE","https://doi.org/10.23919/ccc58697.2023.10240814","",968,"2026-05-27 21:14:56","proceedings-article","10.23919/ccc58697.2023.10240814","",,,,6187,6192,0,0.00,0,5,3,"","http://xplorestaging.ieee.org/ielx7/10239690/10239711/10240814.pdf?arnumber=10240814",""
1,"Zhuo-Xuan Zhan, Gang Zhao, Zhi-Gang Su","Flexible Control of Wet Desulphurization Process Based on Frequency Retrofit",2023,"E3S Web of Conferences","EDP Sciences","https://doi.org/10.1051/e3sconf/202338503016","",971,"2026-05-27 21:14:56","journal-article","10.1051/e3sconf/202338503016","2267-1242",,385,,3016,3016,1,0.33,0,3,3,"To assist in the absorption of renewable energy, coal-fired power plants need to operate over a wide range of loads, which exacerbates the challenge of the time delay in the wet desulphurization process. Therefore, this paper proposes a new control structure based on frequency retrofit and a corresponding model predictive controller to change the traditional idea of wet desulphurization control. This structure provides faster control actions, thus reducing time delay directly. And it makes the original discrete control variable continuous, enabling most control methods. The field application to the wet flue gas desulphurization system reveals the practical prospects of the proposed control structure and simulations have been conducted to verify the merits of the proposed control scheme based on data collected from a 1000 MW power plant.","https://www.e3s-conferences.org/10.1051/e3sconf/202338503016/pdf",""
0,"Jinlu Liu, Jing Qin, Wenchao Wang, Lin Mei, Huaxiong Wang","Key-Aggregate Based Access Control Encryption for Flexible Cloud Data Sharing",2023,"","Elsevier BV","https://doi.org/10.2139/ssrn.4493753","",972,"2026-05-27 21:14:56","posted-content","10.2139/ssrn.4493753","",,,,,,0,0.00,0,5,3,"","",""
2,"Zhuoyi Chen, Wentai Qu, Jianqi Qiu","Ripple Excitation-Based Adaptive Sensorless Control of IPMSM in Full Speed Range",2023,"IEEE Access","Institute of Electrical and Electronics Engineers (IEEE)","https://doi.org/10.1109/access.2023.3262286","",975,"2026-05-27 21:14:56","journal-article","10.1109/access.2023.3262286","2169-3536",,11,,33160,33177,2,0.67,1,3,3,"","http://xplorestaging.ieee.org/ielx7/6287639/10005208/10082937.pdf?arnumber=10082937",""
2,"Jiageng Ding","Research on Energy-fed Suspension Control System of New Energy Vehicles Based on Energy Flow Analysis",2023,"E3S Web of Conferences","EDP Sciences","https://doi.org/10.1051/e3sconf/202337503012","",977,"2026-05-27 21:14:56","journal-article","10.1051/e3sconf/202337503012","2267-1242",,375,,3012,3012,2,0.67,2,1,3,"Suspension is the general name of the device that connects the conductive force between the car body and the wheels. Among them, operational stability and ride comfort are two contradictory requirements in actual driving. In the traditional vehicle suspension system, in order to maintain the ride comfort of the vehicle, the vibration energy caused by uneven road surface is usually dissipated by passive shock absorber in the form of heat. If this part of energy can be recovered in an effective way, the energy demand of the whole vehicle system can be reduced. Usually, the stiffness of semi-active suspension is constant, and the damping coefficient will change automatically with the change of driving conditions. Its advantages are simple structure, no need to consume automobile power, and the damping coefficient will change with the change of automobile driving conditions, which can effectively improve automobile riding comfort and handling stability. This paper expounds the problems encountered by traditional suspension, and analyzes the semi-automatic control strategy of regenerative suspension of new energy vehicles from the perspective of energy flow.","https://www.e3s-conferences.org/10.1051/e3sconf/202337503012/pdf",""
0,"Saswati Paramita, Arani Bhattacharya, Anand Srivastava, Vivek Ashok Bohara","CA and HCCA Uplink Medium Access Control Protocol for VLC based Heterogeneous Users",2023,"","Institute of Electrical and Electronics Engineers (IEEE)","https://doi.org/10.36227/techrxiv.23675745.v1","",990,"2026-05-27 21:14:56","posted-content","10.36227/techrxiv.23675745.v1","",,,,,,0,0.00,0,4,3,"This manuscript is currently under submission to Journal of Optical Communications and Networking. The abstract of the paper is as follows:","https://www.techrxiv.org/doi/pdf/10.36227/techrxiv.23675745.v1",""
0,"Shuyi Wei, Xiuxia Zhang, Qiangming Cheng","The temperature and pressure Remote intelligent control system for biogas digester based on STM32",2023,"SHS Web of Conferences","EDP Sciences","https://doi.org/10.1051/shsconf/202316601060","",993,"2026-05-27 21:14:56","journal-article","10.1051/shsconf/202316601060","2261-2424",,166,,1060,1060,0,0.00,0,3,3,"The application of biogas digesters in modern life has become more and more extensive. However, the current level of automation in biogas management was too low. and people are afraid of odor and dirty when operating biogas fermentation. In order to solve the shortage of modern energy and improve the safety and efficiency of biogas digesters, a temperature and pressure remote intelligent control management system based on STM32 for biogas digesters was designed. This system took STM32 as the main control chip, through the DS18B20 and PMS pressure measurement module for temperature and pressure measurement, combined with ESP 8266 01sWiFi module and cloud platform for data transmission communication and storage, and then displayed to the user by the QT software interface, the remote intelligent control of the biogas digester in the cloud was realized, so that the efficiency and safety management of the biogas digester were could improved. This management system of the biogas digester would promote the energy industry and sustainable development of human beings and facilitated rural revitalization.","https://www.shs-conferences.org/10.1051/shsconf/202316601060/pdf",""
2,"Vincent C Hu","Overview and considerations of access control based on attribute encryption",2023,"","National Institute of Standards and Technology (U.S.)","https://doi.org/10.6028/nist.ir.8450-upd1","",997,"2026-05-27 21:14:56","report","10.6028/nist.ir.8450-upd1","",,,,,,2,0.67,2,1,3,"Encryption technology can be incorporated into access control mechanisms based on user identities, user attributes, or resource attributes. Traditional public-key encryption requires different data to have different keys that can be distributed to users who satisfy perspective access control policies along with the encrypted version of the data. However, some distributed or pervasive system environments wish to avoid the public-key encryption’s all-or-nothing data access limitation when considering their performance requirements. Attribute-based encryption incorporates access control policies and attributes with encryption and decryption functions and a one-to-many authorization scheme that requires fewer keys than public-key encryption. It also utilizes collusion-resistance, which provides a more efficient and flexible attribute-based access control mechanism that supports high-performance systems (e.g., cloud, IoT, disrupt-tolerant networks, wireless sensor networks, mobile ad-hoc networks, and public search service systems).","",""
2,"Lin Xu","A Data Sharing and Access Control Model Based on Blockchain",2023,"2023 8th International Conference on Data Science in Cyberspace (DSC)","IEEE","https://doi.org/10.1109/dsc59305.2023.00067","",999,"2026-05-27 21:14:56","proceedings-article","10.1109/dsc59305.2023.00067","",,,,,,2,0.67,2,1,3,"","http://xplorestaging.ieee.org/ielx7/10380805/10380970/10380984.pdf?arnumber=10380984",""
3,"Andrew Carruthers","Role-Based Access Control (RBAC)",2022,"Building the Snowflake Data Cloud","Apress","https://doi.org/10.1007/978-1-4842-8593-0_5","",52,"2026-05-27 21:14:56","book-chapter","10.1007/978-1-4842-8593-0_5","",,,,123,149,3,0.75,3,1,4,"","https://link.springer.com/content/pdf/10.1007/978-1-4842-8593-0_5",""
4,"Ozgu Can, Murat Unalir","Revisiting Ontology Based Access Control: The Case for Ontology Based Data Access",2022,"Proceedings of the 8th International Conference on Information Systems Security and Privacy","SCITEPRESS - Science and Technology Publications","https://doi.org/10.5220/0010898100003120","",62,"2026-05-27 21:14:56","proceedings-article","10.5220/0010898100003120","",,,,515,518,4,1.00,2,2,4,"","",""
1,"Rongning Cao","Research on RBAC Based Role Access Control in Financial MIS",2022,"2022 6th International Conference on Wireless Communications and Applications (ICWCAPP)","IEEE","https://doi.org/10.1109/icwcapp57292.2022.00043","",65,"2026-05-27 21:14:56","proceedings-article","10.1109/icwcapp57292.2022.00043","",,,,147,150,1,0.25,1,1,4,"","http://xplorestaging.ieee.org/ielx7/10148089/10148191/10148358.pdf?arnumber=10148358",""
0,"Alban Gabillon","Web Access Control Strategies",2022,"Encyclopedia of Cryptography, Security and Privacy","Springer Berlin Heidelberg","https://doi.org/10.1007/978-3-642-27739-9_664-2","",70,"2026-05-27 21:14:56","book-chapter","10.1007/978-3-642-27739-9_664-2","",,,,1,7,0,0.00,0,1,4,"","https://link.springer.com/content/pdf/10.1007/978-3-642-27739-9_664-2",""
2,"Mohammed Shaya Baihan","Role-based Access Control Solution for GraphQL-based Fast Healthcare Interoperability Resources Health Application Programming Interface",2022,"2022 IEEE International Conference on E-health Networking, Application &amp; Services (HealthCom)","IEEE","https://doi.org/10.1109/healthcom54947.2022.9982782","",95,"2026-05-27 21:14:56","proceedings-article","10.1109/healthcom54947.2022.9982782","",,,,1,6,2,0.50,2,1,4,"","http://xplorestaging.ieee.org/ielx7/9982624/9982728/09982782.pdf?arnumber=9982782",""
38,"Safwa Ameer, James Benson, Ravi Sandhu","An Attribute-Based Approach toward a Secured Smart-Home IoT Access Control and a Comparison with a Role-Based Approach",2022,"Information","MDPI AG","https://doi.org/10.3390/info13020060","",108,"2026-05-27 21:14:56","journal-article","10.3390/info13020060","2078-2489",,13,2,60,60,38,9.50,13,3,4,"The area of smart homes is one of the most popular for deploying smart connected devices. One of the most vulnerable aspects of smart homes is access control. Recent advances in IoT have led to several access control models being developed or adapted to IoT from other domains, with few specifically designed to meet the challenges of smart homes. Most of these models use role-based access control (RBAC) or attribute-based access control (ABAC) models. As of now, it is not clear what the advantages and disadvantages of ABAC over RBAC are in general, and in the context of smart-home IoT in particular. In this paper, we introduce HABACα, an attribute-based access control model for smart-home IoT. We formally define HABACα and demonstrate its features through two use-case scenarios and a proof-of-concept implementation. Furthermore, we present an analysis of HABACα as compared to the previously published EGRBAC (extended generalized role-based access control) model for smart-home IoT by first describing approaches for constructing HABACα specification from EGRBAC and vice versa in order to compare the theoretical expressiveness power of these models, and second, analyzing HABACα and EGRBAC models against standard criteria for access control models. Our findings suggest that a hybrid model that combines both HABACα and EGRBAC capabilities may be the most suitable for smart-home IoT, and probably more generally.","https://www.mdpi.com/2078-2489/13/2/60/pdf",""
1,"Abdelmoutia Telli, Abdelouahab Belazoui, Nourelhouda Dekhili","Ontology-Based Data Access to Web Analytics",2022,"International Conference on Managing Business Through Web Analytics","Springer International Publishing","https://doi.org/10.1007/978-3-031-06971-0_3","",125,"2026-05-27 21:14:56","book-chapter","10.1007/978-3-031-06971-0_3","",,,,23,35,1,0.25,0,3,4,"","https://link.springer.com/content/pdf/10.1007/978-3-031-06971-0_3",""
1,"Raul Barbosa, Marco Araujo","AI-driven Human-centric Control Interfaces for Industry 4.0 with Role-based Access",2022,"2022 International Conference on INnovations in Intelligent SysTems and Applications (INISTA)","IEEE","https://doi.org/10.1109/inista55318.2022.9894247","",131,"2026-05-27 21:14:56","proceedings-article","10.1109/inista55318.2022.9894247","",,,,1,6,1,0.25,1,2,4,"","http://xplorestaging.ieee.org/ielx7/9894048/9894049/09894247.pdf?arnumber=9894247",""
1,"Franklin Coronel, Norma Barreno, Paúl Muñoz, David Zabala-Blanco, Noemí Onofa, Marco Flores-Calero","Web-based personal access control system using facial recognition with deep learning techniques",2022,"2022 IEEE Colombian Conference on Communications and Computing (COLCOM)","IEEE","https://doi.org/10.1109/colcom56784.2022.10107868","",154,"2026-05-27 21:14:56","proceedings-article","10.1109/colcom56784.2022.10107868","",,,,1,6,1,0.25,0,6,4,"","http://xplorestaging.ieee.org/ielx7/10107825/10107780/10107868.pdf?arnumber=10107868",""
0,"Kamisetty Vinay","Blockchain Based Access Control System for Cloud Storage",2022,"International Journal of Science and Research (IJSR)","International Journal of Science and Research","https://doi.org/10.21275/sr221202104520","",161,"2026-05-27 21:14:56","journal-article","10.21275/sr221202104520","2319-7064",,11,12,143,144,0,0.00,0,1,4,"","",""
5,"Qiang Guo, Mahesh Tripunitara","The Secrecy Resilience of Access Control Policies and Its Application to Role Mining",2022,"Proceedings of the 27th ACM on Symposium on Access Control Models and Technologies","ACM","https://doi.org/10.1145/3532105.3535030","",181,"2026-05-27 21:14:56","proceedings-article","10.1145/3532105.3535030","",,,,115,126,5,1.25,3,2,4,"","https://dl.acm.org/doi/10.1145/3532105.3535030",""
0,"giovanni bartolomeo","Attribute-Based Encryption for Access Control in Cloud Ecosystems",2022,"","Institute of Electrical and Electronics Engineers (IEEE)","https://doi.org/10.36227/techrxiv.13546871.v4","",188,"2026-05-27 21:14:56","posted-content","10.36227/techrxiv.13546871.v4","",,,,,,0,0.00,0,1,4,"We introduce a distributed, fine-granuled, policy-based resource access control protocol leveraging on Attribute-Based Encryption. The protocol secures the whole access control procedure from the authorization issuer to the resource server providing grant confidentiality, proof of possession, antiforgery and may be implemented through a common web token exchange flow plus a HTTP basic authentication. As such, it may easily map to Cloud computing SaaS paradigms, enabling services integration into a single authorization-centric ecosystem even across multiple identity domains. We also present the results of a performance evaluation on a first prototype implementation.","https://www.techrxiv.org/doi/pdf/10.36227/techrxiv.13546871.v4",""
0,"giovanni bartolomeo","Attribute-Based Encryption for Access Control in Cloud Ecosystems",2022,"","Institute of Electrical and Electronics Engineers (IEEE)","https://doi.org/10.36227/techrxiv.13546871","",194,"2026-05-27 21:14:56","posted-content","10.36227/techrxiv.13546871","",,,,,,0,0.00,0,1,4,"<p>We introduce a distributed, fine-granuled, policy-based resource access control protocol leveraging on Attribute-Based Encryption. The protocol secures the whole access control procedure from the authorization issuer to the resource server providing grant confidentiality, proof of possession, antiforgery and may be implemented through a common web token exchange flow plus a HTTP basic authentication. As such, it may easily map to Cloud computing SaaS paradigms, enabling services integration into a single authorization-centric ecosystem even across multiple identity domains. We also present the results of a performance evaluation on a first prototype implementation.</p>","https://ndownloader.figshare.com/files/32824289",""
15,"Ha Thanh Le, Lwin Khin Shar, Domenico Bianculli, Lionel Claude Briand, Cu Duy Nguyen","Automated reverse engineering of role-based access control policies of web applications",2022,"Journal of Systems and Software","Elsevier BV","https://doi.org/10.1016/j.jss.2021.111109","",195,"2026-05-27 21:14:56","journal-article","10.1016/j.jss.2021.111109","0164-1212",,184,,111109,111109,15,3.75,3,5,4,"","https://api.elsevier.com/content/article/PII:S0164121221002065",""
7,"Shariq Bashir, Daphne Teck Ching Lai, Owais Ahmed Malik","Proxy-Terms Based Query Obfuscation Technique for Private Web Search",2022,"IEEE Access","Institute of Electrical and Electronics Engineers (IEEE)","https://doi.org/10.1109/access.2022.3149929","",215,"2026-05-27 21:14:56","journal-article","10.1109/access.2022.3149929","2169-3536",,10,,17845,17863,7,1.75,2,3,4,"","http://xplorestaging.ieee.org/ielx7/6287639/9668973/09706428.pdf?arnumber=9706428",""
0,"Karim Boudjebbour, Abdelkader Belkhir, El Bahi Toubal, Messaoud Rahim","User Web Access Prediction Based On Web Services And User Profile",2022,"2022 International Conference on Advanced Aspects of Software Engineering (ICAASE)","IEEE","https://doi.org/10.1109/icaase56196.2022.9931578","",223,"2026-05-27 21:14:56","proceedings-article","10.1109/icaase56196.2022.9931578","",,,,1,6,0,0.00,0,4,4,"","http://xplorestaging.ieee.org/ielx7/9931539/9931540/09931578.pdf?arnumber=9931578",""
0,"Brady D. Lund, Matthew A. Beckstrom","A Role for Library and Information Science Researchers in Anonymous Web Research",2022,"A Guide to Using the Anonymous Web in Libraries and Information Organizations","Routledge","https://doi.org/10.4324/9781003093732-8","",226,"2026-05-27 21:14:56","book-chapter","10.4324/9781003093732-8","",,,,99,109,0,0.00,0,2,4,"","",""
0,"Mingshu Zhang, Bin Wei, Longfei Liu","Registry access anomaly detection system based on the rough set algorithm",2022,"ITM Web of Conferences","EDP Sciences","https://doi.org/10.1051/itmconf/20224501003","",228,"2026-05-27 21:14:56","journal-article","10.1051/itmconf/20224501003","2271-2097",,45,,1003,1003,0,0.00,0,3,4,"With the rapid growth and the popularization of the Internet, network security problems become increasingly serious. This paper analyzes the impact on several malicious codes on registry access behaviour and builds a rough set of algorithms-based registry access intrusion detection systems. Related attributes are constructed considering both the time sequence attribute and one-time access attribute as our input of the training module. Attribute reduction and rules extraction using rough sets algorithms give the registry access to normal behaviour modal. Experiments show that the system differentiates normal and abnormal registry behaviour successfully.","https://www.itm-conferences.org/10.1051/itmconf/20224501003/pdf",""
0,"Radwa Marzouk, Ala Saleh Alluhaidan, Sahar A. El Rahman","Correction to “An Analytical Predictive Models and Secure Web-Based Personalized Diabetes Monitoring System”",2022,"IEEE Access","Institute of Electrical and Electronics Engineers (IEEE)","https://doi.org/10.1109/access.2022.3222678","",229,"2026-05-27 21:14:56","journal-article","10.1109/access.2022.3222678","2169-3536",,10,,120922,120922,0,0.00,0,3,4,"","http://xplorestaging.ieee.org/ielx7/6287639/9668973/09962962.pdf?arnumber=9962962",""
19,"Syed Afeef Ahmed Shah, Muhammad Ali Masood, Amanullah Yasin","Dark Web: E-Commerce Information Extraction Based on Name Entity Recognition Using Bidirectional-LSTM",2022,"IEEE Access","Institute of Electrical and Electronics Engineers (IEEE)","https://doi.org/10.1109/access.2022.3206539","",234,"2026-05-27 21:14:56","journal-article","10.1109/access.2022.3206539","2169-3536",,10,,99633,99645,19,4.75,6,3,4,"","http://xplorestaging.ieee.org/ielx7/6287639/9668973/09889724.pdf?arnumber=9889724",""
1,"Hugo Perier, Eloise Matheson, Mario Di Castro","Web based User Interface Solution for Remote Robotic Control and Monitoring Autonomous System",2022,"Proceedings of the 19th International Conference on Informatics in Control, Automation and Robotics","SCITEPRESS - Science and Technology Publications","https://doi.org/10.5220/0011318800003271","",240,"2026-05-27 21:14:56","proceedings-article","10.5220/0011318800003271","",,,,680,687,1,0.25,0,3,4,"","",""
8,"Keita Shimamoto, Toshiyuki Murakami","Position and Cross-Coupling Factors Estimation for Sliding Mode Current Control Based Position-Sensorless Control of IPMSM",2022,"IEEE Access","Institute of Electrical and Electronics Engineers (IEEE)","https://doi.org/10.1109/access.2022.3191421","",241,"2026-05-27 21:14:56","journal-article","10.1109/access.2022.3191421","2169-3536",,10,,74873,74882,8,2.00,4,2,4,"","http://xplorestaging.ieee.org/ielx7/6287639/9668973/09830754.pdf?arnumber=9830754",""
3,"S. Neelavathy Pari, S. Rajashree, Adithya Prakash, R. M. Shanthosh","Role Based Access Control Framework for Healthcare Records Using Hyperledger Fabric",2022,"2022 3rd International Conference on Issues and Challenges in Intelligent Computing Techniques (ICICT)","IEEE","https://doi.org/10.1109/icict55121.2022.10064512","",247,"2026-05-27 21:14:56","proceedings-article","10.1109/icict55121.2022.10064512","",,,,1,7,3,0.75,1,4,4,"","http://xplorestaging.ieee.org/ielx7/10064384/10064487/10064512.pdf?arnumber=10064512",""
13,"Stefan Cras, Andreas Lackner, Nedim Begic, Seyed Amid Moeinzadeh Mirhosseini, Nicolas Kirchmayr","Collaborative Administration of Role-Based Access Control in Smart Contracts",2022,"2022 4th Conference on Blockchain Research &amp; Applications for Innovative Networks and Services (BRAINS)","IEEE","https://doi.org/10.1109/brains55737.2022.9909116","",252,"2026-05-27 21:14:56","proceedings-article","10.1109/brains55737.2022.9909116","",,,,,,13,3.25,3,5,4,"","http://xplorestaging.ieee.org/ielx7/9908517/9908595/09909116.pdf?arnumber=9909116",""
0,"ChangHong Li, Takeshi Yashiro","AFWA: Flexible IoT Access Control Framework with Web API Integration",2022,"2022 IEEE 4th Global Conference on Life Sciences and Technologies (LifeTech)","IEEE","https://doi.org/10.1109/lifetech53646.2022.9754921","",259,"2026-05-27 21:14:56","proceedings-article","10.1109/lifetech53646.2022.9754921","",,,,354,356,0,0.00,0,2,4,"","http://xplorestaging.ieee.org/ielx7/9754591/9754592/09754921.pdf?arnumber=9754921",""
1,"Geetanjali, Suhail Javed Quraishi","A Review on Access Management Web Application on Cloud",2022,"2022 Third International Conference on Intelligent Computing Instrumentation and Control Technologies (ICICICT)","IEEE","https://doi.org/10.1109/icicict54557.2022.9917637","",266,"2026-05-27 21:14:56","proceedings-article","10.1109/icicict54557.2022.9917637","",,,,1491,1495,1,0.25,1,2,4,"","http://xplorestaging.ieee.org/ielx7/9917506/9917569/09917637.pdf?arnumber=9917637",""
21,"Mohammad Fareed, Ali A. Yassin","Privacy-preserving multi-factor authentication and role-based access control scheme for the E-healthcare system",2022,"Bulletin of Electrical Engineering and Informatics","Institute of Advanced Engineering and Science","https://doi.org/10.11591/eei.v11i4.3658","",271,"2026-05-27 21:14:56","journal-article","10.11591/eei.v11i4.3658","2302-9285",,11,4,2131,2141,21,5.25,11,2,4,"E-healthcare assists medical specialists in remotely collecting patient health data and providing remote health diagnoses. The roles are distributed among the system's users, contrasted between admin to data entry within certain rules and policies. Role-based access control (RBAC) is a technique of advanced access control that restricts key operations of users (addition, deletion and modification) access based on a user's role within a healthcare system. This paper proposes a privacy-preserving using RBAC and smart multi-factor authentication for the healthcare system to overcome the limitation flaw in previous schemes such as security risk tolerance, scalability and dynamism. This work relies on low-complexity cryptographic hash functions and symmetric operations to authenticate users while using an asymmetric cryptosystem based on the Schnorr digital signature lightweight operation to authenticate the administrator to provide multi-factor authentication. The administrator represents the system's core, and any his information leak could attack the entire system and its components. The proposed scheme conducted two thorough formal security proofs for the proposed work based on informal analysis and the Scyther tool. Furthermore, comparisons with other schemes reveal that the proposed scheme provides greater security features, and resisting attacks than the others while also being efficient in computing and communication costs.","https://beei.org/index.php/EEI/article/viewFile/3658/2785",""
0,"Maanak Gupta, Smriti Bhatt, Asma Hassan Alshehri, Ravi Sandhu","Attribute Based Access Control for Intelligent Transportation",2022,"Access Control Models and Architectures For IoT and Cyber Physical Systems","Springer International Publishing","https://doi.org/10.1007/978-3-030-81089-4_6","",275,"2026-05-27 21:14:56","book-chapter","10.1007/978-3-030-81089-4_6","",,,,125,145,0,0.00,0,4,4,"","https://link.springer.com/content/pdf/10.1007/978-3-030-81089-4_6",""
1,"Proteet Paul, Tushar Gupta, Shamik Sural","Poster: ASQL - Attribute Based Access Control Extension for SQL",2022,"Proceedings of the 27th ACM on Symposium on Access Control Models and Technologies","ACM","https://doi.org/10.1145/3532105.3535033","",288,"2026-05-27 21:14:56","proceedings-article","10.1145/3532105.3535033","",,,,259,261,1,0.25,0,3,4,"","https://dl.acm.org/doi/10.1145/3532105.3535033",""
0,"Zhao-Long Wang","Scheduling control method of Internet of things data uplink based on TS algorithm",2022,"Web Intelligence","SAGE Publications","https://doi.org/10.3233/web-220022","",297,"2026-05-27 21:14:56","journal-article","10.3233/web-220022","2405-6456",,20,4,297,305,0,0.00,0,1,4,"In order to ensure the efficiency of link scheduling control and improve the accuracy and energy efficiency of scheduling control, a scheduling control method for Internet of things data uplink based on TS algorithm is proposed.The principle of tabu search algorithm is analyzed, and the scheduling control function of Internet of things data uplink is constructed. Tabu search algorithm is used to solve the scheduling control problem of Internet of things data uplink, and realize the scheduling control of Internet of things data uplink.The experimental results show that the scheduling control energy efficiency of the proposed method is as high as 10.4 bit/j, the link scheduling control packet loss rate of the proposed method is only 1.4%, and the scheduling control energy efficiency is as high as 10.4 bit/j, which can effectively improve the scheduling control accuracy and energy efficiency.","https://journals.sagepub.com/doi/pdf/10.3233/WEB-220022",""
0,"Zhao-Long Wang","Scheduling control method of Internet of things data uplink based on TS algorithm",2022,"Web Intelligence","SAGE Publications","https://doi.org/10.3233/web-220022","",308,"2026-05-27 21:14:56","journal-article","10.3233/web-220022","2405-6456",,20,4,297,305,0,0.00,0,1,4,"In order to ensure the efficiency of link scheduling control and improve the accuracy and energy efficiency of scheduling control, a scheduling control method for Internet of things data uplink based on TS algorithm is proposed.The principle of tabu search algorithm is analyzed, and the scheduling control function of Internet of things data uplink is constructed. Tabu search algorithm is used to solve the scheduling control problem of Internet of things data uplink, and realize the scheduling control of Internet of things data uplink.The experimental results show that the scheduling control energy efficiency of the proposed method is as high as 10.4 bit/j, the link scheduling control packet loss rate of the proposed method is only 1.4%, and the scheduling control energy efficiency is as high as 10.4 bit/j, which can effectively improve the scheduling control accuracy and energy efficiency.","https://journals.sagepub.com/doi/pdf/10.3233/WEB-220022",""
5,"Suyong Kim, Doo Yong Lee","Control of Haptic Systems Based on Input-to-State Stability",2022,"IEEE Access","Institute of Electrical and Electronics Engineers (IEEE)","https://doi.org/10.1109/access.2022.3157610","",310,"2026-05-27 21:14:56","journal-article","10.1109/access.2022.3157610","2169-3536",,10,,27242,27254,5,1.25,3,2,4,"","http://xplorestaging.ieee.org/ielx7/6287639/9668973/09729839.pdf?arnumber=9729839",""
4,"Faisal Ahmed, Junho Cho, Ethungshan Shitiri, Ho-Shin Cho","Reinforcement Learning-Based Power Control for MACA-Based Underwater MAC Protocol",2022,"IEEE Access","Institute of Electrical and Electronics Engineers (IEEE)","https://doi.org/10.1109/access.2022.3188705","",315,"2026-05-27 21:14:56","journal-article","10.1109/access.2022.3188705","2169-3536",,10,,71044,71053,4,1.00,1,4,4,"","http://xplorestaging.ieee.org/ielx7/6287639/9668973/09815243.pdf?arnumber=9815243",""
0,"Jessica Megan Larson","Role Inheritance",2022,"Snowflake Access Control","Apress","https://doi.org/10.1007/978-1-4842-8038-6_9","",323,"2026-05-27 21:14:56","book-chapter","10.1007/978-1-4842-8038-6_9","",,,,105,122,0,0.00,0,1,4,"","https://link.springer.com/content/pdf/10.1007/978-1-4842-8038-6_9",""
13,"Georgios Kormpakis, Panagiotis Kapsalis, Konstantinos Alexakis, Sotiris Pelekis, Evangelos Karakolis, Haris Doukas","An Advanced Visualisation Engine with Role-Based Access Control for Building Energy Visual Analytics",2022,"2022 13th International Conference on Information, Intelligence, Systems &amp; Applications (IISA)","IEEE","https://doi.org/10.1109/iisa56318.2022.9904353","",332,"2026-05-27 21:14:56","proceedings-article","10.1109/iisa56318.2022.9904353","",,,,1,8,13,3.25,2,6,4,"","http://xplorestaging.ieee.org/ielx7/9903994/9904331/09904353.pdf?arnumber=9904353",""
6,"Rishabh Gupta, Ashutosh Kumar Singh","Differential and Access Policy Based Privacy-Preserving Model in Cloud Environment",2022,"Journal of Web Engineering","River Publishers","https://doi.org/10.13052/jwe1540-9589.2132","",343,"2026-05-27 21:14:56","journal-article","10.13052/jwe1540-9589.2132","1544-5976",,,,,,6,1.50,3,2,4,"Cloud computing has multiple benefits in terms of minimum cost, maximum efficiency, and high scalability, which prompts shifting a large amount of data from the local machine to the cloud environment for storage, computation, and data sharing among various parties stakeholders. However, owners do not fully trust the cloud platform operated by a third party. Therefore, security and privacy emerge as critical issues while sharing data among different parties. In this paper, a novel privacy-preserving model is proposed by utilizing encryption, differential privacy, and machine learning approaches. It facilitates data owners to share their data securely in the cloud environment. The model defines access policy and communication protocol among the involved untrusted parties for data processing and privacy preservation. The proposed model is evaluated by executing experiments using distinct datasets. The achieved results reveal that the proposed model provides high accuracy, precision, recall, and f1-score up to 98%, 98%, 97%, and 97%, respectively, over the state of the art methods.","https://journals.riverpublishers.com/index.php/JWE/article/download/6481/10659",""
0,"Xinhui Cao, Jun Ye","Role Access Control Search Scheme Based on Attribute Encryption",2022,"Lecture Notes in Electrical Engineering","Springer Nature Singapore","https://doi.org/10.1007/978-981-19-4132-0_143","",346,"2026-05-27 21:14:56","book-chapter","10.1007/978-981-19-4132-0_143","1876-1100",,,,1055,1061,0,0.00,0,2,4,"","https://link.springer.com/content/pdf/10.1007/978-981-19-4132-0_143",""
0,"Muhammad Faraz Hyder, Saadia Arshad, Asad Arfeen, Tasbiha Fatima","Privacy preserving mobile forensic framework using role‐based access control and cryptography",2022,"Concurrency and Computation: Practice and Experience","Wiley","https://doi.org/10.1002/cpe.7178","",347,"2026-05-27 21:14:56","journal-article","10.1002/cpe.7178","1532-0626",,34,23,,,0,0.00,0,4,4,"Summary: The rise of social media‐related crimes has led to the rise of mobile forensics. Since mobile forensics and privacy preservation are conflicting fields, it is important to find a middle ground where forensics can be performed on any device without compromising the confidentiality of an individual. This paper presents a framework called “role‐based mobile forensics framework with cryptography (RBMF2C)” that can be easily implemented and protects users' privacy and does not interfere with the forensic process. A mobile forensic platform called Sher‐locked phones developed using C# is also presented in this paper that is developed following the aforementioned RBMF2C framework. This platform consists of five layers: access control, evidence gathering, data analysis, privacy, and reporting layer. The developed platform implements the RBMF2C framework on the evidence gathering, analysis, and reporting layer to protect the evidential image, evidential findings, and final report from being accessed by unauthorized users. The implementation of privacy preservation techniques as proposed by the proposed framework such as role‐based access control, keyword search, and encryption/ decryption did not hinder the performance of the developed toolkit, and suspects data privacy is also preserved to a substantial extent.","https://onlinelibrary.wiley.com/doi/pdf/10.1002/cpe.7178",""
14,"Peng Li, Jiang Cao, Dongchen Liang","UAV-BS Formation Control Method Based on Loose Coupling Structure",2022,"IEEE Access","Institute of Electrical and Electronics Engineers (IEEE)","https://doi.org/10.1109/access.2022.3197753","",349,"2026-05-27 21:14:56","journal-article","10.1109/access.2022.3197753","2169-3536",,10,,88330,88339,14,3.50,5,3,4,"","http://xplorestaging.ieee.org/ielx7/6287639/9668973/09853215.pdf?arnumber=9853215",""
0,"Vikas Nagrale, Mayur Yalij, Ashutosh Kumar","Data Security of Dynamic and Robust Role Based Access Control from Multiple Authorities in Cloud Environment",2022,"International Journal for Research in Applied Science and Engineering Technology","International Journal for Research in Applied Science and Engineering Technology (IJRASET)","https://doi.org/10.22214/ijraset.2022.42489","",352,"2026-05-27 21:14:56","journal-article","10.22214/ijraset.2022.42489","2321-9653",,10,5,1307,1309,0,0.00,0,3,4,"Abstract: Data integrity maintenance is the major objective in cloud storage. It includes audition using TTP for unauthorized access. This work implements protecting the data and regeneration of data if someone mishandles it. This job will be assigned to a Proxy server. The data of the users will be stored in public and private area of the cloud. So that only public cloud data will be accessed by user and private cloud will remain more secured. Once any unauthorized modification is made, the original data in the private cloud will be retrieved by the Proxy server and will be returned to the user. Cloud storage generally provides different redundancy configuration to users in order to maintain the desired balance between performance and fault tolerance. Data availability is critical in distributed storage systems, especially when node failures are prevalent in real life. This research work explores secure data storage and sharing using proposed AES 128 encryption algorithm and Role Base Access Control (RBAC) for secure data access scheme for end user. This work also carried out backup server approach it works like proxy storage server for ad hoc data recovery for all distributed data servers. The experiment analysis has proposed in public as well as private cloud environment. Keywords: RBAC, Elgamal encryption scheme; secure user access policy; Proxy Key Generation, Role Base Access Control (RBAC), advanced encryption standard (AES), etc.","",""
20,"Manar Alohaly, Olusesi Balogun, Daniel Takabi","Integrating Cyber Deception Into Attribute-Based Access Control (ABAC) for Insider Threat Detection",2022,"IEEE Access","Institute of Electrical and Electronics Engineers (IEEE)","https://doi.org/10.1109/access.2022.3213645","",362,"2026-05-27 21:14:56","journal-article","10.1109/access.2022.3213645","2169-3536",,10,,108965,108978,20,5.00,7,3,4,"","https://ieeexplore.ieee.org/ielam/6287639/9668973/9915585-aam.pdf",""
3,"Padmavathi Iyer, Amirreza Masoumzadeh","Effective Evaluation of Relationship-Based Access Control Policy Mining",2022,"Proceedings of the 27th ACM on Symposium on Access Control Models and Technologies","ACM","https://doi.org/10.1145/3532105.3535022","",366,"2026-05-27 21:14:56","proceedings-article","10.1145/3532105.3535022","",,,,127,138,3,0.75,2,2,4,"","https://dl.acm.org/doi/pdf/10.1145/3532105.3535022",""
0,"Chang Liu, Chao Chen, Rui Zhao, Qiong Li, Ping Wang, Zheng Shen","Multi-point access to urban underground road longitudinal ventilation system operation control method",2022,"E3S Web of Conferences","EDP Sciences","https://doi.org/10.1051/e3sconf/202235602004","",372,"2026-05-27 21:14:56","journal-article","10.1051/e3sconf/202235602004","2267-1242",,356,,2004,2004,0,0.00,0,6,4,"While the multi-point access to urban underground roads solve traffic congestion, the pollutants (CO, NOx, etc.) emitted during tunnel travel also pose environmental and health risks to the tunnel drivers and passengers as well as the residents near the tunnel openings. To this end, this study focuses on the environmental safety of urban underground roads with multiple points of entry and exit as the focus of research, based on the law of conservation of mass, fluid dynamics and ventilation engineering theory and simulation of experimental research methods, combined with motor traffic and pollutant (CO, NOx, etc.) emission characteristics, proposed NO concentration prediction model, combined with the urban underground road air flow and ventilation system operating characteristics, the longitudinal distribution law of pollutant concentration along the tunnel is calculated through case analysis, the intelligent control strategy of the ventilation system is proposed. The results show that when the traffic flow reaches 2000veh·h","https://www.e3s-conferences.org/10.1051/e3sconf/202235602004/pdf",""
5,"Guanglei Bie, Xin Chen","UAV trajectory tracking based on ADRC control algorithm",2022,"ITM Web of Conferences","EDP Sciences","https://doi.org/10.1051/itmconf/20224702017","",380,"2026-05-27 21:14:56","journal-article","10.1051/itmconf/20224702017","2271-2097",,47,,2017,2017,5,1.25,3,2,4,"UAV flying in the air is affected by external airflow factors, and the system has the characteristics of underdrive, nonlinear and uncertainty, which makes the flight state of the UAV become complicated. The trajectory tracking of UAV is studied by using Active disturbance rejection control (ADRC) algorithm. ADRC control algorithms include tracking differentiator, extended state observer and error feedback control law. The active disturbance rejection and decoupling control of UAV track tracking is studied, The active disturbance rejection decoupling control introduces static decoupling matrix B to decouple the virtual control law U. The dynamically coupled disturbances are regarded as total disturbances, which are observed in real time by ESO of each main channel and compensated by control laws. Finally, the 2d trajectory tracking of UAV is realized.","https://www.itm-conferences.org/10.1051/itmconf/20224702017/pdf",""
13,"Hyukjoon Kwon","Control Map Generation Strategy for Hybrid Electric Vehicles Based on Machine Learning With Energy Optimization",2022,"IEEE Access","Institute of Electrical and Electronics Engineers (IEEE)","https://doi.org/10.1109/access.2022.3149313","",381,"2026-05-27 21:14:56","journal-article","10.1109/access.2022.3149313","2169-3536",,10,,15163,15174,13,3.25,13,1,4,"","http://xplorestaging.ieee.org/ielx7/6287639/9668973/09705521.pdf?arnumber=9705521",""
8,"Jansi Rani Amalraj, Robert Lourdusamy","A Novel Distributed Token-Based Access Control Algorithm Using A Secret Sharing Scheme for Secure Data Access Control",2022,"International Journal of Computer Networks and Applications","EverScience Publications","https://doi.org/10.22247/ijcna/2022/214501","",400,"2026-05-27 21:14:56","journal-article","10.22247/ijcna/2022/214501","2395-0455",,9,4,374,374,8,2.00,4,2,4,"","https://www.ijcna.org/Manuscripts/IJCNA-2022-O-32.pdf",""
71,"Mingshan You, Jiao Yin, Hua Wang, Jinli Cao, Kate Wang, Yuan Miao, Elisa Bertino","A knowledge graph empowered online learning framework for access control decision-making",2022,"World Wide Web","Springer Science and Business Media LLC","https://doi.org/10.1007/s11280-022-01076-5","",404,"2026-05-27 21:14:56","journal-article","10.1007/s11280-022-01076-5","1386-145X",,26,2,827,848,71,17.75,10,7,4,"Abstract: Knowledge graph, as an extension of graph data structure, is being used in a wide range of areas as it can store interrelated data and reveal interlinked relationships between different objects within a large system. This paper proposes an algorithm to construct an access control knowledge graph from user and resource attributes. Furthermore, an online learning framework for access control decision-making is proposed based on the constructed knowledge graph. Within the framework, we extract topological features to represent high cardinality categorical user and resource attributes. Experimental results show that topological features extracted from knowledge graph can improve the access control performance in both offline learning and online learning scenarios with different degrees of class imbalance status.","https://link.springer.com/content/pdf/10.1007/s11280-022-01076-5.pdf",""
8,"Jansi Rani Amalraj, Robert Lourdusamy","A Novel Distributed Token-Based Access Control Algorithm Using A Secret Sharing Scheme for Secure Data Access Control",2022,"International Journal of Computer Networks and Applications","EverScience Publications","https://doi.org/10.22247/ijcna/2022/214501","",406,"2026-05-27 21:14:56","journal-article","10.22247/ijcna/2022/214501","2395-0455",,9,4,374,374,8,2.00,4,2,4,"","https://www.ijcna.org/Manuscripts/IJCNA-2022-O-32.pdf",""
3,"Bin Liu, Antonis Michalas, Bogdan Warinschi","Cryptographic Role-Based Access Control, Reconsidered",2022,"Lecture Notes in Computer Science","Springer Nature Switzerland","https://doi.org/10.1007/978-3-031-20917-8_19","",418,"2026-05-27 21:14:56","book-chapter","10.1007/978-3-031-20917-8_19","0302-9743",,,,282,289,3,0.75,1,3,4,"","https://link.springer.com/content/pdf/10.1007/978-3-031-20917-8_19",""
0,"Stanley Clark, Nikolay Yakovets, George H. L. Fletcher, Nicola Zannone","Poster: A Flexible Relationship-Based Access Control Policy Generator",2022,"Proceedings of the 27th ACM on Symposium on Access Control Models and Technologies","ACM","https://doi.org/10.1145/3532105.3535032","",420,"2026-05-27 21:14:56","proceedings-article","10.1145/3532105.3535032","",,,,263,265,0,0.00,0,4,4,"","https://dl.acm.org/doi/10.1145/3532105.3535032",""
7,"Willian M. Watanabe, Guilherme de Lemos, Rene Willian Nascimento","Accessibility landmarks identification in web applications based on DOM elements classification",2022,"Universal Access in the Information Society","Springer Science and Business Media LLC","https://doi.org/10.1007/s10209-022-00959-8","",432,"2026-05-27 21:14:56","journal-article","10.1007/s10209-022-00959-8","1615-5289",,23,2,765,777,7,1.75,2,3,4,"","https://link.springer.com/content/pdf/10.1007/s10209-022-00959-8.pdf",""
20,"Fei Luo, Junhong Zhang, Pengfei Lyu, Zhengbao Liu, Wei Tang","Carrier-Based Aircraft Precision Landing Using Direct Lift Control Based on Incremental Nonlinear Dynamic Inversion",2022,"IEEE Access","Institute of Electrical and Electronics Engineers (IEEE)","https://doi.org/10.1109/access.2022.3175164","",433,"2026-05-27 21:14:56","journal-article","10.1109/access.2022.3175164","2169-3536",,10,,55709,55725,20,5.00,4,5,4,"","http://xplorestaging.ieee.org/ielx7/6287639/9668973/09775142.pdf?arnumber=9775142",""
4,"T. Vigneysh, Nikhil Pachauri, Velamuri Suresh","Internal Model-Based Cascaded Control Approach for Multi-Functional Grid Interactive Converters",2022,"IEEE Access","Institute of Electrical and Electronics Engineers (IEEE)","https://doi.org/10.1109/access.2022.3151676","",443,"2026-05-27 21:14:56","journal-article","10.1109/access.2022.3151676","2169-3536",,10,,19862,19874,4,1.00,1,3,4,"","http://xplorestaging.ieee.org/ielx7/6287639/9668973/09714390.pdf?arnumber=9714390",""
0,"Yaqin Guo","Research on electric kettle temperature control system based on MATLAB/Simulink",2022,"ITM Web of Conferences","EDP Sciences","https://doi.org/10.1051/itmconf/20224701028","",458,"2026-05-27 21:14:56","journal-article","10.1051/itmconf/20224701028","2271-2097",,47,,1028,1028,0,0.00,0,1,4,"Constant technology control has been widely used in modern agriculture and industry and daily life, control performance affects the safety, the industry productivity and product quality. Based on MATLAB/Simulink software, take the electric kettle as the control object, the simulation model of constant temperature control system is proposed in the paper, the PID controller is used to calibrate the system, and realize constant temperature control of electric kettle. The simulation results show that the PID controller is used to control temperature, which reduces the time of overshooting and adjusting, improves the control accuracy and system reliability, and has practical reference value.","https://www.itm-conferences.org/10.1051/itmconf/20224701028/pdf",""
0,"Muhammad Hafizurrachman","A Web-Based Education Program to Empower Family in Smoking Prevention among Adolescents in Indonesia: A Randomized Controlled Trial",2022,"Open Access Macedonian Journal of Medical Sciences","Scientific Foundation Spiroski (publications)","https://doi.org/10.3889/oamjms.2022.9682","",469,"2026-05-27 21:14:56","journal-article","10.3889/oamjms.2022.9682","1857-9655",,10,,1,6,0,0.00,0,1,4,"BACKGROUND: Stronger family connections, communications, and parental respect reduce smoking initiation. Web-based computer-tailored smoking prevention programs may help decrease smoking initiation rates among adolescents. However, there is currently no conclusive evidence regarding the efficacy of a web-based, computer-tailored smoking prevention program to empower families in adolescent smoking prevention. AIM: This study aimed to investigate the effects of web-based education program to empower family, improve skill to refuse, and prevent smoking initiation among adolescent in Indonesia. METHODS: A randomized controlled trial was employed on family members in Bogor, West Java, Indonesia. The following criteria were the mother or legal guardian of children aged 10 to 14 years who are not currently smoking. Data were collected 3 times: One week before the start of the training (baseline), immediately after intervention (T1), and three months after the training concluded (T2). RESULTS: 77 participants completed the study, 37 in the intervention group and 40 in the control group. The average age in this sample of the family (mother) was 37.34 (SD:7.51) years in the intervention group and 11.75 (SD:6.81) for the control group. From baseline to follow-up, family empowerment, smoking refusal skill, and smoking intention increased 38%, 24%, and 33%, respectively. CONCLUSIONS: A web-based education program appears to be a suitable catalyst for empowering family and smoking prevention among adolescents. It should be regarded as a valuable and supportive addition to existing and future programs.","https://oamjms.eu/index.php/mjms/article/download/9682/8204",""
0,"Jessica Megan Larson","Assuming a Primary Role",2022,"Snowflake Access Control","Apress","https://doi.org/10.1007/978-1-4842-8038-6_7","",479,"2026-05-27 21:14:56","book-chapter","10.1007/978-1-4842-8038-6_7","",,,,81,91,0,0.00,0,1,4,"","https://link.springer.com/content/pdf/10.1007/978-1-4842-8038-6_7",""
18,"Shuichi Yahagi, Itsuro Kajiwara","Non-Iterative Data-Driven Tuning of Model-Free Control Based on an Ultra-Local Model",2022,"IEEE Access","Institute of Electrical and Electronics Engineers (IEEE)","https://doi.org/10.1109/access.2022.3188713","",483,"2026-05-27 21:14:56","journal-article","10.1109/access.2022.3188713","2169-3536",,10,,72773,72784,18,4.50,9,2,4,"","http://xplorestaging.ieee.org/ielx7/6287639/9668973/09815258.pdf?arnumber=9815258",""
7,"Abdurrahman Bayrak, Burak Kurkcu, Mehmet Onder Efe","A New Adaptive Disturbance/Uncertainty Estimator Based Control Scheme For LTI Systems",2022,"IEEE Access","Institute of Electrical and Electronics Engineers (IEEE)","https://doi.org/10.1109/access.2022.3209346","",500,"2026-05-27 21:14:56","journal-article","10.1109/access.2022.3209346","2169-3536",,10,,106849,106858,7,1.75,2,3,4,"","http://xplorestaging.ieee.org/ielx7/6287639/9668973/09902994.pdf?arnumber=9902994",""
2,"Maryam Khanbaghi, Aleksandar Zecevic","An LMI-Based Control Strategy for Large-Scale Systems With Applications to Interconnected Microgrid Clusters",2022,"IEEE Access","Institute of Electrical and Electronics Engineers (IEEE)","https://doi.org/10.1109/access.2022.3216290","",502,"2026-05-27 21:14:56","journal-article","10.1109/access.2022.3216290","2169-3536",,10,,111554,111563,2,0.50,1,2,4,"","http://xplorestaging.ieee.org/ielx7/6287639/9668973/09926068.pdf?arnumber=9926068",""
3,"Xin Zhang, Yifan Zhang","Achieving resource-centric access control for web-app interactions on android",2022,"High-Confidence Computing","Elsevier BV","https://doi.org/10.1016/j.hcc.2022.100073","",509,"2026-05-27 21:14:56","journal-article","10.1016/j.hcc.2022.100073","2667-2952",,2,3,100073,100073,3,0.75,2,2,4,"","https://api.elsevier.com/content/article/PII:S2667295222000253",""
0,"Bilal Mohammed","Dark Web Access, Hidden Services and Security Challenges",2022,"","Open Engineering Inc","https://doi.org/10.31224/2402","",511,"2026-05-27 21:14:56","posted-content","10.31224/2402","",,,,,,0,0.00,0,1,4,"","",""
0,"Jelle Keuper, Ronald Batenburg, Lilian van Tuyl, Robert Verheij","General Practices’ Experiences With Patients’ Web-Based Access to Medical Records: Survey Study (Preprint)",2022,"","JMIR Publications Inc.","https://doi.org/10.2196/preprints.41832","",516,"2026-05-27 21:14:56","posted-content","10.2196/preprints.41832","",,,,,,0,0.00,0,4,4,"<sec> <title>BACKGROUND</title> <p>Patients’ web-based access to their medical records is expected to promote their role and responsibility in managing their own health and treatments and supporting shared decision-making. As of July 2020, general practices in the Netherlands are legally obliged to provide their patients access to their electronic medical records. Web-based access provision is facilitated and stimulated through a national support program named OPEN.</p> </sec> <sec> <title>OBJECTIVE</title> <p>We aimed to investigate general practice staff experiences with providing web-based access; investigate its impact on patient consultations, administrative actions, and patient inquiries; and investigate how it affects routine general practice workflow processes.</p> </sec> <sec> <title>METHODS</title> <p>In October 2021, a total of 3813 general practices in the Netherlands were invited to complete a web-based survey that included questions regarding their experiences with the provision of web-based access to medical records and how it affects routine general practice workflow. Responses of general practices that started providing web-based access before 2020, in 2020, or in 2021 were analyzed to identify trends.</p> </sec> <sec> <title>RESULTS</title> <p>Of 3813 invited general practices, 523 (13.72%) completed the survey. Approximately all responding general practices (487/523, 93.1%) indicated that they provide web-based access. Experiences with patients’ web-based access were diverse, with 36.9% (178/482) primarily positive, 8.1% (39/482) primarily negative, 42.3% (204/482) neutral, and 12.7% (61/482) could not (yet) indicate how they experienced web-based access. Of the total, two-thirds (311/473, 65.8%) reported an increase in e-consultations and a similar percentage (302/474, 63.7%) indicated an increase in administrative actions associated with web-based access provision. A small proportion of the practices (≤10%) experienced a decrease in patient contacts. Earlier adoption of web-based access was associated with a more positive attitude toward web-based access and more positive experienced effects related to patient contacts and general practice workflow.</p> </sec> <sec> <title>CONCLUSIONS</title> <p>The surveyed general practices mainly experienced providing web-based access as either neutral or mostly positive, despite an increased number of patient contacts and administrative burden that were associated with its adoption. Periodic monitoring of experiences is needed to understand the temporal or structural nature of both the intended and unintended effects of patients’ web-based access to medical records for general practices and their staff.</p> </sec>","",""
0,"","The Role of Reward System as Performance Control System: Empirical Evidence from Strategic Business Unit in Indonesia",2022,"Quality - Access to Success","Siree Journals","https://doi.org/10.47750/qas/23.188.18","",519,"2026-05-27 21:14:56","journal-article","10.47750/qas/23.188.18","",,23,188,,,0,0.00,0,0,4,"","",""
0,"Baris Celiktas, Enver Ozdemır, Sueda Guzey","An Inner Product Space-Based Hierarchical Key Assignment Scheme for Access Control",2022,"","Institute of Electrical and Electronics Engineers (IEEE)","https://doi.org/10.36227/techrxiv.16577402","",520,"2026-05-27 21:14:56","posted-content","10.36227/techrxiv.16577402","",,,,,,0,0.00,0,3,4,"<p>An inner product space-based hierarchical key assignment/access control scheme is presented in this work. The proposed scheme can be utilized in any cloud delivery model where the data controller implements a hierarchical access control policy. In other words, the scheme adjusts any hierarchical access control policy to a digital medium. The scheme is based on inner product spaces and the method of orthogonal projection. While distributing a basis for each class by the data controller, the left-to-right and bottom-up policy can provide much more flexibility and efficiency, especially during any dynamic update/change in the hierarchical structure. For each class, the secret keys can be derived only when a predetermined subspace is available. A parent class can obtain the secret keys of its child classes, which means a one-way function, and the opposite direction is not allowed. Our scheme is collusion attack and privilege creep problem resistant, as well as key recovery and indistinguishability secure. The performance analysis shows that the data storage overhead is more tolerable than other schemes in the literature. In addition, the other advantage of our scheme over many others in the literature is that it needs only one operation for the derivation of the secret key of child classes.</p>","https://ndownloader.figshare.com/files/35167654",""
0,"Baris Celiktas, Enver Ozdemır, Sueda Guzey","An Inner Product Space-Based Hierarchical Key Assignment Scheme for Access Control",2022,"","Institute of Electrical and Electronics Engineers (IEEE)","https://doi.org/10.36227/techrxiv.16577402.v3","",523,"2026-05-27 21:14:56","posted-content","10.36227/techrxiv.16577402.v3","",,,,,,0,0.00,0,3,4,"An inner product space-based hierarchical key assignment/access control scheme is presented in this work. The proposed scheme can be utilized in any cloud delivery model where the data controller implements a hierarchical access control policy. In other words, the scheme adjusts any hierarchical access control policy to a digital medium. The scheme is based on inner product spaces and the method of orthogonal projection. While distributing a basis for each class by the data controller, the left-to-right and bottom-up policy can provide much more flexibility and efficiency, especially during any dynamic update/change in the hierarchical structure. For each class, the secret keys can be derived only when a predetermined subspace is available. A parent class can obtain the secret keys of its child classes, which means a one-way function, and the opposite direction is not allowed. Our scheme is collusion attack and privilege creep problem resistant, as well as key recovery and indistinguishability secure. The performance analysis shows that the data storage overhead is more tolerable than other schemes in the literature. In addition, the other advantage of our scheme over many others in the literature is that it needs only one operation for the derivation of the secret key of child classes.","https://www.techrxiv.org/doi/pdf/10.36227/techrxiv.16577402.v3",""
25,"Qijie Chen, Yuqiang Jin, Taoyu Wang, Yao Wang, Tinglong Yan, Yufeng Long","UAV Formation Control Under Communication Constraints Based on Distributed Model Predictive Control",2022,"IEEE Access","Institute of Electrical and Electronics Engineers (IEEE)","https://doi.org/10.1109/access.2022.3225434","",528,"2026-05-27 21:14:56","journal-article","10.1109/access.2022.3225434","2169-3536",,10,,126494,126507,25,6.25,4,6,4,"","http://xplorestaging.ieee.org/ielx7/6287639/9668973/09965384.pdf?arnumber=9965384",""
0,"Baris Celiktas, Enver Ozdemır, Sueda Guzey","An Inner Product Space-Based Hierarchical Key Assignment Scheme for Access Control",2022,"","Institute of Electrical and Electronics Engineers (IEEE)","https://doi.org/10.36227/techrxiv.16577402.v2","",537,"2026-05-27 21:14:56","posted-content","10.36227/techrxiv.16577402.v2","",,,,,,0,0.00,0,3,4,"An inner product space-based hierarchical key assignment/access control scheme is presented in this work. The proposed scheme can be utilized in any cloud delivery model where the data controller implements a hierarchical access control policy. In other words, the scheme adjusts any hierarchical access control policy to a digital medium. The scheme is based on inner product spaces and the method of orthogonal projection. While distributing a basis for each class by the data controller, the left-to-right and bottom-up policy can ensure much more flexibility and efficiency, especially during any change in the structure. For each class, the secret keys can be derived only when a predetermined subspace is available. The parent class can obtain the keys of the child class, which means a one-way function, and the opposite direction is not allowed. Our scheme is collusion attack and privilege creep problem resistant, as well as key recovery and indistinguishability secure. The performance analysis shows that the data storage overhead is much more tolerable than other schemes in the literature. In addition, the other advantage of our scheme over many others in the literature is that it needs only one operation for the derivation of the key of child classes.","https://www.techrxiv.org/doi/pdf/10.36227/techrxiv.16577402.v2",""
5,"Wu Wenhai, Song Liting, Zhang Yang, Qu Xiaolei","Nonlinear Comprehensive Decoupling Controller Based on Direct Lift Control for Carrier Landing",2022,"IEEE Access","Institute of Electrical and Electronics Engineers (IEEE)","https://doi.org/10.1109/access.2022.3212752","",538,"2026-05-27 21:14:56","journal-article","10.1109/access.2022.3212752","2169-3536",,10,,113875,113887,5,1.25,1,4,4,"","http://xplorestaging.ieee.org/ielx7/6287639/9668973/09913470.pdf?arnumber=9913470",""
19,"Wei Dong, Xiangxi Lei, Yongmei Liu","The Mediating Role of Patients’ Trust Between Web-Based Health Information Seeking and Patients’ Uncertainty in China: Cross-sectional Web-Based Survey",2022,"Journal of Medical Internet Research","JMIR Publications Inc.","https://doi.org/10.2196/25275","",547,"2026-05-27 21:14:56","journal-article","10.2196/25275","1438-8871",,24,3,,,19,4.75,6,3,4,"Background: In the physician-patient relationship, patients’ uncertainty about diseases and the lack of trust in physicians not only hinder patients’ rehabilitation but also disrupt the harmony in this relationship. With the development of the web-based health industry, patients can easily access web-based information about health care and physicians, thus reducing patients’ uncertainty to some extent. However, it is not clear how patients’ web-based health information–seeking behaviors reduce their uncertainty. Objective: On the basis of the principal-agent theory and the perspective of uncertainty reduction, this study aims to investigate the mechanism of how web-based disease-related information and web-based physician-related information reduce patients’ uncertainty. Methods: A web-based survey involving 337 participants was conducted. In this study, we constructed a structural equation model and used SmartPLS (version 3.3.3; SmartPLS GmbH) software to test the reliability and validity of the measurement model. The path coefficients of the structural model were also calculated to test our hypotheses. Results: By classifying patients’ uncertainties into those concerning diseases and those concerning physicians, this study identified the different roles of the two types of patients’ uncertainty and revealed that web-based disease-related information quality and web-based physician-related information can act as uncertainty mitigators. The quality of disease-related information reduces patients’ perceived information scarcity about the disease (β=−.588; P<.001), and the higher the information scarcity perceived by patients, the higher their uncertainty toward the disease (β=.111; P=.02). As for physician-related information, web-based word-of-mouth information about physicians reduces patients’ perceived information scarcity about the physician (β=−.511; P<.001), mitigates patients’ fears about physician opportunism (β=−.268; P<.001), and facilitates patients’ trust (β=.318; P<.001). These factors further influence patients’ uncertainty about the physician. In addition, from the test of mediating effect, patients’ trust in the physician fully mediates the relationship between their perceived information scarcity about the physician’s medical service and their uncertainty about the physician. Patients’ trust also partially mediates the relationship between their fear of the physician’s opportunism and their uncertainty about the physician. As for the two different types of uncertainty, patients’ uncertainty about the physician also increases their uncertainty about the diseases (β=.587; P<.001). Conclusions: This study affirms the role of disease-related web-based information quality and physician-related web-based word-of-mouth information in reducing patients’ uncertainties. With regard to the traits of principal-agent relationships, this study describes the influence mechanism based on patients’ perceived information scarcity, fears of physicians’ opportunism, and patients’ trust. Moreover, information about physicians is effective in reducing patients’ uncertainties, but only if the information enhances patients’ trust in their physicians. This research generates new insights into understanding the impact of web-based health information on patients’ uncertainties.","",""
12,"Farhad Farivar, Octavian Bass, Daryoush Habibi","Decentralized Disturbance Observer-Based Sliding Mode Load Frequency Control in Multiarea Interconnected Power Systems",2022,"IEEE Access","Institute of Electrical and Electronics Engineers (IEEE)","https://doi.org/10.1109/access.2022.3201873","",561,"2026-05-27 21:14:56","journal-article","10.1109/access.2022.3201873","2169-3536",,10,,92307,92320,12,3.00,4,3,4,"","http://xplorestaging.ieee.org/ielx7/6287639/9668973/09868013.pdf?arnumber=9868013",""
76,"Muhammad Shoaib Farooq, Rizwan Javid, Shamyla Riaz, Zabihullah Atal","IoT Based Smart Greenhouse Framework and Control Strategies for Sustainable Agriculture",2022,"IEEE Access","Institute of Electrical and Electronics Engineers (IEEE)","https://doi.org/10.1109/access.2022.3204066","",562,"2026-05-27 21:14:56","journal-article","10.1109/access.2022.3204066","2169-3536",,10,,99394,99420,76,19.00,19,4,4,"","http://xplorestaging.ieee.org/ielx7/6287639/9668973/09875288.pdf?arnumber=9875288",""
6,"Manfred Strahnen, Philipp Kessler","Investigation of a Deep-Learning Based Brain–Computer Interface With Respect to a Continuous Control Application",2022,"IEEE Access","Institute of Electrical and Electronics Engineers (IEEE)","https://doi.org/10.1109/access.2022.3228164","",564,"2026-05-27 21:14:56","journal-article","10.1109/access.2022.3228164","2169-3536",,10,,131090,131100,6,1.50,3,2,4,"","http://xplorestaging.ieee.org/ielx7/6287639/9668973/09978624.pdf?arnumber=9978624",""
74,"Hongchang Ding, Xinhong Zou, Jinhong Li","Sensorless Control Strategy of Permanent Magnet Synchronous Motor Based on Fuzzy Sliding Mode Observer",2022,"IEEE Access","Institute of Electrical and Electronics Engineers (IEEE)","https://doi.org/10.1109/access.2022.3164519","",575,"2026-05-27 21:14:56","journal-article","10.1109/access.2022.3164519","2169-3536",,10,,36743,36752,74,18.50,25,3,4,"","http://xplorestaging.ieee.org/ielx7/6287639/9668973/09748168.pdf?arnumber=9748168",""
0,"Rashmi Dixit, K. Ravindranath","Enhancement in Security for Intercloud Scenario with the Help of Role-Based Access Control Model",2022,"Smart Innovation, Systems and Technologies","Springer Nature Singapore","https://doi.org/10.1007/978-981-16-3945-6_27","",580,"2026-05-27 21:14:56","book-chapter","10.1007/978-981-16-3945-6_27","2190-3018",,,,277,285,0,0.00,0,2,4,"","https://link.springer.com/content/pdf/10.1007/978-981-16-3945-6_27",""
4,"Anna Squicciarini, Sarah Rajtmajer, Yang Gao, Justin Semonsen, Andrew Belmonte, Pratik Agarwal","An Extended Ultimatum Game for Multi-Party Access Control in Social Networks",2022,"ACM Transactions on the Web","Association for Computing Machinery (ACM)","https://doi.org/10.1145/3555351","",596,"2026-05-27 21:14:56","journal-article","10.1145/3555351","1559-1131",,16,3,1,23,4,1.00,1,6,4,"In this article, we aim to answer an important set of questions about the potential longitudinal effects of repeated sharing and privacy settings decisions over jointly managed content among users in a social network.","https://dl.acm.org/doi/10.1145/3555351",""
11,"Zhanzhong Wang, Shuoqi Wang","Real-Time Dynamic Route Optimization Based on Predictive Control Principle",2022,"IEEE Access","Institute of Electrical and Electronics Engineers (IEEE)","https://doi.org/10.1109/access.2022.3176950","",597,"2026-05-27 21:14:56","journal-article","10.1109/access.2022.3176950","2169-3536",,10,,55062,55072,11,2.75,6,2,4,"","http://xplorestaging.ieee.org/ielx7/6287639/9668973/09779771.pdf?arnumber=9779771",""
5,"Rui Sun, Gongguo Zhang, Hong Tang","Trust Based lot Access Control Using Blockchain",2022,"2022 IEEE International Conference on Sensing, Diagnostics, Prognostics, and Control ( SDPC)","IEEE","https://doi.org/10.1109/sdpc55702.2022.9916013","",598,"2026-05-27 21:14:56","proceedings-article","10.1109/sdpc55702.2022.9916013","",,,,240,245,5,1.25,2,3,4,"","http://xplorestaging.ieee.org/ielx7/9915555/9915798/09916013.pdf?arnumber=9916013",""
0,"Hara prasad mishra, Smruti sikta mishra","Developing standardized &amp;amp; interoperable psychiatric discharge summary with role-based user access",2022,"","Springer Science and Business Media LLC","https://doi.org/10.21203/rs.3.rs-1482798/v1","",601,"2026-05-27 21:14:56","posted-content","10.21203/rs.3.rs-1482798/v1","",,,,,,0,0.00,0,2,4,"<title>Abstract</title> <p>Discharge summary is one of the key components of Electronic health records. For mental health patients, the discharge summary serves the dual purpose of communication with primary care and as a future reference within healthcare. Pertaining to the critical sensitivity of the condition and social stigma associated with mental health, people with mental health-related disorders may have health concerns and multiple dilemmas about their post-discharge life. Currently, in many cases, like for insurance purposes, post-discharge care, and medications, the patient has to share the complete discharge summary despite the fact that the document owner might not need the complete discharge summary with all components. We addressed this problem by developing a standardized &amp; interoperable psychiatric discharge summary with role-based access. The discharge summary is based on FHIR standards so as to ensure standardized data sharing and integration. The discharge summary is thus divided into multiple components based on FHIR standards and sensitivity of the medical records and information. The built in feature of role based access will ensure that patients share only that component of the discharge summary which they require.</p>","https://www.researchsquare.com/article/rs-1482798/v1",""
0,"Upasana Madan, Danielle Lee, Kristyn Brandi, Jorden L. Norin","Patient Perspectives on Web-Based Access to Contraceptive Options [A23]",2022,"Obstetrics &amp; Gynecology","Ovid Technologies (Wolters Kluwer Health)","https://doi.org/10.1097/01.aog.0000826428.50780.7d","",603,"2026-05-27 21:14:56","journal-article","10.1097/01.aog.0000826428.50780.7d","0029-7844",,139,1,7,7,0,0.00,0,4,4,"INTRODUCTION:: Online-based applications have provided patients with an additional method of obtaining short-acting hormonal contraception and reduced barriers to contraceptive care. This study aims to assess patient perspectives on online methods of obtaining birth control and to explore barriers to obtaining contraception through traditional means. METHODS:: We conducted a single-site cross-sectional survey study to assess the perspectives of reproductive-age females on web-based sources for contraception. Univariate analysis of raw data was performed and frequency distributions for survey items were determined. This study was approved by the institutional review board. RESULTS:: We had 96 English-speaking, reproductive-age women recruited from the waiting room of an urban obstetrics and gynecology clinic. Of survey respondents, 34.4% knew that prescriptions for birth control are available online, while only 4.4% have ever obtained birth control online and 3.3% currently get their birth control through online methods. Top barriers to obtaining contraception via doctors’ offices included time off from work/school (49.4%), flexible appointment scheduling (33.8%), and finding childcare (27.3%). One-fourth of participants reported that they delayed getting birth control from a doctor’s office due to concerns related to COVID-19. Many (85.1%) would return for other obstetrics and gynecology care if they had access to contraception online. After learning about online methods of obtaining short acting contraceptives, 49.26% of respondents agreed or strongly agreed that they would use them instead of getting birth control from an office visit. CONCLUSION:: Although patient knowledge and use of online contraceptive methods remain limited, patients are receptive to trying web-based contraceptive options, which may reduce barriers associated with traditional contraceptive care.","https://journals.lww.com/10.1097/01.AOG.0000826428.50780.7d",""
0,"Kinoshita Hirotsugu, Morizumi Tetsuya","An access control model considering with transitions of access rights based on the blockchain",2022,"2022 IEEE 46th Annual Computers, Software, and Applications Conference (COMPSAC)","IEEE","https://doi.org/10.1109/compsac54236.2022.00285","",604,"2026-05-27 21:14:56","proceedings-article","10.1109/compsac54236.2022.00285","",,,,1792,1797,0,0.00,0,2,4,"","http://xplorestaging.ieee.org/ielx7/9842455/9842394/09842736.pdf?arnumber=9842736",""
18,"Ali Unluturk, Omer Aydogdu","Machine Learning Based Self-Balancing and Motion Control of the Underactuated Mobile Inverted Pendulum With Variable Load",2022,"IEEE Access","Institute of Electrical and Electronics Engineers (IEEE)","https://doi.org/10.1109/access.2022.3210540","",609,"2026-05-27 21:14:56","journal-article","10.1109/access.2022.3210540","2169-3536",,10,,104706,104718,18,4.50,9,2,4,"","http://xplorestaging.ieee.org/ielx7/6287639/9668973/09905575.pdf?arnumber=9905575",""
2,"Asif Sabanovic, Tarik Uzunovic","Observer-Based Design of Motion Control Systems in Sliding Mode Control Framework",2022,"IEEE Access","Institute of Electrical and Electronics Engineers (IEEE)","https://doi.org/10.1109/access.2022.3156643","",632,"2026-05-27 21:14:56","journal-article","10.1109/access.2022.3156643","2169-3536",,10,,26603,26612,2,0.50,1,2,4,"","http://xplorestaging.ieee.org/ielx7/6287639/9668973/09727156.pdf?arnumber=9727156",""
15,"Abdullah Mustafa, Tatsuki Sasamura, Takeshi Morita","Robust Speed Control of Ultrasonic Motors Based on Deep Reinforcement Learning of a Lyapunov Function",2022,"IEEE Access","Institute of Electrical and Electronics Engineers (IEEE)","https://doi.org/10.1109/access.2022.3170995","",637,"2026-05-27 21:14:56","journal-article","10.1109/access.2022.3170995","2169-3536",,10,,46895,46910,15,3.75,5,3,4,"","http://xplorestaging.ieee.org/ielx7/6287639/9668973/09764695.pdf?arnumber=9764695",""
12,"Yiping Luo, Junling Zhu","Finite-Time Average Consensus Control of Multi-Agent Systems Based on the Aperiodically Intermittent Control",2022,"IEEE Access","Institute of Electrical and Electronics Engineers (IEEE)","https://doi.org/10.1109/access.2022.3149278","",639,"2026-05-27 21:14:56","journal-article","10.1109/access.2022.3149278","2169-3536",,10,,14959,14968,12,3.00,6,2,4,"","http://xplorestaging.ieee.org/ielx7/6287639/9668973/09705569.pdf?arnumber=9705569",""
7,"Yingming Liu, Shuyuan Zhang, Xiaodong Wang, Xing Gao, Tian Cao","Optimization of Torque Control Parameters for Wind Turbine Based on Drive Chain Active Damping Control",2022,"IEEE Access","Institute of Electrical and Electronics Engineers (IEEE)","https://doi.org/10.1109/access.2022.3212155","",649,"2026-05-27 21:14:56","journal-article","10.1109/access.2022.3212155","2169-3536",,10,,106482,106494,7,1.75,1,5,4,"","http://xplorestaging.ieee.org/ielx7/6287639/9668973/09911643.pdf?arnumber=9911643",""
0,"Ely Nuryani, Khasan Asrori, Irma Yunita Ruhiawati","Aplikasi Absensi Mengajar Dosen Berbasis Web Dengan Menerapkan Schedule Access Control",2022,"JATISI (Jurnal Teknik Informatika dan Sistem Informasi)","LPPM STMIK Global Informatika MDP","https://doi.org/10.35957/jatisi.v9i1.1362","",658,"2026-05-27 21:14:56","journal-article","10.35957/jatisi.v9i1.1362","2503-2933",,9,1,23,38,0,0.00,0,3,4,"Pencatatan kehadiran dosen yang selama ini dilakukan bersifat manual dan dilakukan di kampus. Namun pembelajaran yang dilakukan secara daring membuat dosen secara otomatis tidak datang ke kampus dan melakukan absensi secara online dengan format tertentu. Pelaporan absensi dosen secara online yang berjalan sangat tidak efektif dan tidak efisien penyebabnya adalah banyaknya media yang digunakan oleh dosen dalam melaporkan kehadirannya seperti menggunakan pesan, whatsapp, atau email. Banyak dosen yang telat dalam melaporkan kehadirannya. Hal-hal tersebut mengakibatkan sulitnya melakukan rekap kehadiran dosen dan bagi ketua program studi sulit mengecek atau memonitor dosen yang melakukan perkuliahan. Untuk mengatasi permasalahan tersebut maka dibuatlah aplikasi daftar hadir mengajar dosen. Pembuatan aplikasi ini menggunakan metode waterfall. Agar setiap dosen dapat mengakses kapan saja dan di mana saja maka aplikasi ini dibangun berbasis web menggunakan bahasa pemrograman PHP dan MySql sebagai database-nya. Aplikasi ini pula dibangun dengan menerapkan jadwal kuliah sebagai kontrol akses (schedule access control) sehingga dosen dapat mengisi absen secara tepat waktu, hal ini membantu setiap dosen untuk tertib dalam melakukan absensi dan mempermudah staff maupun ka prodi dalam memonitor kehadiran dosen. Hasil dari penelitian ini adalah terciptanya aplikasi yang membantu memudahkan dosen dalam melakukan absensi, memudahkan staff dalam pembuatan rekap kehadiran dosen serta memudahkan ka prodi dalam memonitoring kehadiran serta kedisiplinan dosen dalam melakukan perkuliahan.","https://jurnal.mdp.ac.id/index.php/jatisi/article/download/1362/627",""
0,"Zhang Zichen, Yan Changshun","Research on Data Sharing Access Control Based on Blockchain Technology",2022,"Automation, Control and Intelligent Systems","Science Publishing Group","https://doi.org/10.11648/j.acis.20221001.12","",674,"2026-05-27 21:14:56","journal-article","10.11648/j.acis.20221001.12","2328-5583",,10,1,8,8,0,0.00,0,2,4,"","",""
0,"Grzegorz Śmigielski","Numerical control system based on a programmable logic device",2022,"MATEC Web of Conferences","EDP Sciences","https://doi.org/10.1051/matecconf/202235701005","",675,"2026-05-27 21:14:56","journal-article","10.1051/matecconf/202235701005","2261-236X",,357,,1005,1005,0,0.00,0,1,4,"The article presents a numerical control system of a multi-axis machine built using a programmable logic device.The system consists of PC, motor controller (based on FPGA), power stages and motors. The complete code of controller was written in the VHDL language and implementing in Xilinx Spartan 3 board. The PC program was created using LabVIEW.The logical and functional tests of the system have been carried out. The application of a programmable device enables its quick configuration according to the requirements set by the user.The main advantage of FPGA is the option to expand to following modules, such as the incremental encoder support module, PWM, FOC etc. In these applications, the advantage of the programmable system becomes visible, which due to its specifics, is built for parallel processing or generating signals.","https://www.matec-conferences.org/10.1051/matecconf/202235701005/pdf",""
111,"Hafida Saidi, Nabila Labraoui, Ado Adamou Abba Ari, Leandros A. Maglaras, Joel Herve Mboussam Emati","DSMAC: Privacy-Aware Decentralized Self-Management of Data Access Control Based on Blockchain for Health Data",2022,"IEEE Access","Institute of Electrical and Electronics Engineers (IEEE)","https://doi.org/10.1109/access.2022.3207803","",697,"2026-05-27 21:14:56","journal-article","10.1109/access.2022.3207803","2169-3536",,10,,101011,101028,111,27.75,22,5,4,"","http://xplorestaging.ieee.org/ielx7/6287639/9668973/09895264.pdf?arnumber=9895264",""
5,"Xinyan Zhang","Dynamic access control model based on user access behavior in the Internet of Things environment",2022,"2022 4th International Conference on Frontiers Technology of Information and Computer (ICFTIC)","IEEE","https://doi.org/10.1109/icftic57696.2022.10075243","",705,"2026-05-27 21:14:56","proceedings-article","10.1109/icftic57696.2022.10075243","",,,,1020,1023,5,1.25,5,1,4,"","http://xplorestaging.ieee.org/ielx7/10073966/10075087/10075243.pdf?arnumber=10075243",""
8,"Semih Isik, Sanket Parashar, Subhashish Bhattacharya","Fault-Tolerant Control and Isolation Method for NPC-Based AFEC Using Series-Connected 10kV SiC MOSFETs",2022,"IEEE Access","Institute of Electrical and Electronics Engineers (IEEE)","https://doi.org/10.1109/access.2022.3190370","",712,"2026-05-27 21:14:56","journal-article","10.1109/access.2022.3190370","2169-3536",,10,,73893,73906,8,2.00,3,3,4,"","http://xplorestaging.ieee.org/ielx7/6287639/9668973/09826753.pdf?arnumber=9826753",""
0,"Masaki Tamura, Fumiyo Oshima, Minako Hongo, Emiko Oshita, Eiji Shimizu","Impact of attributes of people with mental disorders on barriers to access to care: a web-based survey",2022,"","Springer Science and Business Media LLC","https://doi.org/10.21203/rs.3.rs-1853509/v1","",715,"2026-05-27 21:14:56","posted-content","10.21203/rs.3.rs-1853509/v1","",,,,,,0,0.00,0,5,4,"<title>Abstract</title> <p> <bold>Background:</bold> Despite the availability of evidence-based treatments and support measures for mental disorders, very few people with mental disorders seek treatment and use mental health services. Previous studies have shown that barriers to access to care, such as the treatment stigma experienced by patients, practical issues such as financial deprivation, and problems related to patients’ attitudes toward receiving care, cause delay in using medical services. However, there is insufficient knowledge regarding patient attributes which increases the likelihood of people with mental disorders to experience substantial barriers to access to care.This study aimed to investigate how patients’ attributes such as gender, age, history of hospitalisation for treatment of mental disorder, and psychiatric diagnosis affect barriers to access to care for people with mental disorders. <bold>Methods:</bold> This study is a secondary analysis of a web-based survey conducted by Hongo et al. on standardising the Barriers to Access to Care Evaluation scale version3-Japanese version (BACEv3-J). Hongo et al. selected 268 adults diagnosed with mental disorders who had received mental health services within the past 12 months. Participants responded online using the BACEv3-J. Then, we quantitatively examined the effects of their attributes on the total BACEv3-J score and subscale (treatment stigma and non-stigma) scores. <bold>Results:</bold> Compared with men, women experienced more substantial barriers to access to care, particularly non-stigma-related barriers. Age and treatment stigma had a significant negative correlation, whereas age and non-stigma-related barriers had no significant correlation. History of hospitalisation for treatment of mental disorders and the difference in psychiatric diagnosis did not affect barriers to access to care. <bold>Conclusion:</bold> This study showed that patients’ attributes such as gender and age affect barriers to access to care. Further, to encourage people with mental disorders to receive care, their characteristics need to be considered during these interventions. </p>","https://www.researchsquare.com/article/rs-1853509/v1",""
0,"Heng Yong, Yilin Li, Xiaomei Hu","Enhanced algorithm of streamline color mapping based on double-layer grid control",2022,"ITM Web of Conferences","EDP Sciences","https://doi.org/10.1051/itmconf/20224702006","",725,"2026-05-27 21:14:56","journal-article","10.1051/itmconf/20224702006","2271-2097",,47,,2006,2006,0,0.00,0,3,4,"2D Flow field streamline visualization, as a classic visualization method, expresses the structure and characteristics of the flow field with continuous streamlines. In this paper, a streamline color mapping enhancement algorithm based on double-layer grid control is proposed, which can better display the flow field and its field intensity distribution. The distance of the streamline is controlled by the double-layer grid, the seed point is scattered in the largest blank seeding area, and the visual streamline diagram of different effects can be obtained by setting the density control parameters, vector illustration with more even color distribution. The results show that the algorithm in this paper can obtain more continuous streamline distribution, and the streamline distribution obtained by regional equalization color mapping can reflect more field intensity distribution characteristics of the flow field.","https://www.itm-conferences.org/10.1051/itmconf/20224702006/pdf",""
0,"Xin Liu","A privacy-preserving attribute-based access control system based on blockchain",2022,"International Conference on Algorithms, Microchips and Network Applications","SPIE","https://doi.org/10.1117/12.2636428","",727,"2026-05-27 21:14:56","proceedings-article","10.1117/12.2636428","",,,,46,46,0,0.00,0,1,4,"","",""
0,"Masaki Tamura, Fumiyo Oshima, Minako Hongo, Emiko Oshita, Eiji Shimizu","Impact of Attributes of People with Mental Disorders on Barriers to Access to Care: A Web-based Survey",2022,"","Springer Science and Business Media LLC","https://doi.org/10.21203/rs.3.rs-1853509/v2","",729,"2026-05-27 21:14:56","posted-content","10.21203/rs.3.rs-1853509/v2","",,,,,,0,0.00,0,5,4,"<title>Abstract</title> <p>Despite the availability of evidence-based treatments and support measures for mental disorders, very few people with mental disorders seek treatment and use mental health services. Studies reveal that barriers to access to care, like treating stigma, practical issues (financial deprivation), and attitude problems toward receiving care, cause delays in using medical services. However, insufficient knowledge exists regarding patient attributes, increasing their likelihood of experiencing substantial barriers to access to care. This study investigated how attributes like gender, age, hospitalisation history for treating mental disorders, and psychiatric diagnosis affect barriers to access to care for people with mental disorders. We conducted a secondary analysis of a web-based survey by Hongo et al. on standardising the Barriers to Access to Care Evaluation Scale version3-Japanese version (BACEv3-J). Hongo et al. selected 268 adults with mental disorders who had received mental health services within the past 12 months. Participants responded online using the BACEv3-J, which we quantitatively examined for their attributes’ effects on the total and subscale (treatment stigma and non-stigma) scores. Women experienced more barriers to access to care than men, particularly non-stigma-related barriers. Age and treatment stigma had a significant negative correlation, whereas age and non-stigma-related barriers had no significant correlation. Hospitalisation history for treating mental disorders and the difference in psychiatric diagnosis did not affect barriers to access to care. This study showed that attributes, like gender and age, affect barriers to access to care. Patient characteristics must be considered during interventions to encourage them to receive care.</p>","https://www.researchsquare.com/article/rs-1853509/v2",""
2,"Shih-Yao Lin, Jiang Wang, Wei Wang","Barrier Lyapunov Function Based Integrated Missile Guidance and Control Considering Phased Array Seeker Disturbance Rejection Rate",2022,"IEEE Access","Institute of Electrical and Electronics Engineers (IEEE)","https://doi.org/10.1109/access.2022.3156292","",763,"2026-05-27 21:14:56","journal-article","10.1109/access.2022.3156292","2169-3536",,10,,31070,31083,2,0.50,1,3,4,"","http://xplorestaging.ieee.org/ielx7/6287639/9668973/09726154.pdf?arnumber=9726154",""
7,"Jingang Zhao","Adaptive Dynamic Programming and Optimal Control of Unknown Multiplayer Systems Based on Game Theory",2022,"IEEE Access","Institute of Electrical and Electronics Engineers (IEEE)","https://doi.org/10.1109/access.2022.3193505","",765,"2026-05-27 21:14:56","journal-article","10.1109/access.2022.3193505","2169-3536",,10,,77695,77706,7,1.75,7,1,4,"","http://xplorestaging.ieee.org/ielx7/6287639/9668973/09837904.pdf?arnumber=9837904",""
1,"Zhongxiao Chen, Jiarui Chen, Kaiqing Fu, Longkun Xue","Power coordination control strategy of microgrid based on photovoltaic generation",2022,"MATEC Web of Conferences","EDP Sciences","https://doi.org/10.1051/matecconf/202235503065","",770,"2026-05-27 21:14:56","journal-article","10.1051/matecconf/202235503065","2261-236X",,355,,3065,3065,1,0.25,0,4,4,"In order to solve the large-scale grid-connected photovoltaic cells caused by power fluctuations, power quality decline and other issues. This paper proposes and researches a power coordination control strategy for microgrid based on photovoltaic power generation. The principle of photovoltaic cells and the switching of maximum power point tracking and limited power mode are studied. The stability control methods of DC bus voltage, AC bus wire and frequency are studied. The model of microgrid is established and moreover, based on the power of microgrid and the charging state of storage battery, the operation of microgrid is divided into different working modes. The stable operation of microgrid is realized by adjusting the output power of each unit in different working modes. The calculation shows that the control strategy can effectively reduce the power fluctuation in the microgrid and improve the output power of renewable energy. Finally, the feasibility and effectiveness of the proposed methods are verified by experiments.","https://www.matec-conferences.org/10.1051/matecconf/202235503065/pdf",""
1,"Tatsuki Nonomura, Fumitake Fujii","Synthesis of a Two Degrees of Freedom Wireless Networked Digital Servo Control System With Dynamic State Prediction Based on a Gated Recurrent Unit-Based Round Trip Time Predictor",2022,"IEEE Access","Institute of Electrical and Electronics Engineers (IEEE)","https://doi.org/10.1109/access.2022.3180735","",780,"2026-05-27 21:14:56","journal-article","10.1109/access.2022.3180735","2169-3536",,10,,64185,64198,1,0.25,1,2,4,"","http://xplorestaging.ieee.org/ielx7/6287639/9668973/09791222.pdf?arnumber=9791222",""
3,"Dhafer Almakhles, Chathura Wanigasekara, Akshya Swain","Delta Modulator Based Quantised State-Feedback Control of Networked Linear Systems",2022,"IEEE Access","Institute of Electrical and Electronics Engineers (IEEE)","https://doi.org/10.1109/access.2022.3172431","",784,"2026-05-27 21:14:56","journal-article","10.1109/access.2022.3172431","2169-3536",,10,,48865,48874,3,0.75,1,3,4,"","http://xplorestaging.ieee.org/ielx7/6287639/9668973/09767834.pdf?arnumber=9767834",""
30,"Mohammad Pichan, Mohsen Seyyedhosseini, Hossein Hafezi","A New DeadBeat-Based Direct Power Control of Shunt Active Power Filter With Digital Implementation Delay Compensation",2022,"IEEE Access","Institute of Electrical and Electronics Engineers (IEEE)","https://doi.org/10.1109/access.2022.3188685","",791,"2026-05-27 21:14:56","journal-article","10.1109/access.2022.3188685","2169-3536",,10,,72866,72878,30,7.50,10,3,4,"","http://xplorestaging.ieee.org/ielx7/6287639/9668973/09815219.pdf?arnumber=9815219",""
0,"Anshal Varma, Sanyukta Pawaskar, Sumedh More, Ashwini Raorane","Computer Control Using Vision-Based Hand Motion Recognition System",2022,"ITM Web of Conferences","EDP Sciences","https://doi.org/10.1051/itmconf/20224403069","",803,"2026-05-27 21:14:56","journal-article","10.1051/itmconf/20224403069","2271-2097",,44,,3069,3069,0,0.00,0,4,4,"In our day-to-day communication and expression, gestures play a crucial role. As a result, using them to interact with technical equipment requires small cognitive data processing on our part. Because it creates a large barrier between the user and the machine, using a physical device for human-computer interaction, such as a mouse or keyboard, obstructs the natural interface. In this study, we created a sophisticated marker-free hand gesture detection structure that can monitor both dynamic and static hand gestures. Our system turns motion detection into actions such as opening web pages and launching programs. This system will bring a revolution in various industries, which has the potential to replace traditional devices and time-consuming computer handling methods.","https://www.itm-conferences.org/10.1051/itmconf/20224403069/pdf",""
2,"Irfan Darmawan, Alam Rahmatulloh, Rohmat Gunawan","Web Service Modeling for GraphQL Based College Data Service Access",2022,"2022 International Conference Advancement in Data Science, E-learning and Information Systems (ICADEIS)","IEEE","https://doi.org/10.1109/icadeis56544.2022.10037508","",804,"2026-05-27 21:14:56","proceedings-article","10.1109/icadeis56544.2022.10037508","",,,,1,6,2,0.50,1,3,4,"","http://xplorestaging.ieee.org/ielx7/10037243/10037256/10037508.pdf?arnumber=10037508",""
1,"Budi Yulianto, Rita Layona","Web and iOS-based Instant Messaging (IM) Application for Educational Institution with Limited Internet Access Regions",2022,"2022 8th International Conference on Education and Technology (ICET)","IEEE","https://doi.org/10.1109/icet56879.2022.9990670","",806,"2026-05-27 21:14:56","proceedings-article","10.1109/icet56879.2022.9990670","",,,,65,69,1,0.25,1,2,4,"","http://xplorestaging.ieee.org/ielx7/9989534/9990055/09990670.pdf?arnumber=9990670",""
1,"Shixiang Ma, Yong Liu, Guifei Shen","Immersion and invariance based active disturbance rejection control for LCL grid-connected inverter",2022,"MATEC Web of Conferences","EDP Sciences","https://doi.org/10.1051/matecconf/202235502020","",807,"2026-05-27 21:14:56","journal-article","10.1051/matecconf/202235502020","2261-236X",,355,,2020,2020,1,0.25,0,3,4,"To improve the anti-disturbance ability of LCL grid-connected inverter system, a novel immersion and invariance based on active disturbance rejection control(I&I-ADRC) scheme is proposed in this paper. First, the target system with stronger anti-disturbance ability is immersed into the ADRC standard model by using the target system mapping method of immersion and invariance control. Then, the disturbance estimated by extended state observer (ESO) is compensated, and the immersion and invariance(I&I) control law is adopted to design the state error feedback（SEF）control law, thus I&I-ADRC is built, which has improved anti-disturbance ability and dynamic response performance. The stability of grid-connected inverter system is proved by Lyapunov theory. Simulation results show that the proposed strategy can effectively suppress the disturbance and has better tracking performance.","https://www.matec-conferences.org/10.1051/matecconf/202235502020/pdf",""
3,"Matthias Laumann, Christian Weiner, Ralph M. Kennel","Convergence Investigation of Injection-Based Encoderless Control Algorithms for RSMs in Deep Magnetic Saturation",2022,"IEEE Access","Institute of Electrical and Electronics Engineers (IEEE)","https://doi.org/10.1109/access.2022.3158662","",811,"2026-05-27 21:14:56","journal-article","10.1109/access.2022.3158662","2169-3536",,10,,30091,30108,3,0.75,1,3,4,"","http://xplorestaging.ieee.org/ielx7/6287639/9668973/09732996.pdf?arnumber=9732996",""
0,"Lei Zou, Zidong Wang, Jinling Liang","Observer-Based $${\mathscr {H}}_{\infty }$$ Control of Time-Varying Systems with Random Access Protocol",2022,"Studies in Systems, Decision and Control","Springer International Publishing","https://doi.org/10.1007/978-3-030-97512-8_8","",813,"2026-05-27 21:14:56","book-chapter","10.1007/978-3-030-97512-8_8","2198-4182",,,,149,167,0,0.00,0,3,4,"","https://link.springer.com/content/pdf/10.1007/978-3-030-97512-8_8",""
15,"Danyal Afgan Khan, Ammar Arshad, Matti Lehtonen, Karar Mahmoud","Combined DR Pricing and Voltage Control Using Reinforcement Learning Based Multi-Agents and Load Forecasting",2022,"IEEE Access","Institute of Electrical and Electronics Engineers (IEEE)","https://doi.org/10.1109/access.2022.3228836","",832,"2026-05-27 21:14:56","journal-article","10.1109/access.2022.3228836","2169-3536",,10,,130839,130849,15,3.75,4,4,4,"","http://xplorestaging.ieee.org/ielx7/6287639/9668973/09982611.pdf?arnumber=9982611",""
26,"Yanjun Zuo, Zhenyu Qi","A Blockchain-Based IoT Framework for Oil Field Remote Monitoring and Control",2022,"IEEE Access","Institute of Electrical and Electronics Engineers (IEEE)","https://doi.org/10.1109/access.2021.3139582","",840,"2026-05-27 21:14:56","journal-article","10.1109/access.2021.3139582","2169-3536",,10,,2497,2514,26,6.50,13,2,4,"","http://xplorestaging.ieee.org/ielx7/6287639/9668973/09665728.pdf?arnumber=9665728",""
0,"Bin Zhao, Guiyue Zheng, Yilong Gao, Yanchen Zhao","Access-Control Model of Super Business System Based on Business Entity",2022,"Electronics","MDPI AG","https://doi.org/10.3390/electronics11193073","",845,"2026-05-27 21:14:56","journal-article","10.3390/electronics11193073","2079-9292",,11,19,3073,3073,0,0.00,0,4,4,"To address the problem that the traditional access-control model is no longer suitable for access control and authorization in the super business system—which has the characteristics of many businesses and complex permissions—a business entity-based access-control model (BE-BAC) is proposed in this paper. The BE-BAC model realizes the relationship between users, business entities, and business permissions. Firstly, according to the characteristics of the super business system, the concept of business entity is put forward, introducing the composition and relationship of the business entity. Secondly, the business entity is introduced into the access-control model, formally describing the basic relationship, constraint, mapping, and authorization strategy of the BE-BAC model. Finally, the access-control workflow, based on the business entity, is designed, and the security analysis and comprehensive comparison of the model are carried out. Compared with the existing access-control model, the BE-BAC model has higher security and flexibility, and better protects resources, through more secure access-request decisions.","https://www.mdpi.com/2079-9292/11/19/3073/pdf",""
47,"Sarra Namane, Imed Ben Dhaou","Blockchain-Based Access Control Techniques for IoT Applications",2022,"Electronics","MDPI AG","https://doi.org/10.3390/electronics11142225","",847,"2026-05-27 21:14:56","journal-article","10.3390/electronics11142225","2079-9292",,11,14,2225,2225,47,11.75,24,2,4,"The Internet of Things is gaining more importance in the present era of Internet technology. It is considered as one of the most important technologies of everyday life. Moreover, IoT systems are ceaselessly growing with more and more devices. They are scalable, dynamic, and distributed, hence the origin of the crucial security requirements in IoT. One of the most challenging issues that the IoT community must handle recently is how to ensure an access control approach that manages the security requirements of such a system. Traditional access control technologies are not suitable for a large-scale and distributed network structure. Most of them are based on a centralized approach, where the use of a trusted third party (TTP) is obligatory. Furthermore, the emergence of blockchain technology has allowed researchers to come up with a solution for these security issues. This technology is highly used to record access control data. Additionally, it has great potential for managing access control requests. This paper proposed a blockchain-based access control taxonomy according to the access control nature: partially decentralized and fully decentralized. Furthermore, it presents an overview of blockchain-based access control solutions proposed in different IoT applications. Finally, the article analyzes the proposed works according to certain criteria that the authors deem important.","https://www.mdpi.com/2079-9292/11/14/2225/pdf",""
15,"Ibrahim Harbi, Mostafa Ahmed, Marcelo Lobo Heldwein, Ralph Kennel, Mohamed Abdelrahem","Enhanced Fault-Tolerant Robust Deadbeat Predictive Control for Nine-Level ANPC-Based Converter",2022,"IEEE Access","Institute of Electrical and Electronics Engineers (IEEE)","https://doi.org/10.1109/access.2022.3213322","",859,"2026-05-27 21:14:56","journal-article","10.1109/access.2022.3213322","2169-3536",,10,,108492,108505,15,3.75,3,5,4,"","http://xplorestaging.ieee.org/ielx7/6287639/9668973/09915390.pdf?arnumber=9915390",""
11,"Kangle Hu, Kai Cheng","Robust Tube-Based Model Predictive Control for Autonomous Vehicle Path Tracking",2022,"IEEE Access","Institute of Electrical and Electronics Engineers (IEEE)","https://doi.org/10.1109/access.2022.3231443","",865,"2026-05-27 21:14:56","journal-article","10.1109/access.2022.3231443","2169-3536",,10,,134389,134403,11,2.75,6,2,4,"","http://xplorestaging.ieee.org/ielx7/6287639/9668973/09996401.pdf?arnumber=9996401",""
7,"Arif Mohammad Abdul, Arshad Ahmad Khan Mohammad, P. Venkat Reddy, Praveena Nuthakki, Rakesh Kancharla, Rahul Joshi, N. Kannaiya Raja","Enhancing Security of Mobile Cloud Computing by Trust- and Role-Based Access Control",2022,"Scientific Programming","Wiley","https://doi.org/10.1155/2022/9995023","",876,"2026-05-27 21:14:56","journal-article","10.1155/2022/9995023","1875-919X",,2022,,1,10,7,1.75,1,7,4,"The tremendous development in mobile technology attracts users’ attention. Thus, the users are shifting from traditional computational devices to smartphones and tablets, and because of that, mobile devices have anticipated most of the global IP traffic. However, mobile device’s resource-constrained behaviour cannot handle the heavy computational load. Mobile cloud computing (MCC) mitigates resource-constrained issues by enabling computing resources with minimal effort. However, providing security in MCC is an obstacle due to users’ uncertain and dynamic behaviour and the explosion of online computerized data. Providing security, confidentiality, and authentication is not enough in MCC; therefore, the users need authorization. Thus, the paper designs an access control mechanism by computing the trust based on the user’s uncertain behaviour. This mechanism mitigates the malicious actions caused by authenticated users. Performance results indicate that the access control mechanism accurately detects and mitigates malicious users from the MCC environment.","http://downloads.hindawi.com/journals/sp/2022/9995023.pdf",""
29,"Maman Abdurohman, Aji Gautama Putrada, Mustafa Mat Deris","A Robust Internet of Things-Based Aquarium Control System Using Decision Tree Regression Algorithm",2022,"IEEE Access","Institute of Electrical and Electronics Engineers (IEEE)","https://doi.org/10.1109/access.2022.3177225","",879,"2026-05-27 21:14:56","journal-article","10.1109/access.2022.3177225","2169-3536",,10,,56937,56951,29,7.25,10,3,4,"","http://xplorestaging.ieee.org/ielx7/6287639/9668973/09780176.pdf?arnumber=9780176",""
28,"Masoud Negahban, Mohammadreza Vazifeh Ardalani, Morteza Mollajafari, Ehsan Akbari, Majid Talebi, Edris Pouresmaeil","A Novel Control Strategy Based on an Adaptive Fuzzy Model Predictive Control for Frequency Regulation of a Microgrid With Uncertain and Time-Varying Parameters",2022,"IEEE Access","Institute of Electrical and Electronics Engineers (IEEE)","https://doi.org/10.1109/access.2022.3178739","",896,"2026-05-27 21:14:56","journal-article","10.1109/access.2022.3178739","2169-3536",,10,,57514,57524,28,7.00,5,6,4,"","http://xplorestaging.ieee.org/ielx7/6287639/9668973/09784839.pdf?arnumber=9784839",""
61,"Marcela Tuler De Oliveira, Lucio Henrik Amorim Reis, Yiannis Verginadis, Diogo Menezes Ferrazani Mattos, Silvia Delgado Olabarriaga","SmartAccess: Attribute-Based Access Control System for Medical Records Based on Smart Contracts",2022,"IEEE Access","Institute of Electrical and Electronics Engineers (IEEE)","https://doi.org/10.1109/access.2022.3217201","",898,"2026-05-27 21:14:56","journal-article","10.1109/access.2022.3217201","2169-3536",,10,,117836,117854,61,15.25,12,5,4,"","http://xplorestaging.ieee.org/ielx7/6287639/9668973/09930340.pdf?arnumber=9930340",""
61,"Marcela Tuler De Oliveira, Lucio Henrik Amorim Reis, Yiannis Verginadis, Diogo Menezes Ferrazani Mattos, Silvia Delgado Olabarriaga","SmartAccess: Attribute-Based Access Control System for Medical Records Based on Smart Contracts",2022,"IEEE Access","Institute of Electrical and Electronics Engineers (IEEE)","https://doi.org/10.1109/access.2022.3217201","",902,"2026-05-27 21:14:56","journal-article","10.1109/access.2022.3217201","2169-3536",,10,,117836,117854,61,15.25,12,5,4,"","http://xplorestaging.ieee.org/ielx7/6287639/9668973/09930340.pdf?arnumber=9930340",""
1,"","Exploring the Role of Levers of Control in a Work Environment That Supports Innovative Behavior (An Empirical Study at PT. SEMB)",2022,"Quality - Access to Success","Siree Journals","https://doi.org/10.47750/qas/23.191.30","",912,"2026-05-27 21:14:56","journal-article","10.47750/qas/23.191.30","",,23,191,,,1,0.25,0,0,4,"","",""
1,"Bettina Vogt","The Students' Role in Standards-Based Education",2022,"Equity, Teaching Practice and the Curriculum","Routledge","https://doi.org/10.4324/9781003218067-5","",923,"2026-05-27 21:14:56","book-chapter","10.4324/9781003218067-5","",,,,60,75,1,0.25,1,1,4,"","",""
0,"Ranendra Hajong","Role of aluminium paint on the management of peristomal skin excoriation – A case-control study",2022,"Journal of Minimal Access Surgery","Medknow","https://doi.org/10.4103/jmas.jmas_149_21","",925,"2026-05-27 21:14:56","journal-article","10.4103/jmas.jmas_149_21","0972-9941",,18,4,557,559,0,0.00,0,1,4,"Introduction:: Peristomal skin excoriation is the most common complication of any stoma, especially of ileostomy and entero-cutaneous fistula. Effluent is erosive to skin and at times leads to excoriation of skin and pain or discomfort to the patient. Many strategies or local medications are being used to treat excoriated skin and give comfort to the patient. Aluminium paint is a cheap and effective means of managing skin excoriation. Materials and Methods:: This case-control study was conducted in NEIGRIHMS from January 2015 to October 2020 on the role of aluminium paint for the management of skin excoriations due to stoma and fistula. A total of 19 patients were managed with aluminium paint and compared with the data of 19 other patients who were managed by conventional dressings as controls. Results:: Aluminium paint helped in the earlier healing of skin excoriations and give comfort to the patients as compared to normal dressings. Conclusion:: Aluminium paint is safe and cost-effective skin barrier to prevent and to manage skin excoriations.","https://journals.lww.com/10.4103/jmas.jmas_149_21",""
0,"Guangmao Liu, Jiangtao Chen, Runrun Li, Jialin Jin, Yuying Cheng","Multi-agent technology based voltage grading control method for distribution network",2022,"ITM Web of Conferences","EDP Sciences","https://doi.org/10.1051/itmconf/20224703012","",933,"2026-05-27 21:14:56","journal-article","10.1051/itmconf/20224703012","2271-2097",,47,,3012,3012,0,0.00,0,5,4,"It is one of the challenges to solve the power quality problems such as voltage fluctuation and voltage exceeding limit caused by the largescale grid connection of distributed photovoltaic (DPV). Considering the operation speed of voltage regulation control in distribution network, this paper proposes a voltage hierarchical control method based on multi-agent structure. The mathematical models of this method are divided into dualtime scale global optimization model and event-triggered voltage regional autonomy model, aiming at solving the problem of operation safety of voltage exceeding limit. The method is verified by a specific example. The results show that this method can respond quickly to the change of power grid voltage, and help to reduce the risk of voltage exceeding the limit, and improve the operation economy of distribution network.","https://www.itm-conferences.org/10.1051/itmconf/20224703012/pdf",""
3,"Marlene Goncalves, David Chaves-Fraga, Oscar Corcho","Handling qualitative preferences in SPARQL over virtual ontology-based data access",2022,"Semantic Web: – Interoperability, Usability, Applicability","SAGE Publications","https://doi.org/10.3233/sw-212895","",946,"2026-05-27 21:14:56","journal-article","10.3233/sw-212895","1570-0844",,13,4,659,682,3,0.75,1,3,4,"With the increase of data volume in heterogeneous datasets that are being published following Open Data initiatives, new operators are necessary to help users to find the subset of data that best satisfies their preference criteria. Quantitative approaches such as top-k queries may not be the most appropriate approaches as they require the user to assign weights that may not be known beforehand to a scoring function. Unlike the quantitative approach, under the qualitative approach, which includes the well-known skyline, preference criteria are more intuitive in certain cases and can be expressed more naturally. In this paper, we address the problem of evaluating SPARQL qualitative preference queries over an Ontology-Based Data Access (OBDA) approach, which provides uniform access over multiple and heterogeneous data sources. Our main contribution is Morph-Skyline++, a framework for processing SPARQL qualitative preferences by directly querying relational databases. Our framework implements a technique that translates SPARQL qualitative preference queries directly into queries that can be evaluated by a relational database management system. We evaluate our approach over different scenarios, reporting the effects of data distribution, data size, and query complexity on the performance of our proposed technique in comparison with state-of-the-art techniques. Obtained results suggest that the execution time can be reduced by up to two orders of magnitude in comparison to current techniques scaling up to larger datasets while identifying precisely the result set.","https://journals.sagepub.com/doi/pdf/10.3233/SW-212895",""
4,"Xiaolei Shi, Yipeng Lan","Current Decoupling Control of Linear Synchronous Motor Based on an Improved Sliding Mode Observer",2022,"IEEE Access","Institute of Electrical and Electronics Engineers (IEEE)","https://doi.org/10.1109/access.2022.3193779","",957,"2026-05-27 21:14:56","journal-article","10.1109/access.2022.3193779","2169-3536",,10,,79134,79140,4,1.00,2,2,4,"","http://xplorestaging.ieee.org/ielx7/6287639/9668973/09839585.pdf?arnumber=9839585",""
28,"Muhammad Gufran Khan, Salma, Maham Saeed, Adil Zulfiqar, Yazeed Yasin Ghadi, Muhammad Adnan","A Novel Deep Learning Based ANPR Pipeline for Vehicle Access Control",2022,"IEEE Access","Institute of Electrical and Electronics Engineers (IEEE)","https://doi.org/10.1109/access.2022.3183101","",988,"2026-05-27 21:14:56","journal-article","10.1109/access.2022.3183101","2169-3536",,10,,64172,64184,28,7.00,5,6,4,"","http://xplorestaging.ieee.org/ielx7/6287639/9668973/09795298.pdf?arnumber=9795298",""
0,"","CLOUD-BASED SERVICES PROTECT PRIVACY WHEN USING ACCESS CONTROL",2022,"International Research Journal of Modernization in Engineering Technology and Science","International Research Journal of Modernization in Engineering Technology and Science","https://doi.org/10.56726/irjmets30894","",989,"2026-05-27 21:14:56","journal-article","10.56726/irjmets30894","2582-5208",,,,,,0,0.00,0,0,4,"","",""
0,"Mrunali R. Saple, Tejaswini M. Jadhav, Saurabh Y. Kode, Gargi","Density Based Traffic Control System with Convolutional Neural Network",2022,"ITM Web of Conferences","EDP Sciences","https://doi.org/10.1051/itmconf/20224403045","",994,"2026-05-27 21:14:56","journal-article","10.1051/itmconf/20224403045","2271-2097",,44,,3045,3045,0,0.00,0,4,4,"We present a real-time traffic flow controller structure that can keep traffic under control using image processing techniques. In this way, a camera is used in every section of the robot to take pictures of the traffic where traffic jams will appear. The number of vehicles in these images is designed using image processing tools. In the proposed image, green and red signals are represented using LEDs and the diminished green signal supervisor is signified by a specific presentation.","https://www.itm-conferences.org/10.1051/itmconf/20224403045/pdf",""
1,"Lina Li, Hongchang Sun, Zhigang Niu","Research on preview control algorithm of PRS-XY hybrid machine tool based on kinematics calculation",2022,"ITM Web of Conferences","EDP Sciences","https://doi.org/10.1051/itmconf/20224501049","",998,"2026-05-27 21:14:56","journal-article","10.1051/itmconf/20224501049","2271-2097",,45,,1049,1049,1,0.25,0,3,4,"This paper presents a preview control algorithm (PCA) for hybrid machine tool based on kinematics calculation. HMT (Hybrid Machine Tool) combines the flexibility of parallel structure with the extensibility of series structures. The kinematics are calculated and analyzed as well as the calculation process. Due to the complexity of its structure and kinematics algorithms, a motor PCA is proposed in the situation of calculation failure and used to reduce the corresponding motor vibration. The experimental results shows that the PCA is an effective way to detect and suppress the motor vibration and shock during the motion control of PRS-XY HMT.","https://www.itm-conferences.org/10.1051/itmconf/20224501049/pdf",""
0,"Ye Yu","Privacy protection for role-based access control in service oriented architecture",2021,"","Ryerson University Library and Archives","https://doi.org/10.32920/ryerson.14662701.v1","",12,"2026-05-27 21:14:56","posted-content","10.32920/ryerson.14662701.v1","",,,,,,0,0.00,0,1,5,"Service Oriented Architecture (SOA) changes the way of conducting business by opening their services/information to the larger business world over the networks. However, properties of ""open"" and ""interoperable"" of SOA make privacy security a sensitive issue since this architecture combines unknown individuals and individuals systems together. In SOA, service providers limit the permission of access to specific authorized individuals only, so they have to verify these individuals' identity information to decide if permission should be granted or not. On the other hand, access requestors are not willing to disclose their privacy in an open system to unknown parties. In this thesis, we present cryptography-based protocols to solve this issue of conflict. Our protocols are proposed for Role-Based Access Control (RBAC), which is a most popular access control methodology, in SOA environment. In addition, our protocols are compatible with current SOA standards and technologies such as XACML and SOAP.","",""
0,"Ye Yu","Privacy protection for role-based access control in service oriented architecture",2021,"","Ryerson University Library and Archives","https://doi.org/10.32920/ryerson.14662701","",15,"2026-05-27 21:14:56","posted-content","10.32920/ryerson.14662701","",,,,,,0,0.00,0,1,5,"Service Oriented Architecture (SOA) changes the way of conducting business by opening their services/information to the larger business world over the networks. However, properties of ""open"" and ""interoperable"" of SOA make privacy security a sensitive issue since this architecture combines unknown individuals and individuals systems together. In SOA, service providers limit the permission of access to specific authorized individuals only, so they have to verify these individuals' identity information to decide if permission should be granted or not. On the other hand, access requestors are not willing to disclose their privacy in an open system to unknown parties. In this thesis, we present cryptography-based protocols to solve this issue of conflict. Our protocols are proposed for Role-Based Access Control (RBAC), which is a most popular access control methodology, in SOA environment. In addition, our protocols are compatible with current SOA standards and technologies such as XACML and SOAP.","",""
9,"Malte Kushnir, Olivier Favre, Marc Rennhard, Damiano Esposito, Valentin Zahnd","Automated Black Box Detection of HTTP GET Request-based Access Control Vulnerabilities in Web Applications",2021,"Proceedings of the 7th International Conference on Information Systems Security and Privacy","SCITEPRESS - Science and Technology Publications","https://doi.org/10.5220/0010300102040216","",19,"2026-05-27 21:14:56","proceedings-article","10.5220/0010300102040216","",,,,204,216,9,1.80,2,5,5,"","",""
3,"Liu Hui, He Xudong, Gao Fan, Wang KaiLun, Yuan Enze","Web Service Access Control Based on Browser Fingerprint Detection",2021,"Journal of Web Engineering","River Publishers","https://doi.org/10.13052/jwe1540-9589.20512","",22,"2026-05-27 21:14:56","journal-article","10.13052/jwe1540-9589.20512","1544-5976",,,,,,3,0.60,1,5,5,"Web services have covered all areas of social life, and various browsers have become necessary software on computers and mobile phones, and they are also the entrances to Web services. All kinds of threats to web data security continue to appear, so web services and browsers have become the focus of security. In response to the requirements of Web service for access entity identification and data access control, this paper proposes a multi-dimensional browser fingerprint detection method based on adversarial learning, and designs a Web service access control framework combined with browser fingerprint detection. Through the joint use of multi-dimensional browser features, adversarial learning is used to improve the accuracy and robustness of browser fingerprint detection; a cross-server and browser-side Web service access control framework is established by creating tags for Web data resources and access entities. Based on the mapping relationship between browser fingerprint detection entities and data resources, fine-grained hierarchical data access control is realized. Through experiments and analysis, the browser fingerprint detection method proposed in this paper is superior to existing machine learning detection methods in terms of accuracy and robustness. Based on the adversarial learning method, good detection results can be obtained in the case of a small number of user samples. At the same time, the open source data set is further used to verify the advantages of the method in this paper. The Web service access control framework can satisfy the requirements of Web data security control, is an effective supplement to user identification technology, and is implementable.","https://journals.riverpublishers.com/index.php/JWE/article/download/7167/8991",""
0,"Mitsuhiro Mabuchi, Koji Hasebe","C2RBAC: An Extended Capability-Role-Based Access Control with Context Awareness for Dynamic Environments",2021,"Proceedings of the 18th International Conference on Security and Cryptography","SCITEPRESS - Science and Technology Publications","https://doi.org/10.5220/0010601500002998","",23,"2026-05-27 21:14:56","proceedings-article","10.5220/0010601500002998","",,,,819,826,0,0.00,0,2,5,"","",""
0,"Mitsuhiro Mabuchi, Koji Hasebe","C2RBAC: An Extended Capability-Role-Based Access Control with Context Awareness for Dynamic Environments",2021,"Proceedings of the 18th International Conference on Security and Cryptography","SCITEPRESS - Science and Technology Publications","https://doi.org/10.5220/0010601508190826","",24,"2026-05-27 21:14:56","proceedings-article","10.5220/0010601508190826","",,,,819,826,0,0.00,0,2,5,"","",""
0,"Celia J. Li","Cryptographic Key Management for Role-Based Access Control Model in Power System Computer Networks",2021,"","Ryerson University Library and Archives","https://doi.org/10.32920/ryerson.14658174.v1","",32,"2026-05-27 21:14:56","posted-content","10.32920/ryerson.14658174.v1","",,,,,,0,0.00,0,1,5,"This thesis research has successfully completed two developments: an efficient Power-system Role-based Access Control (PRAC) and a secure Power-system Role-based kEy management (PREM). The PRAC significantly increases the security of computer networks for power systems, and surmounts the challenges caused by typical security and reliability concerns due to current technological and political changes faced in the electricity power industry. The PREM is designed to support the efficient operation of the PRAC using one-way hash functions and utilizing their advantages of computationally efficient and irreversibility security. PRAC and PREM are not only developed for handling single local computer network domain, but also extended for supporting multiple computer network domains. A platform for the comprehensive assessment of PREM is established for the fast and economical assessment of the key management developed in this thesis research.","",""
0,"Celia J. Li","Cryptographic Key Management for Role-Based Access Control Model in Power System Computer Networks",2021,"","Ryerson University Library and Archives","https://doi.org/10.32920/ryerson.14658174","",33,"2026-05-27 21:14:56","posted-content","10.32920/ryerson.14658174","",,,,,,0,0.00,0,1,5,"This thesis research has successfully completed two developments: an efficient Power-system Role-based Access Control (PRAC) and a secure Power-system Role-based kEy management (PREM). The PRAC significantly increases the security of computer networks for power systems, and surmounts the challenges caused by typical security and reliability concerns due to current technological and political changes faced in the electricity power industry. The PREM is designed to support the efficient operation of the PRAC using one-way hash functions and utilizing their advantages of computationally efficient and irreversibility security. PRAC and PREM are not only developed for handling single local computer network domain, but also extended for supporting multiple computer network domains. A platform for the comprehensive assessment of PREM is established for the fast and economical assessment of the key management developed in this thesis research.","",""
66,"Sara Rouhani, Rafael Belchior, Rui S. Cruz, Ralph Deters","Distributed attribute-based access control system using permissioned blockchain",2021,"World Wide Web","Springer Science and Business Media LLC","https://doi.org/10.1007/s11280-021-00874-7","",46,"2026-05-27 21:14:56","journal-article","10.1007/s11280-021-00874-7","1386-145X",,24,5,1617,1644,66,13.20,17,4,5,"","https://link.springer.com/content/pdf/10.1007/s11280-021-00874-7.pdf",""
15,"Yogesh M Gajmal, R. Udayakumar","Blockchain-Based Access Control and Data Sharing Mechanism in Cloud Decentralized Storage System",2021,"Journal of Web Engineering","River Publishers","https://doi.org/10.13052/jwe1540-9589.2054","",47,"2026-05-27 21:14:56","journal-article","10.13052/jwe1540-9589.2054","1544-5976",,,,,,15,3.00,8,2,5,"Access control is a major factor in enhancing data security in the cloud storage system. However, the existing data sharing and the access control method have privacy data leakage and key abuse, which is a major challenge in the research community. Therefore, an effective method named Blockchain-based access control and data sharing approach is developed in the cloud storage system to increase data security. The proposed Blockchain-based access control and data sharing approach effectively solve single-point failure in the cloud system. It provides more benefits by increasing the throughput and reducing the cost. The Data user (DU) makes the registration request using the ID and password and forwards it to the Data Owner (DO), which processes the request and authenticates the Data user. The information of the data owner is embedded in the transactional blockchain using the encrypted master key. The Data owner achieves the data encryption process, and encrypted files are uploaded to the Interplanetary File System (IPFS). Based on the encrypted file location and encrypted key, the Data owner generates the ciphertext metadata and is embedded in the transactional blockchain. The proposed Blockchain-based access control and data sharing approach achieved better performance using the metrics, like a better genuine user detection rate of 95% and lower responsiveness of 25sec with the blockchain of 100 sizes.","https://journals.riverpublishers.com/index.php/JWE/article/download/5837/9079",""
0,"Ken Sinclair","Web Resources for Web Based Energy Information and Control Systems",2021,"Web Based Energy Information and Control Systems:","River Publishers","https://doi.org/10.1201/9781003151173-3","",53,"2026-05-27 21:14:56","book-chapter","10.1201/9781003151173-3","",,,,11,22,0,0.00,0,1,5,"","",""
0,"Bin Xia, Kaili Dong","Research on The Influence of Enterprise Control Right Allocation on The Effectiveness of Internal Control-Based on The Regulatory Role of Institutional Environment",2021,"E3S Web of Conferences","EDP Sciences","https://doi.org/10.1051/e3sconf/202127501070","",63,"2026-05-27 21:14:56","journal-article","10.1051/e3sconf/202127501070","2267-1242",,275,,1070,1070,0,0.00,0,2,5,"In order to examine the influence degree of the enterprise control configuration of the internal control construction, this paper takes 2013-2018 a-share companies of Shanghai and Shenzhen two city as the research sample, using the methods of regression analysis method, from the three shareholders, the board of directors and managers control configuration level, to study the influence degree of the effectiveness of internal control, then to test system with regional marketization environment on the influence of the adjustment. The results show that the most effective allocation mode of internal control is as follows: at the shareholder level, the allocation mode is characterized by high equity balance and state-owned shares; at the level of the board of directors, it is manifested as the holding level of the high board of directors. At the level of managers, it shows the level of high managers’ shareholding. This study has a good reference to improve the governance of listed companies.","https://www.e3s-conferences.org/10.1051/e3sconf/202127501070/pdf",""
0,"Travis Short","Mission Critical Web Based Building Monitoring and Control Systems",2021,"Web Based Energy Information and Control Systems:","River Publishers","https://doi.org/10.1201/9781003151173-21","",73,"2026-05-27 21:14:56","book-chapter","10.1201/9781003151173-21","",,,,209,228,0,0.00,0,1,5,"","",""
5,"Yimu Ji, Xiaoying Xiao, Fei Wu, Fei Chen, Shangdong Liu","BIDAC: Blockchain-enabled Identity-Based Data Access Control in IoT",2021,"IEEE/WIC/ACM International Conference on Web Intelligence","ACM","https://doi.org/10.1145/3498851.3498986","",81,"2026-05-27 21:14:56","proceedings-article","10.1145/3498851.3498986","",,,,400,405,5,1.00,1,5,5,"","https://dl.acm.org/doi/10.1145/3498851.3498986",""
12,"Patrik Danielsson, Tom Postema, Hussan Munir","Heroku-Based Innovative Platform for Web-Based Deployment in Product Development at Axis",2021,"IEEE Access","Institute of Electrical and Electronics Engineers (IEEE)","https://doi.org/10.1109/access.2021.3050255","",82,"2026-05-27 21:14:56","journal-article","10.1109/access.2021.3050255","2169-3536",,9,,10805,10819,12,2.40,4,3,5,"","http://xplorestaging.ieee.org/ielx7/6287639/9312710/09317772.pdf?arnumber=9317772",""
2,"Xin Zhang, Yifan Zhang","ReACt: A Resource-centric Access Control System for Web-app Interactions on Android",2021,"Proceedings of the Web Conference 2021","ACM","https://doi.org/10.1145/3442381.3449960","",92,"2026-05-27 21:14:56","proceedings-article","10.1145/3442381.3449960","",,,,1459,1470,2,0.40,1,2,5,"","https://dl.acm.org/doi/10.1145/3442381.3449960",""
0,"","Financial Report Design for Mosque Based on Web",2021,"Quality - Access to Success","Siree Journals","https://doi.org/10.47750/qas/22.184.24","",111,"2026-05-27 21:14:56","journal-article","10.47750/qas/22.184.24","",,22,184,,,0,0.00,0,0,5,"","",""
0,"Marinos Tsantekidis, Vassilis Prevelakis","MMU-based Access Control for Libraries",2021,"Proceedings of the 18th International Conference on Security and Cryptography","SCITEPRESS - Science and Technology Publications","https://doi.org/10.5220/0010536706860691","",112,"2026-05-27 21:14:56","proceedings-article","10.5220/0010536706860691","",,,,686,691,0,0.00,0,2,5,"","",""
0,"Marinos Tsantekidis, Vassilis Prevelakis","MMU-based Access Control for Libraries",2021,"Proceedings of the 18th International Conference on Security and Cryptography","SCITEPRESS - Science and Technology Publications","https://doi.org/10.5220/0010536700002998","",114,"2026-05-27 21:14:56","proceedings-article","10.5220/0010536700002998","",,,,686,691,0,0.00,0,2,5,"","",""
0,"Ling Chen","Research on Role Access Control Model Based on Identity Authentication",2021,"Journal of Physics: Conference Series","IOP Publishing","https://doi.org/10.1088/1742-6596/2025/1/012105","",118,"2026-05-27 21:14:56","journal-article","10.1088/1742-6596/2025/1/012105","1742-6588",,2025,1,12105,12105,0,0.00,0,1,5,"Abstract: Cryptography and access control are the core technologies for a secure operating system. Cryptography can guarantee the confidentiality, integrity, availability and unforgeability of information in the access control system. In the identity-based cryptosystem, the user’s private key is centrally generated by the key distribution center, and key escrow is a major security risk. In view of this problem, it is proposed that multiple trusted entities participate in the key distribution scheme in a serial manner. At the same time, this paper adds a separate blind factor to each user to increase security of the scheme; it also introduces the concept of virtual key, which uses additivity of the key space in the pair-based encryption scheme. In key generation, a timestamp T is added, which enables one-time pad of the system, enhances security of the system, and eliminates collusion attacks by KGC and multiple KPA. Finally, the improved signcryption scheme is combined with the RBAC model, and the I_RBAC model is proposed, which enables identity authentication and information confidentiality of users in simple communication in the RBAC model. Finally, the efficiency and safety of this scheme are analyzed.","https://iopscience.iop.org/article/10.1088/1742-6596/2025/1/012105/pdf",""
0,"Joseph LoCurcio","Evolution to Web Based Energy Information and Control at Merck &amp; Co., Inc. Rahway, NJ",2021,"Web Based Energy Information and Control Systems:","River Publishers","https://doi.org/10.1201/9781003151173-23","",124,"2026-05-27 21:14:56","book-chapter","10.1201/9781003151173-23","",,,,241,249,0,0.00,0,1,5,"","",""
0,"John Weber","Interoperability of Manufacturing Control and Web Based Facility Management Systems: Trends, Technologies, &amp; Case Studies",2021,"Web Based Energy Information and Control Systems:","River Publishers","https://doi.org/10.1201/9781003151173-24","",126,"2026-05-27 21:14:56","book-chapter","10.1201/9781003151173-24","",,,,251,272,0,0.00,0,1,5,"","",""
11,"Chittipat Pasomsup, Yachai Limpiyakorn","HT-RBAC: A Design of Role-based Access Control Model for Microservice Security Manager",2021,"2021 International Conference on Big Data Engineering and Education (BDEE)","IEEE","https://doi.org/10.1109/bdee52938.2021.00038","",132,"2026-05-27 21:14:56","proceedings-article","10.1109/bdee52938.2021.00038","",,,,177,181,11,2.20,6,2,5,"","http://xplorestaging.ieee.org/ielx7/9626196/9626204/09626304.pdf?arnumber=9626304",""
0,"Deepika D., Mamta Prajapati, Natasha Soni","Protection of Classified Data through Role based Access Control using Human Authentication",2021,"International Journal of Computer Applications","Foundation of Computer Science","https://doi.org/10.5120/ijca2021921456","",133,"2026-05-27 21:14:56","journal-article","10.5120/ijca2021921456","0975-8887",,183,14,12,16,0,0.00,0,3,5,"","",""
2,"Vaishnavi Agarwal, Nandita Pandey, KM. Anjali, Anandhan. K, Damodharan. D","Virtual E-Learning in Indian Educational System for Web-Based Access Control Scheme",2021,"2021 International Conference on Advance Computing and Innovative Technologies in Engineering (ICACITE)","IEEE","https://doi.org/10.1109/icacite51222.2021.9404719","",135,"2026-05-27 21:14:56","proceedings-article","10.1109/icacite51222.2021.9404719","",,,,703,706,2,0.40,0,5,5,"","http://xplorestaging.ieee.org/ielx7/9404366/9404367/09404719.pdf?arnumber=9404719",""
3,"Michael Grünberger","Data access rules: The role of contractual unfairness control of (consumer) contracts",2021,"Data Access, Consumer Interests and Public Welfare","Nomos Verlagsgesellschaft mbH & Co. KG","https://doi.org/10.5771/9783748924999-253","",157,"2026-05-27 21:14:56","book-chapter","10.5771/9783748924999-253","",,,,253,286,3,0.60,3,1,5,"","",""
3,"Alivia Maraqonita Tillah, Dion Ogi, Mohammad Febriyanto, Devi Asria Farhatin","Access Control System based on Secret Sharing Scheme with Secure Web Database and SHA-3 Password Authentication",2021,"2021 6th International Workshop on Big Data and Information Security (IWBIS)","IEEE","https://doi.org/10.1109/iwbis53353.2021.9631847","",158,"2026-05-27 21:14:56","proceedings-article","10.1109/iwbis53353.2021.9631847","",,,,145,152,3,0.60,1,4,5,"","http://xplorestaging.ieee.org/ielx7/9631759/9631838/09631847.pdf?arnumber=9631847",""
2,"Abdulkadir Abdulkadir Adamu, Ayodeji Olalekan Salau, Li Zhiyong","A Robust Context and Role-Based Dynamic Access Control for Distributed Healthcare Information Systems",2021,"Internet of Things","CRC Press","https://doi.org/10.1201/9781003140443-10","",170,"2026-05-27 21:14:56","book-chapter","10.1201/9781003140443-10","",,,,131,151,2,0.40,1,3,5,"","",""
66,"Priyanka Kamboj, Shivang Khare, Sujata Pal","User authentication using Blockchain based smart contract in role-based access control",2021,"Peer-to-Peer Networking and Applications","Springer Science and Business Media LLC","https://doi.org/10.1007/s12083-021-01150-1","",176,"2026-05-27 21:14:56","journal-article","10.1007/s12083-021-01150-1","1936-6442",,14,5,2961,2976,66,13.20,22,3,5,"","https://link.springer.com/content/pdf/10.1007/s12083-021-01150-1.pdf",""
20,"Urvashi Rahul Saxena, Taj Alam","Role based access control using identity and broadcast based encryption for securing cloud data",2021,"Journal of Computer Virology and Hacking Techniques","Springer Science and Business Media LLC","https://doi.org/10.1007/s11416-021-00402-1","",178,"2026-05-27 21:14:56","journal-article","10.1007/s11416-021-00402-1","2263-8733",,18,3,171,182,20,4.00,10,2,5,"","https://link.springer.com/content/pdf/10.1007/s11416-021-00402-1.pdf",""
0,"giovanni bartolomeo","Attribute-Based Encryption for Access Control in Cloud Ecosystems",2021,"","Institute of Electrical and Electronics Engineers (IEEE)","https://doi.org/10.36227/techrxiv.13546871.v1","",189,"2026-05-27 21:14:56","posted-content","10.36227/techrxiv.13546871.v1","",,,,,,0,0.00,0,1,5,"We introduce a distributed, fine-granuled, policy-based resource access control protocol leveraging on Attribute-Based Encryption. The protocol secures the whole access control procedure from the authorization issuer to the resource server providing grant confidentiality, proof of possession, antiforgery and may be implemented through a developer familiar web token exchange flow plus a HTTP basic authentication flow. As such, it may map to Cloud computing SaaS paradigm, enabling microservices integration into a single, authorization-centric digital ecosystem, even across multiple identity domains. We also present the results of a performance evaluation on a first prototype implementation.","https://www.techrxiv.org/doi/pdf/10.36227/techrxiv.13546871.v1",""
0,"giovanni bartolomeo","Attribute-Based Encryption for Access Control in Cloud Ecosystems",2021,"","Institute of Electrical and Electronics Engineers (IEEE)","https://doi.org/10.36227/techrxiv.13546871.v3","",190,"2026-05-27 21:14:56","posted-content","10.36227/techrxiv.13546871.v3","",,,,,,0,0.00,0,1,5,"We introduce a distributed, fine-granuled, policy-based resource access control protocol leveraging on Attribute-Based Encryption. The protocol secures the whole access control procedure from the authorization issuer to the resource server providing grant confidentiality, proof of possession, antiforgery and may be implemented through a common web token exchange flow plus a HTTP basic authentication. As such, it may easily map to Cloud computing SaaS paradigms, enabling services integration into a single authorization-centric ecosystem even across multiple identity domains. We also present the results of a performance evaluation on a first prototype implementation.","https://www.techrxiv.org/doi/pdf/10.36227/techrxiv.13546871.v3",""
0,"","Information Asymmetry and Firm Value on Web-Based Integrated Reporting System Quality",2021,"Quality - Access to Success","Siree Journals","https://doi.org/10.47750/qas/22.184.30","",192,"2026-05-27 21:14:56","journal-article","10.47750/qas/22.184.30","",,22,184,,,0,0.00,0,0,5,"","",""
0,"giovanni bartolomeo","Attribute-Based Encryption for Access Control in Cloud Ecosystems",2021,"","Institute of Electrical and Electronics Engineers (IEEE)","https://doi.org/10.36227/techrxiv.13546871.v2","",193,"2026-05-27 21:14:56","posted-content","10.36227/techrxiv.13546871.v2","",,,,,,0,0.00,0,1,5,"We introduce a distributed, fine-granuled, policy-based resource access control protocol leveraging on Attribute-Based Encryption. The protocol secures the whole access control procedure from the authorization issuer to the resource server providing grant confidentiality, proof of possession, antiforgery and may be implemented through a developer familiar web token exchange flow plus a HTTP basic authentication flow. As such, it may map to Cloud computing SaaS paradigm, enabling microservices integration into a single, authorization-centric digital ecosystem, even across multiple identity domains. We also present the results of a performance evaluation on a first prototype implementation.","https://www.techrxiv.org/doi/pdf/10.36227/techrxiv.13546871.v2",""
0,"Barney L Capehart, Lynne C. Capehart, Michael Ivanovich, David C. Green","Introduction to Case Studies and Applications of Web Based Energy Information and Control Systems",2021,"Web Based Energy Information and Control Systems:","River Publishers","https://doi.org/10.1201/9781003151173-2","",221,"2026-05-27 21:14:56","book-chapter","10.1201/9781003151173-2","",,,,3,10,0,0.00,0,4,5,"","",""
16,"Jinsu Kim, Namje Park","Role‐based Access Control Video Surveillance Mechanism Modeling in Smart Contract Environment",2021,"Transactions on Emerging Telecommunications Technologies","Wiley","https://doi.org/10.1002/ett.4227","",230,"2026-05-27 21:14:56","journal-article","10.1002/ett.4227","2161-3915",,33,4,,,16,3.20,8,2,5,"Abstract: Closed circuit television (CCTV) is installed on roads or in facilities for the purpose of filming videos to be used for crime prevention or as evidence for accidents in the future, and the number of CCTVs installed annually is increasing sharply. The videos collected by the devices can be submitted as legal evidence for accidents, which could happen in the future, but the damage to their integrity may cause the loss of reliability. Blockchain, which guarantees the integrity of data by sharing data as a distributed network method on these issues, can be applied as an effective means of data forgery. In general, however, video information contains sensitive data within the image, and sharing it externally can cause many problems. Thus, in this paper, by implementing role‐based approach control based on a block chain that guarantees integrity through sharing of data, a mechanism is proposed to share filmed images but prevent indiscriminate access by third parties.","https://onlinelibrary.wiley.com/doi/pdf/10.1002/ett.4227",""
1,"Hirokazu Hasegawa, Hiroki Takakura","A Dynamic Access Control System based on Situations of Users",2021,"Proceedings of the 7th International Conference on Information Systems Security and Privacy","SCITEPRESS - Science and Technology Publications","https://doi.org/10.5220/0010327406530660","",232,"2026-05-27 21:14:56","proceedings-article","10.5220/0010327406530660","",,,,653,660,1,0.20,1,2,5,"","",""
0,"Martin Boroš, Filip Lenko, Andrej Velas","The impact of foreign markets globalization on the price and functionality of electronic access control systems",2021,"SHS Web of Conferences","EDP Sciences","https://doi.org/10.1051/shsconf/20219207009","",235,"2026-05-27 21:14:56","journal-article","10.1051/shsconf/20219207009","2261-2424",,92,,7009,7009,0,0.00,0,3,5,"","https://www.shs-conferences.org/10.1051/shsconf/20219207009/pdf",""
0,"Rahul Walawalkar, Bruce Colburn, Rajesh Divekar","The Power of Energy Information: Web-enabled Monitoring, Control and Benchmarking",2021,"Web Based Energy Information and Control Systems:","River Publishers","https://doi.org/10.1201/9781003151173-13","",237,"2026-05-27 21:14:56","book-chapter","10.1201/9781003151173-13","",,,,103,120,0,0.00,0,3,5,"","",""
3,"Xian Li","Lateral stability control of distributed driven electric vehicle based on sliding mode control",2021,"E3S Web of Conferences","EDP Sciences","https://doi.org/10.1051/e3sconf/202125201044","",243,"2026-05-27 21:14:56","journal-article","10.1051/e3sconf/202125201044","2267-1242",,252,,1044,1044,3,0.60,3,1,5,"Aiming at the lateral stability control problem of distributed driven electric vehicles under high speed steering condition, a hierarchical control algorithm of direct yaw moment is designed. The upper control takes the 2-DOF vehicle model as the reference model and uses the sliding mode control to obtain the required yaw moment by tracking the desired yaw velocity and the desired vehicle side-slip angle. The lower control optimizes the distribution of four wheel torque with the minimum tire utilization rate. Finally, Carsim/Simulink was used for model building and co-simulation, and the control effect of PID algorithm was compared. The results show the hierarchical control algorithm achieves the expected goal of improving vehicle lateral stability.","https://www.e3s-conferences.org/10.1051/e3sconf/202125201044/pdf",""
1,"Mohamed Mohammedi, Mawloud Omar, Djamila Zamouche, Kahina Louiba, Saliha Ouared, Kenza Hocini","Energy-aware key management and access control for the Internet of things",2021,"World Wide Web","Springer Science and Business Media LLC","https://doi.org/10.1007/s11280-020-00861-4","",248,"2026-05-27 21:14:56","journal-article","10.1007/s11280-020-00861-4","1386-145X",,24,4,1089,1120,1,0.20,0,6,5,"","https://link.springer.com/content/pdf/10.1007/s11280-020-00861-4.pdf",""
0,"David Brooks","A Plan for Improved Integration and Web Based Facility Management Services For a Large University",2021,"Web Based Energy Information and Control Systems:","River Publishers","https://doi.org/10.1201/9781003151173-30","",270,"2026-05-27 21:14:56","book-chapter","10.1201/9781003151173-30","",,,,321,332,0,0.00,0,1,5,"","",""
9,"Rubina Ghazal, Ahmad Malik, Basit Raza, Nauman Qadeer, Nafees Qamar, Sajal Bhatia","Agent-Based Semantic Role Mining for Intelligent Access Control in Multi-Domain Collaborative Applications of Smart Cities",2021,"Sensors","MDPI AG","https://doi.org/10.3390/s21134253","",273,"2026-05-27 21:14:56","journal-article","10.3390/s21134253","1424-8220",,21,13,4253,4253,9,1.80,2,6,5,"Significance and popularity of Role-Based Access Control (RBAC) is inevitable; however, its application is highly challenging in multi-domain collaborative smart city environments. The reason is its limitations in adapting the dynamically changing information of users, tasks, access policies and resources in such applications. It also does not incorporate semantically meaningful business roles, which could have a diverse impact upon access decisions in such multi-domain collaborative business environments. We propose an Intelligent Role-based Access Control (I-RBAC) model that uses intelligent software agents for achieving intelligent access control in such highly dynamic multi-domain environments. The novelty of this model lies in using a core I-RBAC ontology that is developed using real-world semantic business roles as occupational roles provided by Standard Occupational Classification (SOC), USA. It contains around 1400 business roles, from nearly all domains, along with their detailed task descriptions as well as hierarchical relationships among them. The semantic role mining process is performed through intelligent agents that use word embedding and a bidirectional LSTM deep neural network for automated population of organizational ontology from its unstructured text policy and, subsequently, matching this ontology with core I-RBAC ontology to extract unified business roles. The experimentation was performed on a large number of collaboration case scenarios of five multi-domain organizations and promising results were obtained regarding the accuracy of automatically derived RDF triples (Subject, Predicate, Object) from organizational text policies as well as the accuracy of extracted semantically meaningful roles.","https://www.mdpi.com/1424-8220/21/13/4253/pdf",""
0,"Steve Tom","Enterprise Level Integration Using XML and Web Services",2021,"Web Based Energy Information and Control Systems:","River Publishers","https://doi.org/10.1201/9781003151173-35","",281,"2026-05-27 21:14:56","book-chapter","10.1201/9781003151173-35","",,,,379,386,0,0.00,0,1,5,"","",""
2,"Florian Patzer, Jürgen Beyerer","Efficient Semantic Representation of Network Access Control Configuration for Ontology-based Security Analysis",2021,"Proceedings of the 7th International Conference on Information Systems Security and Privacy","SCITEPRESS - Science and Technology Publications","https://doi.org/10.5220/0010285305500557","",285,"2026-05-27 21:14:56","proceedings-article","10.5220/0010285305500557","",,,,,,2,0.40,1,2,5,"","",""
3,"Taeyeon Lee, Kwanghee Nam","Torque Control Based Speed Synchronization for Two-Speed Gear Electric Vehicle",2021,"IEEE Access","Institute of Electrical and Electronics Engineers (IEEE)","https://doi.org/10.1109/access.2021.3127368","",290,"2026-05-27 21:14:56","journal-article","10.1109/access.2021.3127368","2169-3536",,9,,153518,153527,3,0.60,2,2,5,"","http://xplorestaging.ieee.org/ielx7/6287639/9312710/09611296.pdf?arnumber=9611296",""
2,"Dominic Heutelbeck","Demo: Attribute-Stream-Based Access Control (ASBAC) with the Streaming Attribute Policy Language (SAPL)",2021,"Proceedings of the 26th ACM Symposium on Access Control Models and Technologies","ACM","https://doi.org/10.1145/3450569.3464397","",292,"2026-05-27 21:14:56","proceedings-article","10.1145/3450569.3464397","",,,,95,97,2,0.40,2,1,5,"","https://dl.acm.org/doi/10.1145/3450569.3464397",""
2,"Jianfeng Zhu","Sampled-Data Control of Distributed Parameter Systems via an Event-Based Communication Scheme",2021,"IEEE Access","Institute of Electrical and Electronics Engineers (IEEE)","https://doi.org/10.1109/access.2021.3116480","",293,"2026-05-27 21:14:56","journal-article","10.1109/access.2021.3116480","2169-3536",,9,,139565,139575,2,0.40,2,1,5,"","http://xplorestaging.ieee.org/ielx7/6287639/9312710/09551964.pdf?arnumber=9551964",""
7,"Aisyah Ismail, Qian Wu, Mark Toohey, Young Choon Lee, Zhongli Dong, Albert Y. Zomaya","TRABAC: A Tokenized Role-Attribute Based Access Control using Smart Contract for Supply Chain Applications",2021,"2021 IEEE International Conference on Blockchain (Blockchain)","IEEE","https://doi.org/10.1109/blockchain53845.2021.00088","",294,"2026-05-27 21:14:56","proceedings-article","10.1109/blockchain53845.2021.00088","",,,,584,589,7,1.40,1,6,5,"","http://xplorestaging.ieee.org/ielx7/9680465/9680466/09680553.pdf?arnumber=9680553",""
101,"Konstantina Spanaki, Erisa Karafili, Stella Despoudi","AI applications of data sharing in agriculture 4.0: A framework for role-based data access control",2021,"International Journal of Information Management","Elsevier BV","https://doi.org/10.1016/j.ijinfomgt.2021.102350","",298,"2026-05-27 21:14:56","journal-article","10.1016/j.ijinfomgt.2021.102350","0268-4012",,59,,102350,102350,101,20.20,34,3,5,"","https://api.elsevier.com/content/article/PII:S0268401221000438",""
0,"Chen Jie, LIN Jianxin","Fault tolerant control of uav with wing layout based on control allocation",2021,"E3S Web of Conferences","EDP Sciences","https://doi.org/10.1051/e3sconf/202123304008","",305,"2026-05-27 21:14:56","journal-article","10.1051/e3sconf/202123304008","2267-1242",,233,,4008,4008,0,0.00,0,2,5,"As the flying wing layout unmanned aerial vehicle (uav) extensive research and task environment increasingly complex, Yu Feiyi layout unmanned aerial vehicle (uav) for fault tolerant control gradually become the main technical means of the flight control, using the established mathematical model of the flying wing uav longitudinal layout setting the actuator failure effect, is in the nature of adaptive control allocation fault-tolerant algorithm is given, and MATLAB/simulink simulation is carried out for uav longitudinal motion, realize the rapid and stable, the control command and response to complete the nonlinear fault-tolerant control of flying wing uavs.","https://www.e3s-conferences.org/10.1051/e3sconf/202123304008/pdf",""
0,"Toby Considine","Building Control Systems &amp; the Enterprise",2021,"Web Based Energy Information and Control Systems:","River Publishers","https://doi.org/10.1201/9781003151173-45","",307,"2026-05-27 21:14:56","book-chapter","10.1201/9781003151173-45","",,,,483,493,0,0.00,0,1,5,"","",""
0,"Richard Rogan, John Marden","Smart and Final Food Stores: A Case Study in Web Based Energy Information and Collection",2021,"Web Based Energy Information and Control Systems:","River Publishers","https://doi.org/10.1201/9781003151173-8","",311,"2026-05-27 21:14:56","book-chapter","10.1201/9781003151173-8","",,,,59,64,0,0.00,0,2,5,"","",""
2,"Mustafa Al Lail","Poster: Towards Cloud-Based Software for Incorporating Time and Location into Access Control Decisions",2021,"Proceedings of the 26th ACM Symposium on Access Control Models and Technologies","ACM","https://doi.org/10.1145/3450569.3464395","",320,"2026-05-27 21:14:56","proceedings-article","10.1145/3450569.3464395","",,,,55,57,2,0.40,2,1,5,"","https://dl.acm.org/doi/10.1145/3450569.3464395",""
3,"Natalia Lysova, Nina Myasnikova","Optimal paper web weight control system based on the Pontryagin’s maximum principle",2021,"E3S Web of Conferences","EDP Sciences","https://doi.org/10.1051/e3sconf/202124404013","",329,"2026-05-27 21:14:56","journal-article","10.1051/e3sconf/202124404013","2267-1242",,244,,4013,4013,3,0.60,2,2,5,"The paper describes the stages of paper production, considers the structure of a paper-making machine. Questions related to the proof and use of the Pontryagin’s maximum principle in the theory of optimal control are considered. Optimal paper web weight control system based on the Pontryagin’s maximum principle is presented. Adaptive learning methods for modeling nonlinear systems represent some of the latest advances in adaptive algorithms and machine learning techniques designed to model and identify nonlinear systems. Real-world problems always involve a certain degree of non-linearity, which makes linear models a suboptimal choice. This article may be of interest to research engineers and practitioners in the study and application of control systems using adaptive regulators. This book serves as an essential resource for researchers, graduate students and doctoral students working in the field of machine learning, signal processing, adaptive filtering, nonlinear control, system identification, cooperative systems, and computational intelligence. This book may also be of interest to the industry market and practitioners working with a wide range of nonlinear systems.","https://www.e3s-conferences.org/10.1051/e3sconf/202124404013/pdf",""
3,"Duc-Hieu Nguyen, Van-Vinh Le, Thi-Hanh Nguyen, Duc-Hanh Dang","A Method to Ensure Compliance with Attribute and Role Based Access Control Policy for Executing BPMN Models",2021,"2021 International Conference on System Science and Engineering (ICSSE)","IEEE","https://doi.org/10.1109/icsse52999.2021.9538430","",330,"2026-05-27 21:14:56","proceedings-article","10.1109/icsse52999.2021.9538430","",,,,360,366,3,0.60,1,4,5,"","http://xplorestaging.ieee.org/ielx7/9538404/9537939/09538430.pdf?arnumber=9538430",""
2,"Zhijia Dong, Xiaodong Qiu","Social Exclusion and Switching Behaviour of Green Products: The Mediating role of Control Demand",2021,"E3S Web of Conferences","EDP Sciences","https://doi.org/10.1051/e3sconf/202124502040","",336,"2026-05-27 21:14:56","journal-article","10.1051/e3sconf/202124502040","2267-1242",,245,,2040,2040,2,0.40,1,2,5,"This study examined the impact of social exclusion and green product conversion behaviour. One study has conducted the result showed that consumers who experienced social exclusion showed more switching behaviour of green product than those who not feel excluded. This effect is mediated by the control demand, while the individual’s self-construction type plays a moderate role.","https://www.e3s-conferences.org/10.1051/e3sconf/202124502040/pdf",""
0,"Wolfgang Braungart","„Bis Anfang Applicatio“. Mörikes ‚Alter Turmhahn‘ und die Predigt",2021,"Melancholie und Geselligkeit","J.B. Metzler","https://doi.org/10.1007/978-3-476-04894-3_9","",339,"2026-05-27 21:14:56","book-chapter","10.1007/978-3-476-04894-3_9","",,,,173,188,0,0.00,0,1,5,"","https://link.springer.com/content/pdf/10.1007/978-3-476-04894-3_9",""
1,"Tong Feng, Jianan Sun, Jinji Qiu, Shuanghui Hao","Research on Clearance Elimination Control Based on Linearization",2021,"IEEE Access","Institute of Electrical and Electronics Engineers (IEEE)","https://doi.org/10.1109/access.2021.3128910","",356,"2026-05-27 21:14:56","journal-article","10.1109/access.2021.3128910","2169-3536",,9,,155274,155285,1,0.20,0,4,5,"","http://xplorestaging.ieee.org/ielx7/6287639/9312710/09618921.pdf?arnumber=9618921",""
5,"Abdul-Wahid A. Saif","Resilient Observer-Based <i>H</i> <sub>∞</sub> Control of Uncertain Nonlinear Networked Control Systems",2021,"IEEE Access","Institute of Electrical and Electronics Engineers (IEEE)","https://doi.org/10.1109/access.2021.3100487","",357,"2026-05-27 21:14:56","journal-article","10.1109/access.2021.3100487","2169-3536",,9,,104636,104652,5,1.00,5,1,5,"","http://xplorestaging.ieee.org/ielx7/6287639/9312710/09497068.pdf?arnumber=9497068",""
41,"Ziyu Wu, Chunhai Gao, Tao Tang","A Virtually Coupled Metro Train Platoon Control Approach Based on Model Predictive Control",2021,"IEEE Access","Institute of Electrical and Electronics Engineers (IEEE)","https://doi.org/10.1109/access.2021.3071820","",359,"2026-05-27 21:14:56","journal-article","10.1109/access.2021.3071820","2169-3536",,9,,56354,56363,41,8.20,14,3,5,"","http://xplorestaging.ieee.org/ielx7/6287639/9312710/09399098.pdf?arnumber=9399098",""
23,"Fariba Ghaffari, Emmanuel Bertin, Noel Crespi, Shanay Behrad, Julien Hatin","A Novel Access Control Method Via Smart Contracts for Internet-Based Service Provisioning",2021,"IEEE Access","Institute of Electrical and Electronics Engineers (IEEE)","https://doi.org/10.1109/access.2021.3085831","",360,"2026-05-27 21:14:56","journal-article","10.1109/access.2021.3085831","2169-3536",,9,,81253,81273,23,4.60,5,5,5,"","http://xplorestaging.ieee.org/ielx7/6287639/9312710/09446149.pdf?arnumber=9446149",""
9,"Andrea Credo, Lino Di Leonardo, Francesco Parasiliti Collazzo, Marco Tursini","The Impact of the Control Strategy in Flux Observer Based Sensorless Control of Synchronous Reluctance Motors",2021,"IEEE Access","Institute of Electrical and Electronics Engineers (IEEE)","https://doi.org/10.1109/access.2021.3129180","",363,"2026-05-27 21:14:56","journal-article","10.1109/access.2021.3129180","2169-3536",,9,,156380,156391,9,1.80,2,4,5,"","http://xplorestaging.ieee.org/ielx7/6287639/9312710/09620095.pdf?arnumber=9620095",""
0,"Hugo Santos Martins, Sérgio Luís Guerreiro","Access Control Challenges in Enterprise Ecosystems",2021,"Research Anthology on Blockchain Technology in Business, Healthcare, Education, and Government","IGI Global","https://doi.org/10.4018/978-1-7998-5351-0.ch029","",369,"2026-05-27 21:14:56","book-chapter","10.4018/978-1-7998-5351-0.ch029","",,,,503,528,0,0.00,0,2,5,"There is an increasing gap between the needs of modern, complex, and distributed environments in regards to control of access to data and the level to which classical access control solutions can fulfill those needs. The purpose of this chapter is to highlight the current state of art of existing research over access control in increasingly decentralized environments and to argue how the subject of access control is more relevant than ever before, with increasing research opportunities emerging. In this chapter, the authors analyze the current state of the art of access control mechanisms and systems over decentralized applications with a focus on enterprise ecosystems, analyze the current challenges and opportunities that the new technological landscape offers, specifically over the application of blockchain-based technologies in access control, and propose new research directions for the future.","https://www.igi-global.com/viewtitle.aspx?TitleId=268618",""
0,"Muhammad I. H. Sukmana, Kai-Oliver Kohlen, Carl Gödecken, Pascal Schulze, Christoph Meinel","Are You There, Moriarty? Feasibility Study of Internet-based Location for Location-based Access Control Systems",2021,"Proceedings of the 18th International Conference on Security and Cryptography","SCITEPRESS - Science and Technology Publications","https://doi.org/10.5220/0010541101110124","",373,"2026-05-27 21:14:56","proceedings-article","10.5220/0010541101110124","",,,,111,124,0,0.00,0,5,5,"","",""
0,"Kamarudin Kamarudin, Mukhaimy Gazali","Sistem Keamanan Berlapis Menggunakan Metode Access Control List Dan Enkripsi Source Code Pada Web Login",2021,"Jurnal Teknologi Informasi (JUTECH)","Institut Teknologi dan Bisnis Ahmad Dahlan Jakarta","https://doi.org/10.32546/jutech.v2i2.1657","",374,"2026-05-27 21:14:56","journal-article","10.32546/jutech.v2i2.1657","2797-4111",,2,2,48,60,0,0.00,0,2,5,"Web documents are the most important assets for organizations to represent reports managed by servers. Meanwhile, the form is the entrance for the input provided by the user to be able to take advantage of server resources, be it a database, or other features that are owned by the server. This research focuses on the security of the web login form which is the entry point for various users. The level of authority (authorization) of users is set based on the Access Control List (ACL) which is arranged in such a way by the administrator. Multi-layered security goes through several stages that must be passed by the user, from validation, verification, authentication to authorizing according to the rights given to him by the administrator. The results found provide more value for web developers to set a standard security system for the web login form they build. However, various other security opportunities may be found in subsequent research, as developments","https://ojs.itb-ad.ac.id/index.php/JUTECH/article/download/1657/368",""
0,"Muhammad I. H. Sukmana, Kai-Oliver Kohlen, Carl Gödecken, Pascal Schulze, Christoph Meinel","Are You There, Moriarty? Feasibility Study of Internet-based Location for Location-based Access Control Systems",2021,"Proceedings of the 18th International Conference on Security and Cryptography","SCITEPRESS - Science and Technology Publications","https://doi.org/10.5220/0010541100002998","",377,"2026-05-27 21:14:56","proceedings-article","10.5220/0010541100002998","",,,,111,124,0,0.00,0,5,5,"","",""
9,"Issarachai Ngamroo, Tossaporn Surinkaew","Adaptive Robust Control Based on System Identification in Microgrid Considering Converter Controlled-Based Generator Modes",2021,"IEEE Access","Institute of Electrical and Electronics Engineers (IEEE)","https://doi.org/10.1109/access.2021.3111217","",378,"2026-05-27 21:14:56","journal-article","10.1109/access.2021.3111217","2169-3536",,9,,125970,125983,9,1.80,5,2,5,"","http://xplorestaging.ieee.org/ielx7/6287639/9312710/09531627.pdf?arnumber=9531627",""
11,"Babatunde Olusegun Adewolu, Akshay Kumar Saha","Contingency Control Capability of an Optimized HVDC-Based VSC Transmission System",2021,"IEEE Access","Institute of Electrical and Electronics Engineers (IEEE)","https://doi.org/10.1109/access.2020.3048500","",383,"2026-05-27 21:14:56","journal-article","10.1109/access.2020.3048500","2169-3536",,9,,4112,4128,11,2.20,6,2,5,"","http://xplorestaging.ieee.org/ielx7/6287639/9312710/09311739.pdf?arnumber=9311739",""
0,"Herman Cheung","Secure trilateral access control for network-integrated nuclear operation and condition-based nuclear maintenance",2021,"","Ryerson University Library and Archives","https://doi.org/10.32920/ryerson.14644386","",385,"2026-05-27 21:14:56","posted-content","10.32920/ryerson.14644386","",,,,,,0,0.00,0,1,5,"The intent of this thesis research is to develop a new methodology to improve existing nuclear process in an efficient, precise, and cost-effective way. This thesis presents three new designs: Secure Trilateral Access Control (STAC), Network-Integrated Nuclear Operation (NINO), and network-driven Condition-Based Nuclear Maintenance (CBNM). STAC design has three tiers: Tier-1 ensures security controls of external accesses to the new nuclear network. Tier-2 ensures qualification controls for carrying nuclear operations. Tier-3 ensures qualification controls for nuclear maintenances. NINO design is to increase efficiency of conducting nuclear operations and ensure correctness of executing targeted operations. CBNM design is to increase efficiency and cost savings for conducting nuclear maintenance and schedule maintenance based on equipment conditions to avoid extremely expensive forced outages. Feasibility and practicality of these new designs are illustrated analytically and numerically in the thesis. The significance of these designs is tremendous, resulting in huge nuclear operation cost savings.","",""
6,"Guo Jianyi, Fan Youping","VSG-Based Parameter Adaptive Control Strategy",2021,"E3S Web of Conferences","EDP Sciences","https://doi.org/10.1051/e3sconf/202125702041","",386,"2026-05-27 21:14:56","journal-article","10.1051/e3sconf/202125702041","2267-1242",,257,,2041,2041,6,1.20,3,2,5,"As a large number of converters composed of power electronic devices are connected to the grid, power system has gradually decreased stability. How to increase dynamic response of the converter has become one of the research hotspots. Virtual synchronous generator technology (VSG) can endow the converter with moment of inertia and damping characteristics, thereby enhancing dynamic response, but the traditional VSG technology cannot achieve the optimal control effect. To solve this problem, an adaptive control strategy is proposed, which takes logical combination of system angular velocity and frequency change as the real-time change condition, with exponential function as the change expression. Finally, this paper uses MATLAB / Simulink to compare the method in this paper with several existing typical control strategies.","https://www.e3s-conferences.org/10.1051/e3sconf/202125702041/pdf",""
0,"Herman Cheung","Secure trilateral access control for network-integrated nuclear operation and condition-based nuclear maintenance",2021,"","Ryerson University Library and Archives","https://doi.org/10.32920/ryerson.14644386.v1","",392,"2026-05-27 21:14:56","posted-content","10.32920/ryerson.14644386.v1","",,,,,,0,0.00,0,1,5,"The intent of this thesis research is to develop a new methodology to improve existing nuclear process in an efficient, precise, and cost-effective way. This thesis presents three new designs: Secure Trilateral Access Control (STAC), Network-Integrated Nuclear Operation (NINO), and network-driven Condition-Based Nuclear Maintenance (CBNM). STAC design has three tiers: Tier-1 ensures security controls of external accesses to the new nuclear network. Tier-2 ensures qualification controls for carrying nuclear operations. Tier-3 ensures qualification controls for nuclear maintenances. NINO design is to increase efficiency of conducting nuclear operations and ensure correctness of executing targeted operations. CBNM design is to increase efficiency and cost savings for conducting nuclear maintenance and schedule maintenance based on equipment conditions to avoid extremely expensive forced outages. Feasibility and practicality of these new designs are illustrated analytically and numerically in the thesis. The significance of these designs is tremendous, resulting in huge nuclear operation cost savings.","",""
0,"Khaled A. Elfarra","Facility Total Energy Management Program: A Road Map for Web Based Information Technology in the Egyptian Hotels Industry",2021,"Web Based Energy Information and Control Systems:","River Publishers","https://doi.org/10.1201/9781003151173-42","",394,"2026-05-27 21:14:56","book-chapter","10.1201/9781003151173-42","",,,,459,474,0,0.00,0,1,5,"","",""
1,"Shalini Lal","A web-based referral service to facilitate rapid and direct access to mental health care for youth",2021,"http://isrctn.com/","Springer Science and Business Media LLC","https://doi.org/10.1186/isrctn17846723","",411,"2026-05-27 21:14:56","dataset","10.1186/isrctn17846723","",,,,,,1,0.20,1,1,5,"","",""
0,"David C. Green, Paul J. Allen","Utility Data Web Page Design: Mining the Data",2021,"Web Based Energy Information and Control Systems:","River Publishers","https://doi.org/10.1201/9781003151173-36","",413,"2026-05-27 21:14:56","book-chapter","10.1201/9781003151173-36","",,,,387,392,0,0.00,0,2,5,"","",""
0,"Fangxing Li","Web-Enabled GIS Platform with Open Architecture for Electric Power Utility Networks",2021,"Web Based Energy Information and Control Systems:","River Publishers","https://doi.org/10.1201/9781003151173-17","",414,"2026-05-27 21:14:56","book-chapter","10.1201/9781003151173-17","",,,,163,170,0,0.00,0,1,5,"","",""
11,"Ly Tong Thi, Cuong Nguyen Manh, Tung Lam Nguyen","A Control Approach to Web Speed and Tension Regulation of Web Transport Systems Based on Dynamic Surface Control",2021,"Journal of Control, Automation and Electrical Systems","Springer Science and Business Media LLC","https://doi.org/10.1007/s40313-021-00694-0","",416,"2026-05-27 21:14:56","journal-article","10.1007/s40313-021-00694-0","2195-3880",,32,3,573,581,11,2.20,4,3,5,"","https://link.springer.com/content/pdf/10.1007/s40313-021-00694-0.pdf",""
4,"Shamil Magomedov, Alexander Gusev, Dmitry Ilin, Evgeny Nikulchev","Users’ Reaction Time for Improvement of Security and Access Control in Web Services",2021,"Applied Sciences","MDPI AG","https://doi.org/10.3390/app11062561","",419,"2026-05-27 21:14:56","journal-article","10.3390/app11062561","2076-3417",,11,6,2561,2561,4,0.80,1,4,5,"This paper concerns the case of the development of a technology for increasing the efficiency of access control based on the user behavior monitoring built into a software system’s user interface. It is proposed to use the time of user reactions as individual indicators of psychological and psychophysical state. This paper presents the results and interpretation of user reactions collected during a mass web survey of students of the Russian Federation. The total number of users was equal to 22,357. To reveal the patterns in user reactions, both quantitative and qualitative approaches were applied. The analysis of the data demonstrated that the user could be characterized by their psychomotor reactions, collected during the answering of a set of questions. Those reactions reflected the personal skills of the interface interaction, the speed of reading, and the speed of answering. Thus, those observations can be used as a supplement to personal verification in information systems. The collection of the reaction times did not load the data volumes significantly nor transmit confidential information.","https://www.mdpi.com/2076-3417/11/6/2561/pdf",""
58,"Jian Xie, Wei Sun","A Transfer and Deep Learning-Based Method for Online Frequency Stability Assessment and Control",2021,"IEEE Access","Institute of Electrical and Electronics Engineers (IEEE)","https://doi.org/10.1109/access.2021.3082001","",427,"2026-05-27 21:14:56","journal-article","10.1109/access.2021.3082001","2169-3536",,9,,75712,75721,58,11.60,29,2,5,"","http://xplorestaging.ieee.org/ielx7/6287639/9312710/09435326.pdf?arnumber=9435326",""
7,"Amirreza Masoumzadeh, Paliath Narendran, Padmavathi Iyer","Towards a Theory for Semantics and Expressiveness Analysis of Rule-Based Access Control Models",2021,"Proceedings of the 26th ACM Symposium on Access Control Models and Technologies","ACM","https://doi.org/10.1145/3450569.3463569","",436,"2026-05-27 21:14:56","proceedings-article","10.1145/3450569.3463569","",,,,33,43,7,1.40,2,3,5,"","https://dl.acm.org/doi/10.1145/3450569.3463569",""
11,"Zheng Zhang, Xinghua Liu, Yue Zhang, Chongbing Zhang, Wangmin Deng","A Novel Current Control Method Based on Dual-Mode Structure Repetitive Control for Three-Phase Power Electronic Load",2021,"IEEE Access","Institute of Electrical and Electronics Engineers (IEEE)","https://doi.org/10.1109/access.2021.3122123","",442,"2026-05-27 21:14:56","journal-article","10.1109/access.2021.3122123","2169-3536",,9,,144406,144416,11,2.20,2,5,5,"","http://xplorestaging.ieee.org/ielx7/6287639/9312710/09584910.pdf?arnumber=9584910",""
4,"Rawan Alrahili","Towards Employing Process Mining for Role Based Access Control Analysis: A Systematic Literature Review",2021,"Lecture Notes in Networks and Systems","Springer International Publishing","https://doi.org/10.1007/978-3-030-89906-6_58","",448,"2026-05-27 21:14:56","book-chapter","10.1007/978-3-030-89906-6_58","2367-3370",,,,904,927,4,0.80,4,1,5,"","https://link.springer.com/content/pdf/10.1007/978-3-030-89906-6_58",""
1,"Brian R. Brown, Satish M. Mahajan","Circuit-Based Mathematical Model of an Arc Heater for Control System Development",2021,"IEEE Access","Institute of Electrical and Electronics Engineers (IEEE)","https://doi.org/10.1109/access.2021.3121189","",453,"2026-05-27 21:14:56","journal-article","10.1109/access.2021.3121189","2169-3536",,9,,143085,143092,1,0.20,1,2,5,"","http://xplorestaging.ieee.org/ielx7/6287639/9312710/09579022.pdf?arnumber=9579022",""
4,"Çiğdem TARHAN, Nur Sinem PARTİGÖÇ","Web Tabanlı CBS Uygulamalarının Afet Riski Azaltmadaki Rolü",2021,"Resilience","Kocaeli Universitesi Mimarlik ve Tasarim Fakultesi - Resilience","https://doi.org/10.32569/resilience.1028577","",462,"2026-05-27 21:14:56","journal-article","10.32569/resilience.1028577","2602-4667",,5,2,265,279,4,0.80,2,2,5,"“Dünyanın en büyük karantinası” ifadeleriyle türevlerinden ayrılan Covid-19 salgını, bilinen en önemli beşeri afetler arasına girmiş olup; kısa ve uzun dönemli etkileri dikkate alındığında küresel ölçekte hem kentsel yaşamı hem de bireylerin yaşantılarını etkileyerek afetler karşısında kırılganlığın önemli ölçüde artmasına neden olmuştur. Şehir ve Bölge Planlama, Afet Yönetimi, Epidemiyoloji, Halk Sağlığı ve Yönetim Bilişim Sistemleri gibi disiplinlerin ortak çalışma alanına giren salgınların kaynağı, yayılma hızı ve yönü, yerleşimlere özgü sonuçları gibi nitelikleri baz alınarak fiziksel çevre ve sağlık koşulları arasındaki ilişki araştırmalarla ortaya konulmaya çalışılmaktadır. Yaklaşık 3.600,000 kişinin yüzleşmiş olduğu salgının karar mekanizmalarının ve farklı ölçeklerde etkinlik gösteren organizasyonların işleyişi bakımından önemli kazanımları olduğu görülmüştür. Bu kazanımlar arasında kriz yönetimi, karar alma süreçlerinde hızlı ve etkin koordinasyon, yerel ölçekten merkezi ölçeğe kadar sistematik biçimde organize olmuş yapı, güncel ve açık erişimli veri tabanlarının tasarımı sayılabilir. Özellikle Covid-19 salgını nedeniyle dünya çapında meydana gelen vakalara dair epidemiyolojik çalışmalar, mekansal ve istatistiksel analizler, korelasyon çalışmaları, vs. gibi araştırmaların gerçekleştirilmesi için kısa bir zaman diliminde farklı ülke ve kentlerin katılımıyla salgına yönelik erişime açık ve web tabanlı platformlar oluşturulmuştur. Bu platformlara Dünya Sağlık Örgütü tarafından yayınlanan Coronavirus Dashboard platformu, Dünya Bankası tarafından yayınlanan Understanding the Coronavirus (COVID-19) Pandemic Through Data platformu, Cities for Global Health platformu, Urban Sustainable Exchange ve Johns Hopkins Üniversitesi tarafından sunulan Web Coğrafi Veri Servisleri platformu örnek verilebilir. Kent bazında toplanan ve vakaların istatistiksel dökümü kadar mekansal dağılımının da önemli olduğu bu açık erişimli platformlar için, temin edilen verilerin mekan ile ilişkilendirilmesi, analiz edilmesi ve akıllı sorgulamalar yapılması gibi zaman kazandıran işlevleriyle Coğrafi Bilgi Sistemleri (CBS) teknolojilerinden önemli ölçüde yararlanılmaktadır. CBS’nin kullanım alanları incelendiğinde yerleşimlere dair demografik ve sosyo – ekonomik koşulların ortaya konulması, vakaların farklı parametrelere göre sınıflandırılması, mevcut sağlık hizmetlerine erişim olanaklarının belirlenmesi, sağlık sistemlerinin yeterlilik ve kapasiteleri gibi çeşitli bilgilerin yer aldığı güncel veri tabanlarının oluşturulması, salgının seyrine ilişkin dağılım ve yayılım haritalarının üretilmesi, risk gruplarının belirlenmesi gibi hayati önem taşıyan mekansal analizlerin ve istatistiklerin yapılması gibi işlevleri ön plana çıkmaktadır. Bu çalışmayla amaçlanan, Covid-19 salgınında önemi daha iyi kavranan doğru, eksiksiz ve güncel coğrafi bilgilerin afet öncesi döneme işaret eden Risk Yönetim süreçlerinde etkin bir araç olarak kullanılma olasılığının irdelenmesidir. CBS teknolojilerinden yararlanılarak oluşturulan ve sıklıkla güncellenen web tabanlı bu platformlar aracılığıyla afetler karşısında daha hazırlıklı ve dirençli olabilmek adına yerel ve merkezi ölçekte risk senaryoları ve politikaları geliştirilebilecek ve salgının seyrini insanlık lehine değiştirecek kazanımlar elde edilebilecektir.","",""
0,"","Peer Review #1 of ""IoT-CCAC: a blockchain-based consortium capability access control approach for IoT (v0.1)""",2021,"","PeerJ","https://doi.org/10.7287/peerj-cs.455v0.1/reviews/1","",472,"2026-05-27 21:14:56","peer-review","10.7287/peerj-cs.455v0.1/reviews/1","",,,,,,0,0.00,0,0,5,"","",""
1,"Quan Liu","Web Access Log Anomaly Detection Based on Deep Learning",2021,"2021 The 4th International Conference on Software Engineering and Information Management","ACM","https://doi.org/10.1145/3451471.3451491","",474,"2026-05-27 21:14:56","proceedings-article","10.1145/3451471.3451491","",,,,118,123,1,0.20,1,1,5,"","https://dl.acm.org/doi/10.1145/3451471.3451491",""
0,"","Peer Review #2 of ""IoT-CCAC: a blockchain-based consortium capability access control approach for IoT (v0.1)""",2021,"","PeerJ","https://doi.org/10.7287/peerj-cs.455v0.1/reviews/2","",476,"2026-05-27 21:14:56","peer-review","10.7287/peerj-cs.455v0.1/reviews/2","",,,,,,0,0.00,0,0,5,"","",""
1,"Jim McNally","Load Forecasting",2021,"Web Based Energy Information and Control Systems:","River Publishers","https://doi.org/10.1201/9781003151173-28","",478,"2026-05-27 21:14:56","book-chapter","10.1201/9781003151173-28","",,,,305,312,1,0.20,1,1,5,"","",""
1,"Pei Yao","The Role of Deep Learning Method Based on Environmental Geochemical Data in Resource",2021,"E3S Web of Conferences","EDP Sciences","https://doi.org/10.1051/e3sconf/202124502001","",481,"2026-05-27 21:14:56","journal-article","10.1051/e3sconf/202124502001","2267-1242",,245,,2001,2001,1,0.20,1,1,5,"In recent years, with the continuous development of artificial intelligence, deep learning, as an important method of artificial intelligence learning, has made great progress. At present, deep learning has been successfully applied in many engineering fields. Environmental science itself involves a wide range, among which environmental geochemistry is an important branch. The combination of environmental geochemical problems and deep learning can better study the role of geochemical problems in environmental investigation, and also can use the basic situation of regional environmental elements to predict mineral resources.","https://www.e3s-conferences.org/10.1051/e3sconf/202124502001/pdf",""
4,"Jestin Joy, Kannan Balakrishnan, Sreeraj Madhavankutty","SignText: a web-based tool for providing accessible text book contents for Deaf learners",2021,"Universal Access in the Information Society","Springer Science and Business Media LLC","https://doi.org/10.1007/s10209-021-00801-7","",482,"2026-05-27 21:14:56","journal-article","10.1007/s10209-021-00801-7","1615-5289",,21,3,717,723,4,0.80,1,3,5,"","https://link.springer.com/content/pdf/10.1007/s10209-021-00801-7.pdf",""
0,"Heng Wang","Overload Control Strategy Based on Triangular Fuzzy Analytic Hierarchy Process",2021,"E3S Web of Conferences","EDP Sciences","https://doi.org/10.1051/e3sconf/202125602019","",485,"2026-05-27 21:14:56","journal-article","10.1051/e3sconf/202125602019","2267-1242",,256,,2019,2019,0,0.00,0,1,5,"After the high-voltage transmission line is cut off due to a fault, the bearing transmission power will be transferred, which may cause overload. If overload cannot be eliminated quickly and scientifically, it is very likely that the line backup protection will be activated, which will trigger chain trip or even blackout accidents. In view of this, this paper proposed a cross-voltage level optimization load shedding control strategy based on fuzzy analytic hierarchy process. Through step-by-step progression in the three indexes of line overload degree, load importance degree, and unit load shedding cost, the lower-level lines of the overload line are selected for optimal line removal, thus achieving the goal of optimizing load shedding across voltage levels.","https://www.e3s-conferences.org/10.1051/e3sconf/202125602019/pdf",""
12,"Can Ding, Yunwen Chen, Taiping Nie","LVRT Control Strategy for Asymmetric Faults of DFIG Based on Improved MPCC Method",2021,"IEEE Access","Institute of Electrical and Electronics Engineers (IEEE)","https://doi.org/10.1109/access.2021.3135574","",488,"2026-05-27 21:14:56","journal-article","10.1109/access.2021.3135574","2169-3536",,9,,165207,165218,12,2.40,4,3,5,"","http://xplorestaging.ieee.org/ielx7/6287639/9312710/09650864.pdf?arnumber=9650864",""
2,"Marcel Danilescu, Victor Besliu","TRUST- BASED MODELING MAC-TYPE ACCESS CONTROL THROUGH ACCESS AND ACTIONS CONTROL POLICIES",2021,"Journal of Engineering Science","Technical University of Moldova","https://doi.org/10.52326/jes.utm.2021.28(2).05","",489,"2026-05-27 21:14:56","journal-article","10.52326/jes.utm.2021.28(2).05","2587-3474",,,2,67,78,2,0.40,1,2,5,"In recent decades, the number of researches on access control and user actions in computer systems has increased. Over time, there have been two models of implementing Mandatory Access Control (MAC) policies for government institutions and Discretionary Access Control (DAC) for the business environment, policies that various access control modeling solutions seek to implement. Among the access control modeling solutions developed are Role-Based Access Control (RBAC) and Attribute-Based Access Control (ABAC), presented in the U.S.A. by the National Institute of Standard and Technology (NIST). In Romania, in 2010, the access control solution based on trust was presented. This paper presents Mandatory Access Control policy modeling using the trust-based access and actions control modeling solution.","",""
31,"Chenhui Fu, Yunhua Zhang","Research and Application of Predictive Control Method Based on Deep Reinforcement Learning for HVAC Systems",2021,"IEEE Access","Institute of Electrical and Electronics Engineers (IEEE)","https://doi.org/10.1109/access.2021.3114161","",504,"2026-05-27 21:14:56","journal-article","10.1109/access.2021.3114161","2169-3536",,9,,130845,130852,31,6.20,16,2,5,"","http://xplorestaging.ieee.org/ielx7/6287639/9312710/09541408.pdf?arnumber=9541408",""
1,"Runqi Qiu","Adaptive Control of Vehicle Active Suspension Based on Neural Network Optimization",2021,"E3S Web of Conferences","EDP Sciences","https://doi.org/10.1051/e3sconf/202126103046","",505,"2026-05-27 21:14:56","journal-article","10.1051/e3sconf/202126103046","2267-1242",,261,,3046,3046,1,0.20,1,1,5,"An adaptive proportional–integral–derivative (PID) control method based on radial basis function neural network optimization (RBF-PID) is designed for a four-degree-of-freedom active suspension model of a 1/2 vehicle. By building a simulation model of the suspension in MATLAB/Simulink, a C-level road white noise random excitation signal is used as the road input, and the front and rear body vertical accelerations are simulated as the feedback of the control loop, respectively. The simulation results show that the proposed RBF-PID control strategy can effectively suppress the front and rear body acceleration and effectively reduce the centroid vertical acceleration, and improve the performance by about 10.3% compared with the traditional PID control suspension and about 31.2% compared with the passive suspension, but the control effect improvement for the angular acceleration of body pitch angle is not obvious.","https://www.e3s-conferences.org/10.1051/e3sconf/202126103046/pdf",""
0,"Baris Celiktas, Enver Ozdemır, Sueda Guzey","An Inner Product Space-Based Hierarchical Key Assignment Scheme for Access Control",2021,"","Institute of Electrical and Electronics Engineers (IEEE)","https://doi.org/10.36227/techrxiv.16577402.v1","",524,"2026-05-27 21:14:56","posted-content","10.36227/techrxiv.16577402.v1","",,,,,,0,0.00,0,3,5,"An inner product space-based hierarchical access control scheme is presented in this work. The proposed scheme can be utilized in any cloud delivery model where the data owner implements a hierarchical access control policy. In other words, the scheme adjusts any hierarchical access control policy to a digital medium. The scheme is based on inner product spaces and the method of orthogonal projection. While distributing a basis for each class by the data owner, left-to-right and bottom-up (LRBU) policy can ensure much more flexibility and efficiency, especially during any change in the structure. For each class, the secret keys can be derived only when a predetermined subspace is available. Our scheme is resistant to collusion attacks and privilege creep problems, as well as providing key recovery and key indistinguishability security. The performance analysis also shows us that the data storage overhead is much more tolerable than other schemes in the literature. In addition, the other advantage of our key access scheme over many others in the literature is that it requires only one operation to derive the secret key of child classes securely and efficiently.","https://www.techrxiv.org/doi/pdf/10.36227/techrxiv.16577402.v1",""
16,"Amir Hussain, Wajiha Shireen","Model for Frequency Dynamics in an Islanded Microgrid and Primary Frequency Control Based on Disturbance Compensation",2021,"IEEE Access","Institute of Electrical and Electronics Engineers (IEEE)","https://doi.org/10.1109/access.2021.3069769","",527,"2026-05-27 21:14:56","journal-article","10.1109/access.2021.3069769","2169-3536",,9,,52784,52795,16,3.20,8,2,5,"","http://xplorestaging.ieee.org/ielx7/6287639/9312710/09389715.pdf?arnumber=9389715",""
0,"Baris Celiktas, Sueda Guzey, Enver Ozdemır","An Inner Product Space-Based Hierarchical Key Assignment Scheme for Access Control",2021,"","Institute of Electrical and Electronics Engineers (IEEE)","https://doi.org/10.36227/techrxiv.16896199.v1","",529,"2026-05-27 21:14:56","posted-content","10.36227/techrxiv.16896199.v1","",,,,,,0,0.00,0,3,5,"An inner product space-based hierarchical key assignment/access control scheme is presented in this work. The proposed scheme can be utilized in any cloud delivery model where the data controller implements a hierarchical access control policy. In other words, the scheme adjusts any hierarchical access control policy to a digital medium. The scheme is based on inner product spaces and the method of orthogonal projection. While distributing a basis for each class by the data controller, the left-to-right and bottom-up policy can ensure much more flexibility and efficiency, especially during any change in the structure. For each class, the secret keys can be derived only when a predetermined subspace is available. The parent class can obtain the keys of the child class, which means a one-way function, and the opposite direction is not allowed. Our scheme is collusion attack and privilege creep problem resistant, as well as key recovery and indistinguishability secure. The performance analysis shows that the data storage overhead is much more tolerable than other schemes in the literature. In addition, the other advantage of our scheme over many others in the literature is that it needs only one operation for the derivation of the key of child classes.","https://ndownloader.figshare.com/files/31247587",""
11,"Aarthi Dhandapani, Viswanathan Vadivel","Question Answering System Over Semantic Web",2021,"IEEE Access","Institute of Electrical and Electronics Engineers (IEEE)","https://doi.org/10.1109/access.2021.3067942","",532,"2026-05-27 21:14:56","journal-article","10.1109/access.2021.3067942","2169-3536",,9,,46900,46910,11,2.20,6,2,5,"","http://xplorestaging.ieee.org/ielx7/6287639/9312710/09382993.pdf?arnumber=9382993",""
5,"L. Morales, J. Aguilar, A. Rosales, D. Pozo-Espin","A Fuzzy Sliding-Mode Control Based on Z-Numbers and LAMDA",2021,"IEEE Access","Institute of Electrical and Electronics Engineers (IEEE)","https://doi.org/10.1109/access.2021.3105515","",533,"2026-05-27 21:14:56","journal-article","10.1109/access.2021.3105515","2169-3536",,9,,117714,117733,5,1.00,1,4,5,"","http://xplorestaging.ieee.org/ielx7/6287639/9312710/09514905.pdf?arnumber=9514905",""
19,"Muhammad Zubair, Iftikhar Ahmad Rana, Yasir Islam, Safdar Abbas Khan","Variable Structure Based Control for the Chemotherapy of Brain Tumor",2021,"IEEE Access","Institute of Electrical and Electronics Engineers (IEEE)","https://doi.org/10.1109/access.2021.3091632","",534,"2026-05-27 21:14:56","journal-article","10.1109/access.2021.3091632","2169-3536",,9,,107333,107346,19,3.80,5,4,5,"","http://xplorestaging.ieee.org/ielx7/6287639/9312710/09462916.pdf?arnumber=9462916",""
0,"Baris Celiktas, Sueda Guzey, Enver Ozdemır","An Inner Product Space-Based Hierarchical Key Assignment Scheme for Access Control",2021,"","Institute of Electrical and Electronics Engineers (IEEE)","https://doi.org/10.36227/techrxiv.16896199","",535,"2026-05-27 21:14:56","posted-content","10.36227/techrxiv.16896199","",,,,,,0,0.00,0,3,5,"An inner product space-based hierarchical key assignment/access control scheme is presented in this work. The proposed scheme can be utilized in any cloud delivery model where the data controller implements a hierarchical access control policy. In other words, the scheme adjusts any hierarchical access control policy to a digital medium. The scheme is based on inner product spaces and the method of orthogonal projection. While distributing a basis for each class by the data controller, the left-to-right and bottom-up policy can ensure much more flexibility and efficiency, especially during any change in the structure. For each class, the secret keys can be derived only when a predetermined subspace is available. The parent class can obtain the keys of the child class, which means a one-way function, and the opposite direction is not allowed. Our scheme is collusion attack and privilege creep problem resistant, as well as key recovery and indistinguishability secure. The performance analysis shows that the data storage overhead is much more tolerable than other schemes in the literature. In addition, the other advantage of our scheme over many others in the literature is that it needs only one operation for the derivation of the key of child classes.","https://ndownloader.figshare.com/files/31247587",""
0,"Ioanna Aslanidou, Valentina Zaccaria, Amare Fentaye, Konstantinos Kyprianidis","Development of Web-Based Short Courses on Control, Diagnostics, and Instrumentation",2021,"","ASME International","https://doi.org/10.1115/1.0002369v","",541,"2026-05-27 21:14:56","posted-content","10.1115/1.0002369v","",,,,,,0,0.00,0,4,5,"","",""
17,"Linggong Zhao, Weiliang He, Feikai Lv","Model-Free Adaptive Control for Parafoil Systems Based on the Iterative Feedback Tuning Method",2021,"IEEE Access","Institute of Electrical and Electronics Engineers (IEEE)","https://doi.org/10.1109/access.2021.3050275","",551,"2026-05-27 21:14:56","journal-article","10.1109/access.2021.3050275","2169-3536",,9,,35900,35914,17,3.40,6,3,5,"","http://xplorestaging.ieee.org/ielx7/6287639/9312710/09317818.pdf?arnumber=9317818",""
5,"Abdurrahman Alshareef, Hessam S. Sarjoughian","Hierarchical Activity-Based Models for Control Flows in Parallel Discrete Event System Specification Simulation Models",2021,"IEEE Access","Institute of Electrical and Electronics Engineers (IEEE)","https://doi.org/10.1109/access.2021.3084940","",558,"2026-05-27 21:14:56","journal-article","10.1109/access.2021.3084940","2169-3536",,9,,80970,80985,5,1.00,3,2,5,"","http://xplorestaging.ieee.org/ielx7/6287639/9312710/09444417.pdf?arnumber=9444417",""
26,"Salah T. Alshammari, Aiiad Albeshri, Khalid Alsubhi","Integrating a High-Reliability Multicriteria Trust Evaluation Model with Task Role-Based Access Control for Cloud Services",2021,"Symmetry","MDPI AG","https://doi.org/10.3390/sym13030492","",567,"2026-05-27 21:14:56","journal-article","10.3390/sym13030492","2073-8994",,13,3,492,492,26,5.20,9,3,5,"Cloud data storage is revolutionary because it eliminates the need for additional hardware, which is often costly, inconvenient, and requires additional space. Cloud data storage allows data owners to store large amounts of data in a flexible way and at low cost. The number of online cloud storage services and their consumers has therefore increased dramatically. However, ensuring the privacy and security of data on a digital platform is often a challenge. A cryptographic task-role-based access control (T-RBAC) approach can be used to protect data privacy. This approach ensures the accessibility of data for authorized consumers and keeps it safe from unauthorized consumers. However, this type of cryptographic approach does not address the issue of trust. In this paper, we propose a comprehensive trust model integrated with a cryptographic T-RBAC to enhance the privacy and security of data stored in cloud storage systems, and suggests that trust models involve inheritance and hierarchy in the roles and tasks of trustworthiness evaluation, where this study aims to identify the most feasible solution for the trust issue in T-RBAC approaches. Risk evaluations regarding other possible flaws of the design are also performed. The proposed design can decrease risk by providing high security for cloud storage systems and improve the quality of decisions of cloud operators and data owners.","https://www.mdpi.com/2073-8994/13/3/492/pdf",""
0,"Ioanna Aslanidou, Valentina Zaccaria, Amare Fentaye, Konstantinos Kyprianidis","Development of Web-Based Short Courses on Control, Diagnostics, and Instrumentation",2021,"","ASME International","https://doi.org/10.1115/1.0005129v","",572,"2026-05-27 21:14:56","posted-content","10.1115/1.0005129v","",,,,,,0,0.00,0,4,5,"","",""
26,"Ruhma Sardar, Tayyaba Anees","Web of Things: Security Challenges and Mechanisms",2021,"IEEE Access","Institute of Electrical and Electronics Engineers (IEEE)","https://doi.org/10.1109/access.2021.3057655","",592,"2026-05-27 21:14:56","journal-article","10.1109/access.2021.3057655","2169-3536",,9,,31695,31711,26,5.20,13,2,5,"","http://xplorestaging.ieee.org/ielx7/6287639/9312710/09349366.pdf?arnumber=9349366",""
0,"Zhang Zhaopeng, Suo Dongnan","PMSM low voltage ride through based on Coordinated Control Strategy",2021,"E3S Web of Conferences","EDP Sciences","https://doi.org/10.1051/e3sconf/202124802005","",600,"2026-05-27 21:14:56","journal-article","10.1051/e3sconf/202124802005","2267-1242",,248,,2005,2005,0,0.00,0,2,5,"Based on the analysis of the operation characteristics of the fault of direct-drive permanent magnet wind turbine and the existing protection strategies, in order to improve the low-voltage operation capability of direct-drive permanent magnet wind turbine, a new coordinated control strategy for low-voltage crossing is proposed in this paper, which includes DC brake system control of unloading circuit, double second-order generalized integral phase-locked control, extracting positive and negative sequence of grid voltage and reactive power control on grid side. Based on the common three-phase symmetrical drop fault and asymmetrical fault caused by single grounding short circuit in power grid, PASCAD simulation experiment is conducted to verify the low voltage traversing ability of wind turbine.","https://www.e3s-conferences.org/10.1051/e3sconf/202124802005/pdf",""
2,"Abel Binu Jacob, Pratiyush Prakash, Prashant Karhana, Pravati Swain","ChainAccess: Blockchain based Web-Access through Biometrics",2021,"2021 12th International Conference on Computing Communication and Networking Technologies (ICCCNT)","IEEE","https://doi.org/10.1109/icccnt51525.2021.9579481","",602,"2026-05-27 21:14:56","proceedings-article","10.1109/icccnt51525.2021.9579481","",,,,1,6,2,0.40,1,4,5,"","http://xplorestaging.ieee.org/ielx7/9579467/9579470/09579481.pdf?arnumber=9579481",""
39,"Shafaat Ullah, Laiq Khan, Irfan Sami, Nasim Ullah","Consensus-Based Delay-Tolerant Distributed Secondary Control Strategy for Droop Controlled AC Microgrids",2021,"IEEE Access","Institute of Electrical and Electronics Engineers (IEEE)","https://doi.org/10.1109/access.2020.3048723","",606,"2026-05-27 21:14:56","journal-article","10.1109/access.2020.3048723","2169-3536",,9,,6033,6049,39,7.80,10,4,5,"","http://xplorestaging.ieee.org/ielx7/6287639/9312710/09312159.pdf?arnumber=9312159",""
47,"Shengwei Qu, Zhijie Wang","Cooperative Control Strategy of Virtual Synchronous Generator Based on Optimal Damping Ratio",2021,"IEEE Access","Institute of Electrical and Electronics Engineers (IEEE)","https://doi.org/10.1109/access.2020.3046626","",617,"2026-05-27 21:14:56","journal-article","10.1109/access.2020.3046626","2169-3536",,9,,709,719,47,9.40,24,2,5,"","http://xplorestaging.ieee.org/ielx7/6287639/9312710/09303384.pdf?arnumber=9303384",""
12,"Shouping Guan, Senlin Niu","Stability-Based Controller Design of Cloud Control System With Uncertainties",2021,"IEEE Access","Institute of Electrical and Electronics Engineers (IEEE)","https://doi.org/10.1109/access.2021.3059766","",621,"2026-05-27 21:14:56","journal-article","10.1109/access.2021.3059766","2169-3536",,9,,29056,29070,12,2.40,6,2,5,"","http://xplorestaging.ieee.org/ielx7/6287639/9312710/09354804.pdf?arnumber=9354804",""
18,"Jun Liu, Chencong Zhao, Zhouhua Xie","Power and Current Limiting Control of Wind Turbines Based on PMSG Under Unbalanced Grid Voltage",2021,"IEEE Access","Institute of Electrical and Electronics Engineers (IEEE)","https://doi.org/10.1109/access.2021.3049839","",624,"2026-05-27 21:14:56","journal-article","10.1109/access.2021.3049839","2169-3536",,9,,9873,9883,18,3.60,6,3,5,"","http://xplorestaging.ieee.org/ielx7/6287639/9312710/09316689.pdf?arnumber=9316689",""
8,"Subha Kanta Swain, Pradipta Kumar Nanda","Adaptive Queue Management and Traffic Class Priority Based Fairness Rate Control in Wireless Sensor Networks",2021,"IEEE Access","Institute of Electrical and Electronics Engineers (IEEE)","https://doi.org/10.1109/access.2021.3102033","",626,"2026-05-27 21:14:56","journal-article","10.1109/access.2021.3102033","2169-3536",,9,,112607,112623,8,1.60,4,2,5,"","http://xplorestaging.ieee.org/ielx7/6287639/9312710/09504562.pdf?arnumber=9504562",""
1,"Xiaofei Wang","High and low temperature device with Non-magnetic based on PID control",2021,"E3S Web of Conferences","EDP Sciences","https://doi.org/10.1051/e3sconf/202126102074","",631,"2026-05-27 21:14:56","journal-article","10.1051/e3sconf/202126102074","2267-1242",,261,,2074,2074,1,0.20,1,1,5,"There are not a single influencing factors in the temperature drift correction test of tilt measuring products. In order to solve this problem, by analyzing and calculating the influencing factors, a non-magnetic height suitable for temperature drift correction of tilt measuring products is designed. Low temperature device, this device is based on PID control, which has the advantages of precise temperature control, rapid heating, and good temperature stability.","https://www.e3s-conferences.org/10.1051/e3sconf/202126102074/pdf",""
29,"Ayumu Sasagawa, Sho Sakaino, Toshiaki Tsuji","Motion Generation Using Bilateral Control-Based Imitation Learning With Autoregressive Learning",2021,"IEEE Access","Institute of Electrical and Electronics Engineers (IEEE)","https://doi.org/10.1109/access.2021.3054960","",640,"2026-05-27 21:14:56","journal-article","10.1109/access.2021.3054960","2169-3536",,9,,20508,20520,29,5.80,10,3,5,"","http://xplorestaging.ieee.org/ielx7/6287639/9312710/09344611.pdf?arnumber=9344611",""
0,"","Peer Review #3 of ""IoT-CCAC: a blockchain-based consortium capability access control approach for IoT (v0.1)""",2021,"","PeerJ","https://doi.org/10.7287/peerj-cs.455v0.1/reviews/3","",645,"2026-05-27 21:14:56","peer-review","10.7287/peerj-cs.455v0.1/reviews/3","",,,,,,0,0.00,0,0,5,"","",""
2,"Anas El Kasmi, Mostafa Abouricha, Abdelkader Boulezhar","A patient's temperature remote control system based on NODEMCU ESP8266",2021,"E3S Web of Conferences","EDP Sciences","https://doi.org/10.1051/e3sconf/202129701053","",647,"2026-05-27 21:14:56","journal-article","10.1051/e3sconf/202129701053","2267-1242",,297,,1053,1053,2,0.40,1,3,5,"With the prompt development in wireless communication, in addition to the evolution of wireless patient monitoring system, and to reduce the death of a big number of patients who endear as a result of heart failure or sudden high temperature in children. This paper proposed a sophisticated method of observation human body parameters like temperature measurements with employ at NodeMcu ESP8266 unit in the Internet of Things (IoT). This prototype is based on NodeMcu module (a static access point that provides the WIFI network, a server, a client and a mobile access point attached to the remote surveillance object) programmed under Arduino IDE and communicating between them via the HTTP protocol.","https://www.e3s-conferences.org/10.1051/e3sconf/202129701053/pdf",""
17,"Ling Huang, Jing Guo, Bing Li","Observer-Based Dynamic Event-Triggered Robust <i>H</i> <sub>∞</sub> Control of Networked Control Systems Under DoS Attacks",2021,"IEEE Access","Institute of Electrical and Electronics Engineers (IEEE)","https://doi.org/10.1109/access.2021.3121689","",653,"2026-05-27 21:14:56","journal-article","10.1109/access.2021.3121689","2169-3536",,9,,145626,145637,17,3.40,6,3,5,"","http://xplorestaging.ieee.org/ielx7/6287639/9312710/09583265.pdf?arnumber=9583265",""
0,"Xiaobin Wang, Hairong Zou","A coordinated control strategy based on Photovoltaic-hybrid energy storage system",2021,"E3S Web of Conferences","EDP Sciences","https://doi.org/10.1051/e3sconf/202126101012","",654,"2026-05-27 21:14:56","journal-article","10.1051/e3sconf/202126101012","2267-1242",,261,,1012,1012,0,0.00,0,2,5,"Photovoltaic power generation is changing day by day, but its system has drawbacks. To compensate for the shortcomings of PV power generation system, the micro-grid system of PV power generation with HES is constructed by using the complementary characteristics of battery and supercapacitor. On the basis of this, we introduce a fuzzy control to realize the fast response of hybrid energy system. A micro-grid model is built based on Matlab/Simulink to verify the feasibility and rationality of the proposed control strategy.","https://www.e3s-conferences.org/10.1051/e3sconf/202126101012/pdf",""
1,"Zonglun Li, Zhiyuan Yu, Menglong Jiang","The switching control strategy of redundant electromechanical servo system based on the compound sliding mode control",2021,"E3S Web of Conferences","EDP Sciences","https://doi.org/10.1051/e3sconf/202126801069","",656,"2026-05-27 21:14:56","journal-article","10.1051/e3sconf/202126801069","2267-1242",,268,,1069,1069,1,0.20,0,3,5,"Aiming to resolve the limitations of robustness and stability in switching working modes of dual redundancy electric servo system, a control strategy based on sliding mode control is suggested. By analyzing the electromechanical servo system’s basic structure and working theory, a mathematical model is created to enable the design of new control functions. Taking into account the influence of the internal parameter perturbation of the electromechanical servo system during the switching between working modes, the sliding mode control is used to enhance system robustness, and the method of combining the latest saturation function and the exponential reaching law is used to minimize the system chattering. The simulation results and analysis show that the control strategy can effectively improve the robustness and control accuracy of the system.","https://www.e3s-conferences.org/10.1051/e3sconf/202126801069/pdf",""
3,"Tian Feng, Li Guangpeng","Design of Intelligent Feeding Control System Based on S7-1200 PLC",2021,"E3S Web of Conferences","EDP Sciences","https://doi.org/10.1051/e3sconf/202124501051","",659,"2026-05-27 21:14:56","journal-article","10.1051/e3sconf/202124501051","2267-1242",,245,,1051,1051,3,0.60,2,2,5,"In order to satisfy the needs of pig breeding, an intelligent feeding control system based on S7 1200PLC is designed in this paper. The design scheme selects Siemens S7-1200 PLC as the main controller and MCGS TPC7062TI touch screen as the man-machine interface. The article has carried on the electrical design, including I/O address allocation, the main circuit design, the control circuit design and so on, and has written the PLC control program in the debugging mode and the operation mode, finally has designed the man-machine interface to realize the configuration of the system using MCGS. After the actual operation, the system runs stably, safely and reliably, has achieved the expected goal, and has a certain prospect of popularization and application.","https://www.e3s-conferences.org/10.1051/e3sconf/202124501051/pdf",""
0,"","A Whole New World Wide Web Digital Access",2021,"The Art of Access","Rowman & Littlefield","https://doi.org/10.5040/9798216428626.ch-007","",662,"2026-05-27 21:14:56","other","10.5040/9798216428626.ch-007","",,,,93,108,0,0.00,0,0,5,"","",""
0,"Ke Yang","Layout optimization of signal control box production line based on SLP",2021,"E3S Web of Conferences","EDP Sciences","https://doi.org/10.1051/e3sconf/202125302090","",665,"2026-05-27 21:14:56","journal-article","10.1051/e3sconf/202125302090","2267-1242",,253,,2090,2090,0,0.00,0,1,5,"Taking the production process of the signal control box as the research object, aiming at the problem of the unreasonable layout of the production line, the Systematic Layout Planning (SLP) method is used to obtain the relationship and position relationship diagrams between the various operation units, and the optimal layout plan is given, combined with the factory building Conditions and funding constraints, determined and implemented the production layout improvement plan, reduced the material handling distance, shortened the delivery cycle, and realized the rapid delivery of products.","https://www.e3s-conferences.org/10.1051/e3sconf/202125302090/pdf",""
1,"Ron Brown","Connecting Energy Management Systems to Enterprise Business Systems Using SOAP and the XML Web Services Architecture",2021,"Web Based Energy Information and Control Systems:","River Publishers","https://doi.org/10.1201/9781003151173-41","",666,"2026-05-27 21:14:56","book-chapter","10.1201/9781003151173-41","",,,,447,458,1,0.20,1,1,5,"","",""
0,"Kristina Medero, Kelly Merrill Jr, Morgan Quinn Ross","Modeling Access Across the Digital Divide for Intersectional Groups Seeking Web-Based Health Information: National Survey (Preprint)",2021,"","JMIR Publications Inc.","https://doi.org/10.2196/preprints.32678","",671,"2026-05-27 21:14:56","posted-content","10.2196/preprints.32678","",,,,,,0,0.00,0,3,5,"<sec> <title>BACKGROUND</title> <p>The digital divide refers to technological disparities based on demographic characteristics (eg, race and ethnicity). Lack of physical access to the internet inhibits online health information seeking (OHIS) and exacerbates health disparities. Research on the digital divide examines where and how people access the internet, whereas research on OHIS investigates how intersectional identities influence OHIS. We combine these perspectives to explicate how unique context–device access pairings operate differently across intersectional identities—particularly racial and ethnic groups—in the domain of OHIS.</p> </sec> <sec> <title>OBJECTIVE</title> <p>This study aims to examine how different types of internet access relate to OHIS for different racial and ethnic groups. We investigate relationships among predisposing characteristics (ie, age, sex, education, and income), internet access (home computer, public computer, work computer, and mobile), health needs, and OHIS.</p> </sec> <sec> <title>METHODS</title> <p>Analysis was conducted using data from the 2019 Health Information National Trends Survey. Our theoretical model of OHIS explicates the roles of internet access and health needs for racial and ethnic minority groups’ OHIS. Participant responses were analyzed using structural equation modeling. Three separate group structural equation modeling models were specified based on Black, Latine, and White self-categorizations.</p> </sec> <sec> <title>RESULTS</title> <p>Overall, predisposing characteristics (ie, age, sex, education, and income) were associated with internet access, health needs, and OHIS; internet access was associated with OHIS; and health needs were associated with OHIS. Home computer and mobile access were most consistently associated with OHIS. Several notable linkages between predisposing characteristics and internet access differed for Black and Latine individuals. Older racial and ethnic minorities tended to access the internet on home and public computers less frequently; home computer access was a stronger predictor of OHIS for White individuals, and mobile access was a stronger predictor of OHIS for non-White individuals.</p> </sec> <sec> <title>CONCLUSIONS</title> <p>Our findings necessitate a deeper unpacking of how physical internet access, the foundational and multifaceted level of the digital divide, affects specific racial and ethnic groups and their OHIS. We not only find support for prior work on the digital divide but also surface new insights, including distinct impacts of context–device access pairings for OHIS and several relationships that differ between racial and ethnic groups. As such, we propose interventions with an intersectional approach to access to ameliorate the impact of the digital divide.</p> </sec>","",""
6,"Negar Akbari, Saleh Mobayen, Farhad Bayat, Afef Fekih","Finite-Time Control of Myringotomy Surgical Device Based on Nonsingular Terminal Sliding Disturbance Observer",2021,"IEEE Access","Institute of Electrical and Electronics Engineers (IEEE)","https://doi.org/10.1109/access.2021.3078766","",673,"2026-05-27 21:14:56","journal-article","10.1109/access.2021.3078766","2169-3536",,9,,72412,72419,6,1.20,2,4,5,"","http://xplorestaging.ieee.org/ielx7/6287639/9312710/09427273.pdf?arnumber=9427273",""
2,"Amira Dhouib, Christophe Kolski, Mahmoud Neji","Toward a web-based multi-criteria decision support system for the layered evaluation of interactive adaptive systems",2021,"Universal Access in the Information Society","Springer Science and Business Media LLC","https://doi.org/10.1007/s10209-021-00850-y","",677,"2026-05-27 21:14:56","journal-article","10.1007/s10209-021-00850-y","1615-5289",,22,2,415,443,2,0.40,1,3,5,"","https://link.springer.com/content/pdf/10.1007/s10209-021-00850-y.pdf",""
2,"Babak Salamat, Nunzio A. Letizia, Andrea M. Tonello","Control Based Motion Planning Exploiting Calculus of Variations and Rational Functions: A Formal Approach",2021,"IEEE Access","Institute of Electrical and Electronics Engineers (IEEE)","https://doi.org/10.1109/access.2021.3109125","",685,"2026-05-27 21:14:56","journal-article","10.1109/access.2021.3109125","2169-3536",,9,,121716,121727,2,0.40,1,3,5,"","http://xplorestaging.ieee.org/ielx7/6287639/9312710/09525383.pdf?arnumber=9525383",""
6,"Koji Ishii","MPC Based Power Allocation for Reliable Wireless Networked Control Systems",2021,"IEEE Access","Institute of Electrical and Electronics Engineers (IEEE)","https://doi.org/10.1109/access.2021.3062831","",686,"2026-05-27 21:14:56","journal-article","10.1109/access.2021.3062831","2169-3536",,9,,60913,60922,6,1.20,6,1,5,"","http://xplorestaging.ieee.org/ielx7/6287639/9312710/09366519.pdf?arnumber=9366519",""
10,"Yong Dai, Suhua Luo, Zhongwei Li","Direct Power Based Control Strategy for DAB DC-DC Converter With Cooperative Triple Phase Shifted Modulation",2021,"IEEE Access","Institute of Electrical and Electronics Engineers (IEEE)","https://doi.org/10.1109/access.2021.3122954","",689,"2026-05-27 21:14:56","journal-article","10.1109/access.2021.3122954","2169-3536",,9,,147791,147800,10,2.00,3,3,5,"","http://xplorestaging.ieee.org/ielx7/6287639/9312710/09585602.pdf?arnumber=9585602",""
0,"Yufei Wang, Tengbiao Zhang, Qian Ye","Situation awareness framework for industrial control system based on cyber kill chain",2021,"MATEC Web of Conferences","EDP Sciences","https://doi.org/10.1051/matecconf/202133602013","",693,"2026-05-27 21:14:56","journal-article","10.1051/matecconf/202133602013","2261-236X",,336,,2013,2013,0,0.00,0,3,5,"Information and cyber security of Industrial Control Systems (ICS) has gained considerable importance. Situation Awareness (SA) is an exciting mechanism to achieve the perception, comprehension and projection of the ICS information security status. Based on the Purdue Enterprise Reference Architecture (PERA), a situation awareness framework for ICS is presented considering the ICS cyber kill chain. The proposed framework consists of IT SA Centre, OT SA Centre, and Comprehensive SA Centre. Comprehensive SA Centre is responsible for creating and maintaining an integrated and high level of security visibility into the whole environments. The introduced framework can be used to guide the development of the situation awareness infrastructure in organization with industrial control systems.","https://www.matec-conferences.org/10.1051/matecconf/202133602013/pdf",""
50,"Fadl Dahan, Khalil El Hindi, Ahmed Ghoneim, Hussain Alsalman","An Enhanced Ant Colony Optimization Based Algorithm to Solve QoS-Aware Web Service Composition",2021,"IEEE Access","Institute of Electrical and Electronics Engineers (IEEE)","https://doi.org/10.1109/access.2021.3061738","",696,"2026-05-27 21:14:56","journal-article","10.1109/access.2021.3061738","2169-3536",,9,,34098,34111,50,10.00,13,4,5,"","http://xplorestaging.ieee.org/ielx7/6287639/9312710/09361655.pdf?arnumber=9361655",""
0,"Anke Yang","Give full play to the role of M station and promote the new normal of vehicle emission pollution control",2021,"E3S Web of Conferences","EDP Sciences","https://doi.org/10.1051/e3sconf/202126801002","",703,"2026-05-27 21:14:56","journal-article","10.1051/e3sconf/202126801002","2267-1242",,268,,1002,1002,0,0.00,0,1,5,"With the rapid growth of car ownership in use, vehicle emissions have become one of the main sources of urban air pollution. In view of the problems existing in the maintenance and treatment of vehicle emission pollution, this paper puts forward the enthusiasm and necessity of speeding up the establishment of compulsory maintenance station (M station), adheres to the road of realizing practice, and combines with the practical experience of vehicle emission control in Jiaozuo City, puts forward the practical path of the new normalization management of vehicle emission compulsory maintenance, creatively promotes the treatment of vehicle emission Career development. It is of great significance to solve the more and more outstanding vehicle exhaust pollution.","https://www.e3s-conferences.org/10.1051/e3sconf/202126801002/pdf",""
114,"Shuang Sun, Rong Du, Shudong Chen, Weiwei Li","Blockchain-Based IoT Access Control System: Towards Security, Lightweight, and Cross-Domain",2021,"IEEE Access","Institute of Electrical and Electronics Engineers (IEEE)","https://doi.org/10.1109/access.2021.3059863","",709,"2026-05-27 21:14:56","journal-article","10.1109/access.2021.3059863","2169-3536",,9,,36868,36878,114,22.80,29,4,5,"","http://xplorestaging.ieee.org/ielx7/6287639/9312710/09355161.pdf?arnumber=9355161",""
0,"Kristina Medero, Kelly Merrill Jr, Morgan Quinn Ross","Modeling Access Across the Digital Divide for Intersectional Groups Seeking Web-Based Health Information: National Survey (Preprint)",2021,"","JMIR Publications Inc.","https://doi.org/10.2196/preprints.32678","",711,"2026-05-27 21:14:56","posted-content","10.2196/preprints.32678","",,,,,,0,0.00,0,3,5,"<sec> <title>BACKGROUND</title> <p>The digital divide refers to technological disparities based on demographic characteristics (eg, race and ethnicity). Lack of physical access to the internet inhibits online health information seeking (OHIS) and exacerbates health disparities. Research on the digital divide examines where and how people access the internet, whereas research on OHIS investigates how intersectional identities influence OHIS. We combine these perspectives to explicate how unique context–device access pairings operate differently across intersectional identities—particularly racial and ethnic groups—in the domain of OHIS.</p> </sec> <sec> <title>OBJECTIVE</title> <p>This study aims to examine how different types of internet access relate to OHIS for different racial and ethnic groups. We investigate relationships among predisposing characteristics (ie, age, sex, education, and income), internet access (home computer, public computer, work computer, and mobile), health needs, and OHIS.</p> </sec> <sec> <title>METHODS</title> <p>Analysis was conducted using data from the 2019 Health Information National Trends Survey. Our theoretical model of OHIS explicates the roles of internet access and health needs for racial and ethnic minority groups’ OHIS. Participant responses were analyzed using structural equation modeling. Three separate group structural equation modeling models were specified based on Black, Latine, and White self-categorizations.</p> </sec> <sec> <title>RESULTS</title> <p>Overall, predisposing characteristics (ie, age, sex, education, and income) were associated with internet access, health needs, and OHIS; internet access was associated with OHIS; and health needs were associated with OHIS. Home computer and mobile access were most consistently associated with OHIS. Several notable linkages between predisposing characteristics and internet access differed for Black and Latine individuals. Older racial and ethnic minorities tended to access the internet on home and public computers less frequently; home computer access was a stronger predictor of OHIS for White individuals, and mobile access was a stronger predictor of OHIS for non-White individuals.</p> </sec> <sec> <title>CONCLUSIONS</title> <p>Our findings necessitate a deeper unpacking of how physical internet access, the foundational and multifaceted level of the digital divide, affects specific racial and ethnic groups and their OHIS. We not only find support for prior work on the digital divide but also surface new insights, including distinct impacts of context–device access pairings for OHIS and several relationships that differ between racial and ethnic groups. As such, we propose interventions with an intersectional approach to access to ameliorate the impact of the digital divide.</p> </sec>","",""
1,"J.V. Alamelu, A. Mythili","Review of Medical Cyber Physical System based Infusion Pump-perception on control strategy",2021,"EAI Endorsed Transactions on Energy Web","European Alliance for Innovation n.o.","https://doi.org/10.4108/eai.29-4-2021.169427","",722,"2026-05-27 21:14:56","journal-article","10.4108/eai.29-4-2021.169427","2032-944X",,8,36,,,1,0.20,1,2,5,"The revolutionary change in recent technologies has dominated the Medical field. Huge medical devices are deployed in hospitals and in-home environment. The innovations of smart medical devices are prominent which can be used in the fully automated and semi- automated environment. For several decades, numerous medical devices are designed and utilized effectively. These devices are designed for the past few years, manufactured in micro and nanotechnologies with smart sensing techniques. Such devices are network-enabled and integrated into the cyber world in physical means, leading to a medical cyber physical system. The design, working, and optimal control of smart medical devices are essential. In this paper, the emphasis on the review of infusion pump control mechanism with essential parameters such as drug delivery, flow rate, pump control has been considered.","https://publications.eai.eu/index.php/ew/article/download/765/619",""
8,"Noha M. Elghazally, Doaa Abdeldaim","Depression among Medical Staff during the Coronavirus Disease-19 Pandemic in Egypt: A Comparative Web-Based Cross-Sectional Study",2021,"Open Access Macedonian Journal of Medical Sciences","Scientific Foundation Spiroski (publications)","https://doi.org/10.3889/oamjms.2021.7791","",723,"2026-05-27 21:14:56","journal-article","10.3889/oamjms.2021.7791","1857-9655",,9,,1578,1585,8,1.60,4,2,5,"BACKGROUND: The coronavirus disease (COVID-19) outbreak had created several challenges for health care workers and public worldwide. That pandemic also leads to a significant mental health crisis across the globe. AIM: The study aimed to determine depression levels of physicians who work in isolation hospitals that treat patients with COVID-19 and those with other health facilities in Egypt during COVID-19 pandemic. Risk factors for depression were determined and interpreted to provide further psychological interventions for health care workers. MATERIALS AND METHODS: It was a cross-sectional web-based study among Egyptian physicians. The participants were divided into two groups based on their workplace; 1177 of whom worked in front line hospitals (group II) and the remaining 1154 physicians (group I) in other health facilities (second line). Depression was assessed using the Patient Health Questionnaire-9. RESULTS: In group I and II, nearly one-third had mild depressive symptoms whereas 5.1% in group I and 14.6% in group II had severe ones with a significant difference between both groups (p = 0.001). Females, younger age groups, divorced or widowed, frontline physicians, 1–5 years of work experience, specialty jobs and contact with patients with COVID-19 were more affected than others. CONCLUSIONS: Depressive symptoms are common among medical staff especially frontline health care workers. Regular evaluation of medical personnel involved in treatment and diagnosis of patients with COVID-19 must assess their stress, depression, and anxiety.","https://oamjms.eu/index.php/mjms/article/download/7791/6628",""
9,"Tanvi Garg, Navid Kagalwalla, Shubha Puthran, Prathamesh Churi, Ambika Pawar","A novel approach of privacy-preserving data sharing system through data-tagging with role-based access control",2021,"World Journal of Engineering","Emerald","https://doi.org/10.1108/wje-04-2021-0218","",724,"2026-05-27 21:14:56","journal-article","10.1108/wje-04-2021-0218","1708-5284",,20,1,12,28,9,1.80,2,5,5,"Purpose: This paper aims to design a secure and seamless system that ensures quick sharing of health-care data to improve the privacy of sensitive health-care data, the efficiency of health-care infrastructure, effective treatment given to patients and encourage the development of new health-care technologies by researchers. These objectives are achieved through the proposed system, a “privacy-aware data tagging system using role-based access control for health-care data.” Design/methodology/approach: Health-care data must be stored and shared in such a manner that the privacy of the patient is maintained. The method proposed, uses data tags to classify health-care data into various color codes which signify the sensitivity of data. It makes use of the ARX tool to anonymize raw health-care data and uses role-based access control as a means of ensuring only authenticated persons can access the data. Findings: The system integrates the tagging and anonymizing of health-care data coupled with robust access control policies into one architecture. The paper discusses the proposed architecture, describes the algorithm used to tag health-care data, analyzes the metrics of the anonymized data against various attacks and devises a mathematical model for role-based access control. Originality/value: The paper integrates three disparate topics – data tagging, anonymization and role-based access policies into one seamless architecture. Codifying health-care data into different tags based on International Classification of Diseases 10th Revision (ICD-10) codes and applying varying levels of anonymization for each data tag along with role-based access policies is unique to the system and also ensures the usability of data for research.","https://www.emerald.com/insight/content/doi/10.1108/WJE-04-2021-0218/full/html",""
0,"Jiaxiong Zhu, Zhigang Xiao, Chang FENG","Simulation of LLCL filter based on active damping weighted current control strategy",2021,"MATEC Web of Conferences","EDP Sciences","https://doi.org/10.1051/matecconf/202133601011","",726,"2026-05-27 21:14:56","journal-article","10.1051/matecconf/202133601011","2261-236X",,336,,1011,1011,0,0.00,0,3,5,"Grid-connected inverters is the core component of distributed generation system, and the filter is the core component of the inverters. When the inverter works, the filter can effectively filter and suppress the high-frequency harmonics in the output current of the inverter side, so as to ensure the stability of the power grid and improve the working effect of the whole grid connected inverter system. The filter is a high order underdamped system, and the LLCL Filter also has a resonance peak. In this paper, a weighted current method based on active damping is used. In this method, the output current of the inverter side and the current of the grid side are weighted with a reasonable proportion as the feedback quantity, the weighted current feedback is the outer loop, and the LC series branch current feedback is the inner loop. The system is reduced to the first order theoretically, which makes up for the under damping problem of the system and suppresses the resonance peak of the system. Through the simulation experiment, the feasibility of the active damping weighted current method is verified.","https://www.matec-conferences.org/10.1051/matecconf/202133601011/pdf",""
0,"Haixia Zeng, Yi Huang, Yan Chen","Design of digital regulated power supply based on feedback control",2021,"E3S Web of Conferences","EDP Sciences","https://doi.org/10.1051/e3sconf/202126701058","",734,"2026-05-27 21:14:56","journal-article","10.1051/e3sconf/202126701058","2267-1242",,267,,1058,1058,0,0.00,0,3,5,"This paper studies and designs a multi-functional digital regulated power supply, which can realize the switch between the two functions of numerical control current source and numerical control voltage source, and can set the relevant current parameters and voltage parameters through the keyboard. The idea of feedback control is fully adopted to establish the internal and external double negative feedback structures, so as to improve the precision of the regulated power supply. The digital regulator has the advantages of convenient control, large amount of display data, stable performance and so on. It is suitable for various applications of small capacity power supply.","https://www.e3s-conferences.org/10.1051/e3sconf/202126701058/pdf",""
0,"Jianhui Luo","Automatic Control Network Anomaly Detection Based on Behavior Understanding",2021,"2021 IEEE International Conference on Web Services (ICWS)","IEEE","https://doi.org/10.1109/icws53863.2021.00087","",735,"2026-05-27 21:14:56","proceedings-article","10.1109/icws53863.2021.00087","",,,,645,647,0,0.00,0,1,5,"","http://xplorestaging.ieee.org/ielx7/9590196/9590192/09590285.pdf?arnumber=9590285",""
0,"hideyat zerga, Asma AMRAOUI, badr BENMAMMAR","A Smart Contract-based Access Control Architecture for Telemedicine During Covid-19",2021,"","Springer Science and Business Media LLC","https://doi.org/10.21203/rs.3.rs-982468/v1","",739,"2026-05-27 21:14:56","posted-content","10.21203/rs.3.rs-982468/v1","",,,,,,0,0.00,0,3,5,"<title>Abstract</title> <p>In the fight against the COVID-19 epidemic that is currently a major global public health issue, social distancing has been imposed to prevent the massive transmission, thus doctors in hospitals have turned to telemedicine in order to be able to monitor their patient notably those suffering from chronic diseases. To do so, patients need to share their physiological data with doctors. In order to share this data safely, prevent malicious users from tampering with it and protect the privacy of patients, access control becomes a fundamental requirement. In order to set up a real-time (Internet of Thing) IoT enabled healthcare system (HS) scenario like telemedicine, Fog computing (FC) seems to be the best solution comparing to Cloud computing since it provides low latency, highly mobile and geo-distributed services and temporary storage. In this paper, the focus is on access control in the telemedicine systems. Our proposal is based, on one hand, the concept of Fog computing to ensure the distributed aspect needed in the monitoring of patient health remotely; and on the other hand Blockchain (BC) smart contracts, in order to provide a dynamic, optimized and self-adjusted access control.</p>","https://www.researchsquare.com/article/rs-982468/v1",""
2,"David E. Norvell","Open Energy Information System",2021,"Web Based Energy Information and Control Systems:","River Publishers","https://doi.org/10.1201/9781003151173-6","",740,"2026-05-27 21:14:56","book-chapter","10.1201/9781003151173-6","",,,,35,48,2,0.40,2,1,5,"","",""
12,"V. Bertocci","JSON Web Token (JWT) Profile for OAuth 2.0 Access Tokens",2021,"","RFC Editor","https://doi.org/10.17487/rfc9068","",741,"2026-05-27 21:14:56","report","10.17487/rfc9068","",,,,,,12,2.40,12,1,5,"","",""
0,"Barney L. Capehart, Lynne C. Capehart","Conclusion",2021,"Web Based Energy Information and Control Systems:","River Publishers","https://doi.org/10.1201/9781003151173-47","",744,"2026-05-27 21:14:56","book-chapter","10.1201/9781003151173-47","",,,,507,507,0,0.00,0,2,5,"","",""
47,"Onder Tutsoy","COVID-19 Epidemic and Opening of the Schools: Artificial Intelligence-Based Long-Term Adaptive Policy Making to Control the Pandemic Diseases",2021,"IEEE Access","Institute of Electrical and Electronics Engineers (IEEE)","https://doi.org/10.1109/access.2021.3078080","",750,"2026-05-27 21:14:56","journal-article","10.1109/access.2021.3078080","2169-3536",,9,,68461,68471,47,9.40,47,1,5,"","http://xplorestaging.ieee.org/ielx7/6287639/9312710/09424624.pdf?arnumber=9424624",""
1,"Gaymond Yee, Tom Webster","State of Practice of Energy Management, Control, and Information Systems 1",2021,"Web Based Energy Information and Control Systems:","River Publishers","https://doi.org/10.1201/9781003151173-26","",751,"2026-05-27 21:14:56","book-chapter","10.1201/9781003151173-26","",,,,275,286,1,0.20,1,2,5,"","",""
13,"Laura Celentano, Michael V. Basin, Peng Shi","Majorant-Based Control Methodology for Mechatronic and Transportation Processes",2021,"IEEE Access","Institute of Electrical and Electronics Engineers (IEEE)","https://doi.org/10.1109/access.2021.3126123","",755,"2026-05-27 21:14:56","journal-article","10.1109/access.2021.3126123","2169-3536",,9,,157916,157939,13,2.60,4,3,5,"","http://xplorestaging.ieee.org/ielx7/6287639/9312710/09605686.pdf?arnumber=9605686",""
1,"Jinru Wang, Jingxian Yu","Particle Swarm Optimization-Based H∞ Tracking Fault Tolerant Control for Batch Processes",2021,"IEEE Access","Institute of Electrical and Electronics Engineers (IEEE)","https://doi.org/10.1109/access.2021.3087939","",758,"2026-05-27 21:14:56","journal-article","10.1109/access.2021.3087939","2169-3536",,9,,84241,84251,1,0.20,1,2,5,"","http://xplorestaging.ieee.org/ielx7/6287639/9312710/09449906.pdf?arnumber=9449906",""
8,"Chen-Ting Wen, Shogo Arai, Jun Kinugawa, Kazuhiro Kosuge","Tactile Servoing Based Pressure Distribution Control of a Manipulator Using a Convolutional Neural Network",2021,"IEEE Access","Institute of Electrical and Electronics Engineers (IEEE)","https://doi.org/10.1109/access.2021.3106327","",762,"2026-05-27 21:14:56","journal-article","10.1109/access.2021.3106327","2169-3536",,9,,117132,117139,8,1.60,2,4,5,"","http://xplorestaging.ieee.org/ielx7/6287639/9312710/09519696.pdf?arnumber=9519696",""
16,"Xiaojun Duan, Chao Yue, Huiying Liu, Huijuan Guo, Fan Zhang","Attitude Tracking Control of Small-Scale Unmanned Helicopters Using Quaternion-Based Adaptive Dynamic Surface Control",2021,"IEEE Access","Institute of Electrical and Electronics Engineers (IEEE)","https://doi.org/10.1109/access.2020.3043363","",766,"2026-05-27 21:14:56","journal-article","10.1109/access.2020.3043363","2169-3536",,9,,10153,10165,16,3.20,3,5,5,"","http://xplorestaging.ieee.org/ielx7/6287639/9312710/09288735.pdf?arnumber=9288735",""
1,"Bing Lu, Qikun Shen","NNs-Based Adaptive Control for Genetic Regulatory Networks With Sensor Faults",2021,"IEEE Access","Institute of Electrical and Electronics Engineers (IEEE)","https://doi.org/10.1109/access.2021.3113988","",767,"2026-05-27 21:14:56","journal-article","10.1109/access.2021.3113988","2169-3536",,9,,131033,131041,1,0.20,1,2,5,"","http://xplorestaging.ieee.org/ielx7/6287639/9312710/09541189.pdf?arnumber=9541189",""
0,"Yuedou Pan, Guoqing Cai","Decentralized control of robot joints based on neural network observer",2021,"E3S Web of Conferences","EDP Sciences","https://doi.org/10.1051/e3sconf/202123301019","",768,"2026-05-27 21:14:56","journal-article","10.1051/e3sconf/202123301019","2267-1242",,233,,1019,1019,0,0.00,0,2,5,"In actual work, the system parameters of the robot joints will change in real time or cannot be measured, and the coupling relationship between the various subsystems and the existence of modeling errors make the system model difficult to determine. Based on such problems, a neural network observation is proposed Decentralized control method for robot joints of the robot. In the actual control of the manipulator, firstly, the model of each joint subsystem is established by the decentralized control theory, and the nonlinear function approximation ability of the neural network is used to approach the uncertain part of the manipulator subsystem online through input and output data. The design observer can estimate the state of the system, and use the estimated state to design a sliding mode controller to dynamically estimate and compensate the unknown model dynamics of each independent joint, and realize the self-control of the system when the speed information and model information are unknown. Adaptive control greatly enhances the robustness and adaptability of the robotic arm system. Finally, the stability criterion of the neural network observer and the sliding mode controller is given by the Lyapunov function method, and the simulation results prove the effectiveness of the design method.","https://www.e3s-conferences.org/10.1051/e3sconf/202123301019/pdf",""
4,"Dominic Heutelbeck, Marc Lucas Baur, Martin Kluba","In-Memory Policy Indexing for Policy Retrieval Points in Attribute-Based Access Control",2021,"Proceedings of the 26th ACM Symposium on Access Control Models and Technologies","ACM","https://doi.org/10.1145/3450569.3463562","",771,"2026-05-27 21:14:56","proceedings-article","10.1145/3450569.3463562","",,,,59,70,4,0.80,1,3,5,"","https://dl.acm.org/doi/10.1145/3450569.3463562",""
0,"Feng Zhai, Yingjie Zhao, Lingda Kong, Xiaojuan Zhang, Lin Jiang","A Secure and Fast Access Protocol for Collecting Terminal in Power Internet of Things based on Symmetric Cryptographic Algorithm",2021,"E3S Web of Conferences","EDP Sciences","https://doi.org/10.1051/e3sconf/202125201007","",773,"2026-05-27 21:14:56","journal-article","10.1051/e3sconf/202125201007","2267-1242",,252,,1007,1007,0,0.00,0,5,5,"The development of Power Internet of Things has brought a variety of access requirements for massive collecting terminals. Based on the characteristics of security attributes of Power Internet of Things, this paper proposes a secure access protocol based on symmetric cryptographic algorithm for the large number of collecting terminals with limited manufacturing cost, computing power and storage resources. This protocol only uses the symmetric cryptographic algorithm which has the fast computing speed and low resource consumption, and the protocol can realize two-way identity authentication between the collecting terminal and master station. At the same time, combined with the historical access mechanism, it improves the access efficiency of the collecting terminals, and realizes the safe and fast access of the collecting terminal. Finally, compared with other protocols, the proposed protocol is also effective in security and performance.","https://www.e3s-conferences.org/10.1051/e3sconf/202125201007/pdf",""
0,"Chen Weihua, Shan Renzhong, Bai Cuifen, Zhang Youdong","Research on Power System Control Based on Emergency Response",2021,"E3S Web of Conferences","EDP Sciences","https://doi.org/10.1051/e3sconf/202125201005","",774,"2026-05-27 21:14:56","journal-article","10.1051/e3sconf/202125201005","2267-1242",,252,,1005,1005,0,0.00,0,4,5,"In order to prevent power system disasters and improve power system emergency response capability, the theoretical basis of integration power system disaster prevention and emergency response into social disaster prevention and emergency response was studied. Based on the statistical summary of power system disasters and emergency treatment, the necessity and feasibility of integration power disaster prevention and emergency response into social disaster prevention and emergency response was analyzed. And the mode of integration power disaster prevention and emergency response into social disaster prevention and emergency response was discussed, including weak contact mode, integration mode, unified coordination mode, etc. Then, the path map of integration power disaster prevention and emergency response into social disaster prevention and emergency response was constructed. The research shows that integration of power disaster prevention and emergency response into social disaster prevention and emergency response can realize the prevention and early control of electronic system disasters through data sharing and action coordination, so as to improve the level of power disaster prevention and emergency response.","https://www.e3s-conferences.org/10.1051/e3sconf/202125201005/pdf",""
42,"Changchun Bao, Yufei Guo, Leru Luo, Guanqun Su","Design of a Fixed-Wing UAV Controller Based on Adaptive Backstepping Sliding Mode Control Method",2021,"IEEE Access","Institute of Electrical and Electronics Engineers (IEEE)","https://doi.org/10.1109/access.2021.3130296","",779,"2026-05-27 21:14:56","journal-article","10.1109/access.2021.3130296","2169-3536",,9,,157825,157841,42,8.40,11,4,5,"","http://xplorestaging.ieee.org/ielx7/6287639/9312710/09625973.pdf?arnumber=9625973",""
0,"Yufei Wang, Tengbiao Zhang, Qian Ye","Situation awareness framework for industrial control system based on cyber kill chain",2021,"MATEC Web of Conferences","EDP Sciences","https://doi.org/10.1051/matecconf/202133602013","",783,"2026-05-27 21:14:56","journal-article","10.1051/matecconf/202133602013","2261-236X",,336,,2013,2013,0,0.00,0,3,5,"Information and cyber security of Industrial Control Systems (ICS) has gained considerable importance. Situation Awareness (SA) is an exciting mechanism to achieve the perception, comprehension and projection of the ICS information security status. Based on the Purdue Enterprise Reference Architecture (PERA), a situation awareness framework for ICS is presented considering the ICS cyber kill chain. The proposed framework consists of IT SA Centre, OT SA Centre, and Comprehensive SA Centre. Comprehensive SA Centre is responsible for creating and maintaining an integrated and high level of security visibility into the whole environments. The introduced framework can be used to guide the development of the situation awareness infrastructure in organization with industrial control systems.","https://www.matec-conferences.org/10.1051/matecconf/202133602013/pdf",""
14,"Yashar Shabbouei Hagh, Afef Fekih, Heikki Handroos","Robust PI-Based Non-Singular Terminal Synergetic Control for Nonlinear Systems via Hybrid Nonlinear Disturbance Observer",2021,"IEEE Access","Institute of Electrical and Electronics Engineers (IEEE)","https://doi.org/10.1109/access.2021.3094554","",787,"2026-05-27 21:14:56","journal-article","10.1109/access.2021.3094554","2169-3536",,9,,97401,97414,14,2.80,5,3,5,"","http://xplorestaging.ieee.org/ielx7/6287639/9312710/09474334.pdf?arnumber=9474334",""
18,"Yuxin Zha, Jian Lin, Guanjun Li, Yue Wang, Yizhang","Analysis of Inertia Characteristics of Photovoltaic Power Generation System Based on Generalized Droop Control",2021,"IEEE Access","Institute of Electrical and Electronics Engineers (IEEE)","https://doi.org/10.1109/access.2021.3059678","",795,"2026-05-27 21:14:56","journal-article","10.1109/access.2021.3059678","2169-3536",,9,,37834,37839,18,3.60,4,5,5,"","http://xplorestaging.ieee.org/ielx7/6287639/9312710/09360529.pdf?arnumber=9360529",""
1,"Duan Huijiao","Internal Control, Manager ability and Enterprise performance – Empirical Analysis Based on DEA data Envelopment Model",2021,"E3S Web of Conferences","EDP Sciences","https://doi.org/10.1051/e3sconf/202129202027","",797,"2026-05-27 21:14:56","journal-article","10.1051/e3sconf/202129202027","2267-1242",,292,,2027,2027,1,0.20,1,1,5,"Internal control has become an important part of corporate governance. This paper selects all Chinese A-share listed companies from 2015 to 2019 as samples to study the relationship between internal control and corporate performance, and to investigate the effect of managers’ ability on the process of internal control affecting corporate performance. It is found that there is a significant negative correlation between internal control defects and enterprise performance, which indicates that there are significant internal control defects, which will restrain the enterprise’s financial performance; the effectiveness of internal control operation is significantly positively correlated with enterprise performance, which shows that the operation of effective internal control helps to promote the financial performance of enterprises. When we introduce management competence as a moderating variable, we find that competent managers can improve financial performance in an effective internal control environment.","https://www.e3s-conferences.org/10.1051/e3sconf/202129202027/pdf",""
20,"Thai-Thanh Nguyen, Hak-Man Kim","Cluster-Based Predictive PCC Voltage Control of Large-Scale Offshore Wind Farm",2021,"IEEE Access","Institute of Electrical and Electronics Engineers (IEEE)","https://doi.org/10.1109/access.2020.3048175","",798,"2026-05-27 21:14:56","journal-article","10.1109/access.2020.3048175","2169-3536",,9,,4630,4641,20,4.00,10,2,5,"","http://xplorestaging.ieee.org/ielx7/6287639/9312710/09311186.pdf?arnumber=9311186",""
70,"Mary Ann George, Dattaguru V. Kamat, Ciji Pearl Kurian","Electronically Tunable ACO Based Fuzzy FOPID Controller for Effective Speed Control of Electric Vehicle",2021,"IEEE Access","Institute of Electrical and Electronics Engineers (IEEE)","https://doi.org/10.1109/access.2021.3080086","",799,"2026-05-27 21:14:56","journal-article","10.1109/access.2021.3080086","2169-3536",,9,,73392,73412,70,14.00,23,3,5,"","http://xplorestaging.ieee.org/ielx7/6287639/9312710/09430525.pdf?arnumber=9430525",""
2,"Giuseppe Lo Presti, Aritz Brosa Iartza, Sebastian Bukowiec","Samba and CERNBox: Providing online access to Windows-based users at CERN",2021,"EPJ Web of Conferences","EDP Sciences","https://doi.org/10.1051/epjconf/202125102024","",800,"2026-05-27 21:14:56","journal-article","10.1051/epjconf/202125102024","2100-014X",,251,,2024,2024,2,0.40,1,3,5,"This paper presents the experience in providing CERN users with direct online access to their EOS/CERNBox-powered user storage from Windows. In production for about 15 months, a High-Available Samba cluster is regularly used by a significant fraction of the CERN user base, following the migration of their central home folders from Microsoft DFS in the context of CERN’s strategy to move to open source solutions.","https://www.epj-conferences.org/10.1051/epjconf/202125102024/pdf",""
2,"Giuseppe Lo Presti, Aritz Brosa Iartza, Sebastian Bukowiec","Samba and CERNBox: Providing online access to Windows-based users at CERN",2021,"EPJ Web of Conferences","EDP Sciences","https://doi.org/10.1051/epjconf/202125102024","",801,"2026-05-27 21:14:56","journal-article","10.1051/epjconf/202125102024","2100-014X",,251,,2024,2024,2,0.40,1,3,5,"This paper presents the experience in providing CERN users with direct online access to their EOS/CERNBox-powered user storage from Windows. In production for about 15 months, a High-Available Samba cluster is regularly used by a significant fraction of the CERN user base, following the migration of their central home folders from Microsoft DFS in the context of CERN’s strategy to move to open source solutions.","https://www.epj-conferences.org/10.1051/epjconf/202125102024/pdf",""
1,"kang Liu, Guige Gao","Circulating Current Suppression Strategy of Modular Multilevel Converter Based on Model Predictive Control",2021,"E3S Web of Conferences","EDP Sciences","https://doi.org/10.1051/e3sconf/202126101035","",802,"2026-05-27 21:14:56","journal-article","10.1051/e3sconf/202126101035","2267-1242",,261,,1035,1035,1,0.20,1,2,5,"Modular Multilevel Converter (MMC) has the characteristics of high voltage level and low switching frequency. The traditional modular multilevel converter circulating current control strategy mostly adopts the PI control principle, and the parameter setting is complicated and the accuracy is not high, and the control process is more difficult. Model predictive control strategy is the optimal control method based on the model in the existing time domain. This paper proposes a Model Predictive Control (MPC) method based on carrier phase-shifted pulse width modulation (PSC-PWM) to suppress the circulating current, and output the optimal modulation wave through model prediction. Compared with the traditional control strategy, this strategy is simple to implement, does not require complex tuning calculations, and combines with the traditional capacitor voltage equalization strategy to obtain the output modulation wave. A 7-level MMC simulation control system is built in MATLAB / SIMLINK to verify the theory, comparing with existing control methods, it can be concluded that the proposed method has high calculation efficiency, good control accuracy and strong robustness.","https://www.e3s-conferences.org/10.1051/e3sconf/202126101035/pdf",""
8,"Natalya Kolyeva","Organization of multi-access in databases",2021,"E3S Web of Conferences","EDP Sciences","https://doi.org/10.1051/e3sconf/202127001006","",810,"2026-05-27 21:14:56","journal-article","10.1051/e3sconf/202127001006","2267-1242",,270,,1006,1006,8,1.60,8,1,5,"A particular, but important problem of freeing database memory in multi-access conditions is considered. A number of solutions to this problem are proposed and their advantages and disadvantages are noted. Three methods of organizing work with free space are considered. The first method assumes two additional modes of capturing pages: “Joint deletion” and “deletion”. In the second method, the pages after the last tuple have been deleted are inserted at the end of the free list. The third method involves the actual presentation of the freed pages of the relationship to the free memory pool of the segment and is postponed until the relationship is reorganized.","https://www.e3s-conferences.org/10.1051/e3sconf/202127001006/pdf",""
7,"Bithi N. Biswas, Shweta D. Bhitkar, Sumedh N. Pundkar","Secure Login: A Blockchain based web application for Identity Access Management System",2021,"2021 2nd International Conference for Emerging Technology (INCET)","IEEE","https://doi.org/10.1109/incet51464.2021.9456352","",821,"2026-05-27 21:14:56","proceedings-article","10.1109/incet51464.2021.9456352","",,,,1,5,7,1.40,2,3,5,"","http://xplorestaging.ieee.org/ielx7/9456097/9456045/09456352.pdf?arnumber=9456352",""
0,"Lu Yan, Rui Xu, Xin Zhang","Research on Optical Energy Storage System Based on Rule Logic Control",2021,"E3S Web of Conferences","EDP Sciences","https://doi.org/10.1051/e3sconf/202123702003","",822,"2026-05-27 21:14:56","journal-article","10.1051/e3sconf/202123702003","2267-1242",,237,,2003,2003,0,0.00,0,3,5,"Photovoltaic energy storage system is composed of photovoltaic power generation, energy storage battery, load and power grid, it has researched on different modes of bi-directional DC/AC converter, taking into account a variety of photovoltaic output fluctuations, energy storage battery charging and discharging management, load increasing and decreasing, etc. Aiming at the energy management strategy, using DC bus voltage fluctuation as the basis of energy layer mobilization, the power balance control based on regular control is proposed. Compared with the DC bus voltage level energy management, the power tracking accuracy is further improved and energy loss is reduced. Finally, through MATLAB/Simulink being in off/connected model and the charging/discharging model, the effectiveness of the energy control strategy was verified separately by simulation. The simulation results show that: the proposed control strategy can improve the power tracking accuracy and reduce the energy loss of the system; the proposed strategy guarantees the bidirectional exchange of system energy and maintains the power balance in the network, the DC bus voltage is stable, and the energy storage battery achieves smooth power output and peak load shifting.","https://www.e3s-conferences.org/10.1051/e3sconf/202123702003/pdf",""
2,"He Yueming","Research on the Role of Art Creation in Ceramic Material Product Design Based on the Perspective of Innovation",2021,"E3S Web of Conferences","EDP Sciences","https://doi.org/10.1051/e3sconf/202125101033","",824,"2026-05-27 21:14:56","journal-article","10.1051/e3sconf/202125101033","2267-1242",,251,,1033,1033,2,0.40,2,1,5,"Materials are the material basis for product design, and many products design needs to be achieved through Ceramic materials. Materials are not only the material basis of products, but also the hallmark of social civilization. The choice of Ceramic materials is not only one of the decisive factors for the success of product design, but also the key to the artistic aesthetic of the product. The perfect shape, color and function are important, and the material texture can not be ignored, it will affect the final effect of product design. The application of Ceramic materials in product design is too stylized, which seriously restricts the innovative role of Ceramic materials in product design. It is necessary to re-recognize the design characteristics and functions of Ceramic materials and explore their application methods and means. This paper analyzes the importance and complexity of material selection in product design under the perspective of innovation, and further explores the role of material art creation in product design, summarizes the basic principles and methods of material selection in product design, and hopes to pass scientific Ceramic materials. Choose to optimize the design of your product.","https://www.e3s-conferences.org/10.1051/e3sconf/202125101033/pdf",""
0,"Sandra C. Scanlon","Overview of Digital Control and Integrated Building Automation Systems in K-12 Schools",2021,"Web Based Energy Information and Control Systems:","River Publishers","https://doi.org/10.1201/9781003151173-31","",826,"2026-05-27 21:14:56","book-chapter","10.1201/9781003151173-31","",,,,333,338,0,0.00,0,1,5,"","",""
12,"Ramaswamy Chandramouli, Zack Butcher, Aradhna Chetal","Attribute-based access control for microservices-based applications using a service mesh",2021,"","National Institute of Standards and Technology (U.S.)","https://doi.org/10.6028/nist.sp.800-204b","",829,"2026-05-27 21:14:56","report","10.6028/nist.sp.800-204b","",,,,,,12,2.40,4,3,5,"Deployment architecture in cloud-native applications now consists of loosely coupled components, called microservices, with all application services provided through a dedicated infrastructure, called a service mesh, independent of the application code. Two critical security requirements in this architecture are to build (1) the concept of zero trust by enabling mutual authentication in communication between any pair of services and (2) a robust access control mechanism based on an access control such as attribute-based access control (ABAC) that can be used to express a wide set of policies and is scalable in terms of user base, objects (resources), and deployment environment. This document provides deployment guidance for building an authentication and authorization framework within the service mesh that meets these requirements. A reference platform for hosting the microservices-based application and a reference platform for the service mesh are included to illustrate the concepts in the recommendations and provide the context in terms of the components used in real-world deployments.","",""
0,"Claudio A. Ardagna, Nicola Bena","XML-Based Access Control Languages",2021,"Encyclopedia of Cryptography, Security and Privacy","Springer Berlin Heidelberg","https://doi.org/10.1007/978-3-642-27739-9_833-2","",838,"2026-05-27 21:14:56","book-chapter","10.1007/978-3-642-27739-9_833-2","",,,,1,6,0,0.00,0,2,5,"","http://link.springer.com/content/pdf/10.1007/978-3-642-27739-9_833-2",""
0,"","Attribute-based Access Control for Microservices-based Applications Using a Service Mes",2021,"","National Institute of Standards and Technology (NIST)","https://doi.org/10.6028/nist.sp.800-204b-draft","",843,"2026-05-27 21:14:56","posted-content","10.6028/nist.sp.800-204b-draft","",,,,,,0,0.00,0,0,5,"","",""
16,"Chandan Kumar, Rampelli Manojkumar, Sanjib Ganguly, Marco Liserre","Impact of Optimal Control of Distributed Generation Converters in Smart Transformer Based Meshed Hybrid Distribution Network",2021,"IEEE Access","Institute of Electrical and Electronics Engineers (IEEE)","https://doi.org/10.1109/access.2021.3119349","",850,"2026-05-27 21:14:56","journal-article","10.1109/access.2021.3119349","2169-3536",,9,,140268,140280,16,3.20,4,4,5,"","http://xplorestaging.ieee.org/ielx7/6287639/9312710/09567666.pdf?arnumber=9567666",""
0,"Yury Maisiayonak","RTTWebClient: Web Client to 'TickTrader'",2021,"CRAN: Contributed Packages","The R Foundation","https://doi.org/10.32614/cran.package.rttwebclient","",863,"2026-05-27 21:14:56","dataset","10.32614/cran.package.rttwebclient","",,,,,,0,0.00,0,1,5,"","",""
7,"Seung-Hee Choi, Sang-Jo Yoo","Recurrent Neural Network-Based Optimal Sensing Duty Cycle Control Method for Wireless Sensor Networks",2021,"IEEE Access","Institute of Electrical and Electronics Engineers (IEEE)","https://doi.org/10.1109/access.2021.3113298","",868,"2026-05-27 21:14:56","journal-article","10.1109/access.2021.3113298","2169-3536",,9,,133215,133228,7,1.40,4,2,5,"","http://xplorestaging.ieee.org/ielx7/6287639/9312710/09540599.pdf?arnumber=9540599",""
15,"Quang-Dung Pham, Nhu-Ngoc Dao, Thuy Nguyen-Thanh, Sungrae Cho, Hai Chien Pham","Detachable Web-Based Learning Framework to Overcome Immature ICT Infrastructure Toward Smart Education",2021,"IEEE Access","Institute of Electrical and Electronics Engineers (IEEE)","https://doi.org/10.1109/access.2021.3062371","",870,"2026-05-27 21:14:56","journal-article","10.1109/access.2021.3062371","2169-3536",,9,,34951,34961,15,3.00,3,5,5,"","http://xplorestaging.ieee.org/ielx7/6287639/9312710/09363890.pdf?arnumber=9363890",""
0,"Eric Schares","An Easier Way to Access the Web of Science API",2021,"OpenISU","Iowa State University","https://doi.org/10.31274/b8136f97.a592e503","",880,"2026-05-27 21:14:56","journal-article","10.31274/b8136f97.a592e503","",,,,,,0,0.00,0,1,5,"","",""
0,"Gaymond Yee, Tom Webster","Review of Advanced Applications in Energy Management, Control, and Information Systems 1",2021,"Web Based Energy Information and Control Systems:","River Publishers","https://doi.org/10.1201/9781003151173-27","",884,"2026-05-27 21:14:56","book-chapter","10.1201/9781003151173-27","",,,,287,304,0,0.00,0,2,5,"","",""
0,"Hanmin Liu, Zhenyu Wang, Shouxiang Wang, Qi Liu, Guozhong Zhang, Yunfeng Tian, Yu Shen, Qianyu Zhao","Two Level Control Strategy for Independent AC/DC Hybrid Microgrid Based on Integrated Control",2021,"E3S Web of Conferences","EDP Sciences","https://doi.org/10.1051/e3sconf/202125602039","",891,"2026-05-27 21:14:56","journal-article","10.1051/e3sconf/202125602039","2267-1242",,256,,2039,2039,0,0.00,0,8,5,"Aiming at the independent AC/DC microgrid, a simple and effective multi time scale control strategy is proposed by adopting the combination of day ahead scheduling and real-time control. The day ahead scheduling strategy takes the minimum operation cost of AC/DC microgrid as the goal, and schedules the controllable loads in the AC/DC microgrid with particle swarm optimization, which makes full use of renewable energy. The real-time control strategy controls the output of the distributed generation, the load reduction and the switching of the diesel generator according to the real-time energy storage state of charge (SOC), which keep the power balance of the AC/DC microgrid. The effectiveness of the proposed two-level control strategy is verified by a practical AC/DC hybrid microgrid. The results show that the proposed method can make full use of renewable energy and ensure the economic and reliable operation of AC/DC hybrid microgrid.","https://www.e3s-conferences.org/10.1051/e3sconf/202125602039/pdf",""
2,"Daria Monastyreva, Natalia Astafieva","Green building investment control system based on a three-dimensional parametric model of the green building",2021,"E3S Web of Conferences","EDP Sciences","https://doi.org/10.1051/e3sconf/202125809079","",893,"2026-05-27 21:14:56","journal-article","10.1051/e3sconf/202125809079","2267-1242",,258,,9079,9079,2,0.40,1,2,5,"Investment in construction projects is a rather complex process. The customer of construction product, as a rule, is also its investor and for him the systematization of information about the construction process is a necessity. Construction investment control (CIC) is an integral part of the building construction process. Such control is a separate service that is necessary for the customer to objectively understand the installed work volumes and forecast deadlines. Completed construction and installation works are confirmed by acts of acceptance of the completed works, which are subsequently the basis for payment for the work done. In this paper, we developed a methodology for managing investments in construction, as well as their control using modern BIM technologies. The effectiveness of using 3D modelling in investment control was demonstrated on the example of a residential complex. In addition, the volume of work obtained from the 3D-model was compared with the volume of work calculated manually. As a result, the exact amount of work and schedules for forecasting investment of funds were obtained.","https://www.e3s-conferences.org/10.1051/e3sconf/202125809079/pdf",""
2,"XU Wen-kuan, ZHANG You-peng","Research on Wind Turbine Converter Control Based on Resonant Sliding Film Controller",2021,"E3S Web of Conferences","EDP Sciences","https://doi.org/10.1051/e3sconf/202123601020","",911,"2026-05-27 21:14:56","journal-article","10.1051/e3sconf/202123601020","2267-1242",,236,,1020,1020,2,0.40,1,2,5,"A resonant sliding mode control strategy based on the resonant sliding film surface is proposed to control the turbine-side converter of the wind turbine so that the wind turbine can be connected to the grid smoothly under the condition of unbalanced grid voltage. Taking the doubly-fed asynchronous wind generator working under unbalanced grid voltage as the control object, establish its mathematical model and its generator-side converter. Taking the instantaneous power in the α β static coordinate system as the state variable of the sliding mode controller, the resonant sliding mode controller is studied, its parameters are designed, and experiments are carried out in the simulation platform MATLAB. A 1.5MW motor model was established and tested, and it was verified that the resonant sliding mode control strategy can control the grid voltage without static error and realize the smooth grid connection of wind turbines.","https://www.e3s-conferences.org/10.1051/e3sconf/202123601020/pdf",""
0,"Wang Chunpu","Single well control area splitting method based on reservoir sphysical properties and gas well productivity differences",2021,"E3S Web of Conferences","EDP Sciences","https://doi.org/10.1051/e3sconf/202123601010","",915,"2026-05-27 21:14:56","journal-article","10.1051/e3sconf/202123601010","2267-1242",,236,,1010,1010,0,0.00,0,1,5,"The determination of the control area of a single well is the prerequisite for the evaluation of the reserves of a single well. The current calculation methods of the control area of a single well are mainly divided into: experience formula, area balancing method, and the physical model, in order to solve the different limitations of the existing single-well control area splitting method and the problem of large error in use, this paper puts forward a kind of based on gas reservoir physical property and the growth of single well productivity difference algorithm for single well control area is split, according to the results of the split combining static reservoir parameters, using volumetric method for single well and the calculation of reserves of gas reservoir evaluation, further clarify the original and the remaining gas distribution of gas reservoir, for the subsequent reasonable development of the gas reservoir and enhance oil recovery. In this paper, block S of Sulige gas field is taken as an example, and the geological reserve of block is calculated as 354.75×10","https://www.e3s-conferences.org/10.1051/e3sconf/202123601010/pdf",""
2,"Daria Monastyreva, Natalia Astafieva","Green building investment control system based on a three-dimensional parametric model of the green building",2021,"E3S Web of Conferences","EDP Sciences","https://doi.org/10.1051/e3sconf/202125809079","",918,"2026-05-27 21:14:56","journal-article","10.1051/e3sconf/202125809079","2267-1242",,258,,9079,9079,2,0.40,1,2,5,"Investment in construction projects is a rather complex process. The customer of construction product, as a rule, is also its investor and for him the systematization of information about the construction process is a necessity. Construction investment control (CIC) is an integral part of the building construction process. Such control is a separate service that is necessary for the customer to objectively understand the installed work volumes and forecast deadlines. Completed construction and installation works are confirmed by acts of acceptance of the completed works, which are subsequently the basis for payment for the work done. In this paper, we developed a methodology for managing investments in construction, as well as their control using modern BIM technologies. The effectiveness of using 3D modelling in investment control was demonstrated on the example of a residential complex. In addition, the volume of work obtained from the 3D-model was compared with the volume of work calculated manually. As a result, the exact amount of work and schedules for forecasting investment of funds were obtained.","https://www.e3s-conferences.org/10.1051/e3sconf/202125809079/pdf",""
2,"Liang Qiao","Bird Strike Risk Control in Meizhou Airport Based on Cascading Failure Model in Coupled Map Lattices",2021,"E3S Web of Conferences","EDP Sciences","https://doi.org/10.1051/e3sconf/202126103050","",920,"2026-05-27 21:14:56","journal-article","10.1051/e3sconf/202126103050","2267-1242",,261,,3050,3050,2,0.40,2,1,5,"The fundamental way to reduce the risk of bird strike is to manage the ecological environment of the airport and its surrounding areas and affect the ecological chain of birds. Based on a comprehensive survey of animal and plant populations in Meizhou airport, an airport ecological chain network is established, and a improved cascading failure model in coupled map lattices is introduced to simulate the robustness and vulnerability of the network. It is found that airport ecological network will be collapsed around five time series one after another under the external attack. It also shows that the network will have a global breakdown under a very small external perturbation value when","https://www.e3s-conferences.org/10.1051/e3sconf/202126103050/pdf",""
3,"Marcelo Antonio de Carvalho Junior, Paulo Bandiera-Paiva","Implications of loosened Role-based Access Control session control implementation for the enforcement of Dynamic Mutually Exclusive Roles properties on Health Information Systems",2021,"Informatics in Medicine Unlocked","Elsevier BV","https://doi.org/10.1016/j.imu.2021.100780","",927,"2026-05-27 21:14:56","journal-article","10.1016/j.imu.2021.100780","2352-9148",,27,,100780,100780,3,0.60,2,2,5,"","https://api.elsevier.com/content/article/PII:S2352914821002513",""
47,"Asmaa Fawzy, Abualkasim Bakeer, Gaber Magdy, Ibrahem E. Atawi, Mohamed Roshdy","Adaptive Virtual Inertia-Damping System Based on Model Predictive Control for Low-Inertia Microgrids",2021,"IEEE Access","Institute of Electrical and Electronics Engineers (IEEE)","https://doi.org/10.1109/access.2021.3101887","",931,"2026-05-27 21:14:56","journal-article","10.1109/access.2021.3101887","2169-3536",,9,,109718,109731,47,9.40,9,5,5,"","http://xplorestaging.ieee.org/ielx7/6287639/9312710/09503430.pdf?arnumber=9503430",""
1,"Mohamed Haidoury, Hatim Jbari, Mohammed Rachidi","Modeling and Control of Fuel Cell/Supercapacitor Hybrid Source Based on Energetic Macroscopic Representation",2021,"E3S Web of Conferences","EDP Sciences","https://doi.org/10.1051/e3sconf/202129701049","",935,"2026-05-27 21:14:56","journal-article","10.1051/e3sconf/202129701049","2267-1242",,297,,1049,1049,1,0.20,0,3,5,"In this paper, we present a dynamic simulator that uses a proton exchange membrane fuel cell (PEMFC). This source, is used as a primary source with a supercapacitor (SC) considered as a secondary source. This simulator integrates a PEMFC’s dynamic model, validated on the Bahia bench and a semi-empirical model of SC. The developed model is implemented using the macroscopic energetic representation tool (EMR). The energy management system (EMS) is based on rule-based power management, where a low-pass filter splits the power among sources (PEMFC and SCs) using a cut-off frequency of 0.2Hz, and a controller block that regulates the bus voltage deduced by the EMR’s inversion-based control approach.","https://www.e3s-conferences.org/10.1051/e3sconf/202129701049/pdf",""
5,"Jose Pablo Belletti Araque, Alessandro Zavoli, Domenico Trotta, Guido De Matteis","Genetic Algorithm Based Parameter Tuning for Robust Control of Launch Vehicle in Atmospheric Flight",2021,"IEEE Access","Institute of Electrical and Electronics Engineers (IEEE)","https://doi.org/10.1109/access.2021.3099006","",936,"2026-05-27 21:14:56","journal-article","10.1109/access.2021.3099006","2169-3536",,9,,108175,108189,5,1.00,1,4,5,"","http://xplorestaging.ieee.org/ielx7/6287639/9312710/09492099.pdf?arnumber=9492099",""
0,"Mahmoud Al Ahmad, Saifudeen Kabeer, Lillian J. A. Olule","Wireless Multiplexing Agile Antenna-Based Control System",2021,"IEEE Access","Institute of Electrical and Electronics Engineers (IEEE)","https://doi.org/10.1109/access.2021.3049506","",937,"2026-05-27 21:14:56","journal-article","10.1109/access.2021.3049506","2169-3536",,9,,9664,9669,0,0.00,0,3,5,"","http://xplorestaging.ieee.org/ielx7/6287639/9312710/09316184.pdf?arnumber=9316184",""
2,"Yuxiang Peng, Bingxiang Li","Can Institutional Investor Clique Play a Governance Role? Based on the Perspective of Insider Reduction",2021,"E3S Web of Conferences","EDP Sciences","https://doi.org/10.1051/e3sconf/202123501066","",944,"2026-05-27 21:14:56","journal-article","10.1051/e3sconf/202123501066","2267-1242",,235,,1066,1066,2,0.40,1,2,5,"This article takes China’s A-share non-financial industry listed companies from 2007 to 2015 as a sample, starting from the social network algorithm, to study whether the grouping behavior of institutional investors in the network can affect the degree of executive reduction in the future. The study found that there is a significant positive correlation between the shareholding ratio of institutional investors in group holdings and the degree of future reduction of executives. This article explores the interactive behavior of Chinese institutional investors in the network, and expands the research of institutional investors on corporate governance and executives’ future reduction behaviors.","https://www.e3s-conferences.org/10.1051/e3sconf/202123501066/pdf",""
45,"Chunming Wu, Ying Zhang","MTCNN and FACENET Based Access Control System for Face Detection and Recognition",2021,"Automatic Control and Computer Sciences","Allerton Press","https://doi.org/10.3103/s0146411621010090","",947,"2026-05-27 21:14:56","journal-article","10.3103/s0146411621010090","0146-4116",,55,1,102,112,45,9.00,23,2,5,"","https://link.springer.com/content/pdf/10.3103/S0146411621010090.pdf",""
15,"Fariza Sabrina, Julian Jang-Jaccard","Entitlement-Based Access Control for Smart Cities Using Blockchain",2021,"Sensors","MDPI AG","https://doi.org/10.3390/s21165264","",950,"2026-05-27 21:14:56","journal-article","10.3390/s21165264","1424-8220",,21,16,5264,5264,15,3.00,8,2,5,"Smart cities use the Internet of Things (IoT) devices such as connected sensors, lights, and meters to collect and analyze data to improve infrastructure, public utilities, and services. However, the true potential of smart cities cannot be leveraged without addressing many security concerns. In particular, there is a significant challenge for provisioning a reliable access control solution to share IoT data among various users across organizations. We present a novel entitlement-based blockchain-enabled access control architecture that can be used for smart cities (and for any ap-plication domains that require large-scale IoT deployments). Our proposed entitlement-based access control model is flexible as it facilitates a resource owner to safely delegate access rights to any entities beyond the trust boundary of an organization. The detailed design and implementation on Ethereum blockchain along with a qualitative evaluation of the security and access control aspects of the proposed scheme are presented in the paper. The experimental results from private Ethereum test networks demonstrate that our proposal can be easily implemented with low latency. This validates that our proposal is applicable to use in the real world IoT environments.","https://www.mdpi.com/1424-8220/21/16/5264/pdf",""
2,"Qing Chang, Ashkan Sebghati","Efficient Algorithm Based on Adaptive Window–Model Predictive Control for Automatic Stacking in Warehouse Center",2021,"IEEE Access","Institute of Electrical and Electronics Engineers (IEEE)","https://doi.org/10.1109/access.2021.3094417","",954,"2026-05-27 21:14:56","journal-article","10.1109/access.2021.3094417","2169-3536",,9,,94813,94825,2,0.40,1,2,5,"","https://ieeexplore.ieee.org/ielam/6287639/9312710/9471841-aam.pdf",""
14,"Fareeha Jabeen, Alina Mirza, Ayesha Zeb, Muhammad Imran, Farkhanda Afzal, Ayesha Maqbool","FxRLS Algorithms Based Active Control of Impulsive Noise With Online Secondary Path Modeling",2021,"IEEE Access","Institute of Electrical and Electronics Engineers (IEEE)","https://doi.org/10.1109/access.2021.3105902","",959,"2026-05-27 21:14:56","journal-article","10.1109/access.2021.3105902","2169-3536",,9,,117471,117485,14,2.80,2,6,5,"","http://xplorestaging.ieee.org/ielx7/6287639/9312710/09516023.pdf?arnumber=9516023",""
14,"Sheng Hu, Guorong Zhu, Yong Kang","Modeling and Coordinated Control Design for Brushless Doubly-Fed Induction Generator-Based Wind Turbine to Withstand Grid Voltage Unbalance",2021,"IEEE Access","Institute of Electrical and Electronics Engineers (IEEE)","https://doi.org/10.1109/access.2021.3074528","",965,"2026-05-27 21:14:56","journal-article","10.1109/access.2021.3074528","2169-3536",,9,,63331,63344,14,2.80,5,3,5,"","http://xplorestaging.ieee.org/ielx7/6287639/9312710/09409044.pdf?arnumber=9409044",""
16,"Hasan Komurcugil, Sertac Bayhan, Mariusz Malinowski","Passivity-Based Control Strategy With Improved Robustness for Single-Phase Three-Level T-Type Rectifiers",2021,"IEEE Access","Institute of Electrical and Electronics Engineers (IEEE)","https://doi.org/10.1109/access.2021.3071415","",966,"2026-05-27 21:14:56","journal-article","10.1109/access.2021.3071415","2169-3536",,9,,59336,59344,16,3.20,5,3,5,"","http://xplorestaging.ieee.org/ielx7/6287639/9312710/09395572.pdf?arnumber=9395572",""
1,"Hadi Ghaderi, Meysam Yadegar, Nader Meskin, Mohammad Noorizadeh","A Novel Proportional Navigation Based Method for Robotic Interception Planning With Final Velocity Control",2021,"IEEE Access","Institute of Electrical and Electronics Engineers (IEEE)","https://doi.org/10.1109/access.2021.3091152","",983,"2026-05-27 21:14:56","journal-article","10.1109/access.2021.3091152","2169-3536",,9,,106428,106440,1,0.20,0,4,5,"","http://xplorestaging.ieee.org/ielx7/6287639/9312710/09461750.pdf?arnumber=9461750",""
0,"Li Han, Hong Yang, Lan Zhuo, Chi Zhang","Research on distributed real-time synchronous motion control based on time-sensitive networking",2021,"MATEC Web of Conferences","EDP Sciences","https://doi.org/10.1051/matecconf/202133604015","",991,"2026-05-27 21:14:56","journal-article","10.1051/matecconf/202133604015","2261-236X",,336,,4015,4015,0,0.00,0,4,5,"As a set of protocol standards defining time sensitive mechanism of Ethernet data transmission, Time sensitive network (TSN) can support transmission of isochronous data and non-periodic data in the same network . Distributed synchronous control plays an important role in large precision manufacturing scene. In this paper, a distributed real-time synchronous motion control scheme of two motors based on TSN is proposed, and the experiment shows that the two motors moving at high speed can still maintain phase synchronization under the scheduling mechanism of IEEE Std 802.1Qbv even if there is a large traffic load in the network.","https://www.matec-conferences.org/10.1051/matecconf/202133604015/pdf",""
2,"","A Distributed Fog-based Access Control Architecture for IoT",2021,"KSII Transactions on Internet and Information Systems","Korean Society for Internet Information (KSII)","https://doi.org/10.3837/tiis.2021.12.016","",992,"2026-05-27 21:14:56","journal-article","10.3837/tiis.2021.12.016","1976-7277",,15,12,,,2,0.40,0,0,5,"","",""
